family,x_nm,y_nm,z_nm,radius_nm,nx,ny,nz,defects
c,39.92063612473121,184.57921845629681,197.00455726170256,33.99833278972206,0.0,0.0,1.0,159762.16553653628
c,123.38214202048232,95.16076146477405,45.38492407278971,34.534669998556694,0.0,0.0,1.0,164842.54773828373
c,163.36003638803444,174.2905033222378,197.06440792843537,34.81746933441503,0.0,0.0,1.0,167553.34441825456
c,123.25416925076671,154.608949652994,103.63758824486318,34.533705839950365,0.0,0.0,1.0,164833.3435303103
c,35.656858721778214,133.30550895896945,77.36408658034557,34.54276869146723,0.0,0.0,1.0,164919.87094471088
c,96.02091900656735,103.81870311084285,159.8159686640643,34.53826230832425,0.0,0.0,1.0,164876.84349341996
c,167.16631824607379,110.90829045377535,74.04890423845896,34.54662232788733,0.0,0.0,1.0,164956.67034997285
c,61.207568156543175,74.4008144705074,63.38278722830934,34.529891812015,0.0,0.0,1.0,164796.935954302
c,194.95878878417835,165.93515672133577,47.061031647756295,34.97029533511446,0.0,0.0,1.0,169027.47254774268
c,30.532456419169762,86.4562369917946,51.530708208931195,34.55181397996394,0.0,0.0,1.0,165006.2533153687
c,165.32098910072466,180.254585062289,0.0,1.3875911171311743,0.0,0.0,1.0,400.0028933886503
c,144.66419203704402,128.65770409380227,4.317906696318389,35.072843371452656,0.0,0.0,1.0,170020.24940574222
a1,121.96550915505246,1.3722674503934977,74.10814560982948,1.8551311731274291,1.0,0.0,0.0,299.9957583313407
a1,13.10183126308844,11.083374223449285,43.56719294552965,4.71913317051266,1.0,0.0,0.0,1884.945497415031
a1,122.01818332360047,0.37297587456693415,65.25870849660043,1.8551311731274291,1.0,0.0,0.0,299.9957583313407
a1,174.01923788646783,0.0,145.0000000000006,1.8551311731274291,1.0,0.0,0.0,299.9957583313407
a1,53.504423368658365,200.00000000000003,13.979646392844092,1.8551311731274291,1.0,0.0,0.0,299.9957583313407
a1,103.64874804583462,15.032839515380887,0.8359509923833514,1.8551311731274291,1.0,0.0,0.0,299.9957583313407
a1,0.8431772497126463,161.60860288296757,91.2495406651763,1.8551311731274291,1.0,0.0,0.0,299.9957583313407
a1,26.22573549466727,199.15745438757745,139.690216071621,1.8551311731274291,1.0,0.0,0.0,299.9957583313407
a1,195.66987298107787,142.50000000000014,0.0,1.8551311731274291,1.0,0.0,0.0,299.9957583313407
a1,78.71602353156474,200.00000000000003,54.91729712464564,1.8551311731274291,1.0,0.0,0.0,299.9957583313407
a1,83.08657048877096,0.0,107.49999999942852,1.8551311731274291,1.0,0.0,0.0,299.9957583313407
a1,167.67213123953402,199.14533885515047,195.58226659083545,1.8551311731274291,1.0,0.0,0.0,299.9957583313407
a1,0.0,152.50040891250916,187.00938625468024,1.8551311731274291,1.0,0.0,0.0,299.9957583313407
a1,200.00000000000003,107.50000000000001,195.66987298107796,1.8551311731274291,1.0,0.0,0.0,299.9957583313407
a1,200.00000000000003,57.50000000000319,31.148563682297016,1.8551311731274291,1.0,0.0,0.0,299.9957583313407
a1,200.00000000000003,14.80086288010288,44.648258973444555,1.8551311731274291,1.0,0.0,0.0,299.9957583313407
a1,152.85778638308105,0.8018695911644207,123.80096636803448,1.8551311731274291,1.0,0.0,0.0,299.9957583313407
a1,195.12228149905937,172.05446775549305,199.78529451588167,1.8551311731274291,1.0,0.0,0.0,299.9957583313407
a1,13.212458633429845,27.92308954067965,1.2666829215330966,1.8551311731274291,1.0,0.0,0.0,299.9957583313407
a1,200.00000000000003,125.0000000000236,87.41669750803732,1.8551311731274291,1.0,0.0,0.0,299.9957583313407
a1,200.00000000000003,183.80606489815506,139.16694551899653,1.8551311731274291,1.0,0.0,0.0,299.9957583313407
a1,74.4263164513078,132.4999999998834,200.00000000000003,1.8551311731274291,1.0,0.0,0.0,299.9957583313407
a1,78.75644193798162,200.00000000000003,114.99999837379984,1.8551311731274291,1.0,0.0,0.0,299.9957583313407
a1,164.62596887290357,199.92398925482303,135.00012635325606,1.8551311731274291,1.0,0.0,0.0,299.9957583313407
a1,26.286773298748347,0.811979503201783,108.21074686009628,1.8551311731274291,1.0,0.0,0.0,299.9957583313407
a1,1.0358921684057585,161.63825831598066,107.96297154898286,1.8551311731274291,1.0,0.0,0.0,299.9957583313407
a1,1.3314589864473427,156.3079424281838,17.187339590735483,1.8551311731274291,1.0,0.0,0.0,299.9957583313407
a1,1.2853416673292954,116.79967363760113,65.936278366657,1.8551311731274291,1.0,0.0,0.0,299.9957583313407
a1,200.00000000000003,127.50000000000325,48.44555433772538,1.8551311731274291,1.0,0.0,0.0,299.9957583313407
a1,0.0,92.49698405651247,109.06449099742709,1.8551311731274291,1.0,0.0,0.0,299.9957583313407
a1,70.09929430187924,0.0,55.00608408588861,1.8551311731274291,1.0,0.0,0.0,299.9957583313407
a1,151.98331984732405,123.07707347733283,199.65760649265704,1.8551311731274291,1.0,0.0,0.0,299.9957583313407
a1,114.66589376361232,110.5532022920154,1.0854963348232667,1.8551311731274291,1.0,0.0,0.0,299.9957583313407
a1,198.99799833430117,83.7347354483811,108.3970772441697,1.8551311731274291,1.0,0.0,0.0,299.9957583313407
a1,200.00000000000003,60.00000200561944,130.7179688551897,1.8551311731274291,1.0,0.0,0.0,299.9957583313407
a1,45.740795182916784,31.130176873936623,0.7105519562765993,1.8551311731274291,1.0,0.0,0.0,299.9957583313407
a1,130.717968285531,94.99999865515092,200.00000000000003,1.8551311731274291,1.0,0.0,0.0,299.9957583313407
a1,112.84476506327577,200.00000000000003,49.17644386614037,1.8551311731274291,1.0,0.0,0.0,299.9957583313407
a1,0.0,152.50040891250916,187.00938625468024,1.8551311731274291,1.0,0.0,0.0,299.9957583313407
a1,122.22459696243591,1.07955678546724,59.3317240024877,1.8551311731274291,1.0,0.0,0.0,299.9957583313407
a1,0.8214492088756609,32.69954604408635,178.8225346511106,1.8551311731274291,1.0,0.0,0.0,299.9957583313407
a1,161.29186625398745,1.3501527371101834,13.213871564865883,1.8551311731274291,1.0,0.0,0.0,299.9957583313407
a1,78.33517455575118,124.89398834017639,199.53170224342406,1.8551311731274291,1.0,0.0,0.0,299.9957583313407
a1,0.6548321797653212,132.92495688852708,57.925588420447305,1.8551311731274291,1.0,0.0,0.0,299.9957583313407
a1,174.0279220366422,0.0,25.015041389324278,1.8551311731274291,1.0,0.0,0.0,299.9957583313407
a1,31.131464457154756,200.00000000000003,147.49999999998582,1.8551311731274291,1.0,0.0,0.0,299.9957583313407
a1,48.500865604631585,172.4757338188105,200.00000000000003,1.8551311731274291,1.0,0.0,0.0,299.9957583313407
a1,26.0963396206661,199.4974575791144,130.29506277475573,1.8551311731274291,1.0,0.0,0.0,299.9957583313407
a1,165.35916850463337,0.0,45.000319833592975,1.8551311731274291,1.0,0.0,0.0,299.9957583313407
a1,148.0384757610001,200.00000000000003,139.9999999793167,1.8551311731274291,1.0,0.0,0.0,299.9957583313407
a1,199.27731503781004,116.37152480236273,17.80208001033588,1.8551311731274291,1.0,0.0,0.0,299.9957583313407
a1,114.19625727508897,9.535291616438231,0.0,1.8551311731274291,1.0,0.0,0.0,299.9957583313407
a1,135.0480947174637,107.49999999703768,0.0,1.8551311731274291,1.0,0.0,0.0,299.9957583313407
a1,66.44076311967164,4.420562712182089,132.78592152107393,4.689779061710597,1.0,0.0,0.0,1861.568827298515
a1,62.12648339603867,31.19606422374767,200.00000000000003,1.8551311731274291,1.0,0.0,0.0,299.9957583313407
a1,0.31541830290253825,69.56551937591964,68.8203510760524,1.8551311731274291,1.0,0.0,0.0,299.9957583313407
a1,8.648057770911368,0.0,154.99224049045878,1.8551311731274291,1.0,0.0,0.0,299.9957583313407
a1,123.27103414960374,0.6745602140079834,169.71453476503453,1.8551311731274291,1.0,0.0,0.0,299.9957583313407
a1,18.75350320849086,174.0693087213059,0.9238186188890972,1.8551311731274291,1.0,0.0,0.0,299.9957583313407
a1,118.73971455022935,83.55458771874562,92.69484831877328,4.7023038568580935,1.0,0.0,0.0,1871.5253314864865
a1,33.59110032759177,198.68443742683405,24.470259652130533,1.8551311731274291,1.0,0.0,0.0,299.9957583313407
a1,199.43496931971094,178.51324806580016,3.0254163175811795,1.8551311731274291,1.0,0.0,0.0,299.9957583313407
a1,36.11966785050868,0.0,178.9789447657161,1.8551311731274291,1.0,0.0,0.0,299.9957583313407
a1,200.00000000000003,147.78265746917177,22.362536887073674,1.8551311731274291,1.0,0.0,0.0,299.9957583313407
a1,0.0,114.99999994141896,61.43593533929475,1.8551311731274291,1.0,0.0,0.0,299.9957583313407
a1,57.159783678138204,172.46093653587812,0.0,1.8551311731274291,1.0,0.0,0.0,299.9957583313407
a1,182.29577179609143,30.191172913542758,0.733710588980703,1.8551311731274291,1.0,0.0,0.0,299.9957583313407
a1,70.09618943235142,89.99999999996133,0.0,1.8551311731274291,1.0,0.0,0.0,299.9957583313407
a1,157.78987282861635,199.64953232690942,75.08482988503732,1.8551311731274291,1.0,0.0,0.0,299.9957583313407
a1,83.3790132578054,200.00000000000003,181.11380762568584,1.8551311731274291,1.0,0.0,0.0,299.9957583313407
a1,95.54972253345154,200.00000000000003,44.01496020685925,1.8551311731274291,1.0,0.0,0.0,299.9957583313407
a1,0.0,125.24496477139776,25.93793543706556,1.8551311731274291,1.0,0.0,0.0,299.9957583313407
a1,23.216517505668413,0.0,18.647294631020596,1.8551311731274291,1.0,0.0,0.0,299.9957583313407
a1,139.37844174960503,54.99949906697883,200.00000000000003,1.8551311731274291,1.0,0.0,0.0,299.9957583313407
a1,198.7168806936248,132.68701592877912,162.1688132822293,1.8551311731274291,1.0,0.0,0.0,299.9957583313407
a1,0.0,77.49591703915557,135.04522567059783,1.8551311731274291,1.0,0.0,0.0,299.9957583313407
a1,0.09535245249781946,99.25943644071296,190.0450682262588,1.8551311731274291,1.0,0.0,0.0,299.9957583313407
a1,191.33974596215577,200.00000000000003,134.99999999999994,1.8551311731274291,1.0,0.0,0.0,299.9957583313407
a1,18.910919454869816,0.0,30.29835211915197,1.8551311731274291,1.0,0.0,0.0,299.9957583313407
a1,8.968381390305492,75.78017992952253,200.00000000000003,1.8551311731274291,1.0,0.0,0.0,299.9957583313407
a1,108.5242993481755,199.13881758967077,182.68579150382712,1.8551311731274291,1.0,0.0,0.0,299.9957583313407
a1,174.29270189499277,24.26363617953308,0.0,1.8551311731274291,1.0,0.0,0.0,299.9957583313407
a1,31.148563682296626,132.50000000000023,200.00000000000003,1.8551311731274291,1.0,0.0,0.0,299.9957583313407
a1,108.84119375239503,126.76333993872183,0.8409440415545812,1.8551311731274291,1.0,0.0,0.0,299.9957583313407
a1,18.134665205267975,0.0,45.000000000002444,1.8551311731274291,1.0,0.0,0.0,299.9957583313407
a1,39.465551091412856,133.29944896078158,0.6779540710550909,1.8551311731274291,1.0,0.0,0.0,299.9957583313407
a1,79.74221733119894,50.546763586269705,1.2092931411988233,1.8551311731274291,1.0,0.0,0.0,299.9957583313407
a1,200.00000000000003,117.50000000000004,195.6698729810781,1.8551311731274291,1.0,0.0,0.0,299.9957583313407
a1,0.0,200.00000000000003,15.000000000000002,1.8551311731274291,1.0,0.0,0.0,299.9957583313407
a1,1.0694145640950883,49.70530735474717,69.24354357871648,1.8551311731274291,1.0,0.0,0.0,299.9957583313407
a1,22.464792224190205,152.50000000000017,200.00000000000003,1.8551311731274291,1.0,0.0,0.0,299.9957583313407
a1,200.00000000000003,127.50000000000082,169.68911086754645,1.8551311731274291,1.0,0.0,0.0,299.9957583313407
a1,77.45616685964349,85.64602946261026,1.1509749798744753,1.8551311731274291,1.0,0.0,0.0,299.9957583313407
a1,200.00000000000003,122.50000000008332,109.06733260268305,1.8551311731274291,1.0,0.0,0.0,299.9957583313407
a1,122.05771025079852,200.00000000000003,144.99999409233962,1.8551311731274291,1.0,0.0,0.0,299.9957583313407
a1,199.59896197425144,45.711544279627155,35.80915292178843,1.8551311731274291,1.0,0.0,0.0,299.9957583313407
a1,28.84207208721021,181.8265902318606,0.7474876786315444,1.8551311731274291,1.0,0.0,0.0,299.9957583313407
a1,130.72100106853074,0.0,164.91902524591157,1.8551311731274291,1.0,0.0,0.0,299.9957583313407
a1,44.11542731880125,150.00000000000023,200.00000000000003,1.8551311731274291,1.0,0.0,0.0,299.9957583313407
a1,117.72758664048382,157.49999999998835,0.0,1.8551311731274291,1.0,0.0,0.0,299.9957583313407
a1,151.76763561499283,11.165466670902866,198.98892957756237,1.8551311731274291,1.0,0.0,0.0,299.9957583313407
a1,200.00000000000003,130.0000000000033,52.77568135664771,1.8551311731274291,1.0,0.0,0.0,299.9957583313407
a1,199.87927661955908,18.597691562512093,100.84839792738015,1.8551311731274291,1.0,0.0,0.0,299.9957583313407
a1,100.40665630078436,200.00000000000003,152.49926740145077,1.8551311731274291,1.0,0.0,0.0,299.9957583313407
a1,86.72190466677203,12.656364132664015,0.0,1.8551311731274291,1.0,0.0,0.0,299.9957583313407
a1,18.62508711288874,1.3039585742061146,64.79332475069981,1.8551311731274291,1.0,0.0,0.0,299.9957583313407
a1,0.6348364693960549,176.04498274520432,12.947735064895932,1.8551311731274291,1.0,0.0,0.0,299.9957583313407
a1,0.0,150.00070099287282,182.67909302964816,1.8551311731274291,1.0,0.0,0.0,299.9957583313407
a1,111.52803583683834,71.88614481098486,162.23452168177576,4.702195538540339,1.0,0.0,0.0,1871.4391107117926
a1,199.59286359484528,62.50015092588081,136.2490611113008,1.8551311731274291,1.0,0.0,0.0,299.9957583313407
a1,200.00000000000003,150.00000000000279,61.43593539449241,1.8551311731274291,1.0,0.0,0.0,299.9957583313407
a1,27.080985825257624,0.0,69.59956605410842,1.8551311731274291,1.0,0.0,0.0,299.9957583313407
a1,50.76665099437925,190.93461567896665,0.21196840211923768,1.8551311731274291,1.0,0.0,0.0,299.9957583313407
a1,0.0,160.00000000000122,13.397459621557086,1.8551311731274291,1.0,0.0,0.0,299.9957583313407
a1,31.251536055872773,91.56008507401214,0.9751350044125217,1.8551311731274291,1.0,0.0,0.0,299.9957583313407
a1,35.48099765451346,0.0,149.96944825032782,1.8551311731274291,1.0,0.0,0.0,299.9957583313407
a1,0.0,164.94485468439552,35.52299008593445,1.8551311731274291,1.0,0.0,0.0,299.9957583313407
a1,56.47852267979209,67.91123539872193,199.85137816793477,1.8551311731274291,1.0,0.0,0.0,299.9957583313407
a1,0.0,24.38338217268158,95.74520670683712,1.8551311731274291,1.0,0.0,0.0,299.9957583313407
a1,113.39820102717148,193.3678911918475,43.04812619368448,4.683505894162542,1.0,0.0,0.0,1856.591994636519
a1,139.05279273956742,198.75631947764253,173.7864888366009,1.8551311731274291,1.0,0.0,0.0,299.9957583313407
a1,52.05133466598502,0.3341477620444581,4.449893776835743,1.8551311731274291,1.0,0.0,0.0,299.9957583313407
a1,199.28147405965086,190.14087919903588,114.03871372394445,1.8551311731274291,1.0,0.0,0.0,299.9957583313407
a1,156.69872981077899,134.99999999999858,0.0,1.8551311731274291,1.0,0.0,0.0,299.9957583313407
a1,183.71348044257445,189.58064134775145,199.06565950137013,1.8551311731274291,1.0,0.0,0.0,299.9957583313407
a1,0.0,152.5000159174568,65.76733077496041,1.8551311731274291,1.0,0.0,0.0,299.9957583313407
a1,143.70891243539788,52.498720608872404,200.00000000000003,1.8551311731274291,1.0,0.0,0.0,299.9957583313407
a1,91.74551051158817,0.0,37.61282905455635,1.8551311731274291,1.0,0.0,0.0,299.9957583313407
a1,65.3420793466429,136.4233822627844,199.18946359718765,1.8551311731274291,1.0,0.0,0.0,299.9957583313407
a1,104.73720558411395,134.99999999908204,200.00000000000003,1.8551311731274291,1.0,0.0,0.0,299.9957583313407
a1,144.04010474529173,48.286307963487594,0.3725870861965446,1.8551311731274291,1.0,0.0,0.0,299.9957583313407
a1,199.9382262022053,96.10916290812406,9.811045180374233,1.8551311731274291,1.0,0.0,0.0,299.9957583313407
a1,169.68911086754477,0.0,97.49999999999987,1.8551311731274291,1.0,0.0,0.0,299.9957583313407
a1,0.7870680656198342,135.89648268641588,97.10220774479139,1.8551311731274291,1.0,0.0,0.0,299.9957583313407
a1,0.9013142389507015,77.78540161367924,99.53137314188076,1.8551311731274291,1.0,0.0,0.0,299.9957583313407
a1,18.657743411552993,0.24307792410072068,162.87127743439774,1.8551311731274291,1.0,0.0,0.0,299.9957583313407
a1,35.57857796302864,164.73169043305745,0.5871270780362495,1.8551311731274291,1.0,0.0,0.0,299.9957583313407
a1,40.04176776697951,147.4488739347978,199.81621624271554,1.8551311731274291,1.0,0.0,0.0,299.9957583313407
a1,166.65222022447668,1.303469955416185,164.59459709522918,1.8551311731274291,1.0,0.0,0.0,299.9957583313407
a1,58.32698779238309,0.6892456527278058,86.71904375400302,1.8551311731274291,1.0,0.0,0.0,299.9957583313407
a1,104.73720621257259,79.99999856358244,200.00000000000003,1.8551311731274291,1.0,0.0,0.0,299.9957583313407
a1,173.42554775441306,199.43388005877316,35.636122160828606,1.8551311731274291,1.0,0.0,0.0,299.9957583313407
a1,134.6565222293662,97.74134209574581,0.7578038899387358,1.8551311731274291,1.0,0.0,0.0,299.9957583313407
a1,39.78530611328509,0.0,52.50001125981718,1.8551311731274291,1.0,0.0,0.0,299.9957583313407
a1,169.57289591940895,97.53393708706564,199.6575381118513,1.8551311731274291,1.0,0.0,0.0,299.9957583313407
a1,13.346976020342511,60.35227271479486,0.0,1.8551311731274291,1.0,0.0,0.0,299.9957583313407
a1,113.39745961451214,0.0,99.99999998779911,1.8551311731274291,1.0,0.0,0.0,299.9957583313407
a1,0.38837013848374585,38.400373676697534,151.60362886865835,1.8551311731274291,1.0,0.0,0.0,299.9957583313407
a1,77.63127782148928,159.84890381634105,199.2161351919059,1.8551311731274291,1.0,0.0,0.0,299.9957583313407
a1,200.00000000000003,11.370425342200779,192.16782934055428,1.8551311731274291,1.0,0.0,0.0,299.9957583313407
a1,191.33974596215597,0.0,165.00000000000014,1.8551311731274291,1.0,0.0,0.0,299.9957583313407
a1,0.0,47.500189190222564,195.66998221010374,1.8551311731274291,1.0,0.0,0.0,299.9957583313407
a1,112.79226899906138,40.78832210400266,0.8225076008908297,1.8551311731274291,1.0,0.0,0.0,299.9957583313407
a1,113.397459621556,20.00000000000021,0.0,1.8551311731274291,1.0,0.0,0.0,299.9957583313407
a1,200.00000000000003,17.710171304356386,195.82808337839867,1.8551311731274291,1.0,0.0,0.0,299.9957583313407
a1,200.00000000000003,4.5038570694208975,181.84409008042826,1.8551311731274291,1.0,0.0,0.0,299.9957583313407
a1,0.0,79.99426574308885,130.7136335284201,1.8551311731274291,1.0,0.0,0.0,299.9957583313407
a1,14.201991685470158,198.97763188033358,84.99307526981205,1.8551311731274291,1.0,0.0,0.0,299.9957583313407
a1,199.49088839451917,154.79063677642662,165.00100481794416,1.8551311731274291,1.0,0.0,0.0,299.9957583313407
a1,105.7444987451215,145.1522296467151,0.2984145317195358,1.8551311731274291,1.0,0.0,0.0,299.9957583313407
a1,177.39730105837552,58.322933480191914,199.20239082731743,1.8551311731274291,1.0,0.0,0.0,299.9957583313407
a1,122.01378106937962,199.90715106374026,136.37076647240232,1.8551311731274291,1.0,0.0,0.0,299.9957583313407
a1,139.3782217350872,0.0,144.99999999999554,1.8551311731274291,1.0,0.0,0.0,299.9957583313407
a1,151.3991554482667,51.98849533708117,199.88809164082292,1.8551311731274291,1.0,0.0,0.0,299.9957583313407
a1,0.0,178.54867759210515,121.0478502619348,1.8551311731274291,1.0,0.0,0.0,299.9957583313407
a1,187.0096189432332,112.49999999999987,0.0,1.8551311731274291,1.0,0.0,0.0,299.9957583313407
a1,0.4990419794226333,40.00965422626869,7.431957247617167,1.8551311731274291,1.0,0.0,0.0,299.9957583313407
a1,0.0,23.660306219124326,112.55088136563278,1.8551311731274291,1.0,0.0,0.0,299.9957583313407
a1,83.07706028390504,200.00000000000003,162.48351727100564,1.8551311731274291,1.0,0.0,0.0,299.9957583313407
a1,74.42631645128553,137.49999999993435,0.0,1.8551311731274291,1.0,0.0,0.0,299.9957583313407
a1,118.41316718028385,1.0255653495612094,13.704604219636948,1.8551311731274291,1.0,0.0,0.0,299.9957583313407
a1,125.75022312539912,0.8468617863037238,128.41026252317232,1.8551311731274291,1.0,0.0,0.0,299.9957583313407
a1,83.61472280306688,141.96471124100154,0.3951434501269246,1.8551311731274291,1.0,0.0,0.0,299.9957583313407
a1,104.73720600249018,84.99999904330484,0.0,1.8551311731274291,1.0,0.0,0.0,299.9957583313407
a1,101.35481458513699,71.94445095572344,0.9806580280921808,1.8551311731274291,1.0,0.0,0.0,299.9957583313407
a1,83.08657050262885,52.49999996910653,200.00000000000003,1.8551311731274291,1.0,0.0,0.0,299.9957583313407
a1,191.80214428436443,199.7532096596926,156.12259419478073,1.8551311731274291,1.0,0.0,0.0,299.9957583313407
a1,199.80220161368746,11.615846000337822,123.66571300564215,1.8551311731274291,1.0,0.0,0.0,299.9957583313407
a1,88.13420132721953,85.2083782046283,1.0048985486750088,1.8551311731274291,1.0,0.0,0.0,299.9957583313407
a1,61.43593539449008,130.00000000000023,200.00000000000003,1.8551311731274291,1.0,0.0,0.0,299.9957583313407
a1,18.303868425523238,103.4458431147981,200.00000000000003,1.8551311731274291,1.0,0.0,0.0,299.9957583313407
a1,139.37821318934792,0.0,74.99998519834178,1.8551311731274291,1.0,0.0,0.0,299.9957583313407
a1,100.30703992025572,172.31677394938953,0.0,1.8551311731274291,1.0,0.0,0.0,299.9957583313407
a1,131.77722342526812,199.15665205543596,61.15163030952106,1.8551311731274291,1.0,0.0,0.0,299.9957583313407
a1,60.52447495695868,0.8490607601823466,194.74010002792082,1.8551311731274291,1.0,0.0,0.0,299.9957583313407
a1,108.02650614525987,53.309673956786696,0.8556882463841515,1.8551311731274291,1.0,0.0,0.0,299.9957583313407
a1,200.00000000000003,37.500000000024194,83.08657048911388,1.8551311731274291,1.0,0.0,0.0,299.9957583313407
a1,0.0,6.578593561885969,174.69593242095266,1.8551311731274291,1.0,0.0,0.0,299.9957583313407
a1,0.4486641634026858,54.3269668460346,44.69527117418001,1.8551311731274291,1.0,0.0,0.0,299.9957583313407
a1,0.43076534044645387,160.48964563737607,156.39339542834517,1.8551311731274291,1.0,0.0,0.0,299.9957583313407
a1,200.00000000000003,42.50023210837489,195.6700069889106,1.8551311731274291,1.0,0.0,0.0,299.9957583313407
a1,187.98019730491697,153.4623463447721,199.6492597440945,1.8551311731274291,1.0,0.0,0.0,299.9957583313407
a1,182.44395875875938,0.10214584253692614,60.26488812793908,1.8551311731274291,1.0,0.0,0.0,299.9957583313407
a1,50.639714307978274,0.35855321209270014,188.5716768030622,1.8551311731274291,1.0,0.0,0.0,299.9957583313407
a1,100.40707856479034,200.00000000000003,97.50000000000128,1.8551311731274291,1.0,0.0,0.0,299.9957583313407
a1,156.74084975569377,24.99487092280898,200.00000000000003,1.8551311731274291,1.0,0.0,0.0,299.9957583313407
a1,130.80770454955095,1.1347608732099421,35.069320055648944,1.8551311731274291,1.0,0.0,0.0,299.9957583313407
a1,199.85795292745897,116.23426358307368,56.21847363877498,1.8551311731274291,1.0,0.0,0.0,299.9957583313407
a1,114.31999948008428,0.25483337295745034,14.302078078255795,1.8551311731274291,1.0,0.0,0.0,299.9957583313407
a1,200.00000000000003,77.50000022813063,126.38784081003416,1.8551311731274291,1.0,0.0,0.0,299.9957583313407
a1,121.17600518808462,50.10167340711895,0.8816378005418416,1.8551311731274291,1.0,0.0,0.0,299.9957583313407
a1,153.1504812289848,48.499522399975106,198.9079309183413,1.8551311731274291,1.0,0.0,0.0,299.9957583313407
a1,0.0,109.99992582787637,130.71789781268237,1.8551311731274291,1.0,0.0,0.0,299.9957583313407
a1,0.0,190.49182216335288,63.45880239302024,1.8551311731274291,1.0,0.0,0.0,299.9957583313407
a1,174.20133821632743,29.533577800712063,200.00000000000003,1.8551311731274291,1.0,0.0,0.0,299.9957583313407
a1,113.39079543897473,200.00000000000003,164.95661107168652,1.8551311731274291,1.0,0.0,0.0,299.9957583313407
a1,161.02885682970026,172.50870723060368,200.00000000000003,1.8551311731274291,1.0,0.0,0.0,299.9957583313407
a1,199.54600260110232,51.04856948316967,77.87794772653211,1.8551311731274291,1.0,0.0,0.0,299.9957583313407
a1,0.0,117.49999998705515,48.44947389556998,1.8551311731274291,1.0,0.0,0.0,299.9957583313407
a1,48.450998185006476,107.49999999999982,200.00000000000003,1.8551311731274291,1.0,0.0,0.0,299.9957583313407
a1,200.00000000000003,65.00000000000007,191.33974596215575,1.8551311731274291,1.0,0.0,0.0,299.9957583313407
a1,70.09618943233447,100.00000000000006,0.0,1.8551311731274291,1.0,0.0,0.0,299.9957583313407
a1,100.00742778877034,157.12455329706899,0.28261508128314916,1.8551311731274291,1.0,0.0,0.0,299.9957583313407
a1,88.83080539052378,21.524245772196863,0.8407697348527982,1.8551311731274291,1.0,0.0,0.0,299.9957583313407
a1,130.71796769709994,0.0,119.99999999974847,1.8551311731274291,1.0,0.0,0.0,299.9957583313407
a1,0.25550333098057554,134.35027294369507,27.780460425562975,1.8551311731274291,1.0,0.0,0.0,299.9957583313407
a1,9.044169999698466,199.34456831556025,65.20986347312561,1.8551311731274291,1.0,0.0,0.0,299.9957583313407
a1,57.10580837556796,0.0,127.50000000000031,1.8551311731274291,1.0,0.0,0.0,299.9957583313407
a1,27.047818457632506,18.77059738588741,112.16159397447194,4.702558013429954,1.0,0.0,0.0,1871.7276464926854
a1,200.00000000000003,72.50000000000774,65.76606241341602,1.8551311731274291,1.0,0.0,0.0,299.9957583313407
a1,22.69347376810331,1.3500514356686237,107.48036589256526,1.8551311731274291,1.0,0.0,0.0,299.9957583313407
a1,0.0,14.950565127840955,174.3058983051714,1.8551311731274291,1.0,0.0,0.0,299.9957583313407
a1,91.26094067322506,200.00000000000003,41.435901233918344,1.8551311731274291,1.0,0.0,0.0,299.9957583313407
a1,125.51049649860887,20.562597538893865,1.3306315447449368,1.8551311731274291,1.0,0.0,0.0,299.9957583313407
a1,199.7677930714731,53.40345798725594,135.264012403339,1.8551311731274291,1.0,0.0,0.0,299.9957583313407
a1,25.941256416732095,0.0,85.23940530164795,1.8551311731274291,1.0,0.0,0.0,299.9957583313407
a1,0.6445220230907788,78.7036286874776,56.929402776224805,1.8551311731274291,1.0,0.0,0.0,299.9957583313407
a1,200.00000000000003,30.013621696021254,182.68735641417598,1.8551311731274291,1.0,0.0,0.0,299.9957583313407
a1,195.6698826534027,0.0,52.50001675295804,1.8551311731274291,1.0,0.0,0.0,299.9957583313407
a1,200.00000000000003,35.000000000009514,87.41669750802761,1.8551311731274291,1.0,0.0,0.0,299.9957583313407
a1,87.51166920737288,19.646745819286323,0.20136816970955332,1.8551311731274291,1.0,0.0,0.0,299.9957583313407
a1,95.75403394254732,45.67801515178108,0.1660923697655976,1.8551311731274291,1.0,0.0,0.0,299.9957583313407
a1,165.46700993556698,200.00000000000003,170.65328411277272,1.8551311731274291,1.0,0.0,0.0,299.9957583313407
a1,200.00000000000003,32.50000000000294,39.78530029987896,1.8551311731274291,1.0,0.0,0.0,299.9957583313407
a1,126.99159737463319,0.8402444360080227,87.1847801547864,1.8551311731274291,1.0,0.0,0.0,299.9957583313407
a1,65.76603967929088,200.00000000000003,57.50000887815083,1.8551311731274291,1.0,0.0,0.0,299.9957583313407
a1,165.10989301488485,0.0,191.11347607092839,1.8551311731274291,1.0,0.0,0.0,299.9957583313407
a1,70.01170619888981,179.28782834637147,0.0,1.8551311731274291,1.0,0.0,0.0,299.9957583313407
a1,8.136477224488726,9.036801234469003,192.73869716308053,4.816075862664418,1.0,0.0,0.0,1963.1838370994287
a1,200.00000000000003,110.00000000000301,52.77568135664703,1.8551311731274291,1.0,0.0,0.0,299.9957583313407
a1,200.00000000000003,160.00000000000003,200.00000000000003,1.8551311731274291,1.0,0.0,0.0,299.9957583313407
a1,109.06733259732485,0.0,102.49999999080413,1.8551311731274291,1.0,0.0,0.0,299.9957583313407
a1,91.28834122205215,131.676642805285,0.3820740551796215,1.8551311731274291,1.0,0.0,0.0,299.9957583313407
a1,199.88143550425815,176.554188938966,117.35168804299278,1.8551311731274291,1.0,0.0,0.0,299.9957583313407
a1,74.42634095779529,0.0,87.50004627178605,1.8551311731274291,1.0,0.0,0.0,299.9957583313407
a1,57.105974763711544,200.00000000000003,127.49999997001281,1.8551311731274291,1.0,0.0,0.0,299.9957583313407
a1,57.65960984255223,33.33922498328283,200.00000000000003,1.8551311731274291,1.0,0.0,0.0,299.9957583313407
a1,187.00961894323277,87.49999999999976,200.00000000000003,1.8551311731274291,1.0,0.0,0.0,299.9957583313407
a1,57.10618670486156,0.0,52.50074000082357,1.8551311731274291,1.0,0.0,0.0,299.9957583313407
a1,200.00000000000003,142.50000000000173,135.0480947161693,1.8551311731274291,1.0,0.0,0.0,299.9957583313407
a1,161.76308692682738,87.78322178945584,1.05359974195728,1.8551311731274291,1.0,0.0,0.0,299.9957583313407
a1,31.004263391916222,0.0,87.75107815642849,1.8551311731274291,1.0,0.0,0.0,299.9957583313407
a1,178.3709749736609,182.46562913787136,0.0,1.8551311731274291,1.0,0.0,0.0,299.9957583313407
a1,0.0,64.99544471077586,156.69609981331854,1.8551311731274291,1.0,0.0,0.0,299.9957583313407
a1,0.0,169.99173837113085,52.818316735434266,1.8551311731274291,1.0,0.0,0.0,299.9957583313407
a1,174.09555033554858,199.35023796172118,70.67519939695974,1.8551311731274291,1.0,0.0,0.0,299.9957583313407
a1,122.05602896940124,200.00000000000003,99.99810463185997,1.8551311731274291,1.0,0.0,0.0,299.9957583313407
a1,198.89534345188216,137.12285298529474,57.2786353949683,1.8551311731274291,1.0,0.0,0.0,299.9957583313407
a1,199.22448984448843,171.07648427177273,112.70558393122515,1.8551311731274291,1.0,0.0,0.0,299.9957583313407
a1,199.45725601154297,149.84941868531445,165.96570744205212,1.8551311731274291,1.0,0.0,0.0,299.9957583313407
a1,44.30683437664272,35.42437205488058,0.0,1.8551311731274291,1.0,0.0,0.0,299.9957583313407
a1,192.01455873579843,151.25750559799926,199.65731089546512,1.8551311731274291,1.0,0.0,0.0,299.9957583313407
a1,1.0872669949991773,35.931426380517465,49.178430238761074,1.8551311731274291,1.0,0.0,0.0,299.9957583313407
a1,161.96954221363677,199.537072695791,112.25880546959836,1.8551311731274291,1.0,0.0,0.0,299.9957583313407
a1,0.0,117.49999753103057,135.04809238991848,1.8551311731274291,1.0,0.0,0.0,299.9957583313407
a1,117.72758051613651,200.00000000000003,127.49999310896112,1.8551311731274291,1.0,0.0,0.0,299.9957583313407
a1,186.9578547572816,1.0849814718136286,137.2436641893696,1.8551311731274291,1.0,0.0,0.0,299.9957583313407
a1,104.73720558376874,149.9999999998707,0.0,1.8551311731274291,1.0,0.0,0.0,299.9957583313407
a1,65.11911376514566,33.0184363402231,0.036425193473434585,1.8551311731274291,1.0,0.0,0.0,299.9957583313407
a1,199.24718323613112,182.886192528261,173.1908023207026,1.8551311731274291,1.0,0.0,0.0,299.9957583313407
a1,0.0,137.50010999121744,143.708285917574,1.8551311731274291,1.0,0.0,0.0,299.9957583313407
a1,199.95746141076853,29.651497529767834,191.780691802205,1.8551311731274291,1.0,0.0,0.0,299.9957583313407
a1,16.8075841182782,0.0,112.45658358763033,1.8551311731274291,1.0,0.0,0.0,299.9957583313407
a1,18.272619667688993,0.8774020031524412,184.61129309532848,1.8551311731274291,1.0,0.0,0.0,299.9957583313407
a1,139.37829433011396,69.99983375722513,0.0,1.8551311731274291,1.0,0.0,0.0,299.9957583313407
a1,113.39745966806515,104.99999989374342,0.0,1.8551311731274291,1.0,0.0,0.0,299.9957583313407
a1,78.75644347480184,69.99999998944232,0.0,1.8551311731274291,1.0,0.0,0.0,299.9957583313407
a1,187.00972138058904,200.00000000000003,152.49982257313255,1.8551311731274291,1.0,0.0,0.0,299.9957583313407
a1,47.96585663105838,199.41313879974098,48.119054102787175,1.8551311731274291,1.0,0.0,0.0,299.9957583313407
a1,72.48127727857737,0.0,187.5797288931244,1.8551311731274291,1.0,0.0,0.0,299.9957583313407
a1,0.0,169.3123428092343,113.72225731266342,1.8551311731274291,1.0,0.0,0.0,299.9957583313407
a1,114.65272258445326,115.01900473017373,1.075503325237531,1.8551311731274291,1.0,0.0,0.0,299.9957583313407
a1,174.0203209241683,64.99710293188357,0.0,1.8551311731274291,1.0,0.0,0.0,299.9957583313407
a1,0.5830372212240205,44.473244939492915,139.15964832226004,1.8551311731274291,1.0,0.0,0.0,299.9957583313407
a1,0.012363328861379577,80.81654582991993,11.928388077447572,1.8551311731274291,1.0,0.0,0.0,299.9957583313407
a1,152.33524289191337,0.0,27.47630092342758,1.8551311731274291,1.0,0.0,0.0,299.9957583313407
a1,0.0,44.15487761540504,112.88571150276407,1.8551311731274291,1.0,0.0,0.0,299.9957583313407
a1,155.96380256211287,0.7808532951126461,109.62775177735513,1.8551311731274291,1.0,0.0,0.0,299.9957583313407
a1,74.42631645352101,57.49999999482887,200.00000000000003,1.8551311731274291,1.0,0.0,0.0,299.9957583313407
a1,200.00000000000003,122.50000000008332,117.72758664052748,1.8551311731274291,1.0,0.0,0.0,299.9957583313407
a1,26.641720152492347,200.00000000000003,145.21644880017666,1.8551311731274291,1.0,0.0,0.0,299.9957583313407
a1,178.34966026432585,200.00000000000003,47.50051157668519,1.8551311731274291,1.0,0.0,0.0,299.9957583313407
a1,200.00000000000003,92.5000000000008,161.02885682970157,1.8551311731274291,1.0,0.0,0.0,299.9957583313407
a1,200.00000000000003,135.0000000000023,139.37822173509187,1.8551311731274291,1.0,0.0,0.0,299.9957583313407
a1,58.576125860328865,0.0,187.7366153986931,1.8551311731274291,1.0,0.0,0.0,299.9957583313407
a1,192.6814070111793,193.14499894004547,199.2031162630543,1.8551311731274291,1.0,0.0,0.0,299.9957583313407
a1,168.92067381700787,0.5141668496676077,193.0277646900252,1.8551311731274291,1.0,0.0,0.0,299.9957583313407
a1,27.011486764241912,40.41167032622005,0.0,1.8551311731274291,1.0,0.0,0.0,299.9957583313407
a1,0.9464501401419612,49.60463967076736,174.29006219818433,1.8551311731274291,1.0,0.0,0.0,299.9957583313407
a1,199.00491631153366,14.919407266882546,70.80312021885788,1.8551311731274291,1.0,0.0,0.0,299.9957583313407
a1,147.41737001708276,0.52071562626161,79.56213555835656,1.8551311731274291,1.0,0.0,0.0,299.9957583313407
a1,122.96848868029882,166.0276102067762,0.9351734627083146,1.8551311731274291,1.0,0.0,0.0,299.9957583313407
a1,164.66580244659457,48.63657148726707,0.7353500940674708,1.8551311731274291,1.0,0.0,0.0,299.9957583313407
a1,83.08657048878392,0.0,92.49999999945112,1.8551311731274291,1.0,0.0,0.0,299.9957583313407
a1,117.72759166165879,72.49998852790365,0.0,1.8551311731274291,1.0,0.0,0.0,299.9957583313407
a1,0.37640748878342634,179.11452435707614,173.35758573990293,1.8551311731274291,1.0,0.0,0.0,299.9957583313407
a1,48.44555433772351,157.50000000000028,0.0,1.8551311731274291,1.0,0.0,0.0,299.9957583313407
a1,195.66987298107782,17.5,200.00000000000003,1.8551311731274291,1.0,0.0,0.0,299.9957583313407
a1,0.0,50.000000000001656,13.256355099984857,1.8551311731274291,1.0,0.0,0.0,299.9957583313407
a1,0.4626688325566276,139.4713291723134,155.78986472148728,1.8551311731274291,1.0,0.0,0.0,299.9957583313407
a1,199.04996773402496,91.6743430569037,178.51530250587237,1.8551311731274291,1.0,0.0,0.0,299.9957583313407
a1,20.20506910564624,192.61377981347738,199.43687659483206,1.8551311731274291,1.0,0.0,0.0,299.9957583313407
a1,70.93016400599873,135.29967839613468,199.9153276690861,1.8551311731274291,1.0,0.0,0.0,299.9957583313407
a1,198.82741977248494,62.47978179487976,73.84813755321521,1.8551311731274291,1.0,0.0,0.0,299.9957583313407
a1,89.80945213537412,199.18661855730025,16.89498846415349,1.8551311731274291,1.0,0.0,0.0,299.9957583313407
a1,191.33974596215506,84.9999999999998,0.0,1.8551311731274291,1.0,0.0,0.0,299.9957583313407
a1,161.02885682970097,0.0,147.50000000000023,1.8551311731274291,1.0,0.0,0.0,299.9957583313407
a1,200.00000000000003,30.119813722771973,121.99023523803434,1.8551311731274291,1.0,0.0,0.0,299.9957583313407
a1,0.9537656916568263,157.7196097046445,4.748942354245189,1.8551311731274291,1.0,0.0,0.0,299.9957583313407
a1,35.605438866460034,0.0,169.87640438727234,1.8551311731274291,1.0,0.0,0.0,299.9957583313407
a1,113.56918595975911,199.70546812138844,33.603587971153225,1.8551311731274291,1.0,0.0,0.0,299.9957583313407
a1,143.39419586099945,181.91232014894032,0.0,1.8551311731274291,1.0,0.0,0.0,299.9957583313407
a1,182.6846390422498,169.99632871434304,0.0,1.8551311731274291,1.0,0.0,0.0,299.9957583313407
a1,122.41828514396434,151.03794908353746,0.28193901516384223,1.8551311731274291,1.0,0.0,0.0,299.9957583313407
a1,57.10579695488111,200.00000000000003,67.500004460018,1.8551311731274291,1.0,0.0,0.0,299.9957583313407
a1,165.80862883800285,199.8296676600897,170.7626577741403,1.8551311731274291,1.0,0.0,0.0,299.9957583313407
a1,200.00000000000003,32.52302531238686,100.42023354766175,1.8551311731274291,1.0,0.0,0.0,299.9957583313407
a1,148.03846968572242,0.0,74.99998945664088,1.8551311731274291,1.0,0.0,0.0,299.9957583313407
a1,200.00000000000003,97.50000001047272,143.70834876005864,1.8551311731274291,1.0,0.0,0.0,299.9957583313407
a1,57.59760063387947,199.93470018493844,25.320159049597663,1.8551311731274291,1.0,0.0,0.0,299.9957583313407
a1,200.00000000000003,25.13508440963356,96.13576242717916,1.8551311731274291,1.0,0.0,0.0,299.9957583313407
a1,116.85122173643114,0.020714186569511826,33.50504400360852,1.8551311731274291,1.0,0.0,0.0,299.9957583313407
a1,152.36984100836656,52.497156753318535,200.00000000000003,1.8551311731274291,1.0,0.0,0.0,299.9957583313407
a1,26.641720152492347,200.00000000000003,145.21644880017666,1.8551311731274291,1.0,0.0,0.0,299.9957583313407
a1,83.08659650994157,0.0,82.5000476823257,1.8551311731274291,1.0,0.0,0.0,299.9957583313407
a1,74.4263164512336,0.0,92.4999999999605,1.8551311731274291,1.0,0.0,0.0,299.9957583313407
a1,71.40156910009166,11.541699061967748,0.32901339053002066,1.8551311731274291,1.0,0.0,0.0,299.9957583313407
a1,122.9901846375535,129.62068690441978,1.0628716069768285,1.8551311731274291,1.0,0.0,0.0,299.9957583313407
a1,83.4267849517915,43.523651983760246,199.66256655099795,1.8551311731274291,1.0,0.0,0.0,299.9957583313407
a1,200.00000000000003,62.500000015377985,100.40707857366772,1.8551311731274291,1.0,0.0,0.0,299.9957583313407
a1,152.06233847446413,1.173611901447336,77.656129333711,1.8551311731274291,1.0,0.0,0.0,299.9957583313407
a1,100.38228287417111,200.00000000000003,72.49242628874906,1.8551311731274291,1.0,0.0,0.0,299.9957583313407
a1,130.85541235106174,85.13281760671391,0.19240995178907921,1.8551311731274291,1.0,0.0,0.0,299.9957583313407
a1,122.2345138819024,0.285293989828222,174.11488525978478,1.8551311731274291,1.0,0.0,0.0,299.9957583313407
a1,1.117643850000864,136.5642462404977,83.94679277561148,1.8551311731274291,1.0,0.0,0.0,299.9957583313407
a1,131.9529003820603,70.03356207707,0.20861960218928968,1.8551311731274291,1.0,0.0,0.0,299.9957583313407
a1,0.2747399837788016,187.34744523526388,105.02937319275888,1.8551311731274291,1.0,0.0,0.0,299.9957583313407
a1,44.11543325116231,0.0,90.00001141189765,1.8551311731274291,1.0,0.0,0.0,299.9957583313407
a1,91.51916016879923,48.22823815487929,163.60123120993052,4.702345569795145,1.0,0.0,0.0,1871.5585352806152
a1,95.67518164929226,119.23448735795492,199.2567006713686,1.8551311731274291,1.0,0.0,0.0,299.9957583313407
a1,57.78082165627786,146.79446284478746,199.62764798592846,1.8551311731274291,1.0,0.0,0.0,299.9957583313407
a1,0.8523515804778761,171.29228220107012,143.0071209213136,1.8551311731274291,1.0,0.0,0.0,299.9957583313407
a1,0.0,15.306789061599881,191.78724697068645,1.8551311731274291,1.0,0.0,0.0,299.9957583313407
a1,200.00000000000003,162.5,4.3301270189221945,1.8551311731274291,1.0,0.0,0.0,299.9957583313407
a1,65.76606241356814,72.49999999964393,0.0,1.8551311731274291,1.0,0.0,0.0,299.9957583313407
a1,44.46435831448159,179.87427891864326,200.00000000000003,1.8551311731274291,1.0,0.0,0.0,299.9957583313407
a1,178.34990642423946,67.4985514659416,200.00000000000003,1.8551311731274291,1.0,0.0,0.0,299.9957583313407
a1,142.7296620030299,0.14477296442019563,46.48879603222143,1.8551311731274291,1.0,0.0,0.0,299.9957583313407
a1,109.06733260286367,137.4999999994763,0.0,1.8551311731274291,1.0,0.0,0.0,299.9957583313407
a1,78.75644347046425,84.99999999934818,0.0,1.8551311731274291,1.0,0.0,0.0,299.9957583313407
a1,191.33974596215572,0.0,125.00000000000001,1.8551311731274291,1.0,0.0,0.0,299.9957583313407
a1,152.90178534627364,0.1564982310663863,28.64182830471974,1.8551311731274291,1.0,0.0,0.0,299.9957583313407
a1,139.37822173509625,144.9999999999849,0.0,1.8551311731274291,1.0,0.0,0.0,299.9957583313407
a1,200.00000000000003,42.50000000000312,31.148563682296704,1.8551311731274291,1.0,0.0,0.0,299.9957583313407
a1,48.56930918016078,1.3738506253951428,62.95916584016448,1.8551311731274291,1.0,0.0,0.0,299.9957583313407
a1,0.10132523843560971,46.71783324897815,195.11552900833473,1.8551311731274291,1.0,0.0,0.0,299.9957583313407
a1,0.4192027539487698,140.94294594209802,77.84732994709911,1.8551311731274291,1.0,0.0,0.0,299.9957583313407
a1,0.0,14.669974186768796,155.7705712209527,1.8551311731274291,1.0,0.0,0.0,299.9957583313407
a1,43.00274871443955,1.3682072991194703,58.90267549464386,1.8551311731274291,1.0,0.0,0.0,299.9957583313407
a1,78.75644347017878,100.0000000000002,200.00000000000003,1.8551311731274291,1.0,0.0,0.0,299.9957583313407
a1,57.105808333194794,200.00000000000003,117.49999995502837,1.8551311731274291,1.0,0.0,0.0,299.9957583313407
a1,77.39632331421666,0.37757536087824173,19.454917838136353,1.8551311731274291,1.0,0.0,0.0,299.9957583313407
a1,199.55074879367314,90.51827355844064,120.70728039204177,1.8551311731274291,1.0,0.0,0.0,299.9957583313407
a1,140.0,0.0,0.0,1.8551311731274291,1.0,0.0,0.0,299.9957583313407
a1,70.09618943231041,0.0,94.9999999999586,1.8551311731274291,1.0,0.0,0.0,299.9957583313407
a1,84.12561141010227,1.0363740723918333,71.56143211738895,1.8551311731274291,1.0,0.0,0.0,299.9957583313407
a1,200.00000000000003,132.50000000000753,74.42631645126147,1.8551311731274291,1.0,0.0,0.0,299.9957583313407
a1,200.00000000000003,8.164111107265287,188.18383604258386,1.8551311731274291,1.0,0.0,0.0,299.9957583313407
a1,32.05397664813064,82.6099225065133,199.51428649722897,1.8551311731274291,1.0,0.0,0.0,299.9957583313407
a1,30.996161874120606,200.00000000000003,127.88679555991807,1.8551311731274291,1.0,0.0,0.0,299.9957583313407
a1,186.2871354416522,199.1741595172866,46.64616341007509,1.8551311731274291,1.0,0.0,0.0,299.9957583313407
a1,172.87348741665528,199.73302471529715,33.953687967764125,1.8551311731274291,1.0,0.0,0.0,299.9957583313407
a1,95.22357102768338,194.921755154923,71.79453592721289,4.662283135049149,1.0,0.0,0.0,1839.8042579389198
a1,104.73720558371258,200.00000000000003,95.00000000000122,1.8551311731274291,1.0,0.0,0.0,299.9957583313407
a1,173.98461402241077,199.7439354397322,145.25723214216725,1.8551311731274291,1.0,0.0,0.0,299.9957583313407
a1,0.8962041721821337,20.428895448219333,86.8660416794414,1.8551311731274291,1.0,0.0,0.0,299.9957583313407
a1,0.0,62.48778602999656,143.70129701514222,1.8551311731274291,1.0,0.0,0.0,299.9957583313407
a1,181.46841167802202,198.96136092173637,19.58865238200213,1.8551311731274291,1.0,0.0,0.0,299.9957583313407
a1,87.41669751173809,109.9999999915134,0.0,1.8551311731274291,1.0,0.0,0.0,299.9957583313407
a1,126.49376334592768,1.1445089756104596,190.57778627379886,1.8551311731274291,1.0,0.0,0.0,299.9957583313407
a1,172.76757813043798,0.5089997317572843,75.19143747267357,1.8551311731274291,1.0,0.0,0.0,299.9957583313407
a1,191.40867121510018,10.579505980377956,199.06393408713936,1.8551311731274291,1.0,0.0,0.0,299.9957583313407
a1,173.06308563802023,0.31684134949795434,160.1183729268496,1.8551311731274291,1.0,0.0,0.0,299.9957583313407
a1,200.00000000000003,57.50000503967836,135.0480976258266,1.8551311731274291,1.0,0.0,0.0,299.9957583313407
a1,45.12214649301755,180.55273554697004,0.08671724149002537,1.8551311731274291,1.0,0.0,0.0,299.9957583313407
a1,200.00000000000003,30.070971999944163,7.776722782230267,1.8551311731274291,1.0,0.0,0.0,299.9957583313407
a1,0.0,117.49999999968297,161.02885682940274,1.8551311731274291,1.0,0.0,0.0,299.9957583313407
a1,39.785300299879154,127.50000000000013,0.0,1.8551311731274291,1.0,0.0,0.0,299.9957583313407
a1,192.12126444007978,0.0,188.64637028918156,1.8551311731274291,1.0,0.0,0.0,299.9957583313407
a1,200.00000000000003,112.5000000002444,91.74682452708679,1.8551311731274291,1.0,0.0,0.0,299.9957583313407
a1,22.488309851125926,0.0,42.50000040030407,1.8551311731274291,1.0,0.0,0.0,299.9957583313407
a1,169.689110867545,0.0,132.5000000000001,1.8551311731274291,1.0,0.0,0.0,299.9957583313407
a1,77.7912377353909,1.3352066284006334,143.8550532232038,1.8551311731274291,1.0,0.0,0.0,299.9957583313407
a1,152.36860279185493,87.50000000000037,200.00000000000003,1.8551311731274291,1.0,0.0,0.0,299.9957583313407
a1,0.0,7.817783018146953,179.3888381151893,1.8551311731274291,1.0,0.0,0.0,299.9957583313407
a1,13.814603444863822,198.8143344170693,143.7621486823683,1.8551311731274291,1.0,0.0,0.0,299.9957583313407
a1,199.71431002994245,130.0600560199974,95.20715974605871,1.8551311731274291,1.0,0.0,0.0,299.9957583313407
a1,200.00000000000003,160.03310009624911,182.6522644799376,1.8551311731274291,1.0,0.0,0.0,299.9957583313407
a1,198.75412420194766,68.38355715489618,196.7927262505565,1.8551311731274291,1.0,0.0,0.0,299.9957583313407
a1,1.0527296048398576,175.21107881323033,69.42871877198061,1.8551311731274291,1.0,0.0,0.0,299.9957583313407
a1,51.776400519181216,48.90375682765558,199.2054079725506,1.8551311731274291,1.0,0.0,0.0,299.9957583313407
a1,139.37822173509954,114.99999999997695,200.00000000000003,1.8551311731274291,1.0,0.0,0.0,299.9957583313407
a1,29.97638634635001,107.54045458995822,199.25021464712464,1.8551311731274291,1.0,0.0,0.0,299.9957583313407
a1,110.42588292070091,0.8932798270725227,168.16270596972882,1.8551311731274291,1.0,0.0,0.0,299.9957583313407
a1,0.0,187.59856522706397,72.49067471507665,1.8551311731274291,1.0,0.0,0.0,299.9957583313407
a1,200.00000000000003,65.00000000000007,191.33974596215575,1.8551311731274291,1.0,0.0,0.0,299.9957583313407
a1,199.35035944089594,23.800831113463204,182.41083610781453,1.8551311731274291,1.0,0.0,0.0,299.9957583313407
a1,48.44555433772393,0.0,122.50000000000087,1.8551311731274291,1.0,0.0,0.0,299.9957583313407
a1,35.47451432190955,0.0,85.06221111756535,1.8551311731274291,1.0,0.0,0.0,299.9957583313407
a1,161.02972029163513,62.49798025059177,200.00000000000003,1.8551311731274291,1.0,0.0,0.0,299.9957583313407
a1,156.40647949418462,1.0155420132474815,145.29253271555703,1.8551311731274291,1.0,0.0,0.0,299.9957583313407
a1,74.4263164512567,102.50000000000007,0.0,1.8551311731274291,1.0,0.0,0.0,299.9957583313407
a1,4.3349940354242,180.6083755497015,40.622242457954286,4.7395923923834005,1.0,0.0,0.0,1901.3248249795706
a1,179.3697103043552,128.36393071827854,199.8292898414083,1.8551311731274291,1.0,0.0,0.0,299.9957583313407
a1,28.027854947293523,130.0239510451558,199.06535351030232,1.8551311731274291,1.0,0.0,0.0,299.9957583313407
a1,200.00000000000003,45.003837552654886,96.07914404335305,1.8551311731274291,1.0,0.0,0.0,299.9957583313407
a1,87.41669751936267,69.99999997410413,200.00000000000003,1.8551311731274291,1.0,0.0,0.0,299.9957583313407
a1,69.33777643458922,199.98161706718517,74.68993610817384,1.8551311731274291,1.0,0.0,0.0,299.9957583313407
a1,192.70294555064282,94.17966749783133,42.28775053965812,4.706529994860874,1.0,0.0,0.0,1874.8908641154376
a1,199.29316592678936,156.23615315134066,66.5599721330041,1.8551311731274291,1.0,0.0,0.0,299.9957583313407
a1,74.42631645125624,0.0,142.49999999999966,1.8551311731274291,1.0,0.0,0.0,299.9957583313407
a1,200.00000000000003,7.657230887471179,169.9810649120007,1.8551311731274291,1.0,0.0,0.0,299.9957583313407
a1,44.30683437664272,35.42437205488058,0.0,1.8551311731274291,1.0,0.0,0.0,299.9957583313407
a1,199.94213318158316,12.61257791465383,91.44330253488847,1.8551311731274291,1.0,0.0,0.0,299.9957583313407
a1,70.09618943233546,164.99999999999886,0.0,1.8551311731274291,1.0,0.0,0.0,299.9957583313407
a1,59.84122942985568,192.16874163639838,199.23595965005435,1.8551311731274291,1.0,0.0,0.0,299.9957583313407
a1,83.67679028323613,1.1126518352213444,62.57541930591114,1.8551311731274291,1.0,0.0,0.0,299.9957583313407
a1,186.85603420196296,195.39466207452347,200.00000000000003,1.8551311731274291,1.0,0.0,0.0,299.9957583313407
a1,120.85862381014735,1.280721616526135,159.86353542335496,1.8551311731274291,1.0,0.0,0.0,299.9957583313407
a1,61.43513090519485,200.00000000000003,144.99764532426042,1.8551311731274291,1.0,0.0,0.0,299.9957583313407
a1,22.548498134745053,0.48283906329383447,111.74697277355664,1.8551311731274291,1.0,0.0,0.0,299.9957583313407
a1,0.34761409304249713,13.045527499449287,40.04570117401847,1.8551311731274291,1.0,0.0,0.0,299.9957583313407
a1,40.97372547874097,24.60978984665823,199.29876895826624,1.8551311731274291,1.0,0.0,0.0,299.9957583313407
a1,99.97492443352576,52.07426253213553,199.712489730374,1.8551311731274291,1.0,0.0,0.0,299.9957583313407
a1,87.4166975151304,104.99999998376357,200.00000000000003,1.8551311731274291,1.0,0.0,0.0,299.9957583313407
a1,87.80029985769009,0.6853976702374035,145.9803661984846,1.8551311731274291,1.0,0.0,0.0,299.9957583313407
a1,177.11564578144979,0.6813413835577476,132.68234626629814,1.8551311731274291,1.0,0.0,0.0,299.9957583313407
a1,0.0,62.470169180139216,100.35258429369745,1.8551311731274291,1.0,0.0,0.0,299.9957583313407
a1,1.1438378624273082,127.44133516439089,142.5954687818296,1.8551311731274291,1.0,0.0,0.0,299.9957583313407
a1,105.86363224101109,199.89182721924874,154.5262827507218,1.8551311731274291,1.0,0.0,0.0,299.9957583313407
a1,143.70902904566012,47.49847728957665,0.0,1.8551311731274291,1.0,0.0,0.0,299.9957583313407
a1,174.01923788646693,0.0,14.99999999999928,1.8551311731274291,1.0,0.0,0.0,299.9957583313407
a1,165.35898384860747,200.00000000000003,79.99999999997537,1.8551311731274291,1.0,0.0,0.0,299.9957583313407
a1,139.37708065657964,200.00000000000003,89.99849506517384,1.8551311731274291,1.0,0.0,0.0,299.9957583313407
a1,35.515587795537606,0.871479392350655,156.17481044238946,1.8551311731274291,1.0,0.0,0.0,299.9957583313407
a1,198.7992329805218,28.82058263118303,79.0282113029218,1.8551311731274291,1.0,0.0,0.0,299.9957583313407
a1,26.841954083636356,130.00000000000023,200.00000000000003,1.8551311731274291,1.0,0.0,0.0,299.9957583313407
a1,0.5781275639796045,80.91627512716389,122.1189019802238,1.8551311731274291,1.0,0.0,0.0,299.9957583313407
a1,199.54264022848912,112.60646622228332,75.6133844146123,1.8551311731274291,1.0,0.0,0.0,299.9957583313407
a1,96.5693752638413,59.10162028599456,199.4086946010278,1.8551311731274291,1.0,0.0,0.0,299.9957583313407
a1,43.5154268856287,198.89596744233026,51.169711594066285,1.8551311731274291,1.0,0.0,0.0,299.9957583313407
a1,187.5592701392251,199.56030823689875,56.7837212965967,1.8551311731274291,1.0,0.0,0.0,299.9957583313407
a1,38.90469216834852,0.08789958176968753,128.7644277840546,1.8551311731274291,1.0,0.0,0.0,299.9957583313407
a1,200.00000000000003,20.00000000000172,113.39745962155641,1.8551311731274291,1.0,0.0,0.0,299.9957583313407
a1,26.158097096865475,199.794227651639,66.29766046070723,1.8551311731274291,1.0,0.0,0.0,299.9957583313407
a1,49.28942982407548,0.0,187.7269369262182,1.8551311731274291,1.0,0.0,0.0,299.9957583313407
a1,200.00000000000003,157.50000000000318,48.44555433772603,1.8551311731274291,1.0,0.0,0.0,299.9957583313407
a1,57.10581143100978,0.0,97.50000583980311,1.8551311731274291,1.0,0.0,0.0,299.9957583313407
a1,113.33256903889237,0.0,25.08522740121403,1.8551311731274291,1.0,0.0,0.0,299.9957583313407
a1,71.02817789614981,199.4734616534311,159.48335012261552,1.8551311731274291,1.0,0.0,0.0,299.9957583313407
a1,0.0,89.99999388080823,182.67948839130503,1.8551311731274291,1.0,0.0,0.0,299.9957583313407
a1,0.0,59.99999999999999,0.0,1.8551311731274291,1.0,0.0,0.0,299.9957583313407
a1,199.95224944100326,77.63710257669592,195.18510933496717,1.8551311731274291,1.0,0.0,0.0,299.9957583313407
a1,199.633636922714,94.41087228658922,182.02512293803557,1.8551311731274291,1.0,0.0,0.0,299.9957583313407
a1,117.75388655410748,0.0,177.47231952882072,1.8551311731274291,1.0,0.0,0.0,299.9957583313407
a1,31.148563682296572,92.50000000000031,0.0,1.8551311731274291,1.0,0.0,0.0,299.9957583313407
a1,100.40707856286032,0.0,107.49999999665822,1.8551311731274291,1.0,0.0,0.0,299.9957583313407
a1,68.33247463208988,28.65595759265695,5.76074742044173,4.681964229920989,1.0,0.0,0.0,1855.3699313046525
a1,104.77240465167766,0.13454485644569164,70.90267415122605,1.8551311731274291,1.0,0.0,0.0,299.9957583313407
a1,200.00000000000003,139.6343308934959,8.390336963814178,1.8551311731274291,1.0,0.0,0.0,299.9957583313407
a1,1.0808949771198941,195.62448523280338,176.25998977178386,1.8551311731274291,1.0,0.0,0.0,299.9957583313407
a1,29.749641637102354,0.22372860524330998,133.8361174537573,1.8551311731274291,1.0,0.0,0.0,299.9957583313407
a1,198.64461590627963,151.14403393017315,40.3982386619261,1.8551311731274291,1.0,0.0,0.0,299.9957583313407
a1,39.23908101158785,0.624731766285295,9.001900021447474,1.8551311731274291,1.0,0.0,0.0,299.9957583313407
a1,198.99345202224646,147.32879251246433,135.44584907200777,1.8551311731274291,1.0,0.0,0.0,299.9957583313407
a1,40.64787413449684,81.80312936163578,0.5794534912939154,1.8551311731274291,1.0,0.0,0.0,299.9957583313407
a1,77.12515932322357,13.63340244368414,200.00000000000003,1.8551311731274291,1.0,0.0,0.0,299.9957583313407
a1,199.42142821189805,5.689298733260833,97.09754998939118,1.8551311731274291,1.0,0.0,0.0,299.9957583313407
a1,199.0785323171419,9.834054221744958,88.93870377251585,1.8551311731274291,1.0,0.0,0.0,299.9957583313407
a1,199.22350265429347,150.62676379306885,190.56707574108216,1.8551311731274291,1.0,0.0,0.0,299.9957583313407
a1,200.00000000000003,117.46721765516642,39.8088000272145,1.8551311731274291,1.0,0.0,0.0,299.9957583313407
a1,200.00000000000003,82.50000000013172,74.42631645133218,1.8551311731274291,1.0,0.0,0.0,299.9957583313407
a1,199.0270167981199,183.84482814649076,63.05851785378968,1.8551311731274291,1.0,0.0,0.0,299.9957583313407
a1,174.3530223325662,156.3432690313842,1.3732103440492405,1.8551311731274291,1.0,0.0,0.0,299.9957583313407
a1,0.0,42.17886497090976,126.21852399895965,1.8551311731274291,1.0,0.0,0.0,299.9957583313407
a1,200.00000000000003,147.50000000000125,152.3686027918577,1.8551311731274291,1.0,0.0,0.0,299.9957583313407
a1,199.9625676196576,160.7345650362065,97.17656960443882,1.8551311731274291,1.0,0.0,0.0,299.9957583313407
a1,54.95667078995716,1.1151686920190054,9.752137595175133,1.8551311731274291,1.0,0.0,0.0,299.9957583313407
a1,0.0012565430406551472,157.47854979637506,160.03618663266988,1.8551311731274291,1.0,0.0,0.0,299.9957583313407
a1,13.283369626148005,200.00000000000003,50.15176590753495,1.8551311731274291,1.0,0.0,0.0,299.9957583313407
a1,114.79424707396778,0.7874867861471898,51.07679203311604,1.8551311731274291,1.0,0.0,0.0,299.9957583313407
a1,122.05771195510033,200.00000000000003,159.99999704617042,1.8551311731274291,1.0,0.0,0.0,299.9957583313407
a1,77.08710418831076,0.0,186.35027360700875,1.8551311731274291,1.0,0.0,0.0,299.9957583313407
a1,200.00000000000003,62.500001252800715,126.38784140162741,1.8551311731274291,1.0,0.0,0.0,299.9957583313407
a1,130.36040088008178,1.1462849940477966,40.003292364400224,1.8551311731274291,1.0,0.0,0.0,299.9957583313407
a1,143.70834875401823,122.49999999998509,0.0,1.8551311731274291,1.0,0.0,0.0,299.9957583313407
a1,71.26676720605047,170.2588378364975,199.57152446077728,1.8551311731274291,1.0,0.0,0.0,299.9957583313407
a1,81.89677676146903,123.07565974139737,0.6421308837514668,1.8551311731274291,1.0,0.0,0.0,299.9957583313407
a1,6.43744319879751,174.3448673689768,141.31867719523459,4.685748177689329,1.0,0.0,0.0,1858.3701506946481
a1,199.60550280349437,97.1463348949851,65.20916562737739,1.8551311731274291,1.0,0.0,0.0,299.9957583313407
a1,40.000000000000014,17.32050807568877,0.0,1.8551311731274291,1.0,0.0,0.0,299.9957583313407
a1,69.08648370266668,16.750642052723375,200.00000000000003,1.8551311731274291,1.0,0.0,0.0,299.9957583313407
a1,0.5894671064964824,33.21622906053993,114.04267010905069,1.8551311731274291,1.0,0.0,0.0,299.9957583313407
a1,0.0,149.99999985697224,139.37822160033085,1.8551311731274291,1.0,0.0,0.0,299.9957583313407
a1,0.0,27.50816671127206,178.35407995834032,1.8551311731274291,1.0,0.0,0.0,299.9957583313407
a1,22.702908679915293,200.00000000000003,160.82626054189154,1.8551311731274291,1.0,0.0,0.0,299.9957583313407
a1,0.9336723764787953,146.305676278275,88.49513214713882,1.8551311731274291,1.0,0.0,0.0,299.9957583313407
a1,148.03847577290495,200.00000000000003,89.99999999995092,1.8551311731274291,1.0,0.0,0.0,299.9957583313407
a1,73.41475231429973,0.03247926883692331,37.063802983151724,1.8551311731274291,1.0,0.0,0.0,299.9957583313407
a1,35.19327433803977,139.1241048485206,0.8605116785856687,1.8551311731274291,1.0,0.0,0.0,299.9957583313407
a1,200.00000000000003,175.00000000000122,156.69872981077972,1.8551311731274291,1.0,0.0,0.0,299.9957583313407
a1,121.93414043367964,200.00000000000003,64.84978366788955,1.8551311731274291,1.0,0.0,0.0,299.9957583313407
a1,39.812737290184685,102.50000000000024,200.00000000000003,1.8551311731274291,1.0,0.0,0.0,299.9957583313407
a1,1.264252752572988,113.8545898171348,108.38090578824026,1.8551311731274291,1.0,0.0,0.0,299.9957583313407
a1,200.00000000000003,107.50000000001552,65.76606241342095,1.8551311731274291,1.0,0.0,0.0,299.9957583313407
a1,135.11692701971563,0.09860665780856245,177.68265412499255,1.8551311731274291,1.0,0.0,0.0,299.9957583313407
a1,173.09197191373644,79.22229229295863,0.24350109462145342,1.8551311731274291,1.0,0.0,0.0,299.9957583313407
a1,198.77284913007512,180.18257968230319,52.99904511785496,1.8551311731274291,1.0,0.0,0.0,299.9957583313407
a1,200.00000000000003,82.50000000000324,39.789873131597645,1.8551311731274291,1.0,0.0,0.0,299.9957583313407
a1,143.7083487374845,200.00000000000003,122.49999997135633,1.8551311731274291,1.0,0.0,0.0,299.9957583313407
a1,200.00000000000003,14.80086288010288,44.648258973444555,1.8551311731274291,1.0,0.0,0.0,299.9957583313407
a1,200.00000000000003,40.000000000002856,44.115427318801316,1.8551311731274291,1.0,0.0,0.0,299.9957583313407
a1,95.008923456145,0.7605491404947888,175.36901617676585,1.8551311731274291,1.0,0.0,0.0,299.9957583313407
a1,0.32720211035748403,73.10451005065985,66.55297148591632,1.8551311731274291,1.0,0.0,0.0,299.9957583313407
a1,0.887621285532543,66.09819744587536,191.76460635211635,1.8551311731274291,1.0,0.0,0.0,299.9957583313407
a1,130.71796769691088,0.0,109.99999999942108,1.8551311731274291,1.0,0.0,0.0,299.9957583313407
a1,91.84225170023974,199.69479774988878,12.154152270816258,1.8551311731274291,1.0,0.0,0.0,299.9957583313407
a1,198.85506641895165,36.117296606229885,68.88698082341372,1.8551311731274291,1.0,0.0,0.0,299.9957583313407
a1,199.24840794649262,86.03378925274708,44.976269481675246,1.8551311731274291,1.0,0.0,0.0,299.9957583313407
a1,174.01923788646715,0.0,125.00000000000031,1.8551311731274291,1.0,0.0,0.0,299.9957583313407
a1,0.0,119.99999978874347,70.0961892332892,1.8551311731274291,1.0,0.0,0.0,299.9957583313407
a1,200.00000000000003,165.00000000000026,191.3397459621562,1.8551311731274291,1.0,0.0,0.0,299.9957583313407
a1,161.6411226406506,0.9037231518706472,57.3295976218058,1.8551311731274291,1.0,0.0,0.0,299.9957583313407
a1,0.7715827313457353,18.960380958151436,186.45072434760888,1.8551311731274291,1.0,0.0,0.0,299.9957583313407
a1,200.00000000000003,174.81513874545652,12.162831183933257,1.8551311731274291,1.0,0.0,0.0,299.9957583313407
a1,199.62075462686062,157.5561979751126,108.8276065971308,1.8551311731274291,1.0,0.0,0.0,299.9957583313407
a1,0.4252432053810964,82.22944690509061,152.85353448514545,1.8551311731274291,1.0,0.0,0.0,299.9957583313407
a1,143.9108325784825,1.3751183917844085,167.7235286743855,1.8551311731274291,1.0,0.0,0.0,299.9957583313407
a1,30.390846103938085,199.5612220128535,27.879765555558205,1.8551311731274291,1.0,0.0,0.0,299.9957583313407
a1,170.0,200.00000000000003,200.00000000000003,1.8551311731274291,1.0,0.0,0.0,299.9957583313407
a1,64.54334984930385,147.62477382005713,199.19861467889135,1.8551311731274291,1.0,0.0,0.0,299.9957583313407
a1,73.09174899419519,199.81729307385294,157.75062057456682,1.8551311731274291,1.0,0.0,0.0,299.9957583313407
a1,61.122450713791196,84.30624702540283,172.55516348814086,4.701752158290706,1.0,0.0,0.0,1871.0862032185235
a1,143.76238357346767,27.58553874688785,0.0,1.8551311731274291,1.0,0.0,0.0,299.9957583313407
a1,26.688679851428006,0.1475201037856723,26.600597233336277,1.8551311731274291,1.0,0.0,0.0,299.9957583313407
a1,69.87923508870591,200.00000000000003,19.576207231043927,1.8551311731274291,1.0,0.0,0.0,299.9957583313407
a1,117.7197810824802,200.00000000000003,87.49123343333939,1.8551311731274291,1.0,0.0,0.0,299.9957583313407
a1,106.84009586897947,199.7570952443732,5.481875267667848,1.8551311731274291,1.0,0.0,0.0,299.9957583313407
a1,24.294290008407362,85.04733632787072,199.71119682208737,1.8551311731274291,1.0,0.0,0.0,299.9957583313407
a1,200.00000000000003,42.50136724971,187.01040832522156,1.8551311731274291,1.0,0.0,0.0,299.9957583313407
a1,199.01785674842043,112.2098147113518,91.25746874859222,1.8551311731274291,1.0,0.0,0.0,299.9957583313407
a1,199.9183508377861,9.955022056909238,91.07597539258796,1.8551311731274291,1.0,0.0,0.0,299.9957583313407
a1,78.75644347006713,0.0,104.99999999980676,1.8551311731274291,1.0,0.0,0.0,299.9957583313407
a1,1.2926197981813494,123.99357641746484,44.75824281205195,1.8551311731274291,1.0,0.0,0.0,299.9957583313407
a1,87.41669753828378,79.99999993087707,0.0,1.8551311731274291,1.0,0.0,0.0,299.9957583313407
a1,69.84430220178011,200.00000000000003,15.41912927305808,1.8551311731274291,1.0,0.0,0.0,299.9957583313407
a1,84.6667622534613,199.18506506380444,181.97533179361565,1.8551311731274291,1.0,0.0,0.0,299.9957583313407
a1,0.0,82.50004629379278,48.44663718249623,1.8551311731274291,1.0,0.0,0.0,299.9957583313407
a1,127.65658973319829,0.14742822250464757,146.405936097325,1.8551311731274291,1.0,0.0,0.0,299.9957583313407
a1,169.68984550333712,0.0,37.5012724265178,1.8551311731274291,1.0,0.0,0.0,299.9957583313407
a1,1.211161187922938,113.2883569596986,152.14049911294813,1.8551311731274291,1.0,0.0,0.0,299.9957583313407
a1,130.83713627246522,0.43420464398919345,160.55061878096296,1.8551311731274291,1.0,0.0,0.0,299.9957583313407
a1,169.6891108675447,0.0,122.49999999999979,1.8551311731274291,1.0,0.0,0.0,299.9957583313407
a1,21.823814566059436,200.00000000000003,169.0934823770925,1.8551311731274291,1.0,0.0,0.0,299.9957583313407
a1,199.98379445465451,123.37125640960387,151.59050158669302,1.8551311731274291,1.0,0.0,0.0,299.9957583313407
a1,198.68064366399798,161.14651468746683,65.3482487658968,1.8551311731274291,1.0,0.0,0.0,299.9957583313407
a1,113.33256903889237,0.0,25.08522740121403,1.8551311731274291,1.0,0.0,0.0,299.9957583313407
a1,143.70902904566012,47.49847728957665,200.00000000000003,1.8551311731274291,1.0,0.0,0.0,299.9957583313407
a1,0.0,87.49998164217043,169.68910026828593,1.8551311731274291,1.0,0.0,0.0,299.9957583313407
a1,108.77268698688628,172.35156133290548,1.062519371684762,1.8551311731274291,1.0,0.0,0.0,299.9957583313407
a1,61.43567562364714,154.99712275054043,0.0,1.8551311731274291,1.0,0.0,0.0,299.9957583313407
a1,48.838633645172564,199.71294101195642,193.09621580071936,1.8551311731274291,1.0,0.0,0.0,299.9957583313407
a1,200.00000000000003,42.50181386132431,109.06822873154856,1.8551311731274291,1.0,0.0,0.0,299.9957583313407
a1,69.68367046382134,198.8424869873791,8.73335649407654,1.8551311731274291,1.0,0.0,0.0,299.9957583313407
a1,174.0192422299471,0.0,65.00000752312835,1.8551311731274291,1.0,0.0,0.0,299.9957583313407
a1,187.57271728556674,11.95464590687454,200.00000000000003,1.8551311731274291,1.0,0.0,0.0,299.9957583313407
a1,169.68911086754497,152.50000000000014,200.00000000000003,1.8551311731274291,1.0,0.0,0.0,299.9957583313407
a1,150.57602128997524,7.726223882234423,0.629608303775062,1.8551311731274291,1.0,0.0,0.0,299.9957583313407
a1,200.00000000000003,9.007714138841799,183.68818016085646,1.8551311731274291,1.0,0.0,0.0,299.9957583313407
a1,130.71796769724693,164.99999999999648,0.0,1.8551311731274291,1.0,0.0,0.0,299.9957583313407
a1,4.89507449690287,101.11678456196113,198.8983161493045,1.8551311731274291,1.0,0.0,0.0,299.9957583313407
a1,183.19513237899042,124.7274367160547,0.13194739764781108,1.8551311731274291,1.0,0.0,0.0,299.9957583313407
a1,200.00000000000003,85.00000000000341,26.85578145573552,1.8551311731274291,1.0,0.0,0.0,299.9957583313407
a1,166.62557035696554,198.86708676075565,162.01113309996734,1.8551311731274291,1.0,0.0,0.0,299.9957583313407
a1,87.41669750802481,164.99999999999736,200.00000000000003,1.8551311731274291,1.0,0.0,0.0,299.9957583313407
a1,0.4050828948832635,133.85603717176159,42.99301333602233,1.8551311731274291,1.0,0.0,0.0,299.9957583313407
a1,136.958129622399,187.9932535385935,0.0,1.8551311731274291,1.0,0.0,0.0,299.9957583313407
a1,16.7957745145509,199.3971661943441,179.4136024347586,1.8551311731274291,1.0,0.0,0.0,299.9957583313407
a1,183.36320932515176,13.163892736429663,199.38258264702858,1.8551311731274291,1.0,0.0,0.0,299.9957583313407
a1,60.844988905589155,199.9520009505614,163.5818349766779,1.8551311731274291,1.0,0.0,0.0,299.9957583313407
a1,156.7014518555493,49.993826452297654,0.0,1.8551311731274291,1.0,0.0,0.0,299.9957583313407
a1,44.11542731880138,165.0000000000003,200.00000000000003,1.8551311731274291,1.0,0.0,0.0,299.9957583313407
a1,199.93563718900236,161.6144225078894,135.55968548773367,1.8551311731274291,1.0,0.0,0.0,299.9957583313407
a1,200.00000000000003,20.298030424014662,19.04073692723262,1.8551311731274291,1.0,0.0,0.0,299.9957583313407
a1,191.33974596215586,200.00000000000003,140.0,1.8551311731274291,1.0,0.0,0.0,299.9957583313407
a1,161.0288568297003,122.49999999999991,0.0,1.8551311731274291,1.0,0.0,0.0,299.9957583313407
a1,64.45106692278671,0.8966315849972284,172.98266820391257,1.8551311731274291,1.0,0.0,0.0,299.9957583313407
a1,57.792989816428445,180.0640412466685,119.81663110686597,4.701207439734074,1.0,0.0,0.0,1870.652681288247
a1,199.4207067218712,65.16616133636677,36.663193325687836,1.8551311731274291,1.0,0.0,0.0,299.9957583313407
a1,74.4263164513004,117.49999999990037,200.00000000000003,1.8551311731274291,1.0,0.0,0.0,299.9957583313407
a1,94.73194005065403,0.4100318903040848,15.234635813150845,1.8551311731274291,1.0,0.0,0.0,299.9957583313407
a1,101.42334367739765,143.21984697098392,1.183877585469488,1.8551311731274291,1.0,0.0,0.0,299.9957583313407
a1,0.0,52.417067500594364,74.3860979050881,1.8551311731274291,1.0,0.0,0.0,299.9957583313407
a1,198.98468565943713,192.9640505465463,51.11735305448213,1.8551311731274291,1.0,0.0,0.0,299.9957583313407
a1,0.0,20.968613914255595,33.91722892018667,1.8551311731274291,1.0,0.0,0.0,299.9957583313407
a1,160.09269703250274,76.23048635710038,0.5511799296706746,1.8551311731274291,1.0,0.0,0.0,299.9957583313407
a1,18.914642736387304,169.69437181058592,200.00000000000003,1.8551311731274291,1.0,0.0,0.0,299.9957583313407
a1,0.0,57.49877990889746,169.68840644761846,1.8551311731274291,1.0,0.0,0.0,299.9957583313407
a1,199.6387672445178,182.7086831839388,187.40345204990638,1.8551311731274291,1.0,0.0,0.0,299.9957583313407
a1,122.29588089835461,198.79333804031884,155.93640288837125,1.8551311731274291,1.0,0.0,0.0,299.9957583313407
a1,0.8985026486495968,158.92346565295782,86.12704370308235,1.8551311731274291,1.0,0.0,0.0,299.9957583313407
a1,104.73725133060098,35.00007685989472,0.0,1.8551311731274291,1.0,0.0,0.0,299.9957583313407
a1,100.4070785652474,132.49999999895493,200.00000000000003,1.8551311731274291,1.0,0.0,0.0,299.9957583313407
a1,0.3552298368350137,115.93740257208253,175.0580492003568,1.8551311731274291,1.0,0.0,0.0,299.9957583313407
a1,44.80054912745692,0.9451168400039563,189.83114631862597,1.8551311731274291,1.0,0.0,0.0,299.9957583313407
a1,199.67951013038083,176.3850994581897,133.8388958532102,1.8551311731274291,1.0,0.0,0.0,299.9957583313407
a1,101.17011818915424,1.2712990929737897,98.42301203010547,1.8551311731274291,1.0,0.0,0.0,299.9957583313407
a1,200.00000000000003,85.00000000000057,174.01923788646786,1.8551311731274291,1.0,0.0,0.0,299.9957583313407
a1,78.98781034748845,198.8828616921797,186.31480201797675,1.8551311731274291,1.0,0.0,0.0,299.9957583313407
a1,14.972264143756263,80.15047780920875,152.05013856411384,4.699395401775753,1.0,0.0,0.0,1869.2109068312104
a1,0.0,65.00155961058921,35.46391285245196,1.8551311731274291,1.0,0.0,0.0,299.9957583313407
a1,35.45517328095684,160.00000000000023,200.00000000000003,1.8551311731274291,1.0,0.0,0.0,299.9957583313407
a1,113.29674181246583,129.50458809914414,0.6368400279992378,1.8551311731274291,1.0,0.0,0.0,299.9957583313407
a1,161.81801806915058,0.26469595461983403,132.00451101824925,1.8551311731274291,1.0,0.0,0.0,299.9957583313407
a1,199.52909319013767,179.6281036771392,60.98944811431522,1.8551311731274291,1.0,0.0,0.0,299.9957583313407
a1,1.0276121802602178,34.71746068683338,181.83551733277974,1.8551311731274291,1.0,0.0,0.0,299.9957583313407
a1,74.27335470101269,191.25867453246292,1.3479096465477116,1.8551311731274291,1.0,0.0,0.0,299.9957583313407
a1,8.931781877534606,114.2197879180152,200.00000000000003,1.8551311731274291,1.0,0.0,0.0,299.9957583313407
a1,200.00000000000003,32.505801623809724,22.78518556438323,1.8551311731274291,1.0,0.0,0.0,299.9957583313407
a1,186.28647511502734,0.04545435769865044,108.60520538391542,1.8551311731274291,1.0,0.0,0.0,299.9957583313407
a1,199.79210753664768,95.38294312974924,69.60042701769382,1.8551311731274291,1.0,0.0,0.0,299.9957583313407
a1,182.8166518557045,89.31861745060371,199.16633244489427,1.8551311731274291,1.0,0.0,0.0,299.9957583313407
a1,109.06733260265048,152.49999999996305,0.0,1.8551311731274291,1.0,0.0,0.0,299.9957583313407
a1,198.70942220911988,16.429517739535594,3.3746993658842186,5.090754400734841,1.0,0.0,0.0,2193.5049660828017
a1,15.435926208922254,200.00000000000003,13.037326125449669,1.8551311731274291,1.0,0.0,0.0,299.9957583313407
a1,0.5500062452192446,69.77293917777324,112.00537424984525,1.8551311731274291,1.0,0.0,0.0,299.9957583313407
a1,4.537799579787254,1.010991766566069,73.80306341898135,1.8551311731274291,1.0,0.0,0.0,299.9957583313407
a1,174.1832550048422,74.64144452155958,199.56059360405646,1.8551311731274291,1.0,0.0,0.0,299.9957583313407
a1,200.00000000000003,77.50000000000587,65.76606241341501,1.8551311731274291,1.0,0.0,0.0,299.9957583313407
a1,198.69574029787626,105.33567357030205,157.14047564172813,1.8551311731274291,1.0,0.0,0.0,299.9957583313407
a1,0.0,34.96178994906724,35.377525602480226,1.8551311731274291,1.0,0.0,0.0,299.9957583313407
a1,126.38785732824218,72.49996193289266,200.00000000000003,1.8551311731274291,1.0,0.0,0.0,299.9957583313407
a1,191.15476798844222,199.77790593100173,119.3397216793287,1.8551311731274291,1.0,0.0,0.0,299.9957583313407
a1,182.00825412014404,200.00000000000003,180.28720748021126,1.8551311731274291,1.0,0.0,0.0,299.9957583313407
a1,86.72190466677203,12.656364132664013,200.00000000000003,1.8551311731274291,1.0,0.0,0.0,299.9957583313407
a1,101.23660594648595,156.95909422479437,0.01114997888660083,1.8551311731274291,1.0,0.0,0.0,299.9957583313407
a1,200.00000000000003,25.0450281365457,104.75680921081579,1.8551311731274291,1.0,0.0,0.0,299.9957583313407
a1,36.568224552290836,199.4055033657619,55.77288659504168,1.8551311731274291,1.0,0.0,0.0,299.9957583313407
a1,1.2890088711513183,65.82285650729905,190.31583591338904,1.8551311731274291,1.0,0.0,0.0,299.9957583313407
a1,166.6768789866653,60.03221574193756,198.96528780511977,1.8551311731274291,1.0,0.0,0.0,299.9957583313407
a1,200.00000000000003,192.67949192431115,7.320508075688874,1.8551311731274291,1.0,0.0,0.0,299.9957583313407
a1,159.21595600236972,196.6222180215336,38.788458757010815,4.699780322087784,1.0,0.0,0.0,1869.5171278024004
a1,178.34936490538982,0.0,142.5000000000005,1.8551311731274291,1.0,0.0,0.0,299.9957583313407
a1,195.69218903602987,0.6901933147563826,71.1613696903381,1.8551311731274291,1.0,0.0,0.0,299.9957583313407
a1,4.2034347198456805,0.0,107.65700348796322,1.8551311731274291,1.0,0.0,0.0,299.9957583313407
a1,1.2731364838529946,174.97107479593055,139.31463066581668,1.8551311731274291,1.0,0.0,0.0,299.9957583313407
a1,190.56340632871613,79.97095114746512,35.1378191093216,4.702156818500232,1.0,0.0,0.0,1871.4082902584585
a1,73.29329096907234,13.076124927108204,0.9992402594393776,1.8551311731274291,1.0,0.0,0.0,299.9957583313407
a1,25.485552469266562,0.0,125.22000103014025,1.8551311731274291,1.0,0.0,0.0,299.9957583313407
a1,182.67949192431132,135.00000000000014,200.00000000000003,1.8551311731274291,1.0,0.0,0.0,299.9957583313407
a1,80.29556205718853,181.2667730548292,0.8848766162968801,1.8551311731274291,1.0,0.0,0.0,299.9957583313407
a1,139.37832719398142,64.99975855301425,0.0,1.8551311731274291,1.0,0.0,0.0,299.9957583313407
a1,0.9955722043988501,87.2931009548432,49.762861209469875,1.8551311731274291,1.0,0.0,0.0,299.9957583313407
a1,92.22953105719048,199.4406062043381,21.646750005850112,1.8551311731274291,1.0,0.0,0.0,299.9957583313407
a1,43.26595780119763,199.41177966322152,170.68125888351688,1.8551311731274291,1.0,0.0,0.0,299.9957583313407
a1,117.727586640793,127.49999999928208,0.0,1.8551311731274291,1.0,0.0,0.0,299.9957583313407
a1,24.974524102440547,200.00000000000003,21.131022935186248,1.8551311731274291,1.0,0.0,0.0,299.9957583313407
a1,27.5652669413276,0.0,21.03556584693146,1.8551311731274291,1.0,0.0,0.0,299.9957583313407
a1,0.0,62.50286779576115,22.801266338392743,1.8551311731274291,1.0,0.0,0.0,299.9957583313407
a1,0.0,167.4237064079057,135.0921529382705,1.8551311731274291,1.0,0.0,0.0,299.9957583313407
a1,109.40344456741194,1.0302449500320126,116.73022617058658,1.8551311731274291,1.0,0.0,0.0,299.9957583313407
a1,181.86518078397674,200.00000000000003,4.613853266224579,1.8551311731274291,1.0,0.0,0.0,299.9957583313407
a1,105.39376596620306,0.7430435340837368,120.61092819241094,1.8551311731274291,1.0,0.0,0.0,299.9957583313407
a1,200.00000000000003,193.33103130315962,105.00000000000001,1.8551311731274291,1.0,0.0,0.0,299.9957583313407
a1,0.36463139235943015,13.511498362927242,155.62554783226045,1.8551311731274291,1.0,0.0,0.0,299.9957583313407
a1,74.88903445108764,22.211518578947597,200.00000000000003,1.8551311731274291,1.0,0.0,0.0,299.9957583313407
a1,200.00000000000003,145.00000000000344,35.455173280959194,1.8551311731274291,1.0,0.0,0.0,299.9957583313407
a1,57.10580219054992,142.49993149405609,200.00000000000003,1.8551311731274291,1.0,0.0,0.0,299.9957583313407
a1,79.25031864644716,18.60655084952389,0.0,1.8551311731274291,1.0,0.0,0.0,299.9957583313407
a1,17.038299032546153,200.00000000000003,110.00000000000007,1.8551311731274291,1.0,0.0,0.0,299.9957583313407
a1,31.56670730263639,146.9654403892199,199.20108071259426,1.8551311731274291,1.0,0.0,0.0,299.9957583313407
a1,169.70572937896526,42.46083975950566,0.0,1.8551311731274291,1.0,0.0,0.0,299.9957583313407
a1,200.00000000000003,195.19310994874274,162.54830831794726,1.8551311731274291,1.0,0.0,0.0,299.9957583313407
a1,199.73622292912862,153.28657283288393,39.762184898065286,1.8551311731274291,1.0,0.0,0.0,299.9957583313407
a1,100.40665630078436,200.00000000000003,152.49926740145077,1.8551311731274291,1.0,0.0,0.0,299.9957583313407
a1,200.00000000000003,32.50000000000278,48.44555433772335,1.8551311731274291,1.0,0.0,0.0,299.9957583313407
a1,200.00000000000003,125.00000000000526,61.43593539449322,1.8551311731274291,1.0,0.0,0.0,299.9957583313407
a1,200.00000000000003,21.92400333622333,83.40375581753997,1.8551311731274291,1.0,0.0,0.0,299.9957583313407
a1,200.00000000000003,32.5000000000088,65.76606241341584,1.8551311731274291,1.0,0.0,0.0,299.9957583313407
a1,83.84825952486135,122.11381251809486,1.0346575919194951,1.8551311731274291,1.0,0.0,0.0,299.9957583313407
a1,143.83684527879305,178.28322843807862,0.8064743988367244,1.8551311731274291,1.0,0.0,0.0,299.9957583313407
a1,135.04811735673223,77.49994813620017,0.0,1.8551311731274291,1.0,0.0,0.0,299.9957583313407
a1,148.03847577218653,200.00000000000003,99.99999999870587,1.8551311731274291,1.0,0.0,0.0,299.9957583313407
a1,44.11542731880129,100.0000000000002,0.0,1.8551311731274291,1.0,0.0,0.0,299.9957583313407
a1,199.75920520512065,93.79122266520217,142.50432858350416,1.8551311731274291,1.0,0.0,0.0,299.9957583313407
a1,104.73720558396951,139.9999999994121,0.0,1.8551311731274291,1.0,0.0,0.0,299.9957583313407
a1,199.9884921627052,34.669075548008756,138.37625922265576,1.8551311731274291,1.0,0.0,0.0,299.9957583313407
a1,74.54620048114039,32.72777693270118,0.0,1.8551311731274291,1.0,0.0,0.0,299.9957583313407
a1,182.68177147566564,44.97646967321855,0.0,1.8551311731274291,1.0,0.0,0.0,299.9957583313407
a1,74.56838146688808,0.0,182.59025653797767,1.8551311731274291,1.0,0.0,0.0,299.9957583313407
a1,0.0,184.99999999999974,174.01923788647034,1.8551311731274291,1.0,0.0,0.0,299.9957583313407
a1,156.6987298103821,200.00000000000003,99.99999999931448,1.8551311731274291,1.0,0.0,0.0,299.9957583313407
a1,0.0,177.43106770796834,187.0494203688927,1.8551311731274291,1.0,0.0,0.0,299.9957583313407
a1,200.00000000000003,187.52041048444133,86.71364842961596,1.8551311731274291,1.0,0.0,0.0,299.9957583313407
a1,152.36860279185623,157.50006296009872,0.0,1.8551311731274291,1.0,0.0,0.0,299.9957583313407
a1,164.35861912696632,0.5741320394620701,124.98050538916267,1.8551311731274291,1.0,0.0,0.0,299.9957583313407
a1,0.02068445560701177,30.22981373698649,131.7937738706377,1.8551311731274291,1.0,0.0,0.0,299.9957583313407
a1,30.406770235363776,133.34038436077446,198.7037917010371,1.8551311731274291,1.0,0.0,0.0,299.9957583313407
a1,199.3914066610103,190.903039272892,151.4048185359762,1.8551311731274291,1.0,0.0,0.0,299.9957583313407
a1,35.44780555288423,45.01276127935724,0.0,1.8551311731274291,1.0,0.0,0.0,299.9957583313407
a1,53.20514059501573,124.91310665882023,199.68546044042037,1.8551311731274291,1.0,0.0,0.0,299.9957583313407
a1,0.8689333873412002,149.04307339730892,69.19600615476323,1.8551311731274291,1.0,0.0,0.0,299.9957583313407
a1,29.752999867912546,151.14244237022567,199.9204526709988,1.8551311731274291,1.0,0.0,0.0,299.9957583313407
a1,0.0,16.572661469871267,74.57087423381275,1.8551311731274291,1.0,0.0,0.0,299.9957583313407
a1,0.0,84.99999999908285,165.35898384775882,1.8551311731274291,1.0,0.0,0.0,299.9957583313407
a1,48.44560766820192,0.0,42.500104351796494,1.8551311731274291,1.0,0.0,0.0,299.9957583313407
a1,171.2891650961021,109.18045872676484,163.91520555298746,4.701733232104065,1.0,0.0,0.0,1871.0711397042264
a1,200.00000000000003,77.5000000000032,39.79086450433064,1.8551311731274291,1.0,0.0,0.0,299.9957583313407
a1,8.533561738767876,0.0,100.1570034879632,1.8551311731274291,1.0,0.0,0.0,299.9957583313407
a1,96.07694716067407,200.00000000000003,119.99999534576563,1.8551311731274291,1.0,0.0,0.0,299.9957583313407
a1,199.77527028743842,79.45829248961125,104.16719604381025,1.8551311731274291,1.0,0.0,0.0,299.9957583313407
a1,26.92063631976524,45.24120446357483,200.00000000000003,1.8551311731274291,1.0,0.0,0.0,299.9957583313407
a1,0.0,119.99999999936537,165.35898384802582,1.8551311731274291,1.0,0.0,0.0,299.9957583313407
a1,20.695534896836392,199.06786697726966,83.59207874771795,1.8551311731274291,1.0,0.0,0.0,299.9957583313407
a1,7.808906127192968,0.7966921914752948,61.57035432690839,1.8551311731274291,1.0,0.0,0.0,299.9957583313407
a1,104.56289139851532,200.00000000000003,174.6980789394155,1.8551311731274291,1.0,0.0,0.0,299.9957583313407
a1,0.17922919145968472,155.38400181731308,148.55900241169832,1.8551311731274291,1.0,0.0,0.0,299.9957583313407
a1,90.91535023173498,133.87671316837785,199.8443820427077,1.8551311731274291,1.0,0.0,0.0,299.9957583313407
a1,0.4776973998364018,150.49724629548706,165.35731587043225,1.8551311731274291,1.0,0.0,0.0,299.9957583313407
a1,62.0004385763441,1.1946314839704595,163.7870573856953,1.8551311731274291,1.0,0.0,0.0,299.9957583313407
a1,31.148563682296626,132.50000000000023,0.0,1.8551311731274291,1.0,0.0,0.0,299.9957583313407
a1,113.93539304192532,1.045778691956469,189.9700169090374,1.8551311731274291,1.0,0.0,0.0,299.9957583313407
a1,198.90203020343915,123.80869405195827,91.30960577846584,1.8551311731274291,1.0,0.0,0.0,299.9957583313407
a1,181.82747553343097,159.34672205493342,198.89447388452854,1.8551311731274291,1.0,0.0,0.0,299.9957583313407
a1,160.71715588190185,163.6768809886133,0.8149595525800754,1.8551311731274291,1.0,0.0,0.0,299.9957583313407
a1,25.740504544670785,23.131870198423847,0.0,1.8551311731274291,1.0,0.0,0.0,299.9957583313407
a1,155.83812837241177,149.38089923946035,1.320823912867191,1.8551311731274291,1.0,0.0,0.0,299.9957583313407
a1,23.583400945386717,199.84923829111764,90.94925839820539,1.8551311731274291,1.0,0.0,0.0,299.9957583313407
a1,198.90067405222462,172.44697550750845,152.7895744266888,1.8551311731274291,1.0,0.0,0.0,299.9957583313407
a1,133.85198828455074,31.86668990791103,199.20232976217275,1.8551311731274291,1.0,0.0,0.0,299.9957583313407
a1,199.857187495959,70.45259296346974,165.9608537778192,1.8551311731274291,1.0,0.0,0.0,299.9957583313407
a1,148.0384757729329,95.00000000000045,0.0,1.8551311731274291,1.0,0.0,0.0,299.9957583313407
a1,146.72425686846321,199.14434184488098,33.22838604729634,1.8551311731274291,1.0,0.0,0.0,299.9957583313407
a1,199.80617714812362,174.4566656289896,165.2383119162981,1.8551311731274291,1.0,0.0,0.0,299.9957583313407
a1,195.6698729810778,200.00000000000003,92.49999999999999,1.8551311731274291,1.0,0.0,0.0,299.9957583313407
a1,8.928999959122095,200.00000000000003,165.43994519529068,1.8551311731274291,1.0,0.0,0.0,299.9957583313407
a1,0.599661243423348,70.60016438725242,26.782203463831543,1.8551311731274291,1.0,0.0,0.0,299.9957583313407
a1,130.89360101394252,149.32264437388784,0.5413257781720168,1.8551311731274291,1.0,0.0,0.0,299.9957583313407
a1,146.8060272454682,200.00000000000003,14.3730475943735,1.8551311731274291,1.0,0.0,0.0,299.9957583313407
a1,0.7047706692161647,127.37747419600865,18.170807844525655,1.8551311731274291,1.0,0.0,0.0,299.9957583313407
a1,52.77580009553364,0.0,50.000231920523476,1.8551311731274291,1.0,0.0,0.0,299.9957583313407
a1,1.0954085897669106,175.3182667338221,148.02241986163898,1.8551311731274291,1.0,0.0,0.0,299.9957583313407
a1,0.9914564480249809,116.13957171386578,107.87851980054042,1.8551311731274291,1.0,0.0,0.0,299.9957583313407
a1,69.87923508870591,200.00000000000003,19.576207231043927,1.8551311731274291,1.0,0.0,0.0,299.9957583313407
a1,120.96214633897475,1.0660677838470498,84.42794795517432,1.8551311731274291,1.0,0.0,0.0,299.9957583313407
a1,122.0577133600627,200.00000000000003,169.99999948119753,1.8551311731274291,1.0,0.0,0.0,299.9957583313407
a1,122.0577136579322,0.0,104.99999999745638,1.8551311731274291,1.0,0.0,0.0,299.9957583313407
a1,87.41669750805355,144.99999999993105,200.00000000000003,1.8551311731274291,1.0,0.0,0.0,299.9957583313407
a1,7.432026771871398,199.59000197050398,3.613880287138506,1.8551311731274291,1.0,0.0,0.0,299.9957583313407
a1,69.06383493454896,0.16844848863923165,160.57219650414845,1.8551311731274291,1.0,0.0,0.0,299.9957583313407
a1,196.5219472997612,106.4273851623067,1.1005304065336123,1.8551311731274291,1.0,0.0,0.0,299.9957583313407
a1,0.8955144194865602,144.10895993333085,6.959270188364077,1.8551311731274291,1.0,0.0,0.0,299.9957583313407
a1,150.80626548637468,199.04392934206044,12.827774340449643,1.8551311731274291,1.0,0.0,0.0,299.9957583313407
a1,196.59010172360362,1.9648968749806848,29.121173451361816,4.983556973072869,1.0,0.0,0.0,2102.099100618472
a1,182.47919564612369,69.24806016271123,199.60640459649142,1.8551311731274291,1.0,0.0,0.0,299.9957583313407
a1,0.0,116.2241985712922,17.750033340257417,1.8551311731274291,1.0,0.0,0.0,299.9957583313407
a1,0.0,50.00060732591764,182.67984256409335,1.8551311731274291,1.0,0.0,0.0,299.9957583313407
a1,139.97340664505276,198.65144143371433,54.557064364000105,1.8551311731274291,1.0,0.0,0.0,299.9957583313407
a1,1.2519470442988423,173.89522436692053,159.72777399044136,1.8551311731274291,1.0,0.0,0.0,299.9957583313407
a1,74.48851545322294,199.39596395324278,91.85236300202088,1.8551311731274291,1.0,0.0,0.0,299.9957583313407
a1,88.20178639195166,0.01637631890958275,139.26433645658335,1.8551311731274291,1.0,0.0,0.0,299.9957583313407
a1,70.09618943235154,124.99999999996128,200.00000000000003,1.8551311731274291,1.0,0.0,0.0,299.9957583313407
a1,165.46700993556698,200.00000000000003,170.65328411277272,1.8551311731274291,1.0,0.0,0.0,299.9957583313407
a1,25.942070269263475,0.6706284091284626,144.02910647821966,1.8551311731274291,1.0,0.0,0.0,299.9957583313407
a1,12.819732711226498,200.00000000000003,30.55549641231808,1.8551311731274291,1.0,0.0,0.0,299.9957583313407
a1,65.7660562284,142.49993149404304,200.00000000000003,1.8551311731274291,1.0,0.0,0.0,299.9957583313407
a1,11.613793031257888,0.0,189.03804937567082,1.8551311731274291,1.0,0.0,0.0,299.9957583313407
a1,164.59562284314788,199.79528496869872,134.80541406281472,1.8551311731274291,1.0,0.0,0.0,299.9957583313407
a1,74.97288578406285,142.4038582969059,0.8530732489305172,1.8551311731274291,1.0,0.0,0.0,299.9957583313407
a1,95.78818775336019,200.00000000000003,54.55106313908242,1.8551311731274291,1.0,0.0,0.0,299.9957583313407
a1,108.34349677265314,199.39878285659378,71.72263282433572,1.8551311731274291,1.0,0.0,0.0,299.9957583313407
a1,30.876865779744346,199.51977635813174,33.535884638232154,1.8551311731274291,1.0,0.0,0.0,299.9957583313407
a1,0.9406152927229683,179.12411577706536,174.01247429223602,1.8551311731274291,1.0,0.0,0.0,299.9957583313407
a1,0.0,65.00034118146375,18.757464139998717,1.8551311731274291,1.0,0.0,0.0,299.9957583313407
a1,199.33795403753885,90.10947091996387,86.59796831596371,1.8551311731274291,1.0,0.0,0.0,299.9957583313407
a1,35.297349728292126,0.8183328152875543,46.15465877082977,1.8551311731274291,1.0,0.0,0.0,299.9957583313407
a1,199.70189508576556,126.39469067558115,91.4078703640871,1.8551311731274291,1.0,0.0,0.0,299.9957583313407
a1,135.04480500226285,200.00000000000003,77.49533614886852,1.8551311731274291,1.0,0.0,0.0,299.9957583313407
a1,161.6263997306874,200.00000000000003,162.5275159210698,1.8551311731274291,1.0,0.0,0.0,299.9957583313407
a1,34.00848689336473,24.781936497101217,0.16068466907922077,1.8551311731274291,1.0,0.0,0.0,299.9957583313407
a1,177.36784826916823,199.17727226295577,133.0394685274956,1.8551311731274291,1.0,0.0,0.0,299.9957583313407
a1,65.76606241389092,62.499999998906915,200.00000000000003,1.8551311731274291,1.0,0.0,0.0,299.9957583313407
a1,95.54972253345154,200.00000000000003,44.01496020685925,1.8551311731274291,1.0,0.0,0.0,299.9957583313407
a1,199.8782927769178,149.14674639877447,131.8892531206792,1.8551311731274291,1.0,0.0,0.0,299.9957583313407
a1,187.00962880160046,200.00000000000003,132.49998292469303,1.8551311731274291,1.0,0.0,0.0,299.9957583313407
a1,137.8519953268178,4.25433530875696,0.1145585429183166,1.8551311731274291,1.0,0.0,0.0,299.9957583313407
a1,23.497051349066528,200.00000000000003,157.02342670963358,1.8551311731274291,1.0,0.0,0.0,299.9957583313407
a1,142.2479405555594,123.11989517314478,171.57872615570005,4.701488494832709,1.0,0.0,0.0,1870.8763566722412
a1,168.69509657280264,26.56935998606997,1.2103301521115108,1.8551311731274291,1.0,0.0,0.0,299.9957583313407
a1,4.935016144537745,0.005256989465420956,22.185081648585435,1.8551311731274291,1.0,0.0,0.0,299.9957583313407
a1,99.72194592031953,0.23789258748961004,182.4658913228338,1.8551311731274291,1.0,0.0,0.0,299.9957583313407
a1,140.9857351515516,199.11858197404038,7.4781338693095885,1.8551311731274291,1.0,0.0,0.0,299.9957583313407
a1,177.53455490620027,43.735073455523846,0.20214239537942294,1.8551311731274291,1.0,0.0,0.0,299.9957583313407
a1,90.89342975064876,0.0,8.014780703105142,1.8551311731274291,1.0,0.0,0.0,299.9957583313407
a1,67.01085312415628,185.90563398714656,0.007731972822094611,1.8551311731274291,1.0,0.0,0.0,299.9957583313407
a1,8.644442065116518,49.54092477921026,200.00000000000003,1.8551311731274291,1.0,0.0,0.0,299.9957583313407
a1,115.12188608074389,14.137382377612887,0.0677758022494249,1.8551311731274291,1.0,0.0,0.0,299.9957583313407
a1,34.512369668178536,199.59782739019005,59.179390179935815,1.8551311731274291,1.0,0.0,0.0,299.9957583313407
a1,136.32037087444485,78.54718255912087,1.0954383639970233,1.8551311731274291,1.0,0.0,0.0,299.9957583313407
a1,161.0288568297004,162.50000000000014,0.0,1.8551311731274291,1.0,0.0,0.0,299.9957583313407
a1,16.08505369741246,0.4381566237918038,152.55151297196988,1.8551311731274291,1.0,0.0,0.0,299.9957583313407
a1,83.08657048921414,132.49999999974193,200.00000000000003,1.8551311731274291,1.0,0.0,0.0,299.9957583313407
a1,87.11097991571819,200.00000000000003,29.083297106843027,1.8551311731274291,1.0,0.0,0.0,299.9957583313407
a1,195.0877250017005,24.2927039429183,78.70971708169527,4.699219168137364,1.0,0.0,0.0,1869.0707136216338
a1,199.99342135320938,87.28793953426586,64.97703946976765,1.8551311731274291,1.0,0.0,0.0,299.9957583313407
a1,199.38453266375114,175.2483799508069,54.01248677229067,1.8551311731274291,1.0,0.0,0.0,299.9957583313407
a1,199.14374947444253,134.09040745972104,104.23172388309015,1.8551311731274291,1.0,0.0,0.0,299.9957583313407
a1,44.45284859265005,134.75434392455244,0.9737145135556767,1.8551311731274291,1.0,0.0,0.0,299.9957583313407
a1,198.88203431273007,0.6479673399180184,84.57376460194952,1.8551311731274291,1.0,0.0,0.0,299.9957583313407
a1,200.00000000000003,17.555175791606427,57.79641099241529,1.8551311731274291,1.0,0.0,0.0,299.9957583313407
a1,169.69964386843753,47.47394169983504,200.00000000000003,1.8551311731274291,1.0,0.0,0.0,299.9957583313407
a1,200.00000000000003,169.87529020945587,130.73194030899705,1.8551311731274291,1.0,0.0,0.0,299.9957583313407
a1,109.39503828402906,112.65706302570918,0.010736147081989531,1.8551311731274291,1.0,0.0,0.0,299.9957583313407
a1,0.3012355435891092,156.9293018800679,47.73561276781502,1.8551311731274291,1.0,0.0,0.0,299.9957583313407
a1,69.35510304747682,16.32208984074709,199.5843935987101,1.8551311731274291,1.0,0.0,0.0,299.9957583313407
a1,199.4603870090143,165.61628181045174,7.879923020499546,1.8551311731274291,1.0,0.0,0.0,299.9957583313407
a1,31.148563681901855,200.00000000000003,122.49999999958237,1.8551311731274291,1.0,0.0,0.0,299.9957583313407
a1,184.13542681001886,7.584446070722447,199.56618657068105,1.8551311731274291,1.0,0.0,0.0,299.9957583313407
a1,104.7165318613555,200.00000000000003,79.9866403330622,1.8551311731274291,1.0,0.0,0.0,299.9957583313407
a1,109.06731361169851,200.00000000000003,122.4999797528558,1.8551311731274291,1.0,0.0,0.0,299.9957583313407
a1,0.0,12.138091504331824,123.15116265179473,1.8551311731274291,1.0,0.0,0.0,299.9957583313407
a1,200.00000000000003,130.00000000000037,182.67949192431246,1.8551311731274291,1.0,0.0,0.0,299.9957583313407
a1,200.00000000000003,191.65462469776134,185.0896308926313,1.8551311731274291,1.0,0.0,0.0,299.9957583313407
a1,200.00000000000003,150.00000000000324,44.11542731880364,1.8551311731274291,1.0,0.0,0.0,299.9957583313407
a1,0.40225408294711545,117.18042126135579,14.221631584056455,1.8551311731274291,1.0,0.0,0.0,299.9957583313407
a1,0.0,16.687041894316806,32.996081127999226,1.8551311731274291,1.0,0.0,0.0,299.9957583313407
a1,0.0,21.011294868915186,83.23415651746127,1.8551311731274291,1.0,0.0,0.0,299.9957583313407
a1,0.0,124.99998823513262,122.05770257460833,1.8551311731274291,1.0,0.0,0.0,299.9957583313407
a1,169.68911086754477,157.50000000000028,200.00000000000003,1.8551311731274291,1.0,0.0,0.0,299.9957583313407
a1,75.75583573120475,51.74508289334395,0.07576515197464154,1.8551311731274291,1.0,0.0,0.0,299.9957583313407
a1,7.776824974986966,169.928619389302,0.0,1.8551311731274291,1.0,0.0,0.0,299.9957583313407
a1,4.304022881005804,186.33300298953955,8.999612946493865,4.806038761038103,1.0,0.0,0.0,1955.0094880417994
a1,169.9146524667856,68.0013383462104,199.7998629708856,1.8551311731274291,1.0,0.0,0.0,299.9957583313407
a1,57.55012406299338,200.00000000000003,16.42194287690606,1.8551311731274291,1.0,0.0,0.0,299.9957583313407
a1,96.07695146121422,0.0,69.99999985337696,1.8551311731274291,1.0,0.0,0.0,299.9957583313407
a1,199.63329665691873,5.245193051462849,186.49367384215233,1.8551311731274291,1.0,0.0,0.0,299.9957583313407
a1,199.7264304470159,67.21759823604688,196.84496491340025,1.8551311731274291,1.0,0.0,0.0,299.9957583313407
a1,189.0709298035123,159.9614598903247,22.20039848475565,4.708734882503113,1.0,0.0,0.0,1876.6479514046064
a1,200.00000000000003,21.194067498194183,27.682660088096874,1.8551311731274291,1.0,0.0,0.0,299.9957583313407
a1,200.00000000000003,147.5000000000023,109.06733260263661,1.8551311731274291,1.0,0.0,0.0,299.9957583313407
a1,1.2560408819073383,194.43413565827905,180.55016344522713,1.8551311731274291,1.0,0.0,0.0,299.9957583313407
a1,0.0,94.99992466528194,78.75616324774822,1.8551311731274291,1.0,0.0,0.0,299.9957583313407
a1,13.688275345066797,53.93641846502448,0.07337165381782311,1.8551311731274291,1.0,0.0,0.0,299.9957583313407
a1,35.51220468603082,0.0,79.99774491629188,1.8551311731274291,1.0,0.0,0.0,299.9957583313407
a1,200.00000000000003,97.50000000000091,161.02885682970165,1.8551311731274291,1.0,0.0,0.0,299.9957583313407
a1,146.80307502309213,175.2699266366533,0.371918083976094,1.8551311731274291,1.0,0.0,0.0,299.9957583313407
a1,179.35604831315413,0.0,192.0448357458245,1.8551311731274291,1.0,0.0,0.0,299.9957583313407
a1,178.87139684061378,199.86255890822406,138.27275059606194,1.8551311731274291,1.0,0.0,0.0,299.9957583313407
a1,0.0,97.49899461160949,126.3869269403844,1.8551311731274291,1.0,0.0,0.0,299.9957583313407
a1,109.79706559969908,127.244106747246,0.8013533394838291,1.8551311731274291,1.0,0.0,0.0,299.9957583313407
a1,200.00000000000003,112.50000000003762,74.42631645127831,1.8551311731274291,1.0,0.0,0.0,299.9957583313407
a1,195.27270385282003,111.87485101085929,10.002919951266541,4.715980340893741,1.0,0.0,0.0,1882.4276931638988
a1,78.75839075207344,0.0,40.07905964189285,1.8551311731274291,1.0,0.0,0.0,299.9957583313407
a1,50.56671397105394,200.00000000000003,6.846066006873818,1.8551311731274291,1.0,0.0,0.0,299.9957583313407
a1,147.66832211373676,76.2314680160416,1.0996147469829605,1.8551311731274291,1.0,0.0,0.0,299.9957583313407
a1,148.54107122022418,139.45550670282924,199.49510865064116,1.8551311731274291,1.0,0.0,0.0,299.9957583313407
a1,88.00166986649997,0.1992071625373611,175.7054737513315,1.8551311731274291,1.0,0.0,0.0,299.9957583313407
a1,161.02885682970077,152.49999999999963,0.0,1.8551311731274291,1.0,0.0,0.0,299.9957583313407
a1,27.080985825257624,0.0,69.59956605410842,1.8551311731274291,1.0,0.0,0.0,299.9957583313407
a1,105.42710075804648,94.39030230245037,199.78411392212377,1.8551311731274291,1.0,0.0,0.0,299.9957583313407
a1,0.0,155.00120362001854,148.03779081881746,1.8551311731274291,1.0,0.0,0.0,299.9957583313407
a1,1.3545255415993815,91.15567160210948,110.22764721593133,1.8551311731274291,1.0,0.0,0.0,299.9957583313407
a1,195.58983270083957,32.941267376048735,199.1309726434875,1.8551311731274291,1.0,0.0,0.0,299.9957583313407
a1,199.45993323691116,36.27982570784537,173.28572538607384,1.8551311731274291,1.0,0.0,0.0,299.9957583313407
a1,87.416697507411,0.0,94.99999999893996,1.8551311731274291,1.0,0.0,0.0,299.9957583313407
a1,198.75517848691595,81.84323270101453,75.53080453503631,1.8551311731274291,1.0,0.0,0.0,299.9957583313407
a1,63.22799555180963,1.2501918400528378,7.840309064782653,1.8551311731274291,1.0,0.0,0.0,299.9957583313407
a1,50.045281303872564,1.0432590931835388,177.4769422316927,1.8551311731274291,1.0,0.0,0.0,299.9957583313407
a1,200.00000000000003,0.0,105.00000000000001,1.8551311731274291,1.0,0.0,0.0,299.9957583313407
a1,199.83310850699925,162.7548209370689,134.9978119554826,1.8551311731274291,1.0,0.0,0.0,299.9957583313407
a1,26.794919243112446,90.00000000000038,0.0,1.8551311731274291,1.0,0.0,0.0,299.9957583313407
a1,87.33757584120292,0.0,25.127507306778494,1.8551311731274291,1.0,0.0,0.0,299.9957583313407
a1,113.04283099608062,200.00000000000003,64.57467979208322,1.8551311731274291,1.0,0.0,0.0,299.9957583313407
a1,113.39745827349034,0.0,69.99999766508172,1.8551311731274291,1.0,0.0,0.0,299.9957583313407
a1,143.69927450861064,0.0,42.50190921411422,1.8551311731274291,1.0,0.0,0.0,299.9957583313407
a1,195.66987298107787,200.00000000000003,117.49999999999994,1.8551311731274291,1.0,0.0,0.0,299.9957583313407
a1,199.77860169519144,15.561209870107009,191.44572081967095,1.8551311731274291,1.0,0.0,0.0,299.9957583313407
a1,199.56492436577705,48.11030088707336,31.942196930880797,1.8551311731274291,1.0,0.0,0.0,299.9957583313407
a1,165.35898384862222,115.00000000000001,0.0,1.8551311731274291,1.0,0.0,0.0,299.9957583313407
a1,80.03554721026791,1.0290896450952347,31.187661440871935,1.8551311731274291,1.0,0.0,0.0,299.9957583313407
a1,96.07642320113531,200.00000000000003,159.99908429283548,1.8551311731274291,1.0,0.0,0.0,299.9957583313407
a1,174.02903342983777,49.975130152088305,200.00000000000003,1.8551311731274291,1.0,0.0,0.0,299.9957583313407
a1,183.03605043132438,70.58645290448571,199.20076849330968,1.8551311731274291,1.0,0.0,0.0,299.9957583313407
a1,142.85319995826896,56.78832285397186,0.5200709729620682,1.8551311731274291,1.0,0.0,0.0,299.9957583313407
a1,57.105879123504266,0.0,77.50013556559242,1.8551311731274291,1.0,0.0,0.0,299.9957583313407
a1,0.0,40.00000000000008,8.344293707867724,1.8551311731274291,1.0,0.0,0.0,299.9957583313407
a1,200.00000000000003,47.50000000000381,48.44555433772425,1.8551311731274291,1.0,0.0,0.0,299.9957583313407
a1,200.00000000000003,142.50000000000173,135.0480947161693,1.8551311731274291,1.0,0.0,0.0,299.9957583313407
a1,113.4500594488133,0.0,179.9446390576404,1.8551311731274291,1.0,0.0,0.0,299.9957583313407
a1,83.40504261978428,58.26783748276188,0.002473164898249572,1.8551311731274291,1.0,0.0,0.0,299.9957583313407
a1,164.4641840364409,46.01733546333538,199.52581150727696,1.8551311731274291,1.0,0.0,0.0,299.9957583313407
a1,168.45209020265503,153.15454820258603,0.9532280190354273,1.8551311731274291,1.0,0.0,0.0,299.9957583313407
a1,57.00557972073157,198.64360753899834,87.12032269726534,1.8551311731274291,1.0,0.0,0.0,299.9957583313407
a1,61.5958247573284,200.00000000000003,18.864239360968025,1.8551311731274291,1.0,0.0,0.0,299.9957583313407
a1,100.4070784010731,0.0,72.4999997164351,1.8551311731274291,1.0,0.0,0.0,299.9957583313407
a1,8.660254037844386,65.0,200.00000000000003,1.8551311731274291,1.0,0.0,0.0,299.9957583313407
a1,199.70530620034745,96.34045352645529,126.49355424545868,1.8551311731274291,1.0,0.0,0.0,299.9957583313407
a1,122.06014253482259,0.0,60.0042769053309,1.8551311731274291,1.0,0.0,0.0,299.9957583313407
a1,200.00000000000003,95.00000000000348,26.84587365368092,1.8551311731274291,1.0,0.0,0.0,299.9957583313407
a1,117.08644759791295,182.4878467554438,198.97348125155509,1.8551311731274291,1.0,0.0,0.0,299.9957583313407
a1,126.66300929946205,199.1821278637808,131.47972463462364,1.8551311731274291,1.0,0.0,0.0,299.9957583313407
a1,90.46419052226862,111.56084871893611,199.52930393585802,1.8551311731274291,1.0,0.0,0.0,299.9957583313407
a1,128.47340898458305,189.70988959399074,0.5038948928841922,1.8551311731274291,1.0,0.0,0.0,299.9957583313407
a1,61.435986412486194,0.0,85.00009736604159,1.8551311731274291,1.0,0.0,0.0,299.9957583313407
a1,169.89625816567664,200.00000000000003,182.7412270300746,1.8551311731274291,1.0,0.0,0.0,299.9957583313407
a1,87.83938297737937,0.20714040965390304,24.41952058684139,1.8551311731274291,1.0,0.0,0.0,299.9957583313407
a1,86.9040078162188,0.3434868867532072,15.821251284653817,1.8551311731274291,1.0,0.0,0.0,299.9957583313407
a1,0.2508201063565404,59.07371857256523,130.84033348496783,1.8551311731274291,1.0,0.0,0.0,299.9957583313407
a1,0.8672917386918462,191.99359132930704,58.65114954600845,1.8551311731274291,1.0,0.0,0.0,299.9957583313407
a1,0.6985603745561437,14.647198833652762,121.62020828612975,1.8551311731274291,1.0,0.0,0.0,299.9957583313407
a1,1.2885248524959045,152.53169998564508,99.51556057933193,1.8551311731274291,1.0,0.0,0.0,299.9957583313407
a1,55.743111328002456,161.9731668332252,199.56375184912903,1.8551311731274291,1.0,0.0,0.0,299.9957583313407
a1,200.00000000000003,160.0000000000011,96.07695154586952,1.8551311731274291,1.0,0.0,0.0,299.9957583313407
a1,199.54295516511564,106.723538116419,100.19970680090253,1.8551311731274291,1.0,0.0,0.0,299.9957583313407
a1,0.0,104.99999999870467,35.45517327973555,1.8551311731274291,1.0,0.0,0.0,299.9957583313407
a1,136.00163390875312,82.27779353993228,0.7069517532385668,1.8551311731274291,1.0,0.0,0.0,299.9957583313407
a1,156.69872931277953,0.0,84.99999913744116,1.8551311731274291,1.0,0.0,0.0,299.9957583313407
a1,200.00000000000003,132.5000000000021,152.36860279185822,1.8551311731274291,1.0,0.0,0.0,299.9957583313407
a1,135.10294294286234,0.0,172.32927928375634,1.8551311731274291,1.0,0.0,0.0,299.9957583313407
a1,198.76593247352187,33.636485623486095,164.97969872968386,1.8551311731274291,1.0,0.0,0.0,299.9957583313407
a1,113.4500594488133,0.0,179.9446390576404,1.8551311731274291,1.0,0.0,0.0,299.9957583313407
a1,186.85618818202406,71.57162063448595,198.81094615086064,1.8551311731274291,1.0,0.0,0.0,299.9957583313407
a1,0.24667501155265215,180.7894458396058,104.2858318033176,1.8551311731274291,1.0,0.0,0.0,299.9957583313407
a1,135.048231846209,57.49968766848893,200.00000000000003,1.8551311731274291,1.0,0.0,0.0,299.9957583313407
a1,14.788042122405246,0.26886022332932785,21.528524782272598,1.8551311731274291,1.0,0.0,0.0,299.9957583313407
a1,191.63180422758353,101.15424116642001,0.6160472945980175,1.8551311731274291,1.0,0.0,0.0,299.9957583313407
a1,191.3397459621556,0.0,196.33974596215558,1.8551311731274291,1.0,0.0,0.0,299.9957583313407
a1,0.7852636355247957,165.46306971090863,120.916244106187,1.8551311731274291,1.0,0.0,0.0,299.9957583313407
a1,199.47951923288173,69.09176322707327,36.72744485860702,1.8551311731274291,1.0,0.0,0.0,299.9957583313407
a1,91.75993794360022,32.52363520015554,0.0,1.8551311731274291,1.0,0.0,0.0,299.9957583313407
a1,198.99951753022123,138.16875753277495,108.60309081962234,1.8551311731274291,1.0,0.0,0.0,299.9957583313407
a1,145.61435708645286,190.38729514256812,172.0413484429915,4.7029322204495525,1.0,0.0,0.0,1872.02554456853
a1,129.47561471961637,0.7928745751211456,139.32096243975934,1.8551311731274291,1.0,0.0,0.0,299.9957583313407
a1,54.117357802155354,0.7934003050131886,114.73119487703043,1.8551311731274291,1.0,0.0,0.0,299.9957583313407
a1,4.324028885455684,0.0,152.49612024522938,1.8551311731274291,1.0,0.0,0.0,299.9957583313407
a1,39.785301926731705,0.0,42.50000315104781,1.8551311731274291,1.0,0.0,0.0,299.9957583313407
a1,87.42179471419561,45.0091873048377,0.0,1.8551311731274291,1.0,0.0,0.0,299.9957583313407
a1,169.57512662385133,188.05434977374847,0.0,1.8551311731274291,1.0,0.0,0.0,299.9957583313407
a1,152.36959370365642,57.49771180348868,0.0,1.8551311731274291,1.0,0.0,0.0,299.9957583313407
a1,160.05234213577032,199.77613253587657,88.29184817350179,1.8551311731274291,1.0,0.0,0.0,299.9957583313407
a1,200.00000000000003,112.7199725976454,4.464499979561149,1.8551311731274291,1.0,0.0,0.0,299.9957583313407
a1,91.77357286683139,0.0,42.57948074129371,1.8551311731274291,1.0,0.0,0.0,299.9957583313407
a1,143.54757161125124,1.246344879132355,48.84898138916428,1.8551311731274291,1.0,0.0,0.0,299.9957583313407
a1,44.11543028498212,0.0,95.0000057059494,1.8551311731274291,1.0,0.0,0.0,299.9957583313407
a1,0.0,82.47830821180337,117.70820299718491,1.8551311731274291,1.0,0.0,0.0,299.9957583313407
a1,199.88073667459025,168.47695552600692,48.92851956389516,1.8551311731274291,1.0,0.0,0.0,299.9957583313407
a1,17.03829903254627,200.00000000000003,170.0,1.8551311731274291,1.0,0.0,0.0,299.9957583313407
a1,48.44556390443671,0.0,87.5000184102374,1.8551311731274291,1.0,0.0,0.0,299.9957583313407
a1,198.989661914778,94.50824519614393,148.4217147258929,1.8551311731274291,1.0,0.0,0.0,299.9957583313407
a1,200.00000000000003,55.000001842756575,130.7179687611606,1.8551311731274291,1.0,0.0,0.0,299.9957583313407
a1,195.66987298107787,142.50000000000014,200.00000000000003,1.8551311731274291,1.0,0.0,0.0,299.9957583313407
a1,199.19187414145856,149.29838995647918,191.99334277223673,1.8551311731274291,1.0,0.0,0.0,299.9957583313407
a1,52.77593737703649,75.00003100399968,200.00000000000003,1.8551311731274291,1.0,0.0,0.0,299.9957583313407
a1,48.445554337555045,200.00000000000003,87.4999999998231,1.8551311731274291,1.0,0.0,0.0,299.9957583313407
a1,98.9208239737953,198.7873359665853,9.504526055438857,1.8551311731274291,1.0,0.0,0.0,299.9957583313407
a1,49.59187576879579,181.25690553155061,0.5677017274624437,1.8551311731274291,1.0,0.0,0.0,299.9957583313407
a1,100.21516830050122,12.352812272123167,200.00000000000003,1.8551311731274291,1.0,0.0,0.0,299.9957583313407
a1,20.622500473262146,200.00000000000003,19.437219921299597,1.8551311731274291,1.0,0.0,0.0,299.9957583313407
a1,132.02294074905353,7.586842133746365,159.54760003700508,4.6993560757762625,1.0,0.0,0.0,1869.179622687905
a1,101.73025231055438,157.93100725208396,199.1346725948681,1.8551311731274291,1.0,0.0,0.0,299.9957583313407
a1,44.847348052941,8.79189627017188,0.0,1.8551311731274291,1.0,0.0,0.0,299.9957583313407
a1,44.06906791508144,199.37945919525902,110.5522993450791,1.8551311731274291,1.0,0.0,0.0,299.9957583313407
a1,91.74504169747813,200.00000000000003,57.503087951220174,1.8551311731274291,1.0,0.0,0.0,299.9957583313407
a1,0.836716467925804,13.06127439018889,169.59885941285938,1.8551311731274291,1.0,0.0,0.0,299.9957583313407
a1,0.0,77.5002643219619,39.791676998482565,1.8551311731274291,1.0,0.0,0.0,299.9957583313407
a1,0.0,52.45264598868428,152.3412629406755,1.8551311731274291,1.0,0.0,0.0,299.9957583313407
a1,198.9831879084886,162.44189481224058,83.4842156462496,1.8551311731274291,1.0,0.0,0.0,299.9957583313407
a1,104.26232530546466,200.00000000000003,39.032293854941564,1.8551311731274291,1.0,0.0,0.0,299.9957583313407
a1,0.0,195.3058348425512,143.071846882196,1.8551311731274291,1.0,0.0,0.0,299.9957583313407
a1,1.0760797333077345,159.97552792867654,181.94654284781768,1.8551311731274291,1.0,0.0,0.0,299.9957583313407
a1,122.57052686502612,199.4363890916642,14.089391973168368,1.8551311731274291,1.0,0.0,0.0,299.9957583313407
a1,61.54450286264887,124.28045285391651,198.82455493276257,1.8551311731274291,1.0,0.0,0.0,299.9957583313407
a1,156.2105627201139,10.881878483270535,0.0,1.8551311731274291,1.0,0.0,0.0,299.9957583313407
a1,62.212475596146504,0.6503738364274197,89.40506378853594,1.8551311731274291,1.0,0.0,0.0,299.9957583313407
a1,157.63476154891916,30.575031449829613,0.411265794199797,1.8551311731274291,1.0,0.0,0.0,299.9957583313407
a1,199.53195142429965,38.786931307149885,49.745181292537154,1.8551311731274291,1.0,0.0,0.0,299.9957583313407
a1,178.86565314519626,187.89466207452367,0.0,1.8551311731274291,1.0,0.0,0.0,299.9957583313407
a1,152.36860279185433,0.0,97.49999999999712,1.8551311731274291,1.0,0.0,0.0,299.9957583313407
a1,126.3878406783247,162.4999999999965,0.0,1.8551311731274291,1.0,0.0,0.0,299.9957583313407
a1,130.63346682337826,179.2377101959633,0.0,1.8551311731274291,1.0,0.0,0.0,299.9957583313407
a1,0.9569434469002489,119.57275612479796,35.877481835351794,1.8551311731274291,1.0,0.0,0.0,299.9957583313407
a1,0.4667378469304408,19.91592833533033,192.39858645724712,1.8551311731274291,1.0,0.0,0.0,299.9957583313407
a1,117.72753714212362,200.00000000000003,117.49994744267126,1.8551311731274291,1.0,0.0,0.0,299.9957583313407
a1,152.3686027914122,200.00000000000003,97.49999999923189,1.8551311731274291,1.0,0.0,0.0,299.9957583313407
a1,17.422286417307838,199.35373809107972,22.9659920080717,1.8551311731274291,1.0,0.0,0.0,299.9957583313407
a1,200.00000000000003,42.50136724971,187.01040832522156,1.8551311731274291,1.0,0.0,0.0,299.9957583313407
a1,8.625385149677388,129.71745291642452,200.00000000000003,1.8551311731274291,1.0,0.0,0.0,299.9957583313407
a1,39.80881771974632,200.00000000000003,127.49999999958227,1.8551311731274291,1.0,0.0,0.0,299.9957583313407
a1,19.593545651440266,69.52219750464414,0.28059046525161174,1.8551311731274291,1.0,0.0,0.0,299.9957583313407
a1,200.00000000000003,50.00025335027445,191.33989223400488,1.8551311731274291,1.0,0.0,0.0,299.9957583313407
a1,0.0,49.46755560414542,87.17191974800531,1.8551311731274291,1.0,0.0,0.0,299.9957583313407
a1,199.57954588990313,96.76695975630265,108.05763592789029,1.8551311731274291,1.0,0.0,0.0,299.9957583313407
a1,22.50000000000004,200.00000000000003,195.6698729810778,1.8551311731274291,1.0,0.0,0.0,299.9957583313407
a1,31.045536069676437,200.00000000000003,166.57094475351835,1.8551311731274291,1.0,0.0,0.0,299.9957583313407
a1,174.02903342983777,49.975130152088305,200.00000000000003,1.8551311731274291,1.0,0.0,0.0,299.9957583313407
a1,78.76267150666585,45.012973400933774,200.00000000000003,1.8551311731274291,1.0,0.0,0.0,299.9957583313407
a1,178.54503456415532,167.23752197384317,0.18969474794567628,1.8551311731274291,1.0,0.0,0.0,299.9957583313407
a1,36.48793755919199,0.8792215621648136,140.5751662695307,1.8551311731274291,1.0,0.0,0.0,299.9957583313407
a1,199.84990358041554,33.748823169673784,58.17059955301371,1.8551311731274291,1.0,0.0,0.0,299.9957583313407
a1,78.75644347025512,124.999999999826,0.0,1.8551311731274291,1.0,0.0,0.0,299.9957583313407
a1,199.88905425881643,115.02919960051759,123.05422278451783,1.8551311731274291,1.0,0.0,0.0,299.9957583313407
a1,200.00000000000003,130.00000000000097,165.35898384862426,1.8551311731274291,1.0,0.0,0.0,299.9957583313407
a1,199.77911857262166,33.859299507623945,108.26638833686029,1.8551311731274291,1.0,0.0,0.0,299.9957583313407
a1,187.63764063069237,0.0,12.299302915724375,1.8551311731274291,1.0,0.0,0.0,299.9957583313407
a1,112.41961221115368,150.18392591060248,199.80797342640275,1.8551311731274291,1.0,0.0,0.0,299.9957583313407
a1,148.03847577293226,0.0,94.9999999999974,1.8551311731274291,1.0,0.0,0.0,299.9957583313407
a1,160.721656767525,0.8338897906243248,47.770188995329086,1.8551311731274291,1.0,0.0,0.0,299.9957583313407
a1,1.1194852762999121,178.46737535853356,120.37872599838948,1.8551311731274291,1.0,0.0,0.0,299.9957583313407
a1,39.58783112275336,0.7406700570976245,81.96603715580365,1.8551311731274291,1.0,0.0,0.0,299.9957583313407
a1,13.653799000447066,200.00000000000003,163.74668347915414,1.8551311731274291,1.0,0.0,0.0,299.9957583313407
a1,168.42500560770242,0.9054545377358876,126.314611707956,1.8551311731274291,1.0,0.0,0.0,299.9957583313407
a1,156.6982042858291,200.00000000000003,79.99908976408878,1.8551311731274291,1.0,0.0,0.0,299.9957583313407
a1,44.11542731880183,0.0,115.00000000000097,1.8551311731274291,1.0,0.0,0.0,299.9957583313407
a1,200.00000000000003,30.000537790725314,165.3592943422423,1.8551311731274291,1.0,0.0,0.0,299.9957583313407
a1,139.37822160809674,200.00000000000003,134.99999977990123,1.8551311731274291,1.0,0.0,0.0,299.9957583313407
a1,130.724034439816,0.0,169.8380504918231,1.8551311731274291,1.0,0.0,0.0,299.9957583313407
a1,43.18817662564967,125.03244705249628,0.730400034907862,1.8551311731274291,1.0,0.0,0.0,299.9957583313407
a1,1.1053994372080078,179.91810956246644,139.95847984131038,1.8551311731274291,1.0,0.0,0.0,299.9957583313407
a1,199.81628880887857,53.72607085506086,135.05134765805644,1.8551311731274291,1.0,0.0,0.0,299.9957583313407
a1,52.06508878772346,1.1324124295576372,60.3435198112563,1.8551311731274291,1.0,0.0,0.0,299.9957583313407
a1,130.5738622352917,0.0,24.334610169410556,1.8551311731274291,1.0,0.0,0.0,299.9957583313407
a1,126.38784067821656,0.0,127.49999999981559,1.8551311731274291,1.0,0.0,0.0,299.9957583313407
a1,168.50583340114815,1.3580549057167377,72.16404462135479,1.8551311731274291,1.0,0.0,0.0,299.9957583313407
a1,200.00000000000003,115.00000000007087,130.7179676972868,1.8551311731274291,1.0,0.0,0.0,299.9957583313407
a1,0.0,195.3058348425512,148.071846882196,1.8551311731274291,1.0,0.0,0.0,299.9957583313407
a1,1.038040062804153,137.3989748974531,194.5098658379328,1.8551311731274291,1.0,0.0,0.0,299.9957583313407
a1,1.2144090583380542,180.31352780449862,41.82720539198708,1.8551311731274291,1.0,0.0,0.0,299.9957583313407
a1,200.00000000000003,57.5000212418996,195.66988524509435,1.8551311731274291,1.0,0.0,0.0,299.9957583313407
a1,1.23631605507769,133.7425851781849,147.28493851442138,1.8551311731274291,1.0,0.0,0.0,299.9957583313407
a1,200.00000000000003,135.00000000000037,182.67949192431246,1.8551311731274291,1.0,0.0,0.0,299.9957583313407
a1,65.7659034970901,200.00000000000003,82.50000886074399,1.8551311731274291,1.0,0.0,0.0,299.9957583313407
a1,83.92037822880653,48.18265806262861,101.64673405644137,4.702545220007316,1.0,0.0,0.0,1871.7174623460128
a1,104.38640098939393,200.00000000000003,59.528282834007825,1.8551311731274291,1.0,0.0,0.0,299.9957583313407
a1,200.00000000000003,155.00000000000202,78.75644347018118,1.8551311731274291,1.0,0.0,0.0,299.9957583313407
a1,39.80881772014101,97.50000000000021,0.0,1.8551311731274291,1.0,0.0,0.0,299.9957583313407
a1,200.00000000000003,104.63140474773307,13.552273225829069,1.8551311731274291,1.0,0.0,0.0,299.9957583313407
a1,24.16250010304648,181.71237307192976,0.0,1.8551311731274291,1.0,0.0,0.0,299.9957583313407
a1,96.80228571874795,0.9275418944317945,100.4911927345561,1.8551311731274291,1.0,0.0,0.0,299.9957583313407
a1,199.74906972357965,39.42342158199691,34.33482087013082,1.8551311731274291,1.0,0.0,0.0,299.9957583313407
a1,5.576005104508564,58.56940592185702,198.76290224495648,1.8551311731274291,1.0,0.0,0.0,299.9957583313407
a1,0.40595015560326,85.4971445989836,71.01202135899362,1.8551311731274291,1.0,0.0,0.0,299.9957583313407
a1,44.05883021309138,200.00000000000003,39.71044069725334,1.8551311731274291,1.0,0.0,0.0,299.9957583313407
a1,133.76684878969152,182.89049338799106,196.62008948656182,4.721022056656943,1.0,0.0,0.0,1886.4547406843749
a1,17.304976140471613,200.00000000000003,128.4678822119681,1.8551311731274291,1.0,0.0,0.0,299.9957583313407
a1,161.8103519943074,12.093760363085913,1.3029577503937835,1.8551311731274291,1.0,0.0,0.0,299.9957583313407
a1,11.613793031257888,0.0,189.03804937567082,1.8551311731274291,1.0,0.0,0.0,299.9957583313407
a1,18.485761320471827,0.0,20.878138381089638,1.8551311731274291,1.0,0.0,0.0,299.9957583313407
a1,61.435935394490144,99.9999999999999,0.0,1.8551311731274291,1.0,0.0,0.0,299.9957583313407
a1,0.20049390627486713,191.6255592302418,19.817699081769923,1.8551311731274291,1.0,0.0,0.0,299.9957583313407
a1,199.2718189917444,20.623967204909047,53.31082207402648,1.8551311731274291,1.0,0.0,0.0,299.9957583313407
a1,88.01954554123319,199.39330652430328,43.616782503692534,1.8551311731274291,1.0,0.0,0.0,299.9957583313407
a1,199.28524481930813,170.7970539698352,53.103406881036975,1.8551311731274291,1.0,0.0,0.0,299.9957583313407
a1,199.90428497239697,153.63484676713156,186.27540291526967,1.8551311731274291,1.0,0.0,0.0,299.9957583313407
a1,8.861955651086118,199.7706765364351,24.746104899468946,1.8551311731274291,1.0,0.0,0.0,299.9957583313407
a1,122.99654637841032,0.8067582426564538,99.14452875043818,1.8551311731274291,1.0,0.0,0.0,299.9957583313407
a1,1.169467672104135,181.78199724776863,80.54692176728862,1.8551311731274291,1.0,0.0,0.0,299.9957583313407
a1,0.0,67.49706150914886,161.0271602912022,1.8551311731274291,1.0,0.0,0.0,299.9957583313407
a1,187.03873998581605,81.35671509300575,198.66502076024267,1.8551311731274291,1.0,0.0,0.0,299.9957583313407
a1,0.3086527719146082,76.38282968008278,3.2238657061236156,1.8551311731274291,1.0,0.0,0.0,299.9957583313407
a1,199.95369430643464,43.819616455819435,125.98469780069655,1.8551311731274291,1.0,0.0,0.0,299.9957583313407
a1,104.73720558364751,0.0,124.99999999988816,1.8551311731274291,1.0,0.0,0.0,299.9957583313407
a1,199.7805909077293,106.03463272059193,9.723533382543273,1.8551311731274291,1.0,0.0,0.0,299.9957583313407
a1,17.99886505522372,0.0,163.7398705370638,1.8551311731274291,1.0,0.0,0.0,299.9957583313407
a1,87.41669752908228,59.999999951907505,0.0,1.8551311731274291,1.0,0.0,0.0,299.9957583313407
a1,0.29971150345591796,137.384418948899,178.88115615081622,1.8551311731274291,1.0,0.0,0.0,299.9957583313407
a1,200.00000000000003,90.00000000000298,52.77568135664677,1.8551311731274291,1.0,0.0,0.0,299.9957583313407
a1,28.70381922528241,200.00000000000003,18.876846343262308,1.8551311731274291,1.0,0.0,0.0,299.9957583313407
a1,161.02687916968912,200.00000000000003,67.49657459238155,1.8551311731274291,1.0,0.0,0.0,299.9957583313407
a1,103.69018448087726,0.27381728664433,196.52361204998107,1.8551311731274291,1.0,0.0,0.0,299.9957583313407
a1,199.96479864237045,139.52639964813514,129.93330789957062,1.8551311731274291,1.0,0.0,0.0,299.9957583313407
a1,30.996161874120606,200.00000000000003,127.88679555991807,1.8551311731274291,1.0,0.0,0.0,299.9957583313407
a1,148.0384757729347,155.00006296009724,0.0,1.8551311731274291,1.0,0.0,0.0,299.9957583313407
a1,0.9616293627867192,122.34173821218405,101.22950917332422,1.8551311731274291,1.0,0.0,0.0,299.9957583313407
a1,200.00000000000003,150.0000000000012,174.01923788646852,1.8551311731274291,1.0,0.0,0.0,299.9957583313407
a1,19.089827066408237,103.99626668565544,0.784521384870624,1.8551311731274291,1.0,0.0,0.0,299.9957583313407
a1,200.00000000000003,191.4076092797831,74.74313373217005,1.8551311731274291,1.0,0.0,0.0,299.9957583313407
a1,0.0,159.97319475637252,104.72172956512516,1.8551311731274291,1.0,0.0,0.0,299.9957583313407
a1,5.642749383770912,72.20682091983075,0.7187381280077064,1.8551311731274291,1.0,0.0,0.0,299.9957583313407
a1,57.89315144437142,78.845295797026,199.12528087559446,1.8551311731274291,1.0,0.0,0.0,299.9957583313407
a1,0.06259910777444481,71.36491984769495,73.61215796583156,1.8551311731274291,1.0,0.0,0.0,299.9957583313407
a1,113.44781130903894,199.01550531176744,84.596415937466,1.8551311731274291,1.0,0.0,0.0,299.9957583313407
a1,0.2917319706782352,112.52753969993262,108.7858343814062,1.8551311731274291,1.0,0.0,0.0,299.9957583313407
a1,199.83593213708076,87.07434174404254,159.72135025388047,1.8551311731274291,1.0,0.0,0.0,299.9957583313407
a1,87.9322918520906,179.21462690391718,0.0,1.8551311731274291,1.0,0.0,0.0,299.9957583313407
a1,200.00000000000003,127.5000000000062,65.7660624134161,1.8551311731274291,1.0,0.0,0.0,299.9957583313407
a1,166.27234594482314,75.81101610917388,0.3793492291145577,1.8551311731274291,1.0,0.0,0.0,299.9957583313407
a2,117.15914729176303,0.0,18.255784348949188,1.8551311731274294,0.5000000000000001,0.8660254037844387,0.0,299.9957583313407
a2,51.948920965632496,134.13201382180694,0.6492040535798503,1.8551311731274294,0.5000000000000001,0.8660254037844387,0.0,299.9957583313407
a2,0.0,59.98421532956191,148.0293624892073,1.8551311731274294,0.5000000000000001,0.8660254037844387,0.0,299.9957583313407
a2,0.0,70.0000000000026,61.43593539449063,1.8551311731274294,0.5000000000000001,0.8660254037844387,0.0,299.9957583313407
a2,0.5875251611601162,68.83300597179377,129.35917805549693,1.8551311731274294,0.5000000000000001,0.8660254037844387,0.0,299.9957583313407
a2,200.00000000000003,35.005061521356126,113.39971023212311,1.8551311731274294,0.5000000000000001,0.8660254037844387,0.0,299.9957583313407
a2,198.77415253675747,119.27632894487326,148.56163166283514,1.8551311731274294,0.5000000000000001,0.8660254037844387,0.0,299.9957583313407
a2,165.9029220490062,1.0208372405956,54.34039366509798,1.8551311731274294,0.5000000000000001,0.8660254037844387,0.0,299.9957583313407
a2,52.60659668979201,200.00000000000003,34.13759141523243,1.8551311731274294,0.5000000000000001,0.8660254037844387,0.0,299.9957583313407
a2,1.1121678005444509,71.08082857390676,130.31803900902955,1.8551311731274294,0.5000000000000001,0.8660254037844387,0.0,299.9957583313407
a2,29.806400176017227,0.1345793558515673,52.12764360981253,1.8551311731274294,0.5000000000000001,0.8660254037844387,0.0,299.9957583313407
a2,74.4263164536443,72.49999999454724,0.0,1.8551311731274294,0.5000000000000001,0.8660254037844387,0.0,299.9957583313407
a2,200.00000000000003,147.50000000000261,91.746824526948,1.8551311731274294,0.5000000000000001,0.8660254037844387,0.0,299.9957583313407
a2,170.0,0.0,200.00000000000003,1.8551311731274294,0.5000000000000001,0.8660254037844387,0.0,299.9957583313407
a2,79.1092452646942,0.055288210311708864,88.85423374467152,1.8551311731274294,0.5000000000000001,0.8660254037844387,0.0,299.9957583313407
a2,122.06063366786371,35.00490594105166,0.0,1.8551311731274294,0.5000000000000001,0.8660254037844387,0.0,299.9957583313407
a2,0.5270899669012523,143.56627425443747,67.14103877296202,1.8551311731274294,0.5000000000000001,0.8660254037844387,0.0,299.9957583313407
a2,198.93640161101524,52.82308421776523,92.14436548087669,1.8551311731274294,0.5000000000000001,0.8660254037844387,0.0,299.9957583313407
a2,199.9143147054193,21.196571487528427,6.865531237467385,1.8551311731274294,0.5000000000000001,0.8660254037844387,0.0,299.9957583313407
a2,49.150145756079404,199.47357148061286,183.2587930888372,1.8551311731274294,0.5000000000000001,0.8660254037844387,0.0,299.9957583313407
a2,195.66987298107782,17.5,200.00000000000003,1.8551311731274294,0.5000000000000001,0.8660254037844387,0.0,299.9957583313407
a2,200.00000000000003,150.08794016314303,13.213869395295962,1.8551311731274294,0.5000000000000001,0.8660254037844387,0.0,299.9957583313407
a2,196.11196147434288,157.97019152993994,0.422288839289681,1.8551311731274294,0.5000000000000001,0.8660254037844387,0.0,299.9957583313407
a2,122.51877022273163,0.0,184.42452097899258,1.8551311731274294,0.5000000000000001,0.8660254037844387,0.0,299.9957583313407
a2,200.00000000000003,185.43726756907773,25.016120256122136,1.8551311731274294,0.5000000000000001,0.8660254037844387,0.0,299.9957583313407
a2,179.36226409735409,36.800399323943054,183.52074626998183,4.705367632962709,0.5000000000000001,0.8660254037844387,0.0,1873.9649026970471
a2,44.36528286182185,1.3444443527165282,120.4433912117922,1.8551311731274294,0.5000000000000001,0.8660254037844387,0.0,299.9957583313407
a2,121.87859571172324,0.6478065994869612,34.31747825224116,1.8551311731274294,0.5000000000000001,0.8660254037844387,0.0,299.9957583313407
a2,66.35887820359741,141.7172352747114,198.92600809407242,1.8551311731274294,0.5000000000000001,0.8660254037844387,0.0,299.9957583313407
a2,0.0,137.49999999911583,48.44555433688994,1.8551311731274294,0.5000000000000001,0.8660254037844387,0.0,299.9957583313407
a2,0.0,170.00795737183554,61.450024382263166,1.8551311731274294,0.5000000000000001,0.8660254037844387,0.0,299.9957583313407
a2,199.79420812062907,75.69413178201071,174.19197048616442,1.8551311731274294,0.5000000000000001,0.8660254037844387,0.0,299.9957583313407
a2,26.802758383199855,120.00000000000023,200.00000000000003,1.8551311731274294,0.5000000000000001,0.8660254037844387,0.0,299.9957583313407
a2,44.505187190594434,144.23379409608438,1.2165309129410091,1.8551311731274294,0.5000000000000001,0.8660254037844387,0.0,299.9957583313407
a2,170.74649260347852,43.18451022087932,198.82725665926495,1.8551311731274294,0.5000000000000001,0.8660254037844387,0.0,299.9957583313407
a2,0.0,37.42750426256222,160.9755029132392,1.8551311731274294,0.5000000000000001,0.8660254037844387,0.0,299.9957583313407
a2,70.09618943278795,69.9999999989643,200.00000000000003,1.8551311731274294,0.5000000000000001,0.8660254037844387,0.0,299.9957583313407
a2,18.818920847158562,78.05678310634939,200.00000000000003,1.8551311731274294,0.5000000000000001,0.8660254037844387,0.0,299.9957583313407
a2,18.097367049989717,200.00000000000003,50.35335903559088,1.8551311731274294,0.5000000000000001,0.8660254037844387,0.0,299.9957583313407
a2,12.479193819981807,20.320200260683958,149.75035474164056,4.708974410960531,0.5000000000000001,0.8660254037844387,0.0,1876.8388825286554
a2,1.2476036419451393,194.29929276482804,93.96169267781191,1.8551311731274294,0.5000000000000001,0.8660254037844387,0.0,299.9957583313407
a2,200.00000000000003,102.50000000014207,83.08657048918292,1.8551311731274294,0.5000000000000001,0.8660254037844387,0.0,299.9957583313407
a2,199.76014509255947,47.9931050587562,74.81586523896236,1.8551311731274294,0.5000000000000001,0.8660254037844387,0.0,299.9957583313407
a2,5.624575612933846,109.2531901483912,34.53939371604279,4.669367304266431,0.5000000000000001,0.8660254037844387,0.0,1845.3995365886547
a2,199.10383096576766,29.905044697600953,131.8050055263814,1.8551311731274294,0.5000000000000001,0.8660254037844387,0.0,299.9957583313407
a2,78.75644347020346,144.9999999999442,200.00000000000003,1.8551311731274294,0.5000000000000001,0.8660254037844387,0.0,299.9957583313407
a2,0.5385082593020996,86.75571554865896,136.36951029497612,1.8551311731274294,0.5000000000000001,0.8660254037844387,0.0,299.9957583313407
a2,30.717286919848526,0.1056297074844291,148.43849564695824,1.8551311731274294,0.5000000000000001,0.8660254037844387,0.0,299.9957583313407
a2,48.44559394091836,0.0,77.50007622572844,1.8551311731274294,0.5000000000000001,0.8660254037844387,0.0,299.9957583313407
a2,114.00314180437782,0.22070931265149418,54.011103160424156,1.8551311731274294,0.5000000000000001,0.8660254037844387,0.0,299.9957583313407
a2,47.514169975400385,46.29270441363584,74.26376722988698,4.70279376263659,0.5000000000000001,0.8660254037844387,0.0,1871.915318549913
a2,7.878735559920278,11.353629710818453,200.00000000000003,1.8551311731274294,0.5000000000000001,0.8660254037844387,0.0,299.9957583313407
a2,0.0,34.826014948298074,43.946972126726784,1.8551311731274294,0.5000000000000001,0.8660254037844387,0.0,299.9957583313407
a2,65.76583975268954,157.49753378617805,0.0,1.8551311731274294,0.5000000000000001,0.8660254037844387,0.0,299.9957583313407
a2,0.0,12.921986418762584,91.9051626907997,1.8551311731274294,0.5000000000000001,0.8660254037844387,0.0,299.9957583313407
a2,0.939339183582778,22.45441650596927,29.713621338816406,1.8551311731274294,0.5000000000000001,0.8660254037844387,0.0,299.9957583313407
a2,200.00000000000003,147.50000000000105,178.34936490539064,1.8551311731274294,0.5000000000000001,0.8660254037844387,0.0,299.9957583313407
a2,52.77564664404187,60.00014830277406,0.0,1.8551311731274294,0.5000000000000001,0.8660254037844387,0.0,299.9957583313407
a2,0.30457416384397146,109.58395869260013,44.99282004706308,1.8551311731274294,0.5000000000000001,0.8660254037844387,0.0,299.9957583313407
a2,11.562546882424577,189.02882227905832,200.00000000000003,1.8551311731274294,0.5000000000000001,0.8660254037844387,0.0,299.9957583313407
a2,85.01220130670308,34.370404480017044,111.35249669835459,4.702216916047492,0.5000000000000001,0.8660254037844387,0.0,1871.4561269305304
a2,0.38140220362803096,115.6112323300316,112.40579163183145,1.8551311731274294,0.5000000000000001,0.8660254037844387,0.0,299.9957583313407
a2,0.0,30.000000000000004,200.00000000000003,1.8551311731274294,0.5000000000000001,0.8660254037844387,0.0,299.9957583313407
a2,200.00000000000003,104.63140474773307,13.552273225829069,1.8551311731274294,0.5000000000000001,0.8660254037844387,0.0,299.9957583313407
a2,26.34700360456641,199.87911849717344,104.37738598477752,1.8551311731274294,0.5000000000000001,0.8660254037844387,0.0,299.9957583313407
a2,0.0,127.49999278445108,126.38783387987327,1.8551311731274294,0.5000000000000001,0.8660254037844387,0.0,299.9957583313407
a2,44.11542731880138,165.0000000000003,0.0,1.8551311731274294,0.5000000000000001,0.8660254037844387,0.0,299.9957583313407
a2,183.1338887383921,0.09825975419611672,76.1771448555127,1.8551311731274294,0.5000000000000001,0.8660254037844387,0.0,299.9957583313407
a2,13.359634036078825,36.13598472053648,200.00000000000003,1.8551311731274294,0.5000000000000001,0.8660254037844387,0.0,299.9957583313407
a2,49.974558008823486,16.79653239632543,200.00000000000003,1.8551311731274294,0.5000000000000001,0.8660254037844387,0.0,299.9957583313407
a2,200.00000000000003,22.37489531591508,178.37606180899823,1.8551311731274294,0.5000000000000001,0.8660254037844387,0.0,299.9957583313407
a2,79.20103146589051,19.774258463679633,0.07740318623510263,1.8551311731274294,0.5000000000000001,0.8660254037844387,0.0,299.9957583313407
a2,166.2858959073021,199.41882749515133,74.59161010017233,1.8551311731274294,0.5000000000000001,0.8660254037844387,0.0,299.9957583313407
a2,0.0,55.00001245907903,70.09615752860539,1.8551311731274294,0.5000000000000001,0.8660254037844387,0.0,299.9957583313407
a2,0.0,22.191177109736575,160.85785074692166,1.8551311731274294,0.5000000000000001,0.8660254037844387,0.0,299.9957583313407
a2,0.0,140.00082439087865,174.01876877279258,1.8551311731274294,0.5000000000000001,0.8660254037844387,0.0,299.9957583313407
a2,111.72029161487426,199.12668806265853,37.97047710129683,1.8551311731274294,0.5000000000000001,0.8660254037844387,0.0,299.9957583313407
a2,161.02855488447906,0.4637135016002468,7.295509430964566,1.8551311731274294,0.5000000000000001,0.8660254037844387,0.0,299.9957583313407
a2,192.59816112947289,1.3081524459123424,90.11753228581766,1.8551311731274294,0.5000000000000001,0.8660254037844387,0.0,299.9957583313407
a2,57.44172278743572,0.0,22.47941125115128,1.8551311731274294,0.5000000000000001,0.8660254037844387,0.0,299.9957583313407
a2,0.0320606005388687,46.08528869058447,13.551607163452768,1.8551311731274294,0.5000000000000001,0.8660254037844387,0.0,299.9957583313407
a2,200.00000000000003,67.50000000000318,31.152483252340808,1.8551311731274294,0.5000000000000001,0.8660254037844387,0.0,299.9957583313407
a2,143.81287594268412,21.318224148151057,199.00280510184962,1.8551311731274294,0.5000000000000001,0.8660254037844387,0.0,299.9957583313407
a2,69.23768700420139,0.20596844097168937,119.98575991411091,1.8551311731274294,0.5000000000000001,0.8660254037844387,0.0,299.9957583313407
a2,199.39770086626623,170.95650869721945,105.63574243291814,1.8551311731274294,0.5000000000000001,0.8660254037844387,0.0,299.9957583313407
a2,0.8211171635609216,181.47833783864525,57.4176218262154,1.8551311731274294,0.5000000000000001,0.8660254037844387,0.0,299.9957583313407
a2,74.99319009204159,98.67848361507401,199.1273960070501,1.8551311731274294,0.5000000000000001,0.8660254037844387,0.0,299.9957583313407
a2,186.39112589451267,127.82905041106557,199.92579401232416,1.8551311731274294,0.5000000000000001,0.8660254037844387,0.0,299.9957583313407
a2,0.0,36.39848573959755,91.28809585491376,1.8551311731274294,0.5000000000000001,0.8660254037844387,0.0,299.9957583313407
a2,0.0,17.55654367755977,37.70376017808173,1.8551311731274294,0.5000000000000001,0.8660254037844387,0.0,299.9957583313407
a2,83.08657048910243,167.49999999999798,0.0,1.8551311731274294,0.5000000000000001,0.8660254037844387,0.0,299.9957583313407
a2,200.00000000000003,174.9522014826883,61.59649185834216,1.8551311731274294,0.5000000000000001,0.8660254037844387,0.0,299.9957583313407
a2,75.79135659122998,52.914256472967075,0.5780423918105158,1.8551311731274294,0.5000000000000001,0.8660254037844387,0.0,299.9957583313407
a2,70.09618943233437,200.00000000000003,45.000000000001705,1.8551311731274294,0.5000000000000001,0.8660254037844387,0.0,299.9957583313407
a2,198.7183119423118,35.53970200259052,69.73111002452274,1.8551311731274294,0.5000000000000001,0.8660254037844387,0.0,299.9957583313407
a2,0.0,192.01310406740902,150.77286073956344,1.8551311731274294,0.5000000000000001,0.8660254037844387,0.0,299.9957583313407
a2,0.6288159473345702,123.70031814746186,117.40290086504922,1.8551311731274294,0.5000000000000001,0.8660254037844387,0.0,299.9957583313407
a2,1.006255286158132,103.81377214932667,44.98997640661702,1.8551311731274294,0.5000000000000001,0.8660254037844387,0.0,299.9957583313407
a2,61.43593539449008,130.00000000000023,0.0,1.8551311731274294,0.5000000000000001,0.8660254037844387,0.0,299.9957583313407
a2,20.861590739962423,0.2747944320680004,34.85779902727115,1.8551311731274294,0.5000000000000001,0.8660254037844387,0.0,299.9957583313407
a2,198.6616967713995,4.22310867010741,26.59102487819832,1.8551311731274294,0.5000000000000001,0.8660254037844387,0.0,299.9957583313407
a2,200.00000000000003,155.00000000000327,44.11542731880378,1.8551311731274294,0.5000000000000001,0.8660254037844387,0.0,299.9957583313407
a2,109.03039560065955,199.36958416572597,136.40801177549267,1.8551311731274294,0.5000000000000001,0.8660254037844387,0.0,299.9957583313407
a2,83.08657048931113,122.49999999952041,0.0,1.8551311731274294,0.5000000000000001,0.8660254037844387,0.0,299.9957583313407
a2,169.68911086754554,0.0,152.50000000000054,1.8551311731274294,0.5000000000000001,0.8660254037844387,0.0,299.9957583313407
a2,139.37822173509954,114.99999999997695,200.00000000000003,1.8551311731274294,0.5000000000000001,0.8660254037844387,0.0,299.9957583313407
a2,0.20661379022804488,116.9939197656016,31.624422594583347,1.8551311731274294,0.5000000000000001,0.8660254037844387,0.0,299.9957583313407
a2,83.59046558127866,0.4048013954756638,57.045263791957005,1.8551311731274294,0.5000000000000001,0.8660254037844387,0.0,299.9957583313407
a2,1.2747612061113658,103.04287196028832,22.953432810906857,1.8551311731274294,0.5000000000000001,0.8660254037844387,0.0,299.9957583313407
a2,90.82990227145372,82.86036972240814,1.2946987733866426,1.8551311731274294,0.5000000000000001,0.8660254037844387,0.0,299.9957583313407
a2,13.654726720484753,46.49309762206526,199.2309502377053,1.8551311731274294,0.5000000000000001,0.8660254037844387,0.0,299.9957583313407
a2,62.159170897638084,54.579548841139385,0.6239463908093419,1.8551311731274294,0.5000000000000001,0.8660254037844387,0.0,299.9957583313407
a2,179.5863686534824,132.36568042618202,0.815697332558413,1.8551311731274294,0.5000000000000001,0.8660254037844387,0.0,299.9957583313407
a2,156.6987298103821,200.00000000000003,99.99999999931448,1.8551311731274294,0.5000000000000001,0.8660254037844387,0.0,299.9957583313407
a2,168.52761524283721,199.55340294774828,102.39797594657496,1.8551311731274294,0.5000000000000001,0.8660254037844387,0.0,299.9957583313407
a2,155.58357185587369,200.00000000000003,10.605625830496603,1.8551311731274294,0.5000000000000001,0.8660254037844387,0.0,299.9957583313407
a2,13.13818723117648,199.59202317282077,163.1443183893398,1.8551311731274294,0.5000000000000001,0.8660254037844387,0.0,299.9957583313407
a2,200.00000000000003,67.50000000184504,91.74682452801008,1.8551311731274294,0.5000000000000001,0.8660254037844387,0.0,299.9957583313407
a2,198.81413019586236,86.3154345140487,186.48560175835158,1.8551311731274294,0.5000000000000001,0.8660254037844387,0.0,299.9957583313407
a2,126.30716878064496,200.00000000000003,177.16681154360262,1.8551311731274294,0.5000000000000001,0.8660254037844387,0.0,299.9957583313407
a2,190.00000000000003,0.0,200.00000000000003,1.8551311731274294,0.5000000000000001,0.8660254037844387,0.0,299.9957583313407
a2,44.1154273140542,200.00000000000003,119.99999999496289,1.8551311731274294,0.5000000000000001,0.8660254037844387,0.0,299.9957583313407
a2,26.855864488285246,134.7672911455964,198.82890184799413,1.8551311731274294,0.5000000000000001,0.8660254037844387,0.0,299.9957583313407
a2,0.49256485738591904,61.15128788638239,91.07515881222292,1.8551311731274294,0.5000000000000001,0.8660254037844387,0.0,299.9957583313407
a2,200.00000000000003,27.65589845471985,39.90290997101988,1.8551311731274294,0.5000000000000001,0.8660254037844387,0.0,299.9957583313407
a2,65.19611927814378,0.07201128046517673,33.019673129375796,1.8551311731274294,0.5000000000000001,0.8660254037844387,0.0,299.9957583313407
a2,78.75644347415786,54.99999999091309,0.0,1.8551311731274294,0.5000000000000001,0.8660254037844387,0.0,299.9957583313407
a2,100.40372346637929,200.00000000000003,87.49729612969767,1.8551311731274294,0.5000000000000001,0.8660254037844387,0.0,299.9957583313407
a2,74.02206484268072,200.00000000000003,36.45569485863982,1.8551311731274294,0.5000000000000001,0.8660254037844387,0.0,299.9957583313407
a2,0.0,72.50022655117174,39.79076606845297,1.8551311731274294,0.5000000000000001,0.8660254037844387,0.0,299.9957583313407
a2,153.1103925511912,0.38993481077445546,22.521265680916414,1.8551311731274294,0.5000000000000001,0.8660254037844387,0.0,299.9957583313407
a2,95.76866439073703,0.9767512827204067,138.81631915363593,1.8551311731274294,0.5000000000000001,0.8660254037844387,0.0,299.9957583313407
a2,165.35860910923182,200.00000000000003,74.99935093233698,1.8551311731274294,0.5000000000000001,0.8660254037844387,0.0,299.9957583313407
a2,65.66186697703041,162.58663825030789,199.76109934793288,1.8551311731274294,0.5000000000000001,0.8660254037844387,0.0,299.9957583313407
a2,63.72912250769197,185.20708755079377,199.86253506959702,1.8551311731274294,0.5000000000000001,0.8660254037844387,0.0,299.9957583313407
a2,83.08657048910104,0.0,147.5000000000003,1.8551311731274294,0.5000000000000001,0.8660254037844387,0.0,299.9957583313407
a2,169.68911086754423,107.49999999999994,0.0,1.8551311731274294,0.5000000000000001,0.8660254037844387,0.0,299.9957583313407
a2,99.42917992516968,0.7890515875128516,81.13910127844476,1.8551311731274294,0.5000000000000001,0.8660254037844387,0.0,299.9957583313407
a2,1.072986123796214,21.182444715250192,34.18987134763132,1.8551311731274294,0.5000000000000001,0.8660254037844387,0.0,299.9957583313407
a2,0.0,28.7295562527345,78.41308829218538,1.8551311731274294,0.5000000000000001,0.8660254037844387,0.0,299.9957583313407
a2,36.133919320966626,175.25701572034092,0.9494537679925885,1.8551311731274294,0.5000000000000001,0.8660254037844387,0.0,299.9957583313407
a2,198.73768604213876,13.502192561325948,99.86850426773823,1.8551311731274294,0.5000000000000001,0.8660254037844387,0.0,299.9957583313407
a2,56.921309695078655,34.15554332926913,199.31513041952348,1.8551311731274294,0.5000000000000001,0.8660254037844387,0.0,299.9957583313407
a2,148.0384757729272,0.0,134.99999999998803,1.8551311731274294,0.5000000000000001,0.8660254037844387,0.0,299.9957583313407
a2,115.96437394212299,164.6505260604301,195.2677712277714,4.697343655473843,0.5000000000000001,0.8660254037844387,0.0,1867.579075912872
a2,159.20880739103015,198.83679210895318,183.3795306188263,1.8551311731274294,0.5000000000000001,0.8660254037844387,0.0,299.9957583313407
a2,187.0096189432332,112.49999999999987,200.00000000000003,1.8551311731274294,0.5000000000000001,0.8660254037844387,0.0,299.9957583313407
a2,200.00000000000003,24.965798716849594,182.71874465923239,1.8551311731274294,0.5000000000000001,0.8660254037844387,0.0,299.9957583313407
a2,129.22938268486547,1.0804606428349246,19.815342779195568,1.8551311731274294,0.5000000000000001,0.8660254037844387,0.0,299.9957583313407
a2,0.42813159064671913,3.7879901536634333,52.917721248400724,1.8551311731274294,0.5000000000000001,0.8660254037844387,0.0,299.9957583313407
a2,160.5220362161978,113.34657335485551,0.5053129564901309,1.8551311731274294,0.5000000000000001,0.8660254037844387,0.0,299.9957583313407
a2,161.17887356522533,184.96644077174585,187.2586270499846,4.716329428925306,0.5000000000000001,0.8660254037844387,0.0,1882.7063869886122
a2,123.50530715629475,199.60462687658858,184.64305731548987,1.8551311731274294,0.5000000000000001,0.8660254037844387,0.0,299.9957583313407
a2,35.21370698717568,129.88686658675323,198.66578319629517,1.8551311731274294,0.5000000000000001,0.8660254037844387,0.0,299.9957583313407
a2,198.75437127996568,32.01661745292795,135.60158735674182,1.8551311731274294,0.5000000000000001,0.8660254037844387,0.0,299.9957583313407
a2,48.43125323194908,0.028782190193641144,101.29067760598255,1.8551311731274294,0.5000000000000001,0.8660254037844387,0.0,299.9957583313407
a2,156.69767876091288,200.00000000000003,74.99817952823312,1.8551311731274294,0.5000000000000001,0.8660254037844387,0.0,299.9957583313407
a2,25.544859663948987,130.07263934709567,0.5595863759776903,1.8551311731274294,0.5000000000000001,0.8660254037844387,0.0,299.9957583313407
a2,138.84764736073174,90.55923420347779,199.45280025591015,1.8551311731274294,0.5000000000000001,0.8660254037844387,0.0,299.9957583313407
a2,200.00000000000003,40.000000000000014,0.0,1.8551311731274294,0.5000000000000001,0.8660254037844387,0.0,299.9957583313407
a2,169.4022064974041,199.30340019316387,83.04894985755017,1.8551311731274294,0.5000000000000001,0.8660254037844387,0.0,299.9957583313407
a2,19.050774292671793,200.00000000000003,149.72387704925197,1.8551311731274294,0.5000000000000001,0.8660254037844387,0.0,299.9957583313407
a2,84.14956462483617,183.29213337582627,1.027911510751532,1.8551311731274294,0.5000000000000001,0.8660254037844387,0.0,299.9957583313407
a2,56.98439067659741,0.6511635116732942,133.09066017367056,1.8551311731274294,0.5000000000000001,0.8660254037844387,0.0,299.9957583313407
a2,199.89849039256157,71.11323161334289,120.73227126384404,1.8551311731274294,0.5000000000000001,0.8660254037844387,0.0,299.9957583313407
a2,175.16784057592838,1.3074299856647742,104.11850147321904,1.8551311731274294,0.5000000000000001,0.8660254037844387,0.0,299.9957583313407
a2,113.39749394973276,65.00003796249794,0.0,1.8551311731274294,0.5000000000000001,0.8660254037844387,0.0,299.9957583313407
a2,138.55029043098287,60.835715507611376,199.81832660886016,1.8551311731274294,0.5000000000000001,0.8660254037844387,0.0,299.9957583313407
a2,15.37434171433265,65.05636438054019,199.38755383294998,1.8551311731274294,0.5000000000000001,0.8660254037844387,0.0,299.9957583313407
a2,200.00000000000003,122.50000000000001,195.66987298107827,1.8551311731274294,0.5000000000000001,0.8660254037844387,0.0,299.9957583313407
a2,35.50220812148069,95.00000000000026,200.00000000000003,1.8551311731274294,0.5000000000000001,0.8660254037844387,0.0,299.9957583313407
a2,4.2034347198456805,0.0,102.6570034879632,1.8551311731274294,0.5000000000000001,0.8660254037844387,0.0,299.9957583313407
a2,56.59169354519096,0.46262725163000534,42.64552631268202,1.8551311731274294,0.5000000000000001,0.8660254037844387,0.0,299.9957583313407
a2,189.44929522747452,192.28897419957175,0.35506270053342853,1.8551311731274294,0.5000000000000001,0.8660254037844387,0.0,299.9957583313407
a2,16.48044546419968,0.3190990969852631,119.98272715789696,1.8551311731274294,0.5000000000000001,0.8660254037844387,0.0,299.9957583313407
a2,198.96476665696545,81.16217379885306,159.8301432143283,1.8551311731274294,0.5000000000000001,0.8660254037844387,0.0,299.9957583313407
a2,0.37268953575348374,53.65658665918912,87.39224912490043,1.8551311731274294,0.5000000000000001,0.8660254037844387,0.0,299.9957583313407
a2,75.00000000000007,0.0,191.3397459621555,1.8551311731274294,0.5000000000000001,0.8660254037844387,0.0,299.9957583313407
a2,198.8863027222851,166.89961253679598,118.63950467799498,1.8551311731274294,0.5000000000000001,0.8660254037844387,0.0,299.9957583313407
a2,0.0,9.300049678414133,100.70529179091415,1.8551311731274294,0.5000000000000001,0.8660254037844387,0.0,299.9957583313407
a2,140.49869181114684,148.76707082590158,0.9281685102454906,1.8551311731274294,0.5000000000000001,0.8660254037844387,0.0,299.9957583313407
a2,18.134665205267996,155.00000000000017,0.0,1.8551311731274294,0.5000000000000001,0.8660254037844387,0.0,299.9957583313407
a2,0.27264794357572447,145.40627469755123,79.36010712722702,1.8551311731274294,0.5000000000000001,0.8660254037844387,0.0,299.9957583313407
a2,122.4256416630082,40.433182224253784,199.48459068306238,1.8551311731274294,0.5000000000000001,0.8660254037844387,0.0,299.9957583313407
a2,200.00000000000003,97.5000000000032,39.78530029988016,1.8551311731274294,0.5000000000000001,0.8660254037844387,0.0,299.9957583313407
a2,0.0,172.33484243228904,91.79787582985219,1.8551311731274294,0.5000000000000001,0.8660254037844387,0.0,299.9957583313407
a2,41.09597545802862,24.239851928645322,199.15335837183176,1.8551311731274294,0.5000000000000001,0.8660254037844387,0.0,299.9957583313407
a2,0.0,40.10006015377459,26.782795056324836,1.8551311731274294,0.5000000000000001,0.8660254037844387,0.0,299.9957583313407
a2,104.73720628352436,64.999998401842,200.00000000000003,1.8551311731274294,0.5000000000000001,0.8660254037844387,0.0,299.9957583313407
a2,199.36425628767876,36.43537435389894,126.32725138155031,1.8551311731274294,0.5000000000000001,0.8660254037844387,0.0,299.9957583313407
a2,195.6698729810779,200.00000000000003,132.49999999999997,1.8551311731274294,0.5000000000000001,0.8660254037844387,0.0,299.9957583313407
a2,200.00000000000003,125.00000000004668,96.07695154589516,1.8551311731274294,0.5000000000000001,0.8660254037844387,0.0,299.9957583313407
a2,195.66997866972335,0.0,47.50018305810378,1.8551311731274294,0.5000000000000001,0.8660254037844387,0.0,299.9957583313407
a2,165.36452335242933,49.98694658650195,0.0,1.8551311731274294,0.5000000000000001,0.8660254037844387,0.0,299.9957583313407
a2,39.78987312811819,200.00000000000003,112.4999999963095,1.8551311731274294,0.5000000000000001,0.8660254037844387,0.0,299.9957583313407
a2,39.78693395812097,200.00000000000003,157.49999999999807,1.8551311731274294,0.5000000000000001,0.8660254037844387,0.0,299.9957583313407
a2,58.1432051087575,28.362171535198872,200.00000000000003,1.8551311731274294,0.5000000000000001,0.8660254037844387,0.0,299.9957583313407
a2,200.00000000000003,130.00000000000037,182.67949192431246,1.8551311731274294,0.5000000000000001,0.8660254037844387,0.0,299.9957583313407
a2,74.42631645126241,152.49999999998724,200.00000000000003,1.8551311731274294,0.5000000000000001,0.8660254037844387,0.0,299.9957583313407
a2,174.0192378864678,0.0,150.00000000000054,1.8551311731274294,0.5000000000000001,0.8660254037844387,0.0,299.9957583313407
a2,88.50960451727659,154.80113196842834,0.9622469208533366,1.8551311731274294,0.5000000000000001,0.8660254037844387,0.0,299.9957583313407
a2,200.00000000000003,167.50000000000256,65.76606241341499,1.8551311731274294,0.5000000000000001,0.8660254037844387,0.0,299.9957583313407
a2,182.67949192431132,129.9999999999999,200.00000000000003,1.8551311731274294,0.5000000000000001,0.8660254037844387,0.0,299.9957583313407
a2,1.2329225895969866,139.18887071349494,155.7054232795326,1.8551311731274294,0.5000000000000001,0.8660254037844387,0.0,299.9957583313407
a2,83.0865704891014,0.0,157.50000000000114,1.8551311731274294,0.5000000000000001,0.8660254037844387,0.0,299.9957583313407
a2,161.02885682970035,167.50000000000023,200.00000000000003,1.8551311731274294,0.5000000000000001,0.8660254037844387,0.0,299.9957583313407
a2,122.05771350589849,0.0,89.99999973412646,1.8551311731274294,0.5000000000000001,0.8660254037844387,0.0,299.9957583313407
a2,0.21591557165292352,151.25099800040311,126.00554567030497,1.8551311731274294,0.5000000000000001,0.8660254037844387,0.0,299.9957583313407
a2,27.46548000380327,199.45785616591266,153.94546768363023,1.8551311731274294,0.5000000000000001,0.8660254037844387,0.0,299.9957583313407
a2,199.54576269377608,99.48058111625421,95.10970696326591,1.8551311731274294,0.5000000000000001,0.8660254037844387,0.0,299.9957583313407
a2,94.75042201756594,176.16629877548465,198.98365527774473,1.8551311731274294,0.5000000000000001,0.8660254037844387,0.0,299.9957583313407
a2,200.00000000000003,115.00000000000016,182.6794919243124,1.8551311731274294,0.5000000000000001,0.8660254037844387,0.0,299.9957583313407
a2,0.0,46.86790683851024,117.32911832969181,1.8551311731274294,0.5000000000000001,0.8660254037844387,0.0,299.9957583313407
a2,200.00000000000003,47.50000298094972,135.04809643721876,1.8551311731274294,0.5000000000000001,0.8660254037844387,0.0,299.9957583313407
a2,12.138444736453016,200.00000000000003,16.37170845370647,1.8551311731274294,0.5000000000000001,0.8660254037844387,0.0,299.9957583313407
a2,105.07609853499343,156.01914095909981,0.3438515293681571,1.8551311731274294,0.5000000000000001,0.8660254037844387,0.0,299.9957583313407
a2,199.33129544221606,4.131951900363846,76.91700958729147,1.8551311731274294,0.5000000000000001,0.8660254037844387,0.0,299.9957583313407
a2,200.00000000000003,25.000089631787986,156.6987815597145,1.8551311731274294,0.5000000000000001,0.8660254037844387,0.0,299.9957583313407
a2,139.3730191646518,0.0,45.00893292361341,1.8551311731274294,0.5000000000000001,0.8660254037844387,0.0,299.9957583313407
a2,67.02281734966168,0.0,4.478036544970022,1.8551311731274294,0.5000000000000001,0.8660254037844387,0.0,299.9957583313407
a2,200.00000000000003,3.334484348421037,107.50000000000001,1.8551311731274294,0.5000000000000001,0.8660254037844387,0.0,299.9957583313407
a2,1.2603144087385088,96.19446233909014,189.96974309661644,1.8551311731274294,0.5000000000000001,0.8660254037844387,0.0,299.9957583313407
a2,174.01923788646616,94.9999999999999,0.0,1.8551311731274294,0.5000000000000001,0.8660254037844387,0.0,299.9957583313407
a2,77.96100924215041,0.037174284148393515,149.10211926357115,1.8551311731274294,0.5000000000000001,0.8660254037844387,0.0,299.9957583313407
a2,1.2670154062554275,9.047011667106547,100.67557587065131,1.8551311731274294,0.5000000000000001,0.8660254037844387,0.0,299.9957583313407
a2,169.4798674072117,0.05833138431459698,28.697156411275543,1.8551311731274294,0.5000000000000001,0.8660254037844387,0.0,299.9957583313407
a2,29.894626229531255,12.138993132198763,0.0,1.8551311731274294,0.5000000000000001,0.8660254037844387,0.0,299.9957583313407
a2,0.38552701301072323,83.8718799281285,74.30245987010703,1.8551311731274294,0.5000000000000001,0.8660254037844387,0.0,299.9957583313407
a2,104.73720621257259,79.99999856358244,0.0,1.8551311731274294,0.5000000000000001,0.8660254037844387,0.0,299.9957583313407
a2,107.85594931163772,199.32376218075973,40.656676852997506,1.8551311731274294,0.5000000000000001,0.8660254037844387,0.0,299.9957583313407
a2,156.6987298107792,144.99999999999832,200.00000000000003,1.8551311731274294,0.5000000000000001,0.8660254037844387,0.0,299.9957583313407
a2,0.0,87.49751154755529,135.04615763514312,1.8551311731274294,0.5000000000000001,0.8660254037844387,0.0,299.9957583313407
a2,199.852913712965,12.101455398893311,143.5467418456353,1.8551311731274294,0.5000000000000001,0.8660254037844387,0.0,299.9957583313407
a2,87.64199526439526,145.45226333400416,199.91882834557353,1.8551311731274294,0.5000000000000001,0.8660254037844387,0.0,299.9957583313407
a2,13.030276030245973,100.91705883270103,199.38474200955,1.8551311731274294,0.5000000000000001,0.8660254037844387,0.0,299.9957583313407
a2,199.7160794170495,153.8674636972501,56.73634184455801,1.8551311731274294,0.5000000000000001,0.8660254037844387,0.0,299.9957583313407
a2,199.92534923949805,52.329921498510735,65.95013156499209,1.8551311731274294,0.5000000000000001,0.8660254037844387,0.0,299.9957583313407
a2,126.54092727664927,199.48091957075854,53.681147146877244,1.8551311731274294,0.5000000000000001,0.8660254037844387,0.0,299.9957583313407
a2,49.01901443949402,167.99291587333036,1.1812615224411933,1.8551311731274294,0.5000000000000001,0.8660254037844387,0.0,299.9957583313407
a2,156.68554713326188,0.0,34.99141233718961,1.8551311731274294,0.5000000000000001,0.8660254037844387,0.0,299.9957583313407
a2,36.82789722282639,1.1878270581145067,114.54103499389379,1.8551311731274294,0.5000000000000001,0.8660254037844387,0.0,299.9957583313407
a2,1.093102397929128,52.09289915808625,142.74491677820097,1.8551311731274294,0.5000000000000001,0.8660254037844387,0.0,299.9957583313407
a2,200.00000000000003,135.00000000000432,96.07695154587095,1.8551311731274294,0.5000000000000001,0.8660254037844387,0.0,299.9957583313407
a2,23.079937980332666,103.89084220402312,200.00000000000003,1.8551311731274294,0.5000000000000001,0.8660254037844387,0.0,299.9957583313407
a2,18.929465778208034,140.00000000000023,0.0,1.8551311731274294,0.5000000000000001,0.8660254037844387,0.0,299.9957583313407
a2,0.0,102.49999998634746,161.0288568168378,1.8551311731274294,0.5000000000000001,0.8660254037844387,0.0,299.9957583313407
a2,96.8720462495028,61.24914850533147,199.94323295596533,1.8551311731274294,0.5000000000000001,0.8660254037844387,0.0,299.9957583313407
a2,169.73460540327864,61.49551668867826,0.45690797202700345,1.8551311731274294,0.5000000000000001,0.8660254037844387,0.0,299.9957583313407
a2,178.37593270438597,0.0,22.546016777707784,1.8551311731274294,0.5000000000000001,0.8660254037844387,0.0,299.9957583313407
a2,121.89620981604084,129.86967234453616,1.2536378815215454,1.8551311731274294,0.5000000000000001,0.8660254037844387,0.0,299.9957583313407
a2,135.0480937266023,0.0,82.49999828602337,1.8551311731274294,0.5000000000000001,0.8660254037844387,0.0,299.9957583313407
a2,199.1077985884695,29.64625674833502,155.78330778121148,1.8551311731274294,0.5000000000000001,0.8660254037844387,0.0,299.9957583313407
a2,148.49852749148525,29.20642127614464,199.0559970991141,1.8551311731274294,0.5000000000000001,0.8660254037844387,0.0,299.9957583313407
a2,200.00000000000003,85.00000003764946,113.39745964329319,1.8551311731274294,0.5000000000000001,0.8660254037844387,0.0,299.9957583313407
a2,0.0,45.02377943856945,35.46890230322079,1.8551311731274294,0.5000000000000001,0.8660254037844387,0.0,299.9957583313407
a2,0.0,42.30063607096172,65.71889421474785,1.8551311731274294,0.5000000000000001,0.8660254037844387,0.0,299.9957583313407
a2,152.52908635423194,166.61078914598028,198.86984083376683,1.8551311731274294,0.5000000000000001,0.8660254037844387,0.0,299.9957583313407
a2,74.42563052103392,200.00000000000003,72.50026787007477,1.8551311731274294,0.5000000000000001,0.8660254037844387,0.0,299.9957583313407
a2,18.570527788721368,32.03372019921475,0.46028184296734315,1.8551311731274294,0.5000000000000001,0.8660254037844387,0.0,299.9957583313407
a2,168.92636450127208,176.42890916108468,198.90531608499572,1.8551311731274294,0.5000000000000001,0.8660254037844387,0.0,299.9957583313407
a2,195.66987298107787,200.00000000000003,37.500000000000014,1.8551311731274294,0.5000000000000001,0.8660254037844387,0.0,299.9957583313407
a2,91.86003556557755,180.27167523269202,198.78496099926477,1.8551311731274294,0.5000000000000001,0.8660254037844387,0.0,299.9957583313407
a2,0.0,122.33938073101066,4.243219786276236,1.8551311731274294,0.5000000000000001,0.8660254037844387,0.0,299.9957583313407
a2,169.68911086754554,0.0,142.50000000000063,1.8551311731274294,0.5000000000000001,0.8660254037844387,0.0,299.9957583313407
a2,1.0576763829484346,42.53354867596149,144.87771452069208,1.8551311731274294,0.5000000000000001,0.8660254037844387,0.0,299.9957583313407
a2,177.42127110961064,162.3407681819608,60.03529916442422,4.701418569003309,0.5000000000000001,0.8660254037844387,0.0,1870.820705527622
a2,182.6795032489744,0.0,70.00001961489173,1.8551311731274294,0.5000000000000001,0.8660254037844387,0.0,299.9957583313407
a2,147.45391600170896,175.71708558713664,0.6947834068485109,1.8551311731274294,0.5000000000000001,0.8660254037844387,0.0,299.9957583313407
a2,196.114403119786,199.18596858384095,127.04066770078147,1.8551311731274294,0.5000000000000001,0.8660254037844387,0.0,299.9957583313407
a2,152.45048342296565,22.601437881374732,0.0,1.8551311731274294,0.5000000000000001,0.8660254037844387,0.0,299.9957583313407
a2,113.39745959369318,0.0,89.99999995173977,1.8551311731274294,0.5000000000000001,0.8660254037844387,0.0,299.9957583313407
a2,137.50806338602402,12.559995105870982,0.0,1.8551311731274294,0.5000000000000001,0.8660254037844387,0.0,299.9957583313407
a2,107.98353684113057,1.2917734487388575,36.883345775760795,1.8551311731274294,0.5000000000000001,0.8660254037844387,0.0,299.9957583313407
a2,129.91171749340094,75.93900252176921,198.75401241908835,1.8551311731274294,0.5000000000000001,0.8660254037844387,0.0,299.9957583313407
a2,17.343563674274876,0.0,151.51737588770962,1.8551311731274294,0.5000000000000001,0.8660254037844387,0.0,299.9957583313407
a2,1.1843680355549744,69.20451401087523,96.05335674405991,1.8551311731274294,0.5000000000000001,0.8660254037844387,0.0,299.9957583313407
a2,144.45932226053174,91.73709335647591,0.9341364616604455,1.8551311731274294,0.5000000000000001,0.8660254037844387,0.0,299.9957583313407
a2,78.70192115633624,73.64192581422574,0.35045988425921853,1.8551311731274294,0.5000000000000001,0.8660254037844387,0.0,299.9957583313407
a2,4.3301270189221945,137.50000000000003,0.0,1.8551311731274294,0.5000000000000001,0.8660254037844387,0.0,299.9957583313407
a2,178.22167278761793,1.0899613182859302,13.415241582416789,1.8551311731274294,0.5000000000000001,0.8660254037844387,0.0,299.9957583313407
a2,39.79228657054295,200.00000000000003,147.49999999998434,1.8551311731274294,0.5000000000000001,0.8660254037844387,0.0,299.9957583313407
a2,45.53684157889617,185.41163794434772,0.7277721228717212,1.8551311731274294,0.5000000000000001,0.8660254037844387,0.0,299.9957583313407
a2,130.71802194281292,59.99987626999903,200.00000000000003,1.8551311731274294,0.5000000000000001,0.8660254037844387,0.0,299.9957583313407
a2,0.0,165.00000000000088,139.37822173509204,1.8551311731274294,0.5000000000000001,0.8660254037844387,0.0,299.9957583313407
a2,40.46907790112916,102.75512815213742,0.05482988245519609,1.8551311731274294,0.5000000000000001,0.8660254037844387,0.0,299.9957583313407
a2,35.4630124210441,85.0000000000003,0.0,1.8551311731274294,0.5000000000000001,0.8660254037844387,0.0,299.9957583313407
a2,200.00000000000003,188.5853663245755,123.92964018372467,1.8551311731274294,0.5000000000000001,0.8660254037844387,0.0,299.9957583313407
a2,200.00000000000003,127.5,195.66987298107827,1.8551311731274294,0.5000000000000001,0.8660254037844387,0.0,299.9957583313407
a2,13.402932171204213,0.0,59.23791397361626,1.8551311731274294,0.5000000000000001,0.8660254037844387,0.0,299.9957583313407
a2,148.0391358164807,54.99849720093613,0.0,1.8551311731274294,0.5000000000000001,0.8660254037844387,0.0,299.9957583313407
a2,109.06733364888657,82.49999760963645,0.0,1.8551311731274294,0.5000000000000001,0.8660254037844387,0.0,299.9957583313407
a2,200.00000000000003,175.00000000000006,0.0,1.8551311731274294,0.5000000000000001,0.8660254037844387,0.0,299.9957583313407
a2,43.11167118238987,89.33270244108094,198.68694647524813,1.8551311731274294,0.5000000000000001,0.8660254037844387,0.0,299.9957583313407
a2,144.97578132293896,200.00000000000003,191.75111025663554,1.8551311731274294,0.5000000000000001,0.8660254037844387,0.0,299.9957583313407
a2,0.5436281808072142,103.0681079048528,5.5159042045716165,1.8551311731274294,0.5000000000000001,0.8660254037844387,0.0,299.9957583313407
a2,83.08657049303244,72.49999999102184,0.0,1.8551311731274294,0.5000000000000001,0.8660254037844387,0.0,299.9957583313407
a2,70.0,0.0,200.00000000000003,1.8551311731274294,0.5000000000000001,0.8660254037844387,0.0,299.9957583313407
a2,39.83297806807315,31.868240585665784,199.9119420316573,1.8551311731274294,0.5000000000000001,0.8660254037844387,0.0,299.9957583313407
a2,172.50000000000003,3.093502181031723,0.0,1.8551311731274294,0.5000000000000001,0.8660254037844387,0.0,299.9957583313407
a2,21.93816060058232,0.9652447007255103,46.38269667422979,1.8551311731274294,0.5000000000000001,0.8660254037844387,0.0,299.9957583313407
a2,144.20732498362204,199.44050848880136,121.99272350405194,1.8551311731274294,0.5000000000000001,0.8660254037844387,0.0,299.9957583313407
a2,199.4867049087902,119.26625723986638,88.21780181136351,1.8551311731274294,0.5000000000000001,0.8660254037844387,0.0,299.9957583313407
a2,61.906352438830055,198.72502700293583,144.14877102663564,1.8551311731274294,0.5000000000000001,0.8660254037844387,0.0,299.9957583313407
a2,130.71796769724693,164.99999999999648,0.0,1.8551311731274294,0.5000000000000001,0.8660254037844387,0.0,299.9957583313407
a2,140.22463041273457,198.6837403302514,69.87129911749597,1.8551311731274294,0.5000000000000001,0.8660254037844387,0.0,299.9957583313407
a2,198.78624430501873,43.901637792444,131.2611706733565,1.8551311731274294,0.5000000000000001,0.8660254037844387,0.0,299.9957583313407
a2,165.46700993556698,200.00000000000003,170.65328411277272,1.8551311731274294,0.5000000000000001,0.8660254037844387,0.0,299.9957583313407
a2,156.6987290154341,0.0,79.99999862242385,1.8551311731274294,0.5000000000000001,0.8660254037844387,0.0,299.9957583313407
a2,61.57577960470123,0.5418042840750842,69.18843627469623,1.8551311731274294,0.5000000000000001,0.8660254037844387,0.0,299.9957583313407
a2,200.00000000000003,152.5000000000033,39.78530029988152,1.8551311731274294,0.5000000000000001,0.8660254037844387,0.0,299.9957583313407
a2,200.00000000000003,20.525414239912315,7.9877581234649275,1.8551311731274294,0.5000000000000001,0.8660254037844387,0.0,299.9957583313407
a2,0.0,119.99999999936537,165.35898384802582,1.8551311731274294,0.5000000000000001,0.8660254037844387,0.0,299.9957583313407
a2,196.50492686488138,33.547589843537594,0.39449946424883164,1.8551311731274294,0.5000000000000001,0.8660254037844387,0.0,299.9957583313407
a2,187.03080008501038,172.46593507834257,200.00000000000003,1.8551311731274294,0.5000000000000001,0.8660254037844387,0.0,299.9957583313407
a2,74.10427168053687,156.97530121559004,0.25794441187658107,1.8551311731274294,0.5000000000000001,0.8660254037844387,0.0,299.9957583313407
a2,200.00000000000003,187.21320889611587,66.72940119651017,1.8551311731274294,0.5000000000000001,0.8660254037844387,0.0,299.9957583313407
a2,200.00000000000003,55.000001842756575,130.7179687611606,1.8551311731274294,0.5000000000000001,0.8660254037844387,0.0,299.9957583313407
a2,92.17355855358748,194.71397822691625,199.96636074647117,1.8551311731274294,0.5000000000000001,0.8660254037844387,0.0,299.9957583313407
a2,0.9000470684815391,174.74020035059854,119.49480972003678,1.8551311731274294,0.5000000000000001,0.8660254037844387,0.0,299.9957583313407
a2,19.79593209850617,200.00000000000003,176.86101440044328,1.8551311731274294,0.5000000000000001,0.8660254037844387,0.0,299.9957583313407
a2,100.76219648033886,0.6909944176909141,147.7270861628886,1.8551311731274294,0.5000000000000001,0.8660254037844387,0.0,299.9957583313407
a2,199.72822250966527,79.58260845325997,130.25927277804706,1.8551311731274294,0.5000000000000001,0.8660254037844387,0.0,299.9957583313407
a2,0.0,25.000000000000004,200.00000000000003,1.8551311731274294,0.5000000000000001,0.8660254037844387,0.0,299.9957583313407
a2,130.37228500963826,1.3178533902476055,44.35351693634114,1.8551311731274294,0.5000000000000001,0.8660254037844387,0.0,299.9957583313407
a2,199.3833592098685,73.86533330638757,169.36548556735866,1.8551311731274294,0.5000000000000001,0.8660254037844387,0.0,299.9957583313407
a2,87.41669752746232,64.99999995560694,200.00000000000003,1.8551311731274294,0.5000000000000001,0.8660254037844387,0.0,299.9957583313407
a2,182.68797010268466,34.86735509991077,200.00000000000003,1.8551311731274294,0.5000000000000001,0.8660254037844387,0.0,299.9957583313407
a2,16.19801402234362,0.0,123.77420995711269,1.8551311731274294,0.5000000000000001,0.8660254037844387,0.0,299.9957583313407
a2,200.00000000000003,155.00000000000105,104.73720558371377,1.8551311731274294,0.5000000000000001,0.8660254037844387,0.0,299.9957583313407
a2,0.0,35.0,8.660254037844386,1.8551311731274294,0.5000000000000001,0.8660254037844387,0.0,299.9957583313407
a2,31.157074440866115,200.00000000000003,57.51112037003783,1.8551311731274294,0.5000000000000001,0.8660254037844387,0.0,299.9957583313407
a2,92.07159529942577,200.00000000000003,4.361597963728415,1.8551311731274294,0.5000000000000001,0.8660254037844387,0.0,299.9957583313407
a2,199.0906023188239,44.6195015447443,27.699669547378758,1.8551311731274294,0.5000000000000001,0.8660254037844387,0.0,299.9957583313407
a2,200.00000000000003,155.0000000000013,165.35898384862432,1.8551311731274294,0.5000000000000001,0.8660254037844387,0.0,299.9957583313407
a2,79.75429761618919,0.0,191.183040132142,1.8551311731274294,0.5000000000000001,0.8660254037844387,0.0,299.9957583313407
a2,0.0,16.06859090846355,88.44883030986313,1.8551311731274294,0.5000000000000001,0.8660254037844387,0.0,299.9957583313407
a2,0.0,97.49999999950658,31.14856368183052,1.8551311731274294,0.5000000000000001,0.8660254037844387,0.0,299.9957583313407
a2,1.233748961711362,125.85679392157574,139.710183892932,1.8551311731274294,0.5000000000000001,0.8660254037844387,0.0,299.9957583313407
a2,162.1532592504092,162.1571666907194,199.499208977375,1.8551311731274294,0.5000000000000001,0.8660254037844387,0.0,299.9957583313407
a2,35.487945241521864,200.00000000000003,139.9999999999186,1.8551311731274294,0.5000000000000001,0.8660254037844387,0.0,299.9957583313407
a2,113.63925726898289,1.3245616963786784,114.42159075332111,1.8551311731274294,0.5000000000000001,0.8660254037844387,0.0,299.9957583313407
a2,0.0,40.156438200784045,18.853390592321716,1.8551311731274294,0.5000000000000001,0.8660254037844387,0.0,299.9957583313407
a2,0.27747085874336896,133.89240624873014,155.51358796994606,1.8551311731274294,0.5000000000000001,0.8660254037844387,0.0,299.9957583313407
a2,130.71796762386126,0.0,89.99999987289553,1.8551311731274294,0.5000000000000001,0.8660254037844387,0.0,299.9957583313407
a2,0.0,60.00539441005851,26.84506853678677,1.8551311731274294,0.5000000000000001,0.8660254037844387,0.0,299.9957583313407
a2,113.39745962158851,149.99999999992684,200.00000000000003,1.8551311731274294,0.5000000000000001,0.8660254037844387,0.0,299.9957583313407
a2,199.21618633351662,109.95596387657622,113.59594953805502,1.8551311731274294,0.5000000000000001,0.8660254037844387,0.0,299.9957583313407
a2,199.43334791733264,74.32885967145705,88.03359901706696,1.8551311731274294,0.5000000000000001,0.8660254037844387,0.0,299.9957583313407
a2,56.53256406787534,0.6401430169127912,156.2382944252664,1.8551311731274294,0.5000000000000001,0.8660254037844387,0.0,299.9957583313407
a2,152.36860279185527,102.5000000000003,200.00000000000003,1.8551311731274294,0.5000000000000001,0.8660254037844387,0.0,299.9957583313407
a2,136.4141278002535,171.38824210270727,199.8632975433937,1.8551311731274294,0.5000000000000001,0.8660254037844387,0.0,299.9957583313407
a2,26.486354612281808,200.00000000000003,140.4328976003567,1.8551311731274294,0.5000000000000001,0.8660254037844387,0.0,299.9957583313407
a2,60.67955331654003,0.2123926625544972,75.01365275786816,1.8551311731274294,0.5000000000000001,0.8660254037844387,0.0,299.9957583313407
a2,55.000000000000014,0.0,193.16841355242815,1.8551311731274294,0.5000000000000001,0.8660254037844387,0.0,299.9957583313407
a2,53.14913296629186,0.24449471962739688,13.599997884195163,1.8551311731274294,0.5000000000000001,0.8660254037844387,0.0,299.9957583313407
a2,104.73720558371261,164.99999999999915,200.00000000000003,1.8551311731274294,0.5000000000000001,0.8660254037844387,0.0,299.9957583313407
a2,188.35101469028976,199.3398994125149,143.37394787092586,1.8551311731274294,0.5000000000000001,0.8660254037844387,0.0,299.9957583313407
a2,0.6220013487245277,149.3871316623226,164.70390328647676,1.8551311731274294,0.5000000000000001,0.8660254037844387,0.0,299.9957583313407
a2,74.42631645352101,57.49999999482887,0.0,1.8551311731274294,0.5000000000000001,0.8660254037844387,0.0,299.9957583313407
a2,0.0,159.99323326459498,87.41279073106348,1.8551311731274294,0.5000000000000001,0.8660254037844387,0.0,299.9957583313407
a2,198.68744777937698,65.06776893309811,174.59270569311354,1.8551311731274294,0.5000000000000001,0.8660254037844387,0.0,299.9957583313407
a2,87.45429020907278,4.867300035476911,0.5281099646175286,1.8551311731274294,0.5000000000000001,0.8660254037844387,0.0,299.9957583313407
a2,199.26386583783582,64.34782698780654,122.1217329577238,1.8551311731274294,0.5000000000000001,0.8660254037844387,0.0,299.9957583313407
a2,26.07554681569135,199.51331144050653,46.282151001971386,1.8551311731274294,0.5000000000000001,0.8660254037844387,0.0,299.9957583313407
a2,100.40669824348139,200.00000000000003,147.49934014268797,1.8551311731274294,0.5000000000000001,0.8660254037844387,0.0,299.9957583313407
a2,33.45208888818836,199.27903506718818,16.977240936611402,1.8551311731274294,0.5000000000000001,0.8660254037844387,0.0,299.9957583313407
a2,0.6531262627824084,181.69906553294703,39.576630517350644,1.8551311731274294,0.5000000000000001,0.8660254037844387,0.0,299.9957583313407
a2,74.42631645125702,0.0,147.5000000000011,1.8551311731274294,0.5000000000000001,0.8660254037844387,0.0,299.9957583313407
a2,111.07359663138834,4.67128271728186,0.7740507202948601,1.8551311731274294,0.5000000000000001,0.8660254037844387,0.0,299.9957583313407
a2,0.6812487472898727,65.4348286683986,182.35689391454073,1.8551311731274294,0.5000000000000001,0.8660254037844387,0.0,299.9957583313407
a2,44.11542731880138,120.00000000000004,0.0,1.8551311731274294,0.5000000000000001,0.8660254037844387,0.0,299.9957583313407
a2,107.80878000286897,199.90841704363174,126.25394565362565,1.8551311731274294,0.5000000000000001,0.8660254037844387,0.0,299.9957583313407
a2,0.0,187.52105954837234,137.342492534309,1.8551311731274294,0.5000000000000001,0.8660254037844387,0.0,299.9957583313407
a2,200.00000000000003,200.00000000000003,100.00000000000001,1.8551311731274294,0.5000000000000001,0.8660254037844387,0.0,299.9957583313407
a2,4.5742657364495205,138.29222783761847,38.20881612823686,4.680120155937103,0.5000000000000001,0.8660254037844387,0.0,1853.9086789516825
a2,199.19532028218924,44.771304172363365,28.083434081898876,1.8551311731274294,0.5000000000000001,0.8660254037844387,0.0,299.9957583313407
a2,174.01923788646693,124.99999999999983,0.0,1.8551311731274294,0.5000000000000001,0.8660254037844387,0.0,299.9957583313407
a2,164.70279362268838,39.0899534152009,198.83533361993187,1.8551311731274294,0.5000000000000001,0.8660254037844387,0.0,299.9957583313407
a2,0.0,172.4856454915053,48.519770946086396,1.8551311731274294,0.5000000000000001,0.8660254037844387,0.0,299.9957583313407
a2,9.337479270885716,198.69604060496255,78.55710816445236,1.8551311731274294,0.5000000000000001,0.8660254037844387,0.0,299.9957583313407
a2,110.70236876131344,12.83618728100605,0.6861691925801848,1.8551311731274294,0.5000000000000001,0.8660254037844387,0.0,299.9957583313407
a2,59.22940119650976,191.83011785788972,200.00000000000003,1.8551311731274294,0.5000000000000001,0.8660254037844387,0.0,299.9957583313407
a2,0.0,23.29299538439955,78.7774183799054,1.8551311731274294,0.5000000000000001,0.8660254037844387,0.0,299.9957583313407
a2,70.09618943233477,0.0,155.00000000000122,1.8551311731274294,0.5000000000000001,0.8660254037844387,0.0,299.9957583313407
a2,0.6146762049827059,190.06921497883906,45.462348506614035,1.8551311731274294,0.5000000000000001,0.8660254037844387,0.0,299.9957583313407
a2,200.00000000000003,130.00000000000253,148.0384757729363,1.8551311731274294,0.5000000000000001,0.8660254037844387,0.0,299.9957583313407
a2,19.06382561761745,21.18107888447074,196.37411227926862,4.734480905108178,0.5000000000000001,0.8660254037844387,0.0,1897.2260096139216
a2,70.92016846356918,199.26545830529315,165.6300143609248,1.8551311731274294,0.5000000000000001,0.8660254037844387,0.0,299.9957583313407
a2,87.41669752328433,99.9999999651357,200.00000000000003,1.8551311731274294,0.5000000000000001,0.8660254037844387,0.0,299.9957583313407
a2,39.066773193798504,132.3496724834425,199.17919287158503,1.8551311731274294,0.5000000000000001,0.8660254037844387,0.0,299.9957583313407
a2,185.9672275684808,199.9593731886871,133.41174651660018,1.8551311731274294,0.5000000000000001,0.8660254037844387,0.0,299.9957583313407
a2,30.281264593076962,198.98631014207024,122.97030606203681,1.8551311731274294,0.5000000000000001,0.8660254037844387,0.0,299.9957583313407
a2,200.00000000000003,40.0058016238098,18.4276215551556,1.8551311731274294,0.5000000000000001,0.8660254037844387,0.0,299.9957583313407
a2,199.2191675414705,140.8476197815201,70.02848022669946,1.8551311731274294,0.5000000000000001,0.8660254037844387,0.0,299.9957583313407
a2,14.464590053406184,1.0370778822266962,104.98778888732625,1.8551311731274294,0.5000000000000001,0.8660254037844387,0.0,299.9957583313407
a2,99.89783824545337,146.3181044255017,0.14551208559938714,1.8551311731274294,0.5000000000000001,0.8660254037844387,0.0,299.9957583313407
a2,165.42083167159385,34.88459372452648,0.0,1.8551311731274294,0.5000000000000001,0.8660254037844387,0.0,299.9957583313407
a2,61.43497630359621,200.00000000000003,154.99764532438485,1.8551311731274294,0.5000000000000001,0.8660254037844387,0.0,299.9957583313407
a2,12.819732711226498,200.00000000000003,30.55549641231808,1.8551311731274294,0.5000000000000001,0.8660254037844387,0.0,299.9957583313407
a2,31.156714923155203,30.983879766175672,99.90073691785116,4.702102689302341,0.5000000000000001,0.8660254037844387,0.0,1871.3652048189297
a2,8.660254037844386,3.6602540378443855,0.0,1.8551311731274294,0.5000000000000001,0.8660254037844387,0.0,299.9957583313407
a2,0.6448804277679683,93.3610985702274,109.39289230149316,1.8551311731274294,0.5000000000000001,0.8660254037844387,0.0,299.9957583313407
a2,31.2897795022513,107.82325967597612,0.0,1.8551311731274294,0.5000000000000001,0.8660254037844387,0.0,299.9957583313407
a2,143.7083487521804,200.00000000000003,107.49999999682699,1.8551311731274294,0.5000000000000001,0.8660254037844387,0.0,299.9957583313407
a2,134.08946212996483,0.4723272772550775,88.11121220823286,1.8551311731274294,0.5000000000000001,0.8660254037844387,0.0,299.9957583313407
a2,92.30543551778285,157.43431558678859,198.82137790563732,1.8551311731274294,0.5000000000000001,0.8660254037844387,0.0,299.9957583313407
a2,0.0,177.62432593271853,126.32582784169679,1.8551311731274294,0.5000000000000001,0.8660254037844387,0.0,299.9957583313407
a2,1.0223856992183027,187.2038137639189,177.77032601771535,1.8551311731274294,0.5000000000000001,0.8660254037844387,0.0,299.9957583313407
a2,51.77720300397931,198.93300356924985,169.8676759218158,1.8551311731274294,0.5000000000000001,0.8660254037844387,0.0,299.9957583313407
a2,196.21112126003823,68.53653201740842,0.8745596696430671,1.8551311731274294,0.5000000000000001,0.8660254037844387,0.0,299.9957583313407
a2,0.7149813891654334,46.480627303204514,178.9672486943409,1.8551311731274294,0.5000000000000001,0.8660254037844387,0.0,299.9957583313407
a2,0.0,112.4999860373004,100.4070654092115,1.8551311731274294,0.5000000000000001,0.8660254037844387,0.0,299.9957583313407
a2,45.51654755858251,16.429345792187558,199.57141206654077,1.8551311731274294,0.5000000000000001,0.8660254037844387,0.0,299.9957583313407
a2,69.88539530629255,199.13793200211623,84.29356146605785,1.8551311731274294,0.5000000000000001,0.8660254037844387,0.0,299.9957583313407
a2,87.41325190504305,200.00000000000003,70.00134557990376,1.8551311731274294,0.5000000000000001,0.8660254037844387,0.0,299.9957583313407
a2,120.31609667341476,199.3771689329466,23.11891225478031,1.8551311731274294,0.5000000000000001,0.8660254037844387,0.0,299.9957583313407
a2,200.00000000000003,52.50000000000845,57.10580837557152,1.8551311731274294,0.5000000000000001,0.8660254037844387,0.0,299.9957583313407
a2,57.10580837556809,0.0,142.5000000000007,1.8551311731274294,0.5000000000000001,0.8660254037844387,0.0,299.9957583313407
a2,0.0,117.49999937101866,74.42631585863343,1.8551311731274294,0.5000000000000001,0.8660254037844387,0.0,299.9957583313407
a2,96.65216086670742,198.80310916412878,108.6656447423034,1.8551311731274294,0.5000000000000001,0.8660254037844387,0.0,299.9957583313407
a2,13.256355099984647,150.00000000000014,200.00000000000003,1.8551311731274294,0.5000000000000001,0.8660254037844387,0.0,299.9957583313407
a2,199.72049518550253,81.0520147935935,69.5332143250148,1.8551311731274294,0.5000000000000001,0.8660254037844387,0.0,299.9957583313407
a2,0.33355282244378126,156.8108078769273,21.548947728771342,1.8551311731274294,0.5000000000000001,0.8660254037844387,0.0,299.9957583313407
a2,0.0,41.435117211547805,91.26230940812721,1.8551311731274294,0.5000000000000001,0.8660254037844387,0.0,299.9957583313407
a2,66.21593640049696,33.29825974950676,0.0,1.8551311731274294,0.5000000000000001,0.8660254037844387,0.0,299.9957583313407
a2,22.46479222419019,147.5000000000002,200.00000000000003,1.8551311731274294,0.5000000000000001,0.8660254037844387,0.0,299.9957583313407
a2,25.673610452494188,0.5812363956515473,104.29499011735693,1.8551311731274294,0.5000000000000001,0.8660254037844387,0.0,299.9957583313407
a2,61.43591481386842,200.00000000000003,70.00000803716324,1.8551311731274294,0.5000000000000001,0.8660254037844387,0.0,299.9957583313407
a2,179.2581601509298,123.59816042767503,198.76081177077893,1.8551311731274294,0.5000000000000001,0.8660254037844387,0.0,299.9957583313407
a2,87.98228402247491,100.56120039591377,1.2211091417961621,1.8551311731274294,0.5000000000000001,0.8660254037844387,0.0,299.9957583313407
a2,0.5941072386999093,0.4589551923640192,165.4385124283976,1.8551311731274294,0.5000000000000001,0.8660254037844387,0.0,299.9957583313407
a2,199.2402315513947,181.00383808029983,126.24189189211995,1.8551311731274294,0.5000000000000001,0.8660254037844387,0.0,299.9957583313407
a2,109.68051176436379,198.92425997404825,172.4418169737126,1.8551311731274294,0.5000000000000001,0.8660254037844387,0.0,299.9957583313407
a2,1.3432420137987007,171.33124506464702,82.57248578170173,1.8551311731274294,0.5000000000000001,0.8660254037844387,0.0,299.9957583313407
a2,165.35898384862202,0.0,109.99999999999876,1.8551311731274294,0.5000000000000001,0.8660254037844387,0.0,299.9957583313407
a2,91.00845360824123,0.5868361366927728,92.36580566255776,1.8551311731274294,0.5000000000000001,0.8660254037844387,0.0,299.9957583313407
a2,0.0,17.179644939205076,160.52935570396505,1.8551311731274294,0.5000000000000001,0.8660254037844387,0.0,299.9957583313407
a2,199.72951128978715,28.340798986579667,177.72785426436803,1.8551311731274294,0.5000000000000001,0.8660254037844387,0.0,299.9957583313407
a2,200.00000000000003,165.00000000000026,191.3397459621562,1.8551311731274294,0.5000000000000001,0.8660254037844387,0.0,299.9957583313407
a2,144.17299839038574,1.131138555379705,132.655306692441,1.8551311731274294,0.5000000000000001,0.8660254037844387,0.0,299.9957583313407
a2,0.83448556795122,141.53509375848563,30.374194798130308,1.8551311731274294,0.5000000000000001,0.8660254037844387,0.0,299.9957583313407
a2,30.44450804997385,137.6693983051537,199.5493088243535,1.8551311731274294,0.5000000000000001,0.8660254037844387,0.0,299.9957583313407
a2,199.9075353815035,125.23380281065764,173.6022144468686,1.8551311731274294,0.5000000000000001,0.8660254037844387,0.0,299.9957583313407
a2,198.65036524063873,105.82504211883293,13.352738846915491,1.8551311731274294,0.5000000000000001,0.8660254037844387,0.0,299.9957583313407
a2,65.76606241339262,0.0,112.49999999996619,1.8551311731274294,0.5000000000000001,0.8660254037844387,0.0,299.9957583313407
a2,52.47243784289212,12.678266767268507,200.00000000000003,1.8551311731274294,0.5000000000000001,0.8660254037844387,0.0,299.9957583313407
a2,0.3703956557225941,15.249589229786018,102.25698410812737,1.8551311731274294,0.5000000000000001,0.8660254037844387,0.0,299.9957583313407
a2,75.79478751627622,102.68757909194659,199.24933488041762,1.8551311731274294,0.5000000000000001,0.8660254037844387,0.0,299.9957583313407
a2,58.468986370675225,187.72779228441772,200.00000000000003,1.8551311731274294,0.5000000000000001,0.8660254037844387,0.0,299.9957583313407
a2,26.662431387109663,0.0,104.78355119980918,1.8551311731274294,0.5000000000000001,0.8660254037844387,0.0,299.9957583313407
a2,25.817115285016783,0.9514751965137954,33.744435531725344,1.8551311731274294,0.5000000000000001,0.8660254037844387,0.0,299.9957583313407
a2,87.92249426247244,20.590395533886017,199.46299319496143,1.8551311731274294,0.5000000000000001,0.8660254037844387,0.0,299.9957583313407
a2,199.2248218718414,46.7633101686098,185.6593855424474,1.8551311731274294,0.5000000000000001,0.8660254037844387,0.0,299.9957583313407
a2,75.48478088204571,47.964946228463155,1.0299336554098277,1.8551311731274294,0.5000000000000001,0.8660254037844387,0.0,299.9957583313407
a2,1.1331749758595235,123.19474632020868,160.6443807066516,1.8551311731274294,0.5000000000000001,0.8660254037844387,0.0,299.9957583313407
a2,182.67949192431084,99.99999999999987,200.00000000000003,1.8551311731274294,0.5000000000000001,0.8660254037844387,0.0,299.9957583313407
a2,56.86899075050737,200.00000000000003,26.088712309348438,1.8551311731274294,0.5000000000000001,0.8660254037844387,0.0,299.9957583313407
a2,200.00000000000003,135.0000000000022,122.05771365940309,1.8551311731274294,0.5000000000000001,0.8660254037844387,0.0,299.9957583313407
a2,151.22933246826517,52.00688193439978,1.102324669426332,1.8551311731274294,0.5000000000000001,0.8660254037844387,0.0,299.9957583313407
a2,200.00000000000003,95.00000000000013,191.33974596215586,1.8551311731274294,0.5000000000000001,0.8660254037844387,0.0,299.9957583313407
a2,26.953352364790383,198.83153559112787,116.15856805797169,1.8551311731274294,0.5000000000000001,0.8660254037844387,0.0,299.9957583313407
a2,161.02885682969958,97.50000000000013,200.00000000000003,1.8551311731274294,0.5000000000000001,0.8660254037844387,0.0,299.9957583313407
a2,199.24569509234257,118.87670708278493,71.41212487285442,1.8551311731274294,0.5000000000000001,0.8660254037844387,0.0,299.9957583313407
a2,61.43591832192349,200.00000000000003,65.00000666719502,1.8551311731274294,0.5000000000000001,0.8660254037844387,0.0,299.9957583313407
a2,70.09618943229758,0.0,104.99999999993635,1.8551311731274294,0.5000000000000001,0.8660254037844387,0.0,299.9957583313407
a2,200.00000000000003,12.380474704989478,35.45335772699841,1.8551311731274294,0.5000000000000001,0.8660254037844387,0.0,299.9957583313407
a2,75.31414960201059,199.83542759035302,102.34375653708913,1.8551311731274294,0.5000000000000001,0.8660254037844387,0.0,299.9957583313407
a2,0.0,47.50052640427679,169.68941478719563,1.8551311731274294,0.5000000000000001,0.8660254037844387,0.0,299.9957583313407
a2,117.22524717237586,18.19162454103175,0.0,1.8551311731274294,0.5000000000000001,0.8660254037844387,0.0,299.9957583313407
a2,96.49104309451074,1.150835231850276,76.03858246683379,1.8551311731274294,0.5000000000000001,0.8660254037844387,0.0,299.9957583313407
a2,199.43615226325295,85.00761927394606,113.77028817681504,1.8551311731274294,0.5000000000000001,0.8660254037844387,0.0,299.9957583313407
a2,87.95261353785583,119.02288455228897,199.05961179015813,1.8551311731274294,0.5000000000000001,0.8660254037844387,0.0,299.9957583313407
a2,101.15360251329503,199.97202646689993,106.46253497740777,1.8551311731274294,0.5000000000000001,0.8660254037844387,0.0,299.9957583313407
a2,130.7198469855209,45.00267650410933,200.00000000000003,1.8551311731274294,0.5000000000000001,0.8660254037844387,0.0,299.9957583313407
a2,200.00000000000003,30.042263503101957,96.1013523907593,1.8551311731274294,0.5000000000000001,0.8660254037844387,0.0,299.9957583313407
a2,161.0288568296998,107.50000000000011,0.0,1.8551311731274294,0.5000000000000001,0.8660254037844387,0.0,299.9957583313407
a2,0.14623492869887947,8.481144538563095,189.42633416987567,1.8551311731274294,0.5000000000000001,0.8660254037844387,0.0,299.9957583313407
a2,32.04204415882304,4.725053715904674,200.00000000000003,1.8551311731274294,0.5000000000000001,0.8660254037844387,0.0,299.9957583313407
a2,13.391930513756158,153.747302998073,0.4134512221345152,1.8551311731274294,0.5000000000000001,0.8660254037844387,0.0,299.9957583313407
a2,115.79274163385621,200.00000000000003,19.438020732304423,1.8551311731274294,0.5000000000000001,0.8660254037844387,0.0,299.9957583313407
a2,8.436963044151781,15.386751345948133,200.00000000000003,1.8551311731274294,0.5000000000000001,0.8660254037844387,0.0,299.9957583313407
a2,142.4878906614695,200.00000000000003,195.87555512831779,1.8551311731274294,0.5000000000000001,0.8660254037844387,0.0,299.9957583313407
a2,200.00000000000003,150.00000000000207,96.07695154586995,1.8551311731274294,0.5000000000000001,0.8660254037844387,0.0,299.9957583313407
a2,41.02823706799434,200.00000000000003,8.19462299455578,1.8551311731274294,0.5000000000000001,0.8660254037844387,0.0,299.9957583313407
a2,0.1761013992576085,79.07990929977186,113.76985588591171,1.8551311731274294,0.5000000000000001,0.8660254037844387,0.0,299.9957583313407
a2,122.06014253482259,0.0,60.0042769053309,1.8551311731274294,0.5000000000000001,0.8660254037844387,0.0,299.9957583313407
a2,38.32643642773511,198.81499270287486,171.91829863540912,1.8551311731274294,0.5000000000000001,0.8660254037844387,0.0,299.9957583313407
a2,19.020013719372937,108.32623025710579,198.64068432357084,1.8551311731274294,0.5000000000000001,0.8660254037844387,0.0,299.9957583313407
a2,87.416697511263,74.99999999260133,0.0,1.8551311731274294,0.5000000000000001,0.8660254037844387,0.0,299.9957583313407
a2,182.67949192430987,200.00000000000003,69.99999999999825,1.8551311731274294,0.5000000000000001,0.8660254037844387,0.0,299.9957583313407
a2,69.08648370266668,16.750642052723375,0.0,1.8551311731274294,0.5000000000000001,0.8660254037844387,0.0,299.9957583313407
a2,0.0,55.000175468092316,174.0193391930174,1.8551311731274294,0.5000000000000001,0.8660254037844387,0.0,299.9957583313407
a2,151.70122698948597,18.610110034099154,199.94253591422796,1.8551311731274294,0.5000000000000001,0.8660254037844387,0.0,299.9957583313407
a2,107.81463741744136,61.64364324040881,199.27188024796538,1.8551311731274294,0.5000000000000001,0.8660254037844387,0.0,299.9957583313407
a2,130.31346399150314,0.9112144869191454,80.3136987044244,1.8551311731274294,0.5000000000000001,0.8660254037844387,0.0,299.9957583313407
a2,91.74682452694648,167.49999999999864,0.0,1.8551311731274294,0.5000000000000001,0.8660254037844387,0.0,299.9957583313407
a2,130.71797097197566,84.99999251302812,0.0,1.8551311731274294,0.5000000000000001,0.8660254037844387,0.0,299.9957583313407
a2,200.00000000000003,17.47186606637564,28.533219729558763,1.8551311731274294,0.5000000000000001,0.8660254037844387,0.0,299.9957583313407
a2,134.39869582530622,199.6029740592943,162.34517443779527,1.8551311731274294,0.5000000000000001,0.8660254037844387,0.0,299.9957583313407
a2,60.89726515392284,199.65561641857406,19.424140629912895,1.8551311731274294,0.5000000000000001,0.8660254037844387,0.0,299.9957583313407
a2,87.41669750827013,129.99999999943628,0.0,1.8551311731274294,0.5000000000000001,0.8660254037844387,0.0,299.9957583313407
a2,83.08726457539268,0.0,62.5012021927232,1.8551311731274294,0.5000000000000001,0.8660254037844387,0.0,299.9957583313407
a2,122.05771365951264,119.99999999974469,200.00000000000003,1.8551311731274294,0.5000000000000001,0.8660254037844387,0.0,299.9957583313407
a2,78.4141220762806,200.00000000000003,28.698351552205533,1.8551311731274294,0.5000000000000001,0.8660254037844387,0.0,299.9957583313407
a2,31.799209624721517,0.5017618259314315,101.79288914421352,1.8551311731274294,0.5000000000000001,0.8660254037844387,0.0,299.9957583313407
a2,173.62918050345044,69.91732083614014,0.1647615712660175,1.8551311731274294,0.5000000000000001,0.8660254037844387,0.0,299.9957583313407
a2,174.01923788646772,0.0,155.00000000000057,1.8551311731274294,0.5000000000000001,0.8660254037844387,0.0,299.9957583313407
a2,161.46063869283023,0.9348612434307632,82.39167455974007,1.8551311731274294,0.5000000000000001,0.8660254037844387,0.0,299.9957583313407
a2,35.31240611170627,0.36273203377317587,124.80821407331318,1.8551311731274294,0.5000000000000001,0.8660254037844387,0.0,299.9957583313407
a2,143.7012958166482,200.00000000000003,62.48778395414423,1.8551311731274294,0.5000000000000001,0.8660254037844387,0.0,299.9957583313407
a2,57.44172278743572,0.0,22.47941125115128,1.8551311731274294,0.5000000000000001,0.8660254037844387,0.0,299.9957583313407
a2,0.0,109.1114670574824,13.5788283658072,1.8551311731274294,0.5000000000000001,0.8660254037844387,0.0,299.9957583313407
a2,90.40212435675193,98.7398281572991,198.99142232278763,1.8551311731274294,0.5000000000000001,0.8660254037844387,0.0,299.9957583313407
a2,29.871198854988975,0.6257908009335257,133.2311245191654,1.8551311731274294,0.5000000000000001,0.8660254037844387,0.0,299.9957583313407
a2,79.25031864644716,18.60655084952389,0.0,1.8551311731274294,0.5000000000000001,0.8660254037844387,0.0,299.9957583313407
a2,135.04811735673223,77.49994813620017,0.0,1.8551311731274294,0.5000000000000001,0.8660254037844387,0.0,299.9957583313407
a2,199.11257799224043,165.59619137204706,105.38773727431926,1.8551311731274294,0.5000000000000001,0.8660254037844387,0.0,299.9957583313407
a2,36.28672532934421,198.69692271537173,108.67059839042828,1.8551311731274294,0.5000000000000001,0.8660254037844387,0.0,299.9957583313407
a2,182.6794919243084,200.00000000000003,84.99999999999575,1.8551311731274294,0.5000000000000001,0.8660254037844387,0.0,299.9957583313407
a2,74.42631645352101,57.49999999482887,0.0,1.8551311731274294,0.5000000000000001,0.8660254037844387,0.0,299.9957583313407
a2,200.00000000000003,120.0000000000021,156.69872981078055,1.8551311731274294,0.5000000000000001,0.8660254037844387,0.0,299.9957583313407
a2,57.08956930155613,47.528126901194625,200.00000000000003,1.8551311731274294,0.5000000000000001,0.8660254037844387,0.0,299.9957583313407
a2,200.00000000000003,181.76315205076713,92.39905897037845,1.8551311731274294,0.5000000000000001,0.8660254037844387,0.0,299.9957583313407
a2,187.00961894323387,0.0,157.50000000000028,1.8551311731274294,0.5000000000000001,0.8660254037844387,0.0,299.9957583313407
a2,35.90116651341212,199.04923765395708,139.84760389691937,1.8551311731274294,0.5000000000000001,0.8660254037844387,0.0,299.9957583313407
a2,44.25883561065164,199.7638839489423,104.95134076073835,1.8551311731274294,0.5000000000000001,0.8660254037844387,0.0,299.9957583313407
a2,44.11542731880125,95.00000000000023,200.00000000000003,1.8551311731274294,0.5000000000000001,0.8660254037844387,0.0,299.9957583313407
a2,65.92661887726183,0.0,177.45220148268683,1.8551311731274294,0.5000000000000001,0.8660254037844387,0.0,299.9957583313407
a2,13.39745962155618,140.0000000000001,200.00000000000003,1.8551311731274294,0.5000000000000001,0.8660254037844387,0.0,299.9957583313407
a2,88.51171433315079,198.74723416230248,179.92036306064892,1.8551311731274294,0.5000000000000001,0.8660254037844387,0.0,299.9957583313407
a2,63.87105786694576,84.12482775137255,80.70634190084762,4.702534808395898,0.5000000000000001,0.8660254037844387,0.0,1871.7091742499213
a2,95.50646312643018,199.4869124361971,169.82315629899017,1.8551311731274294,0.5000000000000001,0.8660254037844387,0.0,299.9957583313407
a2,190.25310555013047,199.58177188407998,155.74206283861423,1.8551311731274294,0.5000000000000001,0.8660254037844387,0.0,299.9957583313407
a2,48.44564222103988,0.0,62.50017028723337,1.8551311731274294,0.5000000000000001,0.8660254037844387,0.0,299.9957583313407
a2,70.09629566382763,0.0,80.00020117556996,1.8551311731274294,0.5000000000000001,0.8660254037844387,0.0,299.9957583313407
a2,200.00000000000003,107.50000000083624,100.40707856527285,1.8551311731274294,0.5000000000000001,0.8660254037844387,0.0,299.9957583313407
a2,96.07572439525133,200.00000000000003,89.99916425580378,1.8551311731274294,0.5000000000000001,0.8660254037844387,0.0,299.9957583313407
a2,199.97944110478082,33.143755657756394,144.66996344240619,1.8551311731274294,0.5000000000000001,0.8660254037844387,0.0,299.9957583313407
a2,0.0,87.49751154755529,135.04615763514312,1.8551311731274294,0.5000000000000001,0.8660254037844387,0.0,299.9957583313407
a2,35.45517328095684,160.00000000000023,200.00000000000003,1.8551311731274294,0.5000000000000001,0.8660254037844387,0.0,299.9957583313407
a2,0.0,87.50000281085941,65.7660420674543,1.8551311731274294,0.5000000000000001,0.8660254037844387,0.0,299.9957583313407
a2,200.00000000000003,160.00792265821133,87.433198832571,1.8551311731274294,0.5000000000000001,0.8660254037844387,0.0,299.9957583313407
a2,0.6799589008072483,31.952340650716195,55.53786846073694,1.8551311731274294,0.5000000000000001,0.8660254037844387,0.0,299.9957583313407
a2,52.11893731015265,93.86203951696083,199.5902662867345,1.8551311731274294,0.5000000000000001,0.8660254037844387,0.0,299.9957583313407
a2,200.00000000000003,100.00000000302548,104.73720558545887,1.8551311731274294,0.5000000000000001,0.8660254037844387,0.0,299.9957583313407
a2,198.81456743869595,68.09518246503669,153.20046752364763,1.8551311731274294,0.5000000000000001,0.8660254037844387,0.0,299.9957583313407
a2,8.399300411063264,0.0,19.487179632355776,1.8551311731274294,0.5000000000000001,0.8660254037844387,0.0,299.9957583313407
a2,182.6794919243109,109.99999999999983,0.0,1.8551311731274294,0.5000000000000001,0.8660254037844387,0.0,299.9957583313407
a2,74.42631645125883,162.49999999999608,0.0,1.8551311731274294,0.5000000000000001,0.8660254037844387,0.0,299.9957583313407
a2,3.5710816579443256,173.2402800740779,198.97521068641203,1.8551311731274294,0.5000000000000001,0.8660254037844387,0.0,299.9957583313407
a2,104.32746325765358,200.00000000000003,188.40179472194112,1.8551311731274294,0.5000000000000001,0.8660254037844387,0.0,299.9957583313407
a2,139.16051595470898,200.00000000000003,24.693587022251286,1.8551311731274294,0.5000000000000001,0.8660254037844387,0.0,299.9957583313407
a2,183.62244019783085,105.31283048990207,0.53486483170045,1.8551311731274294,0.5000000000000001,0.8660254037844387,0.0,299.9957583313407
a2,147.57297880331532,191.36943043793605,199.19403209193408,1.8551311731274294,0.5000000000000001,0.8660254037844387,0.0,299.9957583313407
a2,108.15247081974493,118.17657784759868,199.92388199765153,1.8551311731274294,0.5000000000000001,0.8660254037844387,0.0,299.9957583313407
a2,199.9169023539076,139.30694967555934,44.003731557294444,1.8551311731274294,0.5000000000000001,0.8660254037844387,0.0,299.9957583313407
a2,187.11561684235653,22.120137599137653,0.0,1.8551311731274294,0.5000000000000001,0.8660254037844387,0.0,299.9957583313407
a2,0.0,70.00699991629398,96.06322456390573,1.8551311731274294,0.5000000000000001,0.8660254037844387,0.0,299.9957583313407
a2,35.31403650734133,200.00000000000003,39.97330767992381,1.8551311731274294,0.5000000000000001,0.8660254037844387,0.0,299.9957583313407
a2,0.0,89.9992007066929,139.3776749699041,1.8551311731274294,0.5000000000000001,0.8660254037844387,0.0,299.9957583313407
a2,143.70834875400976,0.0,142.49999999999613,1.8551311731274294,0.5000000000000001,0.8660254037844387,0.0,299.9957583313407
a2,200.00000000000003,60.00001568610418,148.03848482931028,1.8551311731274294,0.5000000000000001,0.8660254037844387,0.0,299.9957583313407
a2,182.11734893774593,164.29313585589557,0.3959258787817705,1.8551311731274294,0.5000000000000001,0.8660254037844387,0.0,299.9957583313407
a2,0.7189238933157035,130.2509177670753,70.93037028721803,1.8551311731274294,0.5000000000000001,0.8660254037844387,0.0,299.9957583313407
a2,0.0,17.95743822221206,92.10338789027446,1.8551311731274294,0.5000000000000001,0.8660254037844387,0.0,299.9957583313407
a2,200.00000000000003,179.90440296537386,61.757048322191395,1.8551311731274294,0.5000000000000001,0.8660254037844387,0.0,299.9957583313407
a2,126.12844204173217,0.6503693437439471,138.28338121186118,1.8551311731274294,0.5000000000000001,0.8660254037844387,0.0,299.9957583313407
a2,165.3235822218746,198.73950486528898,138.65094029293252,1.8551311731274294,0.5000000000000001,0.8660254037844387,0.0,299.9957583313407
a2,118.53565669702752,0.0,187.78130058057027,1.8551311731274294,0.5000000000000001,0.8660254037844387,0.0,299.9957583313407
a2,0.047402263472160484,4.081282464342228,147.26611625759605,1.8551311731274294,0.5000000000000001,0.8660254037844387,0.0,299.9957583313407
a2,87.92766219841633,145.40082282123228,0.4501053191867008,1.8551311731274294,0.5000000000000001,0.8660254037844387,0.0,299.9957583313407
a2,191.53759989105023,184.2335282109945,199.72366118122727,1.8551311731274294,0.5000000000000001,0.8660254037844387,0.0,299.9957583313407
a2,195.39137086324027,0.356020722702155,52.86518380937739,1.8551311731274294,0.5000000000000001,0.8660254037844387,0.0,299.9957583313407
a2,70.09618943233282,0.0,129.99999999999744,1.8551311731274294,0.5000000000000001,0.8660254037844387,0.0,299.9957583313407
a2,174.01923788646772,0.0,155.00000000000057,1.8551311731274294,0.5000000000000001,0.8660254037844387,0.0,299.9957583313407
a2,135.04809471618748,137.49999999995435,200.00000000000003,1.8551311731274294,0.5000000000000001,0.8660254037844387,0.0,299.9957583313407
a2,100.40709475829824,57.50002627962098,200.00000000000003,1.8551311731274294,0.5000000000000001,0.8660254037844387,0.0,299.9957583313407
a2,31.99585398504511,199.20004450662285,3.692113541898303,1.8551311731274294,0.5000000000000001,0.8660254037844387,0.0,299.9957583313407
a2,66.9467254495711,48.40486037160436,0.07231269835887755,1.8551311731274294,0.5000000000000001,0.8660254037844387,0.0,299.9957583313407
a2,71.6940825130925,1.369111169308488,20.45173746029187,1.8551311731274294,0.5000000000000001,0.8660254037844387,0.0,299.9957583313407
a2,78.73161511331365,0.0,35.102881232518875,1.8551311731274294,0.5000000000000001,0.8660254037844387,0.0,299.9957583313407
a2,96.01221005870674,10.294218213777304,198.71180486298036,1.8551311731274294,0.5000000000000001,0.8660254037844387,0.0,299.9957583313407
a2,182.67949192431155,0.0,110.00000000000009,1.8551311731274294,0.5000000000000001,0.8660254037844387,0.0,299.9957583313407
a2,12.607226778984785,0.0,108.88529528177835,1.8551311731274294,0.5000000000000001,0.8660254037844387,0.0,299.9957583313407
a2,0.5053015724504023,77.66009750922741,22.637124327369566,1.8551311731274294,0.5000000000000001,0.8660254037844387,0.0,299.9957583313407
a2,0.0,104.99999999610934,44.11542731513468,1.8551311731274294,0.5000000000000001,0.8660254037844387,0.0,299.9957583313407
a2,152.37969863040547,37.478991387265204,0.0,1.8551311731274294,0.5000000000000001,0.8660254037844387,0.0,299.9957583313407
a2,152.23691200315906,182.42778674466717,0.0,1.8551311731274294,0.5000000000000001,0.8660254037844387,0.0,299.9957583313407
a2,65.76606241341234,102.4999999999999,0.0,1.8551311731274294,0.5000000000000001,0.8660254037844387,0.0,299.9957583313407
a2,62.75703049951273,0.9521380612602912,34.95008145707583,1.8551311731274294,0.5000000000000001,0.8660254037844387,0.0,299.9957583313407
a2,200.00000000000003,125.0000000000236,87.41669750803732,1.8551311731274294,0.5000000000000001,0.8660254037844387,0.0,299.9957583313407
a2,87.50840176946384,30.165295770408974,200.00000000000003,1.8551311731274294,0.5000000000000001,0.8660254037844387,0.0,299.9957583313407
a2,155.03165385732095,0.5173328303042074,14.205284364935233,1.8551311731274294,0.5000000000000001,0.8660254037844387,0.0,299.9957583313407
a2,73.22737744577027,53.821617994367706,199.3768200524706,1.8551311731274294,0.5000000000000001,0.8660254037844387,0.0,299.9957583313407
a2,0.4621385139333529,121.62970953586104,187.37293892012136,1.8551311731274294,0.5000000000000001,0.8660254037844387,0.0,299.9957583313407
a2,46.13342794210785,200.00000000000003,7.729426741428496,1.8551311731274294,0.5000000000000001,0.8660254037844387,0.0,299.9957583313407
a2,0.8873534966894954,130.5024623526653,51.89007581888165,1.8551311731274294,0.5000000000000001,0.8660254037844387,0.0,299.9957583313407
a2,130.71796769709994,0.0,119.99999999974847,1.8551311731274294,0.5000000000000001,0.8660254037844387,0.0,299.9957583313407
a2,161.02885682970114,142.499999999999,200.00000000000003,1.8551311731274294,0.5000000000000001,0.8660254037844387,0.0,299.9957583313407
a2,55.660939109333306,115.19139940779033,164.3131253155218,4.702536461044412,0.5000000000000001,0.8660254037844387,0.0,1871.7104898288826
a2,47.91291512714075,41.95928530352897,199.757182819695,1.8551311731274294,0.5000000000000001,0.8660254037844387,0.0,299.9957583313407
a2,187.0096246055651,0.0,67.50000980744585,1.8551311731274294,0.5000000000000001,0.8660254037844387,0.0,299.9957583313407
a2,198.6442089205976,156.7234290673732,186.05656354751216,1.8551311731274294,0.5000000000000001,0.8660254037844387,0.0,299.9957583313407
a2,39.80881772014101,97.50000000000021,0.0,1.8551311731274294,0.5000000000000001,0.8660254037844387,0.0,299.9957583313407
a2,62.16557542162028,150.09590808395066,1.2588589542920068,1.8551311731274294,0.5000000000000001,0.8660254037844387,0.0,299.9957583313407
a2,148.21049303752415,199.2715411066103,85.16961937275121,1.8551311731274294,0.5000000000000001,0.8660254037844387,0.0,299.9957583313407
a2,114.00130131006856,185.54135961989326,200.00000000000003,1.8551311731274294,0.5000000000000001,0.8660254037844387,0.0,299.9957583313407
a2,81.1691421477062,199.47334487137996,5.254054769065651,1.8551311731274294,0.5000000000000001,0.8660254037844387,0.0,299.9957583313407
a2,65.76606241341109,0.0,122.49999999999814,1.8551311731274294,0.5000000000000001,0.8660254037844387,0.0,299.9957583313407
a2,199.88780705817354,187.70174743496764,36.764232411269695,1.8551311731274294,0.5000000000000001,0.8660254037844387,0.0,299.9957583313407
a2,169.89625816567664,200.00000000000003,182.7412270300746,1.8551311731274294,0.5000000000000001,0.8660254037844387,0.0,299.9957583313407
a2,18.69917409018146,29.84672282348261,198.89336551615654,1.8551311731274294,0.5000000000000001,0.8660254037844387,0.0,299.9957583313407
a2,117.803926750832,0.5470906518051196,27.939327996137802,1.8551311731274294,0.5000000000000001,0.8660254037844387,0.0,299.9957583313407
a2,109.06733259190983,0.0,97.49999998142506,1.8551311731274294,0.5000000000000001,0.8660254037844387,0.0,299.9957583313407
a2,83.39469271106404,98.63617426902081,199.56561156674513,1.8551311731274294,0.5000000000000001,0.8660254037844387,0.0,299.9957583313407
a2,0.7299303960391581,125.65634826188206,42.94559127213841,1.8551311731274294,0.5000000000000001,0.8660254037844387,0.0,299.9957583313407
a2,82.72599220367827,0.6651360052600548,117.11598292850435,1.8551311731274294,0.5000000000000001,0.8660254037844387,0.0,299.9957583313407
a2,1.3097764954680071,134.69651415342452,104.15987734805984,1.8551311731274294,0.5000000000000001,0.8660254037844387,0.0,299.9957583313407
a2,31.62782987134542,0.0,23.17368155068909,1.8551311731274294,0.5000000000000001,0.8660254037844387,0.0,299.9957583313407
a2,170.0897935095462,199.09617099265924,171.17013874042263,1.8551311731274294,0.5000000000000001,0.8660254037844387,0.0,299.9957583313407
a2,121.89285059992339,200.00000000000003,39.55021540958752,1.8551311731274294,0.5000000000000001,0.8660254037844387,0.0,299.9957583313407
a2,65.76606241351435,77.4999999997668,200.00000000000003,1.8551311731274294,0.5000000000000001,0.8660254037844387,0.0,299.9957583313407
a2,0.19086709341349872,44.642904419026195,27.921904983875798,1.8551311731274294,0.5000000000000001,0.8660254037844387,0.0,299.9957583313407
a2,134.351932308755,0.5723786293795899,122.57533768535474,1.8551311731274294,0.5000000000000001,0.8660254037844387,0.0,299.9957583313407
a2,0.0,29.01400174307706,87.15263972442867,1.8551311731274294,0.5000000000000001,0.8660254037844387,0.0,299.9957583313407
a2,0.7158495181852538,100.07384562010103,183.62916924597857,1.8551311731274294,0.5000000000000001,0.8660254037844387,0.0,299.9957583313407
a2,200.00000000000003,179.8742789186454,44.464358314484016,1.8551311731274294,0.5000000000000001,0.8660254037844387,0.0,299.9957583313407
a2,199.77843315931952,46.17814921145464,79.14102207019738,1.8551311731274294,0.5000000000000001,0.8660254037844387,0.0,299.9957583313407
a2,199.35835401089113,118.70420468611837,173.85502545221226,1.8551311731274294,0.5000000000000001,0.8660254037844387,0.0,299.9957583313407
a2,4.310397509292326,27.49556717922147,200.00000000000003,1.8551311731274294,0.5000000000000001,0.8660254037844387,0.0,299.9957583313407
a2,86.86809111380069,163.80808022736892,199.08080991807037,1.8551311731274294,0.5000000000000001,0.8660254037844387,0.0,299.9957583313407
a2,25.821159997698498,199.7732620319224,116.20932175174848,1.8551311731274294,0.5000000000000001,0.8660254037844387,0.0,299.9957583313407
a2,199.24986568796695,163.44113118967297,90.63436672209264,1.8551311731274294,0.5000000000000001,0.8660254037844387,0.0,299.9957583313407
a2,199.68271482664565,24.772245622300368,191.0385903584685,1.8551311731274294,0.5000000000000001,0.8660254037844387,0.0,299.9957583313407
a2,187.03132778984238,0.0,27.537600825300498,1.8551311731274294,0.5000000000000001,0.8660254037844387,0.0,299.9957583313407
a2,122.06257834315659,0.0,55.008565818817274,1.8551311731274294,0.5000000000000001,0.8660254037844387,0.0,299.9957583313407
a2,151.16259208545583,0.916275688541099,87.84073291130657,1.8551311731274294,0.5000000000000001,0.8660254037844387,0.0,299.9957583313407
a2,126.39645799645157,67.7966911909639,199.76844176148788,1.8551311731274294,0.5000000000000001,0.8660254037844387,0.0,299.9957583313407
a2,16.644009007224103,1.2305278195981155,175.1704911371735,1.8551311731274294,0.5000000000000001,0.8660254037844387,0.0,299.9957583313407
a2,138.51790630243718,45.29340244151583,199.09669079151476,1.8551311731274294,0.5000000000000001,0.8660254037844387,0.0,299.9957583313407
a2,24.16250010304648,181.71237307192976,0.0,1.8551311731274294,0.5000000000000001,0.8660254037844387,0.0,299.9957583313407
a2,1.1281881104737823,141.19997787469555,22.636864924580333,1.8551311731274294,0.5000000000000001,0.8660254037844387,0.0,299.9957583313407
a2,70.70223419983657,95.48315847707242,1.1469614777085801,1.8551311731274294,0.5000000000000001,0.8660254037844387,0.0,299.9957583313407
a2,200.00000000000003,135.0000000000022,122.05771365940309,1.8551311731274294,0.5000000000000001,0.8660254037844387,0.0,299.9957583313407
a2,126.3878404583207,0.0,82.49999961894517,1.8551311731274294,0.5000000000000001,0.8660254037844387,0.0,299.9957583313407
a2,0.37959171908065736,100.2231384700026,18.203799273125757,1.8551311731274294,0.5000000000000001,0.8660254037844387,0.0,299.9957583313407
a2,52.77617190497255,200.00000000000003,160.00000000000102,1.8551311731274294,0.5000000000000001,0.8660254037844387,0.0,299.9957583313407
a2,65.7660624134223,132.4999999999774,0.0,1.8551311731274294,0.5000000000000001,0.8660254037844387,0.0,299.9957583313407
a2,49.64063754950448,171.49206668059134,199.34184557373953,1.8551311731274294,0.5000000000000001,0.8660254037844387,0.0,299.9957583313407
a2,139.38128698760673,1.212392639395768,19.696356974755176,1.8551311731274294,0.5000000000000001,0.8660254037844387,0.0,299.9957583313407
a2,78.75644347024911,119.99999999983982,200.00000000000003,1.8551311731274294,0.5000000000000001,0.8660254037844387,0.0,299.9957583313407
a2,139.57937935577445,85.7743807494402,0.47472505500866624,1.8551311731274294,0.5000000000000001,0.8660254037844387,0.0,299.9957583313407
a2,160.55763893951692,118.3913274917248,0.9969275864964974,1.8551311731274294,0.5000000000000001,0.8660254037844387,0.0,299.9957583313407
a2,18.42852236810186,159.99257783301596,0.0,1.8551311731274294,0.5000000000000001,0.8660254037844387,0.0,299.9957583313407
a2,0.2216516601835759,40.60268198591579,148.24838098881202,1.8551311731274294,0.5000000000000001,0.8660254037844387,0.0,299.9957583313407
a2,87.41669756530463,84.99999986915283,200.00000000000003,1.8551311731274294,0.5000000000000001,0.8660254037844387,0.0,299.9957583313407
a2,145.684706566842,0.8614973134914137,0.6646122937082221,1.8551311731274294,0.5000000000000001,0.8660254037844387,0.0,299.9957583313407
a2,174.56714754815803,150.61923730092508,199.54391146730245,1.8551311731274294,0.5000000000000001,0.8660254037844387,0.0,299.9957583313407
a2,158.09134252810645,144.6434354527904,4.493444066678706,4.689445422374793,0.5000000000000001,0.8660254037844387,0.0,1861.3039659964797
a2,95.4682835130469,146.02938599850165,199.06109718432978,1.8551311731274294,0.5000000000000001,0.8660254037844387,0.0,299.9957583313407
a2,47.489545868295785,200.00000000000003,20.678486967725476,1.8551311731274294,0.5000000000000001,0.8660254037844387,0.0,299.9957583313407
a2,200.00000000000003,15.272291938835457,32.937624880080406,1.8551311731274294,0.5000000000000001,0.8660254037844387,0.0,299.9957583313407
a2,109.62129800254262,192.16979812187304,200.00000000000003,1.8551311731274294,0.5000000000000001,0.8660254037844387,0.0,299.9957583313407
a2,159.55186923075058,0.8358725678624073,187.95534732754578,1.8551311731274294,0.5000000000000001,0.8660254037844387,0.0,299.9957583313407
a2,200.00000000000003,7.320508075688774,192.67949192431126,1.8551311731274294,0.5000000000000001,0.8660254037844387,0.0,299.9957583313407
a2,0.8488250712417509,57.407515692525465,187.04826020757238,1.8551311731274294,0.5000000000000001,0.8660254037844387,0.0,299.9957583313407
a2,199.3494157230759,101.25472179605946,126.25228483587983,1.8551311731274294,0.5000000000000001,0.8660254037844387,0.0,299.9957583313407
a2,82.49140672639189,0.30545523545579156,173.4156201232282,1.8551311731274294,0.5000000000000001,0.8660254037844387,0.0,299.9957583313407
a2,199.10879778564149,33.18543647199906,179.06643253208662,1.8551311731274294,0.5000000000000001,0.8660254037844387,0.0,299.9957583313407
a2,88.52902110359531,175.46399467756132,1.297925421626526,1.8551311731274294,0.5000000000000001,0.8660254037844387,0.0,299.9957583313407
a2,131.18743911605452,91.10190822909831,199.6972264204528,1.8551311731274294,0.5000000000000001,0.8660254037844387,0.0,299.9957583313407
a2,91.87071949508865,186.7548420887188,0.0,1.8551311731274294,0.5000000000000001,0.8660254037844387,0.0,299.9957583313407
a2,78.7222899979873,199.56678247969643,154.6032439543917,1.8551311731274294,0.5000000000000001,0.8660254037844387,0.0,299.9957583313407
a2,63.076699441141436,0.0,14.45744776196578,1.8551311731274294,0.5000000000000001,0.8660254037844387,0.0,299.9957583313407
a2,28.05691142855292,90.13295781967483,0.40317380359299426,1.8551311731274294,0.5000000000000001,0.8660254037844387,0.0,299.9957583313407
a2,70.09618943233447,0.0,175.00000000000125,1.8551311731274294,0.5000000000000001,0.8660254037844387,0.0,299.9957583313407
a2,0.0,17.179644939205076,160.52935570396505,1.8551311731274294,0.5000000000000001,0.8660254037844387,0.0,299.9957583313407
a2,30.994592871440183,0.0,92.71997259764643,1.8551311731274294,0.5000000000000001,0.8660254037844387,0.0,299.9957583313407
a2,77.83669571762232,175.49701562392187,1.115557601276156,1.8551311731274294,0.5000000000000001,0.8660254037844387,0.0,299.9957583313407
a2,44.91523849738735,22.8803518208782,0.0,1.8551311731274294,0.5000000000000001,0.8660254037844387,0.0,299.9957583313407
a2,1.2883033211487909,99.32815660309838,17.68310573531918,1.8551311731274294,0.5000000000000001,0.8660254037844387,0.0,299.9957583313407
a2,191.1976658997928,156.00304335255908,199.90208067998262,1.8551311731274294,0.5000000000000001,0.8660254037844387,0.0,299.9957583313407
a2,200.00000000000003,70.00000000091156,87.41669750854899,1.8551311731274294,0.5000000000000001,0.8660254037844387,0.0,299.9957583313407
a2,8.707693051866382,95.66431100645843,54.74014030245216,4.700198445577318,0.5000000000000001,0.8660254037844387,0.0,1869.8497917755035
a2,200.00000000000003,186.5919548141438,82.1120214300968,1.8551311731274294,0.5000000000000001,0.8660254037844387,0.0,299.9957583313407
a2,21.804216496543066,199.92129214858093,67.8434539493248,1.8551311731274294,0.5000000000000001,0.8660254037844387,0.0,299.9957583313407
a2,35.4630124210441,85.0000000000003,200.00000000000003,1.8551311731274294,0.5000000000000001,0.8660254037844387,0.0,299.9957583313407
a2,18.546032355008503,200.00000000000003,92.39107332337846,1.8551311731274294,0.5000000000000001,0.8660254037844387,0.0,299.9957583313407
a2,200.00000000000003,65.00000149994295,130.71796856323732,1.8551311731274294,0.5000000000000001,0.8660254037844387,0.0,299.9957583313407
a2,199.19604324800568,9.49082573544123,40.3032711964601,1.8551311731274294,0.5000000000000001,0.8660254037844387,0.0,299.9957583313407
a2,112.26057557867315,0.5701668865430308,130.24302614314024,1.8551311731274294,0.5000000000000001,0.8660254037844387,0.0,299.9957583313407
a2,199.96589027486155,180.67030875325432,40.507168975789874,1.8551311731274294,0.5000000000000001,0.8660254037844387,0.0,299.9957583313407
a2,85.42554032763779,156.3457958200043,116.01478713725193,4.702550671482759,0.5000000000000001,0.8660254037844387,0.0,1871.721801965184
a2,1.2803805318686055,152.35695964636767,134.33443329229735,1.8551311731274294,0.5000000000000001,0.8660254037844387,0.0,299.9957583313407
a2,70.09618939049547,200.00000000000003,104.99999995559517,1.8551311731274294,0.5000000000000001,0.8660254037844387,0.0,299.9957583313407
a2,88.5033995125703,165.6067382261274,0.7135994339920027,1.8551311731274294,0.5000000000000001,0.8660254037844387,0.0,299.9957583313407
a2,147.17632492346092,0.5285458405192834,65.40901591634494,1.8551311731274294,0.5000000000000001,0.8660254037844387,0.0,299.9957583313407
a2,0.0,144.99999999370115,70.09618942639935,1.8551311731274294,0.5000000000000001,0.8660254037844387,0.0,299.9957583313407
a2,143.70834875401218,167.50170356596632,0.0,1.8551311731274294,0.5000000000000001,0.8660254037844387,0.0,299.9957583313407
a2,113.45264906748689,119.6588394742138,199.5253390817142,1.8551311731274294,0.5000000000000001,0.8660254037844387,0.0,299.9957583313407
a2,138.04874657505815,164.4087446503645,1.1585202444777736,1.8551311731274294,0.5000000000000001,0.8660254037844387,0.0,299.9957583313407
a2,200.00000000000003,37.500000000000014,4.3301270189221945,1.8551311731274294,0.5000000000000001,0.8660254037844387,0.0,299.9957583313407
a2,18.228436545827957,174.36347679272893,0.06552021172682464,1.8551311731274294,0.5000000000000001,0.8660254037844387,0.0,299.9957583313407
a2,113.98102316718008,199.73758844920644,185.05014543634115,1.8551311731274294,0.5000000000000001,0.8660254037844387,0.0,299.9957583313407
a2,199.53200843041665,32.02498998731334,47.32725375480417,1.8551311731274294,0.5000000000000001,0.8660254037844387,0.0,299.9957583313407
a2,182.6794919243086,200.00000000000003,89.99999999999591,1.8551311731274294,0.5000000000000001,0.8660254037844387,0.0,299.9957583313407
a2,199.65829497531524,39.647674124529495,129.84032230655203,1.8551311731274294,0.5000000000000001,0.8660254037844387,0.0,299.9957583313407
a2,0.43182781818362587,27.18433322939226,64.37047578591114,1.8551311731274294,0.5000000000000001,0.8660254037844387,0.0,299.9957583313407
a2,28.644732681933956,200.00000000000003,13.528764106611801,1.8551311731274294,0.5000000000000001,0.8660254037844387,0.0,299.9957583313407
a2,130.7179676972457,169.99999999999926,0.0,1.8551311731274294,0.5000000000000001,0.8660254037844387,0.0,299.9957583313407
a2,143.35298592607114,0.0,4.809431062546685,1.8551311731274294,0.5000000000000001,0.8660254037844387,0.0,299.9957583313407
a2,166.51317607199033,0.9412656361524947,105.80485144227102,1.8551311731274294,0.5000000000000001,0.8660254037844387,0.0,299.9957583313407
a2,152.3685512960582,0.0,47.49991080666248,1.8551311731274294,0.5000000000000001,0.8660254037844387,0.0,299.9957583313407
a2,78.37976074809109,175.70914254856945,198.72205116723907,1.8551311731274294,0.5000000000000001,0.8660254037844387,0.0,299.9957583313407
a2,65.76626006585346,0.0,72.50037695030183,1.8551311731274294,0.5000000000000001,0.8660254037844387,0.0,299.9957583313407
a2,72.50000000000001,4.3301270189221945,200.00000000000003,1.8551311731274294,0.5000000000000001,0.8660254037844387,0.0,299.9957583313407
a2,97.64677639700996,195.0402151848016,200.00000000000003,1.8551311731274294,0.5000000000000001,0.8660254037844387,0.0,299.9957583313407
a2,196.37683871495614,166.90013204561544,0.21408179665565508,1.8551311731274294,0.5000000000000001,0.8660254037844387,0.0,299.9957583313407
a2,39.625497112200705,191.24880673560904,0.0,1.8551311731274294,0.5000000000000001,0.8660254037844387,0.0,299.9957583313407
a2,0.0,62.50006523283416,187.0096566054279,1.8551311731274294,0.5000000000000001,0.8660254037844387,0.0,299.9957583313407
a2,0.0,167.47071567910154,83.09406402326124,1.8551311731274294,0.5000000000000001,0.8660254037844387,0.0,299.9957583313407
a2,34.124899226896915,85.08163560780045,199.39815797266428,1.8551311731274294,0.5000000000000001,0.8660254037844387,0.0,299.9957583313407
a2,200.00000000000003,132.5000000000044,65.76606241341517,1.8551311731274294,0.5000000000000001,0.8660254037844387,0.0,299.9957583313407
a2,75.53792160118321,27.06187485533668,1.1321931512382717,1.8551311731274294,0.5000000000000001,0.8660254037844387,0.0,299.9957583313407
a2,74.4263164513004,117.49999999990037,0.0,1.8551311731274294,0.5000000000000001,0.8660254037844387,0.0,299.9957583313407
a2,109.06733265963743,102.49999986976788,0.0,1.8551311731274294,0.5000000000000001,0.8660254037844387,0.0,299.9957583313407
a2,188.3055072549042,0.2255154710631118,173.24145894294804,1.8551311731274294,0.5000000000000001,0.8660254037844387,0.0,299.9957583313407
a2,20.647434379472045,199.12702268803935,85.29633490759873,1.8551311731274294,0.5000000000000001,0.8660254037844387,0.0,299.9957583313407
a2,200.00000000000003,17.45330755588096,135.225089198732,1.8551311731274294,0.5000000000000001,0.8660254037844387,0.0,299.9957583313407
a2,187.0096189432335,137.50000000000026,200.00000000000003,1.8551311731274294,0.5000000000000001,0.8660254037844387,0.0,299.9957583313407
a2,130.7179670833728,200.00000000000003,159.99999893605906,1.8551311731274294,0.5000000000000001,0.8660254037844387,0.0,299.9957583313407
a2,185.7294878758289,71.83535894336964,1.1787014334422437,1.8551311731274294,0.5000000000000001,0.8660254037844387,0.0,299.9957583313407
a2,169.68911086754477,0.0,97.49999999999987,1.8551311731274294,0.5000000000000001,0.8660254037844387,0.0,299.9957583313407
a2,200.00000000000003,8.7414887306968,79.88848676808054,1.8551311731274294,0.5000000000000001,0.8660254037844387,0.0,299.9957583313407
a2,174.5096189432334,189.1506350946114,200.00000000000003,1.8551311731274294,0.5000000000000001,0.8660254037844387,0.0,299.9957583313407
a2,198.6918730933616,109.52449857358403,166.59680043629737,1.8551311731274294,0.5000000000000001,0.8660254037844387,0.0,299.9957583313407
a2,152.95058341923078,181.79749688521892,199.89736600719039,1.8551311731274294,0.5000000000000001,0.8660254037844387,0.0,299.9957583313407
a2,200.00000000000003,190.94971572156797,69.10096806259517,1.8551311731274294,0.5000000000000001,0.8660254037844387,0.0,299.9957583313407
a2,31.48548865098159,199.16509660280087,72.90288622811109,1.8551311731274294,0.5000000000000001,0.8660254037844387,0.0,299.9957583313407
a2,43.03150897642656,199.75113484771907,89.23634411879713,1.8551311731274294,0.5000000000000001,0.8660254037844387,0.0,299.9957583313407
a2,200.00000000000003,132.5000000000087,83.08657048910663,1.8551311731274294,0.5000000000000001,0.8660254037844387,0.0,299.9957583313407
a2,174.40519263784782,90.2564233178844,0.158131649311161,1.8551311731274294,0.5000000000000001,0.8660254037844387,0.0,299.9957583313407
a2,83.05104813237404,0.0,32.63643916930108,1.8551311731274294,0.5000000000000001,0.8660254037844387,0.0,299.9957583313407
a2,103.6325442773678,125.6125142044983,1.0158646663438748,1.8551311731274294,0.5000000000000001,0.8660254037844387,0.0,299.9957583313407
a2,139.11417532902098,200.00000000000003,173.92132556897386,1.8551311731274294,0.5000000000000001,0.8660254037844387,0.0,299.9957583313407
a2,170.37949701194503,157.66137012538735,199.34006399912195,1.8551311731274294,0.5000000000000001,0.8660254037844387,0.0,299.9957583313407
a2,200.00000000000003,55.00004248379921,191.33977049018867,1.8551311731274294,0.5000000000000001,0.8660254037844387,0.0,299.9957583313407
a2,1.269429810054454,120.57718980936262,114.37512066140683,1.8551311731274294,0.5000000000000001,0.8660254037844387,0.0,299.9957583313407
a2,66.48900551305934,1.125914734690913,138.6703145406114,1.8551311731274294,0.5000000000000001,0.8660254037844387,0.0,299.9957583313407
a2,200.00000000000003,95.00000000000325,35.455173280957936,1.8551311731274294,0.5000000000000001,0.8660254037844387,0.0,299.9957583313407
a2,0.0,39.13326847887751,112.92661995868627,1.8551311731274294,0.5000000000000001,0.8660254037844387,0.0,299.9957583313407
a2,0.0,119.99999576748033,130.717963709389,1.8551311731274294,0.5000000000000001,0.8660254037844387,0.0,299.9957583313407
a2,122.05771365950567,134.9999999997608,200.00000000000003,1.8551311731274294,0.5000000000000001,0.8660254037844387,0.0,299.9957583313407
a2,200.00000000000003,97.50000000386085,109.06733260486335,1.8551311731274294,0.5000000000000001,0.8660254037844387,0.0,299.9957583313407
a2,187.87597255831542,56.18944790843271,0.966428694804956,1.8551311731274294,0.5000000000000001,0.8660254037844387,0.0,299.9957583313407
a2,200.00000000000003,75.00000000000338,44.11542731880232,1.8551311731274294,0.5000000000000001,0.8660254037844387,0.0,299.9957583313407
a2,39.7160981784987,71.91240697064146,199.1875250555174,1.8551311731274294,0.5000000000000001,0.8660254037844387,0.0,299.9957583313407
a2,65.76606228127973,200.00000000000003,117.49999985976179,1.8551311731274294,0.5000000000000001,0.8660254037844387,0.0,299.9957583313407
a2,165.93703012443055,199.38009089690132,74.3532227356502,1.8551311731274294,0.5000000000000001,0.8660254037844387,0.0,299.9957583313407
a2,198.84877035438618,165.194037053267,104.4856713806224,1.8551311731274294,0.5000000000000001,0.8660254037844387,0.0,299.9957583313407
a2,8.92899995912163,34.56005480470954,0.0,1.8551311731274294,0.5000000000000001,0.8660254037844387,0.0,299.9957583313407
a2,199.9568849314903,174.475712858509,5.725139347817289,1.8551311731274294,0.5000000000000001,0.8660254037844387,0.0,299.9957583313407
a2,200.00000000000003,196.55208718850315,157.80208718850326,1.8551311731274294,0.5000000000000001,0.8660254037844387,0.0,299.9957583313407
a2,134.56465479677178,142.89207713405696,0.08211210948669799,1.8551311731274294,0.5000000000000001,0.8660254037844387,0.0,299.9957583313407
a2,67.23798185348646,1.0663681501286075,22.741894872228617,1.8551311731274294,0.5000000000000001,0.8660254037844387,0.0,299.9957583313407
a2,52.76885583465781,200.00000000000003,169.98789023992276,1.8551311731274294,0.5000000000000001,0.8660254037844387,0.0,299.9957583313407
a2,0.0,21.854567709239962,17.255392664601654,1.8551311731274294,0.5000000000000001,0.8660254037844387,0.0,299.9957583313407
a2,200.00000000000003,137.50000000000026,187.0096189432343,1.8551311731274294,0.5000000000000001,0.8660254037844387,0.0,299.9957583313407
a2,191.340565167219,44.99190205466505,0.0,1.8551311731274294,0.5000000000000001,0.8660254037844387,0.0,299.9957583313407
a2,113.29400946328249,0.6771810289390103,145.28203903545517,1.8551311731274294,0.5000000000000001,0.8660254037844387,0.0,299.9957583313407
a2,31.14389614877651,188.60807198636888,199.34924730081306,1.8551311731274294,0.5000000000000001,0.8660254037844387,0.0,299.9957583313407
a2,52.99470313674741,44.410623394266814,199.65859202313322,1.8551311731274294,0.5000000000000001,0.8660254037844387,0.0,299.9957583313407
a2,143.7083487540112,107.50000000000044,0.0,1.8551311731274294,0.5000000000000001,0.8660254037844387,0.0,299.9957583313407
a2,75.02558510504514,41.30198303913125,199.7124060929116,1.8551311731274294,0.5000000000000001,0.8660254037844387,0.0,299.9957583313407
a2,107.28286544267638,199.9386131633955,20.14465567925172,1.8551311731274294,0.5000000000000001,0.8660254037844387,0.0,299.9957583313407
a2,18.409138765016735,0.3700384333180057,172.59282359483376,1.8551311731274294,0.5000000000000001,0.8660254037844387,0.0,299.9957583313407
a2,0.0,145.0013137654093,148.03772812763958,1.8551311731274294,0.5000000000000001,0.8660254037844387,0.0,299.9957583313407
a2,200.00000000000003,82.5000002728631,152.368602949394,1.8551311731274294,0.5000000000000001,0.8660254037844387,0.0,299.9957583313407
a2,156.69872981077907,139.99999999999844,0.0,1.8551311731274294,0.5000000000000001,0.8660254037844387,0.0,299.9957583313407
a2,191.5630369558482,200.00000000000003,15.386751345948014,1.8551311731274294,0.5000000000000001,0.8660254037844387,0.0,299.9957583313407
a2,200.00000000000003,80.00000000023604,78.75644347031464,1.8551311731274294,0.5000000000000001,0.8660254037844387,0.0,299.9957583313407
a2,103.88400408058584,199.60207210816048,144.20635284833173,1.8551311731274294,0.5000000000000001,0.8660254037844387,0.0,299.9957583313407
a2,61.43593539447793,0.0,109.99999999997914,1.8551311731274294,0.5000000000000001,0.8660254037844387,0.0,299.9957583313407
a2,126.39087404960884,0.0,172.41902524591208,1.8551311731274294,0.5000000000000001,0.8660254037844387,0.0,299.9957583313407
a2,139.48185144590863,0.0,174.82050807568962,1.8551311731274294,0.5000000000000001,0.8660254037844387,0.0,299.9957583313407
a2,156.18833613667869,0.0,180.13798500366957,1.8551311731274294,0.5000000000000001,0.8660254037844387,0.0,299.9957583313407
a2,47.489545868295785,200.00000000000003,20.678486967725476,1.8551311731274294,0.5000000000000001,0.8660254037844387,0.0,299.9957583313407
a2,186.56641414966944,198.95290256761888,91.6090891159254,1.8551311731274294,0.5000000000000001,0.8660254037844387,0.0,299.9957583313407
a2,48.4456031843398,0.0,72.50009414954192,1.8551311731274294,0.5000000000000001,0.8660254037844387,0.0,299.9957583313407
a2,74.4263164512736,87.4999999999613,200.00000000000003,1.8551311731274294,0.5000000000000001,0.8660254037844387,0.0,299.9957583313407
a2,96.07695154422724,0.0,104.99999999715905,1.8551311731274294,0.5000000000000001,0.8660254037844387,0.0,299.9957583313407
a2,52.7532040833425,0.06018845270407613,113.87237900822488,1.8551311731274294,0.5000000000000001,0.8660254037844387,0.0,299.9957583313407
a2,1.1365067521854115,185.2641042280383,96.69436057433556,1.8551311731274294,0.5000000000000001,0.8660254037844387,0.0,299.9957583313407
a2,0.5212985888858469,84.12568805618393,9.056947985002445,1.8551311731274294,0.5000000000000001,0.8660254037844387,0.0,299.9957583313407
a2,143.20996461686238,199.11147632126412,196.43747945109544,1.8551311731274294,0.5000000000000001,0.8660254037844387,0.0,299.9957583313407
a2,18.546032355008503,200.00000000000003,92.39107332337846,1.8551311731274294,0.5000000000000001,0.8660254037844387,0.0,299.9957583313407
a2,78.75780566963479,200.00000000000003,169.63952056061032,1.8551311731274294,0.5000000000000001,0.8660254037844387,0.0,299.9957583313407
a2,87.41326113743773,200.00000000000003,75.00042444877663,1.8551311731274294,0.5000000000000001,0.8660254037844387,0.0,299.9957583313407
a2,191.33974596215546,109.9999999999999,0.0,1.8551311731274294,0.5000000000000001,0.8660254037844387,0.0,299.9957583313407
a2,108.1883161935894,0.7901372668971025,107.67333361718298,1.8551311731274294,0.5000000000000001,0.8660254037844387,0.0,299.9957583313407
a2,87.41669750805355,144.99999999993105,200.00000000000003,1.8551311731274294,0.5000000000000001,0.8660254037844387,0.0,299.9957583313407
a2,174.87486892567495,0.7449133329719844,181.03945123281318,1.8551311731274294,0.5000000000000001,0.8660254037844387,0.0,299.9957583313407
a2,195.6698729810779,0.0,77.49999999999999,1.8551311731274294,0.5000000000000001,0.8660254037844387,0.0,299.9957583313407
a2,143.70897390095115,42.498608189151184,200.00000000000003,1.8551311731274294,0.5000000000000001,0.8660254037844387,0.0,299.9957583313407
a2,48.52778736209329,133.60421763164865,0.27116478632355345,1.8551311731274294,0.5000000000000001,0.8660254037844387,0.0,299.9957583313407
a2,0.0888545171223369,75.37844608798173,53.00363593795136,1.8551311731274294,0.5000000000000001,0.8660254037844387,0.0,299.9957583313407
a2,135.99025035262503,117.89088985874265,199.52127924208818,1.8551311731274294,0.5000000000000001,0.8660254037844387,0.0,299.9957583313407
a2,89.39747896021692,16.35723773944049,199.87489287340057,1.8551311731274294,0.5000000000000001,0.8660254037844387,0.0,299.9957583313407
a2,18.134665205267993,150.0000000000002,0.0,1.8551311731274294,0.5000000000000001,0.8660254037844387,0.0,299.9957583313407
a2,8.968381390305492,75.78017992952253,200.00000000000003,1.8551311731274294,0.5000000000000001,0.8660254037844387,0.0,299.9957583313407
a2,25.352582070708227,10.763304321683128,0.0,1.8551311731274294,0.5000000000000001,0.8660254037844387,0.0,299.9957583313407
a2,156.69872981077864,154.99999999999935,200.00000000000003,1.8551311731274294,0.5000000000000001,0.8660254037844387,0.0,299.9957583313407
a2,99.59809029483532,78.40445566072455,199.78869491311735,1.8551311731274294,0.5000000000000001,0.8660254037844387,0.0,299.9957583313407
a2,143.78664203056223,0.830751610061603,26.42059875135552,1.8551311731274294,0.5000000000000001,0.8660254037844387,0.0,299.9957583313407
a2,0.0,57.49877990889746,169.68840644761846,1.8551311731274294,0.5000000000000001,0.8660254037844387,0.0,299.9957583313407
a2,122.05771365951264,119.99999999974469,200.00000000000003,1.8551311731274294,0.5000000000000001,0.8660254037844387,0.0,299.9957583313407
a2,78.75644347006916,0.0,99.9999999998103,1.8551311731274294,0.5000000000000001,0.8660254037844387,0.0,299.9957583313407
a2,200.00000000000003,50.000000000003006,18.930249692217036,1.8551311731274294,0.5000000000000001,0.8660254037844387,0.0,299.9957583313407
a2,199.0259660257477,98.84269175181579,62.39845111476773,1.8551311731274294,0.5000000000000001,0.8660254037844387,0.0,299.9957583313407
a2,0.0,182.26992131382315,187.14245828293122,1.8551311731274294,0.5000000000000001,0.8660254037844387,0.0,299.9957583313407
a2,162.565507680618,195.5543497737482,200.00000000000003,1.8551311731274294,0.5000000000000001,0.8660254037844387,0.0,299.9957583313407
a2,74.42631645130034,122.49999999990054,0.0,1.8551311731274294,0.5000000000000001,0.8660254037844387,0.0,299.9957583313407
a2,199.1762405236858,156.23179977764775,160.22587706906185,1.8551311731274294,0.5000000000000001,0.8660254037844387,0.0,299.9957583313407
a2,8.86862242121951,135.00647639885585,0.40768937124016297,1.8551311731274294,0.5000000000000001,0.8660254037844387,0.0,299.9957583313407
a2,200.00000000000003,165.16139382118564,78.83186229772848,1.8551311731274294,0.5000000000000001,0.8660254037844387,0.0,299.9957583313407
a2,127.80687152996653,13.690476896938938,200.00000000000003,1.8551311731274294,0.5000000000000001,0.8660254037844387,0.0,299.9957583313407
a2,68.25233053916266,0.0,7.989323008395936,1.8551311731274294,0.5000000000000001,0.8660254037844387,0.0,299.9957583313407
a2,0.0,162.50163927771,187.00867870081774,1.8551311731274294,0.5000000000000001,0.8660254037844387,0.0,299.9957583313407
a2,83.02897830086357,178.10735488947034,199.4089723572228,1.8551311731274294,0.5000000000000001,0.8660254037844387,0.0,299.9957583313407
a2,109.70204672389106,53.08560081501154,0.6221903511214576,1.8551311731274294,0.5000000000000001,0.8660254037844387,0.0,299.9957583313407
a2,139.30518177823646,0.46337447648245217,50.78597201435147,1.8551311731274294,0.5000000000000001,0.8660254037844387,0.0,299.9957583313407
a2,156.47492094483107,199.20896979108235,136.33502401214716,1.8551311731274294,0.5000000000000001,0.8660254037844387,0.0,299.9957583313407
a2,153.28946479793242,143.20345720308052,199.40396882563442,1.8551311731274294,0.5000000000000001,0.8660254037844387,0.0,299.9957583313407
a2,195.66987298107787,147.50000000000017,200.00000000000003,1.8551311731274294,0.5000000000000001,0.8660254037844387,0.0,299.9957583313407
a2,136.43076956950375,0.0758804277442806,196.55272494361242,1.8551311731274294,0.5000000000000001,0.8660254037844387,0.0,299.9957583313407
a2,200.00000000000003,196.33974596215558,191.3397459621556,1.8551311731274294,0.5000000000000001,0.8660254037844387,0.0,299.9957583313407
a2,100.40707856479034,167.49999999999952,200.00000000000003,1.8551311731274294,0.5000000000000001,0.8660254037844387,0.0,299.9957583313407
a2,86.14865261582261,156.30128276293263,198.87598576923423,1.8551311731274294,0.5000000000000001,0.8660254037844387,0.0,299.9957583313407
a2,39.808817720141235,0.0,157.50000000000085,1.8551311731274294,0.5000000000000001,0.8660254037844387,0.0,299.9957583313407
a2,0.0,87.49958957183517,83.08543023315356,1.8551311731274294,0.5000000000000001,0.8660254037844387,0.0,299.9957583313407
a2,0.6910945278594457,161.5742054505362,57.020043208906735,1.8551311731274294,0.5000000000000001,0.8660254037844387,0.0,299.9957583313407
a2,55.978260090298555,121.67704519662746,0.25678348259949074,1.8551311731274294,0.5000000000000001,0.8660254037844387,0.0,299.9957583313407
a2,200.00000000000003,110.00000000070882,113.39745962196605,1.8551311731274294,0.5000000000000001,0.8660254037844387,0.0,299.9957583313407
a2,82.37616987374514,0.2993292860072471,112.100436219629,1.8551311731274294,0.5000000000000001,0.8660254037844387,0.0,299.9957583313407
a2,199.79280999933636,97.19302554969036,152.03168446801791,1.8551311731274294,0.5000000000000001,0.8660254037844387,0.0,299.9957583313407
a2,187.01109692878046,47.491369971992384,0.0,1.8551311731274294,0.5000000000000001,0.8660254037844387,0.0,299.9957583313407
a2,47.62921550729871,168.65652125420257,198.6764769998025,1.8551311731274294,0.5000000000000001,0.8660254037844387,0.0,299.9957583313407
a2,149.1499945675885,0.3755537802989378,121.26472674645748,1.8551311731274294,0.5000000000000001,0.8660254037844387,0.0,299.9957583313407
a2,187.0096189432335,137.50000000000026,0.0,1.8551311731274294,0.5000000000000001,0.8660254037844387,0.0,299.9957583313407
a2,123.65975936166619,199.79098330477822,185.2742990981181,1.8551311731274294,0.5000000000000001,0.8660254037844387,0.0,299.9957583313407
a2,0.0,42.256290659282584,152.22789713838847,1.8551311731274294,0.5000000000000001,0.8660254037844387,0.0,299.9957583313407
a2,165.93278307750037,0.12005005980750941,12.973761934116457,1.8551311731274294,0.5000000000000001,0.8660254037844387,0.0,299.9957583313407
a2,101.1440595574036,163.46669111902102,40.33263948796328,4.702419704139357,0.5000000000000001,0.8660254037844387,0.0,1871.617547472003
a2,11.258006370193057,0.31726483161237257,193.64177197904488,1.8551311731274294,0.5000000000000001,0.8660254037844387,0.0,299.9957583313407
a2,131.0047312736136,199.3584442762464,90.46436176949696,1.8551311731274294,0.5000000000000001,0.8660254037844387,0.0,299.9957583313407
a2,161.0294714494031,200.00000000000003,137.4989354311186,1.8551311731274294,0.5000000000000001,0.8660254037844387,0.0,299.9957583313407
a2,39.47087360180572,199.7583937974949,106.47969736104933,1.8551311731274294,0.5000000000000001,0.8660254037844387,0.0,299.9957583313407
a2,199.02007699182087,23.87063843519805,112.39002479747668,1.8551311731274294,0.5000000000000001,0.8660254037844387,0.0,299.9957583313407
a2,122.03334990880006,0.0,35.05606978843439,1.8551311731274294,0.5000000000000001,0.8660254037844387,0.0,299.9957583313407
a2,81.72914083968577,37.71371053125287,198.70894311913,1.8551311731274294,0.5000000000000001,0.8660254037844387,0.0,299.9957583313407
a2,139.18122313767128,96.24371118327933,1.2255988016958834,1.8551311731274294,0.5000000000000001,0.8660254037844387,0.0,299.9957583313407
a2,109.06733265963743,102.49999986976788,200.00000000000003,1.8551311731274294,0.5000000000000001,0.8660254037844387,0.0,299.9957583313407
a2,174.01923788646616,94.9999999999999,0.0,1.8551311731274294,0.5000000000000001,0.8660254037844387,0.0,299.9957583313407
a2,77.08710418831076,0.0,186.35027360700875,1.8551311731274294,0.5000000000000001,0.8660254037844387,0.0,299.9957583313407
a2,44.12457298221549,200.00000000000003,139.99999999997883,1.8551311731274294,0.5000000000000001,0.8660254037844387,0.0,299.9957583313407
a2,198.7951868408017,38.570029242136755,153.28192596192963,1.8551311731274294,0.5000000000000001,0.8660254037844387,0.0,299.9957583313407
a2,0.9112218614511384,150.672687591514,164.90047672656,1.8551311731274294,0.5000000000000001,0.8660254037844387,0.0,299.9957583313407
a2,91.89232768722799,0.020232399296612545,32.42266985100216,1.8551311731274294,0.5000000000000001,0.8660254037844387,0.0,299.9957583313407
a2,199.6026502631125,51.23656796576153,157.97796650440577,1.8551311731274294,0.5000000000000001,0.8660254037844387,0.0,299.9957583313407
a2,193.2158694325632,9.907599223573605,0.07833971686843808,1.8551311731274294,0.5000000000000001,0.8660254037844387,0.0,299.9957583313407
a2,1.2517046832384178,17.078704997519505,140.35229314978233,1.8551311731274294,0.5000000000000001,0.8660254037844387,0.0,299.9957583313407
a2,200.00000000000003,67.50000361716062,143.7083508423803,1.8551311731274294,0.5000000000000001,0.8660254037844387,0.0,299.9957583313407
a2,109.83132654040861,1.0805516766724217,122.77556053735138,1.8551311731274294,0.5000000000000001,0.8660254037844387,0.0,299.9957583313407
a2,200.00000000000003,59.99999999999999,0.0,1.8551311731274294,0.5000000000000001,0.8660254037844387,0.0,299.9957583313407
a2,58.708940279829356,200.00000000000003,187.68457437792242,1.8551311731274294,0.5000000000000001,0.8660254037844387,0.0,299.9957583313407
a2,199.510271683204,130.79692239921687,122.59594135152552,1.8551311731274294,0.5000000000000001,0.8660254037844387,0.0,299.9957583313407
a2,181.3448314117104,0.8643288883339132,104.76663288009289,1.8551311731274294,0.5000000000000001,0.8660254037844387,0.0,299.9957583313407
a2,200.00000000000003,117.46721765516642,39.8088000272145,1.8551311731274294,0.5000000000000001,0.8660254037844387,0.0,299.9957583313407
a2,198.9286120612761,36.15452232028303,195.2630383404186,1.8551311731274294,0.5000000000000001,0.8660254037844387,0.0,299.9957583313407
a2,99.6117496915106,0.5254942056934387,48.84222576623183,1.8551311731274294,0.5000000000000001,0.8660254037844387,0.0,299.9957583313407
a2,68.78723458263688,85.96646292942826,0.29535948874121587,1.8551311731274294,0.5000000000000001,0.8660254037844387,0.0,299.9957583313407
a2,126.34549603969248,171.8859283556521,199.60721658618436,1.8551311731274294,0.5000000000000001,0.8660254037844387,0.0,299.9957583313407
a2,56.196234552578304,198.70732630695127,161.3559059536737,1.8551311731274294,0.5000000000000001,0.8660254037844387,0.0,299.9957583313407
a2,198.67544945903484,98.64505557978902,44.38131653085908,1.8551311731274294,0.5000000000000001,0.8660254037844387,0.0,299.9957583313407
a2,200.00000000000003,147.50000000000313,65.76606241341479,1.8551311731274294,0.5000000000000001,0.8660254037844387,0.0,299.9957583313407
a2,109.01469288332707,0.42481646216210067,17.54722007614491,1.8551311731274294,0.5000000000000001,0.8660254037844387,0.0,299.9957583313407
a2,75.47628677014133,199.1516591417578,152.24937158273423,1.8551311731274294,0.5000000000000001,0.8660254037844387,0.0,299.9957583313407
a2,137.61390944988054,196.03040274497653,0.0,1.8551311731274294,0.5000000000000001,0.8660254037844387,0.0,299.9957583313407
a2,63.458802393019496,190.4918221633517,0.0,1.8551311731274294,0.5000000000000001,0.8660254037844387,0.0,299.9957583313407
a2,27.33818593595447,1.0430978091693892,148.29829497555085,1.8551311731274294,0.5000000000000001,0.8660254037844387,0.0,299.9957583313407
a2,127.59500255486816,0.639331358775909,41.69617533831491,1.8551311731274294,0.5000000000000001,0.8660254037844387,0.0,299.9957583313407
a2,151.16335837203368,0.0,8.160167137833522,1.8551311731274294,0.5000000000000001,0.8660254037844387,0.0,299.9957583313407
a2,0.19828394616948022,26.626486262261363,99.80183875494436,1.8551311731274294,0.5000000000000001,0.8660254037844387,0.0,299.9957583313407
a2,31.61877210473687,199.67078805879427,138.92841041510025,1.8551311731274294,0.5000000000000001,0.8660254037844387,0.0,299.9957583313407
a2,0.15865808745174576,177.28864326257855,151.88187340132092,1.8551311731274294,0.5000000000000001,0.8660254037844387,0.0,299.9957583313407
a2,45.75564201407825,199.62345655855424,189.29601638387408,1.8551311731274294,0.5000000000000001,0.8660254037844387,0.0,299.9957583313407
a2,2.839984190756366,147.66685016953517,0.4480433846748528,1.8551311731274294,0.5000000000000001,0.8660254037844387,0.0,299.9957583313407
a2,91.56889699088234,199.79633766064643,166.77300635553067,1.8551311731274294,0.5000000000000001,0.8660254037844387,0.0,299.9957583313407
a2,18.30591527644119,38.25864268262255,198.87064963445138,1.8551311731274294,0.5000000000000001,0.8660254037844387,0.0,299.9957583313407
a2,0.0,172.33456405318103,39.96458003287249,1.8551311731274294,0.5000000000000001,0.8660254037844387,0.0,299.9957583313407
a2,21.00040270760211,1.0103454209139597,35.930645535970356,1.8551311731274294,0.5000000000000001,0.8660254037844387,0.0,299.9957583313407
a2,139.37822173501,0.0,114.99999999986224,1.8551311731274294,0.5000000000000001,0.8660254037844387,0.0,299.9957583313407
a2,187.63755267988697,187.70128640154945,200.00000000000003,1.8551311731274294,0.5000000000000001,0.8660254037844387,0.0,299.9957583313407
a2,126.38784141302635,92.49999832055278,0.0,1.8551311731274294,0.5000000000000001,0.8660254037844387,0.0,299.9957583313407
a2,194.95706179261555,1.2695988041676283,41.45963091337703,1.8551311731274294,0.5000000000000001,0.8660254037844387,0.0,299.9957583313407
a2,40.25223705773954,73.0685866364128,198.81704885989672,1.8551311731274294,0.5000000000000001,0.8660254037844387,0.0,299.9957583313407
a2,147.76152255488103,71.31147140106292,1.1492063180694279,1.8551311731274294,0.5000000000000001,0.8660254037844387,0.0,299.9957583313407
a2,175.11595949022868,0.21764928233789657,184.06890375771425,1.8551311731274294,0.5000000000000001,0.8660254037844387,0.0,299.9957583313407
a2,200.00000000000003,9.186412343648405,90.18200712905687,1.8551311731274294,0.5000000000000001,0.8660254037844387,0.0,299.9957583313407
a2,0.42016944503002024,119.05271813975565,166.36398396711544,1.8551311731274294,0.5000000000000001,0.8660254037844387,0.0,299.9957583313407
a2,48.44568454970718,87.5000025836542,0.0,1.8551311731274294,0.5000000000000001,0.8660254037844387,0.0,299.9957583313407
a2,198.8770651023658,168.72645026879954,112.38799652716295,1.8551311731274294,0.5000000000000001,0.8660254037844387,0.0,299.9957583313407
a2,199.2797721783959,7.367628354044647,11.494837997871103,1.8551311731274294,0.5000000000000001,0.8660254037844387,0.0,299.9957583313407
a2,43.55861841733813,199.68518245808684,158.73027028437926,1.8551311731274294,0.5000000000000001,0.8660254037844387,0.0,299.9957583313407
a2,44.11542731880125,160.00000000000026,200.00000000000003,1.8551311731274294,0.5000000000000001,0.8660254037844387,0.0,299.9957583313407
a2,31.131464457154756,200.00000000000003,147.49999999998582,1.8551311731274294,0.5000000000000001,0.8660254037844387,0.0,299.9957583313407
a2,0.0,21.22827698696733,126.04927226743928,1.8551311731274294,0.5000000000000001,0.8660254037844387,0.0,299.9957583313407
a2,43.40678633803598,54.46506733195898,0.4909815084195122,1.8551311731274294,0.5000000000000001,0.8660254037844387,0.0,299.9957583313407
a2,32.76263139754926,199.74951414699626,24.116447387768222,1.8551311731274294,0.5000000000000001,0.8660254037844387,0.0,299.9957583313407
a2,147.00524598219323,8.875366914907607,1.1070237577226683,1.8551311731274294,0.5000000000000001,0.8660254037844387,0.0,299.9957583313407
a2,127.95447883228435,196.63188141566766,0.9796483908187823,1.8551311731274294,0.5000000000000001,0.8660254037844387,0.0,299.9957583313407
a2,0.0,70.00000000000166,13.397459621556546,1.8551311731274294,0.5000000000000001,0.8660254037844387,0.0,299.9957583313407
a2,130.71799431465496,69.99993913716895,200.00000000000003,1.8551311731274294,0.5000000000000001,0.8660254037844387,0.0,299.9957583313407
a2,169.68901208920767,162.5032299631717,200.00000000000003,1.8551311731274294,0.5000000000000001,0.8660254037844387,0.0,299.9957583313407
a2,109.06733470207158,72.4999952055255,0.0,1.8551311731274294,0.5000000000000001,0.8660254037844387,0.0,299.9957583313407
a2,200.00000000000003,120.00000000000105,165.3589838486244,1.8551311731274294,0.5000000000000001,0.8660254037844387,0.0,299.9957583313407
a2,4.748002738801457,199.44398334577062,178.25848995019757,1.8551311731274294,0.5000000000000001,0.8660254037844387,0.0,299.9957583313407
a2,127.62940296256754,146.49956614037063,198.69234288181025,1.8551311731274294,0.5000000000000001,0.8660254037844387,0.0,299.9957583313407
a2,0.0,183.56433255863305,110.34234514526126,1.8551311731274294,0.5000000000000001,0.8660254037844387,0.0,299.9957583313407
a2,40.155278593217176,23.29206519181389,81.37996551648875,4.701614410441961,0.5000000000000001,0.8660254037844387,0.0,1870.9765699094341
a2,73.7334329768362,131.91897341238447,1.2543664717355956,1.8551311731274294,0.5000000000000001,0.8660254037844387,0.0,299.9957583313407
a2,0.0,27.283412858435547,160.85613714640422,1.8551311731274294,0.5000000000000001,0.8660254037844387,0.0,299.9957583313407
a2,71.27847399263732,174.4840906176489,0.4769322508947648,1.8551311731274294,0.5000000000000001,0.8660254037844387,0.0,299.9957583313407
a2,31.15324539020804,200.00000000000003,107.49999999920371,1.8551311731274294,0.5000000000000001,0.8660254037844387,0.0,299.9957583313407
a2,200.00000000000003,179.98715793559975,113.68705727871284,1.8551311731274294,0.5000000000000001,0.8660254037844387,0.0,299.9957583313407
a2,200.00000000000003,125.00000000000325,44.11542731880306,1.8551311731274294,0.5000000000000001,0.8660254037844387,0.0,299.9957583313407
a2,87.41924612244893,50.004593626522876,0.0,1.8551311731274294,0.5000000000000001,0.8660254037844387,0.0,299.9957583313407
a2,0.9961710402664152,125.60664222479002,156.59633092132188,1.8551311731274294,0.5000000000000001,0.8660254037844387,0.0,299.9957583313407
a2,152.36690177736278,200.00000000000003,72.49705375647422,1.8551311731274294,0.5000000000000001,0.8660254037844387,0.0,299.9957583313407
a2,156.2105627201139,10.881878483270535,200.00000000000003,1.8551311731274294,0.5000000000000001,0.8660254037844387,0.0,299.9957583313407
a2,104.73720621257259,79.99999856358244,0.0,1.8551311731274294,0.5000000000000001,0.8660254037844387,0.0,299.9957583313407
a2,199.73710355623143,81.29987827176167,78.88252398162987,1.8551311731274294,0.5000000000000001,0.8660254037844387,0.0,299.9957583313407
a2,0.5852900965253663,82.53876979089728,99.7526797053943,1.8551311731274294,0.5000000000000001,0.8660254037844387,0.0,299.9957583313407
a2,0.0,117.49999495791525,91.7468197763208,1.8551311731274294,0.5000000000000001,0.8660254037844387,0.0,299.9957583313407
a2,18.910919454869816,0.0,30.29835211915197,1.8551311731274294,0.5000000000000001,0.8660254037844387,0.0,299.9957583313407
a2,152.36860279185515,97.50000000000034,0.0,1.8551311731274294,0.5000000000000001,0.8660254037844387,0.0,299.9957583313407
a2,182.6940259443799,29.772608742704147,0.0,1.8551311731274294,0.5000000000000001,0.8660254037844387,0.0,299.9957583313407
a2,155.46817244970757,45.10939453936474,80.84650309993685,4.702615929948785,0.5000000000000001,0.8660254037844387,0.0,1871.7737510241868
a2,136.11330477489213,8.798506572965625,1.1577368456826747,1.8551311731274294,0.5000000000000001,0.8660254037844387,0.0,299.9957583313407
a2,200.00000000000003,62.50000000000982,57.105808375572515,1.8551311731274294,0.5000000000000001,0.8660254037844387,0.0,299.9957583313407
a2,47.41787457977223,195.23182181904127,200.00000000000003,1.8551311731274294,0.5000000000000001,0.8660254037844387,0.0,299.9957583313407
a2,200.00000000000003,25.10538391007173,148.0985805196666,1.8551311731274294,0.5000000000000001,0.8660254037844387,0.0,299.9957583313407
a2,131.14582754666034,1.328338561781053,17.54758843153636,1.8551311731274294,0.5000000000000001,0.8660254037844387,0.0,299.9957583313407
a2,200.00000000000003,50.000121892383916,122.05776903149277,1.8551311731274294,0.5000000000000001,0.8660254037844387,0.0,299.9957583313407
a2,26.92379499642374,95.16234162005692,200.00000000000003,1.8551311731274294,0.5000000000000001,0.8660254037844387,0.0,299.9957583313407
a2,26.197525394200838,199.0855552935518,120.54011813276934,1.8551311731274294,0.5000000000000001,0.8660254037844387,0.0,299.9957583313407
a2,156.69872981077785,115.00000000000016,200.00000000000003,1.8551311731274294,0.5000000000000001,0.8660254037844387,0.0,299.9957583313407
a2,174.84435368186124,1.0899190841735242,95.2909011102958,1.8551311731274294,0.5000000000000001,0.8660254037844387,0.0,299.9957583313407
a2,199.879625379226,155.17654861126098,104.11110066983,1.8551311731274294,0.5000000000000001,0.8660254037844387,0.0,299.9957583313407
a2,200.00000000000003,87.5000000000031,48.44555433772451,1.8551311731274294,0.5000000000000001,0.8660254037844387,0.0,299.9957583313407
a2,165.22600223098033,185.6816423048927,200.00000000000003,1.8551311731274294,0.5000000000000001,0.8660254037844387,0.0,299.9957583313407
a2,151.69871908863368,92.45262647426537,199.49582089899653,1.8551311731274294,0.5000000000000001,0.8660254037844387,0.0,299.9957583313407
a2,155.43770182413255,0.23978659575652297,7.34888648865525,1.8551311731274294,0.5000000000000001,0.8660254037844387,0.0,299.9957583313407
a2,190.18033275870923,199.99179320718176,74.79209790886341,1.8551311731274294,0.5000000000000001,0.8660254037844387,0.0,299.9957583313407
a2,198.94612235506628,120.66157718030007,8.153785162949042,1.8551311731274294,0.5000000000000001,0.8660254037844387,0.0,299.9957583313407
a2,0.0,84.99999999999997,8.378044994701737,1.8551311731274294,0.5000000000000001,0.8660254037844387,0.0,299.9957583313407
a2,0.21131180986190956,126.35800370452877,152.19149121227034,1.8551311731274294,0.5000000000000001,0.8660254037844387,0.0,299.9957583313407
a2,96.09376423298211,0.0,40.07948259365547,1.8551311731274294,0.5000000000000001,0.8660254037844387,0.0,299.9957583313407
a2,96.28416768558023,55.89771921756793,0.437948672115555,1.8551311731274294,0.5000000000000001,0.8660254037844387,0.0,299.9957583313407
a2,174.0279220366422,0.0,25.015041389324278,1.8551311731274294,0.5000000000000001,0.8660254037844387,0.0,299.9957583313407
a2,200.00000000000003,162.4600323507336,135.06069265962,1.8551311731274294,0.5000000000000001,0.8660254037844387,0.0,299.9957583313407
a2,195.1552380118865,0.21425498511109967,77.76695766206159,1.8551311731274294,0.5000000000000001,0.8660254037844387,0.0,299.9957583313407
a2,1.3367341380070978,137.79857841067076,31.72314050545566,1.8551311731274294,0.5000000000000001,0.8660254037844387,0.0,299.9957583313407
a2,47.43745893569111,0.0,4.756359107892562,1.8551311731274294,0.5000000000000001,0.8660254037844387,0.0,299.9957583313407
a2,1.095823991218771,20.221575547418574,115.69332754654019,1.8551311731274294,0.5000000000000001,0.8660254037844387,0.0,299.9957583313407
a2,200.00000000000003,152.49941564815782,143.70801137831918,1.8551311731274294,0.5000000000000001,0.8660254037844387,0.0,299.9957583313407
a2,95.33632047475461,198.87344555061364,40.16604240223035,1.8551311731274294,0.5000000000000001,0.8660254037844387,0.0,299.9957583313407
a2,135.90553233341586,0.2844684389093911,87.1577747807428,1.8551311731274294,0.5000000000000001,0.8660254037844387,0.0,299.9957583313407
a2,39.04796158567054,107.86771602218244,0.34204309732302696,1.8551311731274294,0.5000000000000001,0.8660254037844387,0.0,299.9957583313407
a2,143.7086651306878,57.49927565904255,200.00000000000003,1.8551311731274294,0.5000000000000001,0.8660254037844387,0.0,299.9957583313407
a2,143.76238357346767,27.58553874688785,200.00000000000003,1.8551311731274294,0.5000000000000001,0.8660254037844387,0.0,299.9957583313407
a2,200.00000000000003,160.00000000000284,61.43593539449266,1.8551311731274294,0.5000000000000001,0.8660254037844387,0.0,299.9957583313407
a2,0.5376155093633588,35.13459658095808,90.47315926394386,1.8551311731274294,0.5000000000000001,0.8660254037844387,0.0,299.9957583313407
a2,0.0,45.00000004110538,44.11542721355084,1.8551311731274294,0.5000000000000001,0.8660254037844387,0.0,299.9957583313407
a2,0.5764660467983691,105.41060382807703,45.121702697462425,1.8551311731274294,0.5000000000000001,0.8660254037844387,0.0,299.9957583313407
a2,90.85231474603911,191.41786125651362,199.5992068241893,1.8551311731274294,0.5000000000000001,0.8660254037844387,0.0,299.9957583313407
a2,200.00000000000003,179.85924186251606,156.59428873280598,1.8551311731274294,0.5000000000000001,0.8660254037844387,0.0,299.9957583313407
a2,100.43950882785049,22.589389052985027,0.0,1.8551311731274294,0.5000000000000001,0.8660254037844387,0.0,299.9957583313407
a2,0.0,109.99999999932655,174.0192378858335,1.8551311731274294,0.5000000000000001,0.8660254037844387,0.0,299.9957583313407
a2,17.49185682679895,195.7591800002892,0.0,1.8551311731274294,0.5000000000000001,0.8660254037844387,0.0,299.9957583313407
a2,190.28864497395293,193.62556306633752,82.10031491774242,4.717933246724369,0.5000000000000001,0.8660254037844387,0.0,1883.9870572481955
a2,126.61801464553238,22.575644553574087,1.020771120199237,1.8551311731274294,0.5000000000000001,0.8660254037844387,0.0,299.9957583313407
a2,160.84448606116095,200.00000000000003,22.20446625143184,1.8551311731274294,0.5000000000000001,0.8660254037844387,0.0,299.9957583313407
a2,0.0,177.46777072117087,195.6884805638859,1.8551311731274294,0.5000000000000001,0.8660254037844387,0.0,299.9957583313407
a2,200.00000000000003,70.00000000091156,87.41669750854899,1.8551311731274294,0.5000000000000001,0.8660254037844387,0.0,299.9957583313407
a2,52.79534867673754,130.73222307676903,0.9590858941833309,1.8551311731274294,0.5000000000000001,0.8660254037844387,0.0,299.9957583313407
a2,8.660254037844386,200.00000000000003,115.00000000000001,1.8551311731274294,0.5000000000000001,0.8660254037844387,0.0,299.9957583313407
a2,96.07695158813411,99.99999990343976,0.0,1.8551311731274294,0.5000000000000001,0.8660254037844387,0.0,299.9957583313407
a2,1.2291806002575116,38.15801130844241,186.44870488436626,1.8551311731274294,0.5000000000000001,0.8660254037844387,0.0,299.9957583313407
a2,0.0,104.99999999999997,191.33974596215594,1.8551311731274294,0.5000000000000001,0.8660254037844387,0.0,299.9957583313407
a2,174.0279220366422,0.0,25.015041389324278,1.8551311731274294,0.5000000000000001,0.8660254037844387,0.0,299.9957583313407
a2,87.44036519439993,170.50817035152173,0.5002618888367398,1.8551311731274294,0.5000000000000001,0.8660254037844387,0.0,299.9957583313407
a2,23.212605067471348,181.34897986483637,200.00000000000003,1.8551311731274294,0.5000000000000001,0.8660254037844387,0.0,299.9957583313407
a2,181.7970067604019,199.4862995770225,155.13045711818864,1.8551311731274294,0.5000000000000001,0.8660254037844387,0.0,299.9957583313407
a2,84.39781061290321,1.0734213623619837,148.17906833876958,1.8551311731274294,0.5000000000000001,0.8660254037844387,0.0,299.9957583313407
a2,147.8047907392405,1.1819014776772947,10.163722629189252,1.8551311731274294,0.5000000000000001,0.8660254037844387,0.0,299.9957583313407
a2,0.0,119.99999964729092,139.37822140276953,1.8551311731274294,0.5000000000000001,0.8660254037844387,0.0,299.9957583313407
a2,25.41538036841119,198.99752611158507,22.007583198020733,1.8551311731274294,0.5000000000000001,0.8660254037844387,0.0,299.9957583313407
a2,109.45137721759538,199.3647923115542,151.86830716803067,1.8551311731274294,0.5000000000000001,0.8660254037844387,0.0,299.9957583313407
a2,0.0,74.99999999999996,191.33974596215566,1.8551311731274294,0.5000000000000001,0.8660254037844387,0.0,299.9957583313407
a2,199.33422896723346,84.1930084514615,26.355485166287064,1.8551311731274294,0.5000000000000001,0.8660254037844387,0.0,299.9957583313407
a2,164.5147808017797,8.374964471519869,199.51849549403715,1.8551311731274294,0.5000000000000001,0.8660254037844387,0.0,299.9957583313407
a2,0.0,131.28953760111128,12.858052661823345,1.8551311731274294,0.5000000000000001,0.8660254037844387,0.0,299.9957583313407
a2,199.95491954551247,86.64266167546317,73.65666126763983,1.8551311731274294,0.5000000000000001,0.8660254037844387,0.0,299.9957583313407
a2,0.018906078631057744,32.82235813282555,47.57344822950779,1.8551311731274294,0.5000000000000001,0.8660254037844387,0.0,299.9957583313407
a2,75.00000000000003,191.3397459621556,200.00000000000003,1.8551311731274294,0.5000000000000001,0.8660254037844387,0.0,299.9957583313407
a2,174.07236946105388,39.88222811752957,0.0,1.8551311731274294,0.5000000000000001,0.8660254037844387,0.0,299.9957583313407
a2,52.77638821669183,200.00000000000003,155.00000000000048,1.8551311731274294,0.5000000000000001,0.8660254037844387,0.0,299.9957583313407
a2,200.00000000000003,132.5000000000042,126.38784067832638,1.8551311731274294,0.5000000000000001,0.8660254037844387,0.0,299.9957583313407
a2,117.81275576298893,0.8823230695262552,38.771561225786364,1.8551311731274294,0.5000000000000001,0.8660254037844387,0.0,299.9957583313407
a2,156.6987298107763,0.0,119.99999999999648,1.8551311731274294,0.5000000000000001,0.8660254037844387,0.0,299.9957583313407
a2,94.74297513466956,0.1038527119512997,170.92530894445093,1.8551311731274294,0.5000000000000001,0.8660254037844387,0.0,299.9957583313407
a2,199.43147957891597,91.2984420934829,70.42403139863859,1.8551311731274294,0.5000000000000001,0.8660254037844387,0.0,299.9957583313407
a2,17.038299032546153,200.00000000000003,110.00000000000007,1.8551311731274294,0.5000000000000001,0.8660254037844387,0.0,299.9957583313407
a2,200.00000000000003,17.585607919145957,109.12437475186263,1.8551311731274294,0.5000000000000001,0.8660254037844387,0.0,299.9957583313407
a2,0.0,15.288888423677946,70.0,1.8551311731274294,0.5000000000000001,0.8660254037844387,0.0,299.9957583313407
a2,143.70834875398816,0.0,102.49999999995944,1.8551311731274294,0.5000000000000001,0.8660254037844387,0.0,299.9957583313407
a2,96.37773800190251,73.94561224008501,199.0742167720404,1.8551311731274294,0.5000000000000001,0.8660254037844387,0.0,299.9957583313407
a2,0.0,187.72814939987663,49.29125100440489,1.8551311731274294,0.5000000000000001,0.8660254037844387,0.0,299.9957583313407
a2,0.0,142.49999999977376,48.44555433750984,1.8551311731274294,0.5000000000000001,0.8660254037844387,0.0,299.9957583313407
a2,200.00000000000003,162.47545722257496,126.37367089917078,1.8551311731274294,0.5000000000000001,0.8660254037844387,0.0,299.9957583313407
a2,161.08836705932907,47.56458080892844,0.9374990242862966,1.8551311731274294,0.5000000000000001,0.8660254037844387,0.0,299.9957583313407
a2,187.08757100649882,199.82658381105765,117.2080333866216,1.8551311731274294,0.5000000000000001,0.8660254037844387,0.0,299.9957583313407
a2,64.7713996325551,181.00145417410357,199.0987380267975,1.8551311731274294,0.5000000000000001,0.8660254037844387,0.0,299.9957583313407
a2,1.3416845003953266,120.9617589196035,61.844736990387545,1.8551311731274294,0.5000000000000001,0.8660254037844387,0.0,299.9957583313407
a2,199.24818518311758,50.43025668595945,105.46426035388224,1.8551311731274294,0.5000000000000001,0.8660254037844387,0.0,299.9957583313407
a2,18.06578881148605,46.52889735183419,0.0,1.8551311731274294,0.5000000000000001,0.8660254037844387,0.0,299.9957583313407
a2,191.4371086320919,200.00000000000003,169.6269726273775,1.8551311731274294,0.5000000000000001,0.8660254037844387,0.0,299.9957583313407
a2,44.32674823521265,199.02463074874575,66.32932584968214,1.8551311731274294,0.5000000000000001,0.8660254037844387,0.0,299.9957583313407
a2,0.0,75.00000000000333,18.13466520526871,1.8551311731274294,0.5000000000000001,0.8660254037844387,0.0,299.9957583313407
a2,200.00000000000003,117.50000000000375,152.36860279185927,1.8551311731274294,0.5000000000000001,0.8660254037844387,0.0,299.9957583313407
a2,139.37897101370407,34.99853351316732,200.00000000000003,1.8551311731274294,0.5000000000000001,0.8660254037844387,0.0,299.9957583313407
a2,39.78661452353854,57.50865114612765,0.0,1.8551311731274294,0.5000000000000001,0.8660254037844387,0.0,299.9957583313407
a2,182.68621132921464,0.0,164.98836164931205,1.8551311731274294,0.5000000000000001,0.8660254037844387,0.0,299.9957583313407
a2,130.51165527446673,104.04095802113818,198.9745289927205,1.8551311731274294,0.5000000000000001,0.8660254037844387,0.0,299.9957583313407
a2,140.5962502677158,123.82724130191544,199.05128632484815,1.8551311731274294,0.5000000000000001,0.8660254037844387,0.0,299.9957583313407
a2,12.588926472023433,75.97174971729854,199.27976995324138,1.8551311731274294,0.5000000000000001,0.8660254037844387,0.0,299.9957583313407
a2,83.08657048897508,0.0,112.49999999978209,1.8551311731274294,0.5000000000000001,0.8660254037844387,0.0,299.9957583313407
a2,0.637203058365676,160.60014284345007,60.8610129430439,1.8551311731274294,0.5000000000000001,0.8660254037844387,0.0,299.9957583313407
a2,0.0,70.00134558027813,87.41325190525922,1.8551311731274294,0.5000000000000001,0.8660254037844387,0.0,299.9957583313407
a2,199.0972167525541,180.1791788834913,68.71902675822925,1.8551311731274294,0.5000000000000001,0.8660254037844387,0.0,299.9957583313407
a2,57.10580837554393,200.00000000000003,87.49999999997632,1.8551311731274294,0.5000000000000001,0.8660254037844387,0.0,299.9957583313407
a2,185.53350747715476,1.0127599329002166,4.053536006240534,1.8551311731274294,0.5000000000000001,0.8660254037844387,0.0,299.9957583313407
a2,0.0,124.99998823513262,122.05770257460833,1.8551311731274294,0.5000000000000001,0.8660254037844387,0.0,299.9957583313407
a2,122.00049181302806,200.00000000000003,29.44379770084536,1.8551311731274294,0.5000000000000001,0.8660254037844387,0.0,299.9957583313407
a2,52.775421585802405,159.99712275054125,200.00000000000003,1.8551311731274294,0.5000000000000001,0.8660254037844387,0.0,299.9957583313407
a2,200.00000000000003,140.00000000000125,165.3589838486244,1.8551311731274294,0.5000000000000001,0.8660254037844387,0.0,299.9957583313407
a2,165.54902262734558,199.378743756028,177.56697885739695,1.8551311731274294,0.5000000000000001,0.8660254037844387,0.0,299.9957583313407
a2,86.5950853654942,119.0128306548863,1.204517833187971,1.8551311731274294,0.5000000000000001,0.8660254037844387,0.0,299.9957583313407
a2,173.98346823165969,199.66798075846899,114.94239499322407,1.8551311731274294,0.5000000000000001,0.8660254037844387,0.0,299.9957583313407
a2,109.06737697054768,22.500074543061594,200.00000000000003,1.8551311731274294,0.5000000000000001,0.8660254037844387,0.0,299.9957583313407
a2,27.06779727797183,200.00000000000003,94.64284654663382,1.8551311731274294,0.5000000000000001,0.8660254037844387,0.0,299.9957583313407
a2,80.0,0.0,200.00000000000003,1.8551311731274294,0.5000000000000001,0.8660254037844387,0.0,299.9957583313407
a2,156.74084975569377,24.99487092280898,0.0,1.8551311731274294,0.5000000000000001,0.8660254037844387,0.0,299.9957583313407
a2,167.0577136594014,200.00000000000003,167.05771365940072,1.8551311731274294,0.5000000000000001,0.8660254037844387,0.0,299.9957583313407
a2,13.452621716288304,198.96611767897232,80.02742468739049,1.8551311731274294,0.5000000000000001,0.8660254037844387,0.0,299.9957583313407
a2,31.205348207838917,37.754301087962844,200.00000000000003,1.8551311731274294,0.5000000000000001,0.8660254037844387,0.0,299.9957583313407
a2,200.00000000000003,40.00000000003891,78.75644347020018,1.8551311731274294,0.5000000000000001,0.8660254037844387,0.0,299.9957583313407
a2,31.07305026062505,111.6613376720536,199.44643904071194,1.8551311731274294,0.5000000000000001,0.8660254037844387,0.0,299.9957583313407
a2,84.24565145608705,113.32108504483925,1.3436145672395858,1.8551311731274294,0.5000000000000001,0.8660254037844387,0.0,299.9957583313407
a2,199.78510851813303,47.194940977301776,57.44163466891437,1.8551311731274294,0.5000000000000001,0.8660254037844387,0.0,299.9957583313407
a2,199.7916602469957,115.0874987384236,112.36658654250972,1.8551311731274294,0.5000000000000001,0.8660254037844387,0.0,299.9957583313407
a2,91.74656035457978,200.00000000000003,162.49954214641878,1.8551311731274294,0.5000000000000001,0.8660254037844387,0.0,299.9957583313407
a2,129.38461094569175,108.81401819911777,199.6572870930042,1.8551311731274294,0.5000000000000001,0.8660254037844387,0.0,299.9957583313407
a2,0.0,24.38338217268158,95.74520670683712,1.8551311731274294,0.5000000000000001,0.8660254037844387,0.0,299.9957583313407
a2,103.70542218585345,200.00000000000003,30.181906535443986,1.8551311731274294,0.5000000000000001,0.8660254037844387,0.0,299.9957583313407
a2,88.0257088631311,0.0,179.05575725011178,1.8551311731274294,0.5000000000000001,0.8660254037844387,0.0,299.9957583313407
a2,198.79628136177797,35.1641525930339,112.61398038157355,1.8551311731274294,0.5000000000000001,0.8660254037844387,0.0,299.9957583313407
a2,0.9275880433600135,141.13926235888738,175.29725316371378,1.8551311731274294,0.5000000000000001,0.8660254037844387,0.0,299.9957583313407
a2,1.3017721493958632,38.116781598175464,187.227825338415,1.8551311731274294,0.5000000000000001,0.8660254037844387,0.0,299.9957583313407
a2,1.2159750039015527,8.978606900653437,25.787939834418058,1.8551311731274294,0.5000000000000001,0.8660254037844387,0.0,299.9957583313407
a2,52.775681356646224,114.99999999999896,0.0,1.8551311731274294,0.5000000000000001,0.8660254037844387,0.0,299.9957583313407
a2,122.05771365956508,129.99999999962503,0.0,1.8551311731274294,0.5000000000000001,0.8660254037844387,0.0,299.9957583313407
a2,25.016120256121315,185.4372675690758,0.0,1.8551311731274294,0.5000000000000001,0.8660254037844387,0.0,299.9957583313407
a2,0.0,160.00327855541994,182.67761143947928,1.8551311731274294,0.5000000000000001,0.8660254037844387,0.0,299.9957583313407
a2,178.35833932271757,42.46151913514278,200.00000000000003,1.8551311731274294,0.5000000000000001,0.8660254037844387,0.0,299.9957583313407
a2,121.49773534918927,0.0,20.74107021142757,1.8551311731274294,0.5000000000000001,0.8660254037844387,0.0,299.9957583313407
a2,113.74950425774519,0.645088491673436,13.956483376236646,1.8551311731274294,0.5000000000000001,0.8660254037844387,0.0,299.9957583313407
a2,0.0,140.00082439087865,174.01876877279258,1.8551311731274294,0.5000000000000001,0.8660254037844387,0.0,299.9957583313407
a2,199.93545922739804,68.76724307139139,168.57395321973337,1.8551311731274294,0.5000000000000001,0.8660254037844387,0.0,299.9957583313407
a2,199.4353995784958,191.22534531539688,39.633635869791,1.8551311731274294,0.5000000000000001,0.8660254037844387,0.0,299.9957583313407
a2,199.5221198936311,75.43447121659489,15.521673678557015,1.8551311731274294,0.5000000000000001,0.8660254037844387,0.0,299.9957583313407
a2,200.00000000000003,127.50000000000053,178.34936490539053,1.8551311731274294,0.5000000000000001,0.8660254037844387,0.0,299.9957583313407
a2,96.5395579648893,0.6105285718355387,123.75012742437592,1.8551311731274294,0.5000000000000001,0.8660254037844387,0.0,299.9957583313407
a2,91.21420775956089,200.00000000000003,46.51689140278509,1.8551311731274294,0.5000000000000001,0.8660254037844387,0.0,299.9957583313407
a2,109.0673326035834,127.4999999978319,0.0,1.8551311731274294,0.5000000000000001,0.8660254037844387,0.0,299.9957583313407
a2,198.82619532815252,186.12434645552753,113.72103142946811,1.8551311731274294,0.5000000000000001,0.8660254037844387,0.0,299.9957583313407
a2,117.49022591293239,47.724144797762314,199.99779821335102,1.8551311731274294,0.5000000000000001,0.8660254037844387,0.0,299.9957583313407
a2,104.73807514534063,45.00154893963354,200.00000000000003,1.8551311731274294,0.5000000000000001,0.8660254037844387,0.0,299.9957583313407
a2,200.00000000000003,200.00000000000003,170.0,1.8551311731274294,0.5000000000000001,0.8660254037844387,0.0,299.9957583313407
a2,160.06937334041268,199.36802639597101,38.6293206896213,1.8551311731274294,0.5000000000000001,0.8660254037844387,0.0,299.9957583313407
a2,53.181035807868625,4.273008918438657,0.3193896901064153,1.8551311731274294,0.5000000000000001,0.8660254037844387,0.0,299.9957583313407
a2,103.33632219615917,199.4514492504199,64.71290475035121,1.8551311731274294,0.5000000000000001,0.8660254037844387,0.0,299.9957583313407
a2,169.6890120892076,167.50322996317178,200.00000000000003,1.8551311731274294,0.5000000000000001,0.8660254037844387,0.0,299.9957583313407
a2,171.57151127510988,0.0861450602528437,197.59744646125205,1.8551311731274294,0.5000000000000001,0.8660254037844387,0.0,299.9957583313407
a2,0.0,142.49999899481818,109.06733165555787,1.8551311731274294,0.5000000000000001,0.8660254037844387,0.0,299.9957583313407
a3,65.76606241351435,77.4999999997668,0.0,1.8551311731274294,-0.5000000000000001,0.8660254037844387,0.0,299.9957583313407
a3,112.30263069476715,0.8899834824242215,94.0259642030432,1.8551311731274294,-0.5000000000000001,0.8660254037844387,0.0,299.9957583313407
a3,126.51986848295968,200.00000000000003,181.82815413238987,1.8551311731274294,-0.5000000000000001,0.8660254037844387,0.0,299.9957583313407
a3,156.6987298103821,200.00000000000003,99.99999999931448,1.8551311731274294,-0.5000000000000001,0.8660254037844387,0.0,299.9957583313407
a3,199.53889268761813,111.28760191912862,179.18188385480448,1.8551311731274294,-0.5000000000000001,0.8660254037844387,0.0,299.9957583313407
a3,83.04997324778229,0.0,22.683439217196007,1.8551311731274294,-0.5000000000000001,0.8660254037844387,0.0,299.9957583313407
a3,78.71602353156474,200.00000000000003,54.91729712464564,1.8551311731274294,-0.5000000000000001,0.8660254037844387,0.0,299.9957583313407
a3,0.0,125.07332419767495,35.467869319932326,1.8551311731274294,-0.5000000000000001,0.8660254037844387,0.0,299.9957583313407
a3,139.37823184758898,84.99997682571244,0.0,1.8551311731274294,-0.5000000000000001,0.8660254037844387,0.0,299.9957583313407
a3,30.82041144511782,199.5341511598268,72.68410251807947,1.8551311731274294,-0.5000000000000001,0.8660254037844387,0.0,299.9957583313407
a3,1.3165802827877047,178.82832506584583,178.8832695085602,1.8551311731274294,-0.5000000000000001,0.8660254037844387,0.0,299.9957583313407
a3,74.24891485596544,0.22704297680346977,112.69565069784461,1.8551311731274294,-0.5000000000000001,0.8660254037844387,0.0,299.9957583313407
a3,152.37093882366457,42.49474274931964,200.00000000000003,1.8551311731274294,-0.5000000000000001,0.8660254037844387,0.0,299.9957583313407
a3,143.7091219227385,37.498368731541206,200.00000000000003,1.8551311731274294,-0.5000000000000001,0.8660254037844387,0.0,299.9957583313407
a3,36.69210835615063,90.06468002818143,198.728826869459,1.8551311731274294,-0.5000000000000001,0.8660254037844387,0.0,299.9957583313407
a3,161.00891283570994,200.00000000000003,42.46545598910321,1.8551311731274294,-0.5000000000000001,0.8660254037844387,0.0,299.9957583313407
a3,143.70834875401212,162.50031532096475,200.00000000000003,1.8551311731274294,-0.5000000000000001,0.8660254037844387,0.0,299.9957583313407
a3,75.8489928345685,199.37014841917565,9.701424182843,1.8551311731274294,-0.5000000000000001,0.8660254037844387,0.0,299.9957583313407
a3,0.051206335362304976,164.59867453927458,18.4951123162431,1.8551311731274294,-0.5000000000000001,0.8660254037844387,0.0,299.9957583313407
a3,0.4765228184495436,189.72896646662002,63.24709202594527,1.8551311731274294,-0.5000000000000001,0.8660254037844387,0.0,299.9957583313407
a3,19.354565415649944,193.19570563239827,199.88059508260693,1.8551311731274294,-0.5000000000000001,0.8660254037844387,0.0,299.9957583313407
a3,0.0,155.00198977414638,182.6783522345637,1.8551311731274294,-0.5000000000000001,0.8660254037844387,0.0,299.9957583313407
a3,4.740110007436596,27.534315704662802,199.5801102265903,1.8551311731274294,-0.5000000000000001,0.8660254037844387,0.0,299.9957583313407
a3,13.222018776174334,31.529980836410015,0.0,1.8551311731274294,-0.5000000000000001,0.8660254037844387,0.0,299.9957583313407
a3,48.44555433772387,137.4999999999995,200.00000000000003,1.8551311731274294,-0.5000000000000001,0.8660254037844387,0.0,299.9957583313407
a3,7.426923050457518,48.53783183581237,1.2000123573200645,1.8551311731274294,-0.5000000000000001,0.8660254037844387,0.0,299.9957583313407
a3,1.2685869084181958,144.96308883966964,53.192492563114115,1.8551311731274294,-0.5000000000000001,0.8660254037844387,0.0,299.9957583313407
a3,78.77368449103894,0.0,50.03410008861292,1.8551311731274294,-0.5000000000000001,0.8660254037844387,0.0,299.9957583313407
a3,134.89819449493174,160.05191175084036,86.89969612563577,4.702501950480035,-0.5000000000000001,0.8660254037844387,0.0,1871.683018038341
a3,1.277602797257007,119.90854112697285,112.59346902821505,1.8551311731274294,-0.5000000000000001,0.8660254037844387,0.0,299.9957583313407
a3,134.46092002409281,116.88019921671429,0.6366195008399975,1.8551311731274294,-0.5000000000000001,0.8660254037844387,0.0,299.9957583313407
a3,147.97237431811934,0.0,20.156258766366662,1.8551311731274294,-0.5000000000000001,0.8660254037844387,0.0,299.9957583313407
a3,78.54439489420605,0.561595470179415,116.36617391787046,1.8551311731274294,-0.5000000000000001,0.8660254037844387,0.0,299.9957583313407
a3,1.2491194612953567,76.08561724364907,17.678548669826295,1.8551311731274294,-0.5000000000000001,0.8660254037844387,0.0,299.9957583313407
a3,113.39752491797731,60.000083597804945,200.00000000000003,1.8551311731274294,-0.5000000000000001,0.8660254037844387,0.0,299.9957583313407
a3,200.00000000000003,22.74074316737998,91.86663752048403,1.8551311731274294,-0.5000000000000001,0.8660254037844387,0.0,299.9957583313407
a3,1.0935434677314706,85.19439888561956,130.07364901231165,1.8551311731274294,-0.5000000000000001,0.8660254037844387,0.0,299.9957583313407
a3,113.3968939314891,200.00000000000003,104.99939960359723,1.8551311731274294,-0.5000000000000001,0.8660254037844387,0.0,299.9957583313407
a3,36.382941991831856,130.54375228279244,0.7586133900932573,1.8551311731274294,-0.5000000000000001,0.8660254037844387,0.0,299.9957583313407
a3,0.0,24.16615522176577,87.32656456729707,1.8551311731274294,-0.5000000000000001,0.8660254037844387,0.0,299.9957583313407
a3,55.93932454524295,126.89165816526233,0.6195646554600032,1.8551311731274294,-0.5000000000000001,0.8660254037844387,0.0,299.9957583313407
a3,87.01592235451332,61.311294461329126,0.12392230027587454,1.8551311731274294,-0.5000000000000001,0.8660254037844387,0.0,299.9957583313407
a3,157.69000219794657,199.51942336401817,90.10843882531927,1.8551311731274294,-0.5000000000000001,0.8660254037844387,0.0,299.9957583313407
a3,61.43593539469263,59.99999999953741,0.0,1.8551311731274294,-0.5000000000000001,0.8660254037844387,0.0,299.9957583313407
a3,199.4796319059463,148.75314900685845,146.7002909948182,1.8551311731274294,-0.5000000000000001,0.8660254037844387,0.0,299.9957583313407
a3,52.902977107801185,115.33544408889415,198.93486851587141,1.8551311731274294,-0.5000000000000001,0.8660254037844387,0.0,299.9957583313407
a3,156.7014518555493,49.993826452297654,0.0,1.8551311731274294,-0.5000000000000001,0.8660254037844387,0.0,299.9957583313407
a3,192.13296274376705,10.969388896244984,199.53733580161165,1.8551311731274294,-0.5000000000000001,0.8660254037844387,0.0,299.9957583313407
a3,96.87935451818277,199.22605519552377,70.5721152481904,1.8551311731274294,-0.5000000000000001,0.8660254037844387,0.0,299.9957583313407
a3,199.72166244617355,181.18006996452417,43.755644044888435,1.8551311731274294,-0.5000000000000001,0.8660254037844387,0.0,299.9957583313407
a3,139.43078188742794,30.088306938927296,200.00000000000003,1.8551311731274294,-0.5000000000000001,0.8660254037844387,0.0,299.9957583313407
a3,200.00000000000003,105.00000000000341,35.45517328095813,1.8551311731274294,-0.5000000000000001,0.8660254037844387,0.0,299.9957583313407
a3,21.81744762718519,90.06544932915203,0.0,1.8551311731274294,-0.5000000000000001,0.8660254037844387,0.0,299.9957583313407
a3,0.0,152.49856948759071,91.74599861834685,1.8551311731274294,-0.5000000000000001,0.8660254037844387,0.0,299.9957583313407
a3,200.00000000000003,47.50000000000836,57.105808375571385,1.8551311731274294,-0.5000000000000001,0.8660254037844387,0.0,299.9957583313407
a3,169.95220464612476,1.037895369545528,77.72556807114375,1.8551311731274294,-0.5000000000000001,0.8660254037844387,0.0,299.9957583313407
a3,0.5937199002177568,183.5585332392317,159.76392321326153,1.8551311731274294,-0.5000000000000001,0.8660254037844387,0.0,299.9957583313407
a3,83.0865704891014,0.0,157.50000000000114,1.8551311731274294,-0.5000000000000001,0.8660254037844387,0.0,299.9957583313407
a3,200.00000000000003,0.0,160.00000000000003,1.8551311731274294,-0.5000000000000001,0.8660254037844387,0.0,299.9957583313407
a3,65.67522814690814,200.00000000000003,167.34257311897412,1.8551311731274294,-0.5000000000000001,0.8660254037844387,0.0,299.9957583313407
a3,31.134191925469928,117.50000000000021,200.00000000000003,1.8551311731274294,-0.5000000000000001,0.8660254037844387,0.0,299.9957583313407
a3,91.75902494939129,0.0,167.47886824845207,1.8551311731274294,-0.5000000000000001,0.8660254037844387,0.0,299.9957583313407
a3,57.10580219054992,142.49993149405609,200.00000000000003,1.8551311731274294,-0.5000000000000001,0.8660254037844387,0.0,299.9957583313407
a3,200.00000000000003,0.0,100.00000000000001,1.8551311731274294,-0.5000000000000001,0.8660254037844387,0.0,299.9957583313407
a3,0.0,55.00396325346494,35.457461416250936,1.8551311731274294,-0.5000000000000001,0.8660254037844387,0.0,299.9957583313407
a3,148.0384757729356,119.99999999999584,200.00000000000003,1.8551311731274294,-0.5000000000000001,0.8660254037844387,0.0,299.9957583313407
a3,165.50280904075353,199.04670620689433,43.83088324910662,1.8551311731274294,-0.5000000000000001,0.8660254037844387,0.0,299.9957583313407
a3,35.50220812148069,95.00000000000026,0.0,1.8551311731274294,-0.5000000000000001,0.8660254037844387,0.0,299.9957583313407
a3,0.0,64.9913567304312,139.37323154107713,1.8551311731274294,-0.5000000000000001,0.8660254037844387,0.0,299.9957583313407
a3,160.62511935297223,3.2192072057108825,151.23912192118766,4.695931785766571,-0.5000000000000001,0.8660254037844387,0.0,1866.456576793624
a3,139.37822173509105,154.9999999999969,200.00000000000003,1.8551311731274294,-0.5000000000000001,0.8660254037844387,0.0,299.9957583313407
a3,0.0,25.423700891923872,26.280458096492694,1.8551311731274294,-0.5000000000000001,0.8660254037844387,0.0,299.9957583313407
a3,132.32725030958719,200.00000000000003,189.68665990373404,1.8551311731274294,-0.5000000000000001,0.8660254037844387,0.0,299.9957583313407
a3,130.71800812873394,64.99990770358399,0.0,1.8551311731274294,-0.5000000000000001,0.8660254037844387,0.0,299.9957583313407
a3,50.1907007732424,93.87419884260211,194.59241646346203,4.6885290465365,-0.5000000000000001,0.8660254037844387,0.0,1860.5765932794243
a3,139.37844174960503,54.99949906697883,200.00000000000003,1.8551311731274294,-0.5000000000000001,0.8660254037844387,0.0,299.9957583313407
a3,109.04859556901121,0.0,37.59137434022049,1.8551311731274294,-0.5000000000000001,0.8660254037844387,0.0,299.9957583313407
a3,148.03786181534736,200.00000000000003,84.9990072257545,1.8551311731274294,-0.5000000000000001,0.8660254037844387,0.0,299.9957583313407
a3,191.33974596215583,0.0,100.00000000000006,1.8551311731274294,-0.5000000000000001,0.8660254037844387,0.0,299.9957583313407
a3,3.0578341127956015,0.26015399599764505,96.84108255065823,1.8551311731274294,-0.5000000000000001,0.8660254037844387,0.0,299.9957583313407
a3,198.87027186219453,18.40792567960039,75.19501658654696,1.8551311731274294,-0.5000000000000001,0.8660254037844387,0.0,299.9957583313407
a3,126.3878401279157,200.00000000000003,162.4999990460543,1.8551311731274294,-0.5000000000000001,0.8660254037844387,0.0,299.9957583313407
a3,103.44817435908499,198.97371306304143,29.334568723782525,1.8551311731274294,-0.5000000000000001,0.8660254037844387,0.0,299.9957583313407
a3,51.40324350972783,95.56685759646928,1.025335694568252,1.8551311731274294,-0.5000000000000001,0.8660254037844387,0.0,299.9957583313407
a3,25.70516414141645,14.827878832588178,200.00000000000003,1.8551311731274294,-0.5000000000000001,0.8660254037844387,0.0,299.9957583313407
a3,7.894045634944532,149.95785680523494,198.83508951825587,1.8551311731274294,-0.5000000000000001,0.8660254037844387,0.0,299.9957583313407
a3,122.05771365940082,115.00000000000014,200.00000000000003,1.8551311731274294,-0.5000000000000001,0.8660254037844387,0.0,299.9957583313407
a3,0.0,177.45306689948478,48.71630281724592,1.8551311731274294,-0.5000000000000001,0.8660254037844387,0.0,299.9957583313407
a3,49.53758265943184,24.20431533376414,200.00000000000003,1.8551311731274294,-0.5000000000000001,0.8660254037844387,0.0,299.9957583313407
a3,109.66555472006118,88.5174845028373,198.81300182819163,1.8551311731274294,-0.5000000000000001,0.8660254037844387,0.0,299.9957583313407
a3,200.00000000000003,125.00000000000063,174.0192378864686,1.8551311731274294,-0.5000000000000001,0.8660254037844387,0.0,299.9957583313407
a3,22.46479222419019,147.5000000000002,0.0,1.8551311731274294,-0.5000000000000001,0.8660254037844387,0.0,299.9957583313407
a3,0.628121986142196,196.09872447429328,180.57843391491565,1.8551311731274294,-0.5000000000000001,0.8660254037844387,0.0,299.9957583313407
a3,27.298921713198965,166.26714334046406,0.6706053586611451,1.8551311731274294,-0.5000000000000001,0.8660254037844387,0.0,299.9957583313407
a3,199.22789736537177,23.374112108417616,78.37469219190301,1.8551311731274294,-0.5000000000000001,0.8660254037844387,0.0,299.9957583313407
a3,126.03759150333647,0.32021286196932913,151.40797295454612,1.8551311731274294,-0.5000000000000001,0.8660254037844387,0.0,299.9957583313407
a3,91.74682448423253,0.0,77.49999992601973,1.8551311731274294,-0.5000000000000001,0.8660254037844387,0.0,299.9957583313407
a3,200.00000000000003,47.50000000000381,48.44555433772425,1.8551311731274294,-0.5000000000000001,0.8660254037844387,0.0,299.9957583313407
a3,122.05115929900293,200.00000000000003,89.99245407599209,1.8551311731274294,-0.5000000000000001,0.8660254037844387,0.0,299.9957583313407
a3,0.0,31.978007125835006,134.7169055465695,1.8551311731274294,-0.5000000000000001,0.8660254037844387,0.0,299.9957583313407
a3,87.41608630559668,200.00000000000003,144.9989316335314,1.8551311731274294,-0.5000000000000001,0.8660254037844387,0.0,299.9957583313407
a3,0.0,132.50000000000006,195.66987298107824,1.8551311731274294,-0.5000000000000001,0.8660254037844387,0.0,299.9957583313407
a3,198.6755757659767,101.15374125050592,151.20158324849635,1.8551311731274294,-0.5000000000000001,0.8660254037844387,0.0,299.9957583313407
a3,182.67949192431155,0.0,105.00000000000014,1.8551311731274294,-0.5000000000000001,0.8660254037844387,0.0,299.9957583313407
a3,169.3861945885275,15.862165443819787,199.92153340153072,1.8551311731274294,-0.5000000000000001,0.8660254037844387,0.0,299.9957583313407
a3,69.28750148531019,0.8788980429870824,154.48773477422225,1.8551311731274294,-0.5000000000000001,0.8660254037844387,0.0,299.9957583313407
a3,1.2670484453883968,47.723915022691465,30.16883691835179,1.8551311731274294,-0.5000000000000001,0.8660254037844387,0.0,299.9957583313407
a3,83.08657048909822,0.0,137.49999999999534,1.8551311731274294,-0.5000000000000001,0.8660254037844387,0.0,299.9957583313407
a3,160.84448606116095,200.00000000000003,22.20446625143184,1.8551311731274294,-0.5000000000000001,0.8660254037844387,0.0,299.9957583313407
a3,199.36804361903657,119.31355918245312,173.7316773370854,1.8551311731274294,-0.5000000000000001,0.8660254037844387,0.0,299.9957583313407
a3,127.68112164820468,0.02243437336081581,78.86867701443455,1.8551311731274294,-0.5000000000000001,0.8660254037844387,0.0,299.9957583313407
a3,199.3259905841479,91.27345281659275,103.66010558010524,1.8551311731274294,-0.5000000000000001,0.8660254037844387,0.0,299.9957583313407
a3,92.98546695776434,150.10776517978772,193.7300182033242,4.668558327855653,-0.5000000000000001,0.8660254037844387,0.0,1844.760154302452
a3,199.68789071085465,137.08843044676763,91.27101407131586,1.8551311731274294,-0.5000000000000001,0.8660254037844387,0.0,299.9957583313407
a3,161.02833130476014,200.00000000000003,77.49908976410426,1.8551311731274294,-0.5000000000000001,0.8660254037844387,0.0,299.9957583313407
a3,116.39617419787379,199.45509147386034,171.26614673964605,1.8551311731274294,-0.5000000000000001,0.8660254037844387,0.0,299.9957583313407
a3,178.3493649053893,137.50000000000028,200.00000000000003,1.8551311731274294,-0.5000000000000001,0.8660254037844387,0.0,299.9957583313407
a3,35.45517328095687,145.0000000000002,0.0,1.8551311731274294,-0.5000000000000001,0.8660254037844387,0.0,299.9957583313407
a3,172.84806434959484,99.95293334734077,198.95069976216794,1.8551311731274294,-0.5000000000000001,0.8660254037844387,0.0,299.9957583313407
a3,31.28135900565154,102.66234162005684,0.0,1.8551311731274294,-0.5000000000000001,0.8660254037844387,0.0,299.9957583313407
a3,0.0,94.99999999900945,174.0192378855343,1.8551311731274294,-0.5000000000000001,0.8660254037844387,0.0,299.9957583313407
a3,198.85463147458552,163.24060895288326,135.117102282354,1.8551311731274294,-0.5000000000000001,0.8660254037844387,0.0,299.9957583313407
a3,199.43151606846178,181.83321757854728,25.074154854567798,1.8551311731274294,-0.5000000000000001,0.8660254037844387,0.0,299.9957583313407
a3,157.74368257875955,0.5011319298534314,110.75719440479655,1.8551311731274294,-0.5000000000000001,0.8660254037844387,0.0,299.9957583313407
a3,8.660254037844386,95.00000000000003,200.00000000000003,1.8551311731274294,-0.5000000000000001,0.8660254037844387,0.0,299.9957583313407
a3,131.5789859667661,197.675903864809,105.22463856414349,4.692481860975358,-0.5000000000000001,0.8660254037844387,0.0,1863.7151530190251
a3,1.2600935245575946,125.23633013325507,139.509328959235,1.8551311731274294,-0.5000000000000001,0.8660254037844387,0.0,299.9957583313407
a3,48.4455573931706,0.0,97.50000583981208,1.8551311731274294,-0.5000000000000001,0.8660254037844387,0.0,299.9957583313407
a3,0.0,132.49999988658507,74.42631634439738,1.8551311731274294,-0.5000000000000001,0.8660254037844387,0.0,299.9957583313407
a3,65.76605862439197,200.00000000000003,47.500001479693275,1.8551311731274294,-0.5000000000000001,0.8660254037844387,0.0,299.9957583313407
a3,61.43593533929417,200.00000000000003,114.99999994141879,1.8551311731274294,-0.5000000000000001,0.8660254037844387,0.0,299.9957583313407
a3,65.3678082859392,186.01840534945524,0.6132029039363063,1.8551311731274294,-0.5000000000000001,0.8660254037844387,0.0,299.9957583313407
a3,0.9782674661014904,180.69136338787237,96.26858356067969,1.8551311731274294,-0.5000000000000001,0.8660254037844387,0.0,299.9957583313407
a3,156.68554713326188,0.0,34.99141233718961,1.8551311731274294,-0.5000000000000001,0.8660254037844387,0.0,299.9957583313407
a3,35.399209651435925,35.096931849705605,0.0,1.8551311731274294,-0.5000000000000001,0.8660254037844387,0.0,299.9957583313407
a3,139.37822173509954,114.99999999997695,200.00000000000003,1.8551311731274294,-0.5000000000000001,0.8660254037844387,0.0,299.9957583313407
a3,200.00000000000003,110.0000000000344,139.3782217351101,1.8551311731274294,-0.5000000000000001,0.8660254037844387,0.0,299.9957583313407
a3,199.2203735878871,99.12664367517473,113.40346687119315,1.8551311731274294,-0.5000000000000001,0.8660254037844387,0.0,299.9957583313407
a3,146.92896817879443,120.46322093413048,199.33839940983708,1.8551311731274294,-0.5000000000000001,0.8660254037844387,0.0,299.9957583313407
a3,175.14494928677806,0.508876865368215,95.04593301904444,1.8551311731274294,-0.5000000000000001,0.8660254037844387,0.0,299.9957583313407
a3,169.58063401287737,92.66645261852933,198.65169902301014,1.8551311731274294,-0.5000000000000001,0.8660254037844387,0.0,299.9957583313407
a3,104.73720558013757,0.0,104.99999999380911,1.8551311731274294,-0.5000000000000001,0.8660254037844387,0.0,299.9957583313407
a3,122.05771350589849,0.0,89.99999973412646,1.8551311731274294,-0.5000000000000001,0.8660254037844387,0.0,299.9957583313407
a3,47.38009138237658,101.68406098302407,1.3357573757770866,1.8551311731274294,-0.5000000000000001,0.8660254037844387,0.0,299.9957583313407
a3,131.30920693299393,171.3713253952219,0.48270458780417913,1.8551311731274294,-0.5000000000000001,0.8660254037844387,0.0,299.9957583313407
a3,29.542044158823035,8.074418621293711,200.00000000000003,1.8551311731274294,-0.5000000000000001,0.8660254037844387,0.0,299.9957583313407
a3,126.38955065599127,0.0,47.5177822915155,1.8551311731274294,-0.5000000000000001,0.8660254037844387,0.0,299.9957583313407
a3,0.0,25.002711726522783,174.02080350250478,1.8551311731274294,-0.5000000000000001,0.8660254037844387,0.0,299.9957583313407
a3,58.46856039458525,61.82721793796934,1.1682404160939068,1.8551311731274294,-0.5000000000000001,0.8660254037844387,0.0,299.9957583313407
a3,142.55198030825593,187.26647420437382,0.0,1.8551311731274294,-0.5000000000000001,0.8660254037844387,0.0,299.9957583313407
a3,104.7372055917343,114.99999998167252,0.0,1.8551311731274294,-0.5000000000000001,0.8660254037844387,0.0,299.9957583313407
a3,0.7167132174326073,83.33652090330818,151.09742663627327,1.8551311731274294,-0.5000000000000001,0.8660254037844387,0.0,299.9957583313407
a3,117.7197810824802,200.00000000000003,87.49123343333939,1.8551311731274294,-0.5000000000000001,0.8660254037844387,0.0,299.9957583313407
a3,83.38815395252546,199.61194791916563,87.13599848845337,1.8551311731274294,-0.5000000000000001,0.8660254037844387,0.0,299.9957583313407
a3,199.2710961935927,90.62343421101984,79.54768064629425,1.8551311731274294,-0.5000000000000001,0.8660254037844387,0.0,299.9957583313407
a3,177.37458496120774,0.3862947321945412,176.7578231458198,1.8551311731274294,-0.5000000000000001,0.8660254037844387,0.0,299.9957583313407
a3,156.18833613667869,0.0,180.13798500366957,1.8551311731274294,-0.5000000000000001,0.8660254037844387,0.0,299.9957583313407
a3,0.0,10.000000000000002,0.0,1.8551311731274294,-0.5000000000000001,0.8660254037844387,0.0,299.9957583313407
a3,164.86597512413968,69.55548126493576,199.50422244499296,1.8551311731274294,-0.5000000000000001,0.8660254037844387,0.0,299.9957583313407
a3,148.03846549381277,0.0,69.99998219604039,1.8551311731274294,-0.5000000000000001,0.8660254037844387,0.0,299.9957583313407
a3,40.000000000000014,17.32050807568877,200.00000000000003,1.8551311731274294,-0.5000000000000001,0.8660254037844387,0.0,299.9957583313407
a3,4.330127018922191,67.5,0.0,1.8551311731274294,-0.5000000000000001,0.8660254037844387,0.0,299.9957583313407
a3,200.00000000000003,183.93459562887895,70.0,1.8551311731274294,-0.5000000000000001,0.8660254037844387,0.0,299.9957583313407
a3,200.00000000000003,135.0000000000023,139.37822173509187,1.8551311731274294,-0.5000000000000001,0.8660254037844387,0.0,299.9957583313407
a3,200.00000000000003,162.5000000000026,65.76606241341486,1.8551311731274294,-0.5000000000000001,0.8660254037844387,0.0,299.9957583313407
a3,54.99022715683061,8.97608551068549,140.26607009806918,4.674172000685963,-0.5000000000000001,0.8660254037844387,0.0,1849.1992575133002
a3,192.07314119194,140.84581222405856,1.2661731238895177,1.8551311731274294,-0.5000000000000001,0.8660254037844387,0.0,299.9957583313407
a3,200.00000000000003,195.19310994874274,162.54830831794726,1.8551311731274294,-0.5000000000000001,0.8660254037844387,0.0,299.9957583313407
a3,0.8838776050055029,143.83175655591768,43.94334706297667,1.8551311731274294,-0.5000000000000001,0.8660254037844387,0.0,299.9957583313407
a3,22.075503221663688,38.40393331727315,198.97815077292557,1.8551311731274294,-0.5000000000000001,0.8660254037844387,0.0,299.9957583313407
a3,103.51671991828445,0.8045224667428035,130.832838542387,1.8551311731274294,-0.5000000000000001,0.8660254037844387,0.0,299.9957583313407
a3,156.52520447085624,1.3659512494316308,45.26089075789683,1.8551311731274294,-0.5000000000000001,0.8660254037844387,0.0,299.9957583313407
a3,19.281767429808745,112.21906096192014,0.7884664328014277,1.8551311731274294,-0.5000000000000001,0.8660254037844387,0.0,299.9957583313407
a3,39.80881772014097,92.50000000000026,0.0,1.8551311731274294,-0.5000000000000001,0.8660254037844387,0.0,299.9957583313407
a3,91.74682452791336,122.499999997789,200.00000000000003,1.8551311731274294,-0.5000000000000001,0.8660254037844387,0.0,299.9957583313407
a3,74.02429833205636,167.24687871350517,198.90796901122226,1.8551311731274294,-0.5000000000000001,0.8660254037844387,0.0,299.9957583313407
a3,83.08601639994328,200.00000000000003,142.49900792921565,1.8551311731274294,-0.5000000000000001,0.8660254037844387,0.0,299.9957583313407
a3,118.88940525307494,127.84934889023175,198.93393419067385,1.8551311731274294,-0.5000000000000001,0.8660254037844387,0.0,299.9957583313407
a3,131.68805532046264,0.13829596639664096,14.64154487576242,1.8551311731274294,-0.5000000000000001,0.8660254037844387,0.0,299.9957583313407
a3,135.04810027216118,87.4999872704022,200.00000000000003,1.8551311731274294,-0.5000000000000001,0.8660254037844387,0.0,299.9957583313407
a3,139.37822173502767,0.0,109.99999999989295,1.8551311731274294,-0.5000000000000001,0.8660254037844387,0.0,299.9957583313407
a3,0.6192561878996176,132.04317822592952,32.16357520439671,1.8551311731274294,-0.5000000000000001,0.8660254037844387,0.0,299.9957583313407
a3,41.59972907591932,0.9612979573910084,194.29726631815907,1.8551311731274294,-0.5000000000000001,0.8660254037844387,0.0,299.9957583313407
a3,0.16957709483820516,157.60099262020367,160.33695098001795,1.8551311731274294,-0.5000000000000001,0.8660254037844387,0.0,299.9957583313407
a3,198.86141067749082,192.41836560863027,4.226664928154622,1.8551311731274294,-0.5000000000000001,0.8660254037844387,0.0,299.9957583313407
a3,92.64677639700994,195.0402151848016,200.00000000000003,1.8551311731274294,-0.5000000000000001,0.8660254037844387,0.0,299.9957583313407
a3,56.213051246895276,0.06235392584783497,143.83929760225027,1.8551311731274294,-0.5000000000000001,0.8660254037844387,0.0,299.9957583313407
a3,0.12829156924998472,184.21061056946505,53.77399420105816,1.8551311731274294,-0.5000000000000001,0.8660254037844387,0.0,299.9957583313407
a3,155.99867458393715,199.41964266827142,53.93096570905727,1.8551311731274294,-0.5000000000000001,0.8660254037844387,0.0,299.9957583313407
a3,148.28260500304427,199.94837438466965,39.27183694622567,1.8551311731274294,-0.5000000000000001,0.8660254037844387,0.0,299.9957583313407
a3,51.81479710051009,199.01299322785508,45.08803622364493,1.8551311731274294,-0.5000000000000001,0.8660254037844387,0.0,299.9957583313407
a3,0.0,102.49999996308256,152.36860275707315,1.8551311731274294,-0.5000000000000001,0.8660254037844387,0.0,299.9957583313407
a3,200.00000000000003,122.50000000000087,169.6891108675465,1.8551311731274294,-0.5000000000000001,0.8660254037844387,0.0,299.9957583313407
a3,14.295800784677429,199.19325571245736,45.48681252222842,1.8551311731274294,-0.5000000000000001,0.8660254037844387,0.0,299.9957583313407
a3,199.44173018430484,154.19349848829106,114.47203059362758,1.8551311731274294,-0.5000000000000001,0.8660254037844387,0.0,299.9957583313407
a3,27.207530162161458,0.0,25.517783077712885,1.8551311731274294,-0.5000000000000001,0.8660254037844387,0.0,299.9957583313407
a3,200.00000000000003,3.334484348421037,107.50000000000001,1.8551311731274294,-0.5000000000000001,0.8660254037844387,0.0,299.9957583313407
a3,157.21685579533928,198.97739659711232,150.67697650162535,1.8551311731274294,-0.5000000000000001,0.8660254037844387,0.0,299.9957583313407
a3,52.775674776341134,200.00000000000003,75.00000256973472,1.8551311731274294,-0.5000000000000001,0.8660254037844387,0.0,299.9957583313407
a3,200.00000000000003,67.50000001424486,100.40707857301355,1.8551311731274294,-0.5000000000000001,0.8660254037844387,0.0,299.9957583313407
a3,0.0,50.0000000000001,8.203189186296274,1.8551311731274294,-0.5000000000000001,0.8660254037844387,0.0,299.9957583313407
a3,199.17762644243456,94.41356075798589,175.18239669557067,1.8551311731274294,-0.5000000000000001,0.8660254037844387,0.0,299.9957583313407
a3,0.016740971922796947,128.8712754724752,182.0338802542973,1.8551311731274294,-0.5000000000000001,0.8660254037844387,0.0,299.9957583313407
a3,43.42214424440492,45.504279246701756,199.1270487451875,1.8551311731274294,-0.5000000000000001,0.8660254037844387,0.0,299.9957583313407
a3,165.35898384862224,0.0,119.9999999999993,1.8551311731274294,-0.5000000000000001,0.8660254037844387,0.0,299.9957583313407
a3,199.76091895986892,123.52666678409001,49.64287620882289,1.8551311731274294,-0.5000000000000001,0.8660254037844387,0.0,299.9957583313407
a3,107.55143756988996,0.017889558375319692,181.11851303116327,1.8551311731274294,-0.5000000000000001,0.8660254037844387,0.0,299.9957583313407
a3,0.9001493138787219,160.84220149460438,17.811980211971385,1.8551311731274294,-0.5000000000000001,0.8660254037844387,0.0,299.9957583313407
a3,0.5179850652890616,15.248593336903774,147.805484694795,1.8551311731274294,-0.5000000000000001,0.8660254037844387,0.0,299.9957583313407
a3,23.146160466375434,86.31983558587169,0.0,1.8551311731274294,-0.5000000000000001,0.8660254037844387,0.0,299.9957583313407
a3,137.39352458182717,0.9679477085308382,183.123676213668,1.8551311731274294,-0.5000000000000001,0.8660254037844387,0.0,299.9957583313407
a3,200.00000000000003,182.42176905511454,48.97201246852363,1.8551311731274294,-0.5000000000000001,0.8660254037844387,0.0,299.9957583313407
a3,129.7942044440512,1.1978139854942234,161.12271129401725,1.8551311731274294,-0.5000000000000001,0.8660254037844387,0.0,299.9957583313407
a3,179.3708527685737,0.5453863058595112,157.9473122311554,1.8551311731274294,-0.5000000000000001,0.8660254037844387,0.0,299.9957583313407
a3,1.3354764881543517,131.30000866018517,149.03842239356612,1.8551311731274294,-0.5000000000000001,0.8660254037844387,0.0,299.9957583313407
a3,122.78707677202287,55.815850113793665,199.66328561080692,1.8551311731274294,-0.5000000000000001,0.8660254037844387,0.0,299.9957583313407
a3,192.7034383864969,65.08625546568965,0.05631904908530487,1.8551311731274294,-0.5000000000000001,0.8660254037844387,0.0,299.9957583313407
a3,42.41787457977222,195.23182181904127,0.0,1.8551311731274294,-0.5000000000000001,0.8660254037844387,0.0,299.9957583313407
a3,199.3925126836819,131.3983900598336,186.6229974399743,1.8551311731274294,-0.5000000000000001,0.8660254037844387,0.0,299.9957583313407
a3,17.984310939771873,117.39059301031035,199.60247465043082,1.8551311731274294,-0.5000000000000001,0.8660254037844387,0.0,299.9957583313407
a3,198.90349581370722,182.91335969779402,108.54924682239445,1.8551311731274294,-0.5000000000000001,0.8660254037844387,0.0,299.9957583313407
a3,130.73548774802435,30.0294356463092,200.00000000000003,1.8551311731274294,-0.5000000000000001,0.8660254037844387,0.0,299.9957583313407
a3,21.613807648534284,199.3005479508603,128.5851595199836,1.8551311731274294,-0.5000000000000001,0.8660254037844387,0.0,299.9957583313407
a3,166.79225019120074,109.31636508509477,113.94333531800709,4.7017920815185175,-0.5000000000000001,0.8660254037844387,0.0,1871.1179786568596
a3,200.00000000000003,114.80330593098212,26.912400186855233,1.8551311731274294,-0.5000000000000001,0.8660254037844387,0.0,299.9957583313407
a3,14.433848578453954,73.75133038516645,198.72629822811834,1.8551311731274294,-0.5000000000000001,0.8660254037844387,0.0,299.9957583313407
a3,160.17110954998415,199.3455548537099,38.13185514943804,1.8551311731274294,-0.5000000000000001,0.8660254037844387,0.0,299.9957583313407
a3,200.00000000000003,132.9276617123127,30.9700685896855,1.8551311731274294,-0.5000000000000001,0.8660254037844387,0.0,299.9957583313407
a3,152.36859710595076,0.0,72.49999015172345,1.8551311731274294,-0.5000000000000001,0.8660254037844387,0.0,299.9957583313407
a3,64.93714871794684,0.05717641324433378,138.38540897485535,1.8551311731274294,-0.5000000000000001,0.8660254037844387,0.0,299.9957583313407
a3,169.68911086754431,112.49999999999993,0.0,1.8551311731274294,-0.5000000000000001,0.8660254037844387,0.0,299.9957583313407
a3,43.78058641767889,199.0899927956241,88.73241681959779,1.8551311731274294,-0.5000000000000001,0.8660254037844387,0.0,299.9957583313407
a3,200.00000000000003,27.65589845471985,39.90290997101988,1.8551311731274294,-0.5000000000000001,0.8660254037844387,0.0,299.9957583313407
a3,133.75141512701126,91.80962508161807,199.72199141061435,1.8551311731274294,-0.5000000000000001,0.8660254037844387,0.0,299.9957583313407
a3,122.6028440597875,25.562965246348305,1.0190299520032675,1.8551311731274294,-0.5000000000000001,0.8660254037844387,0.0,299.9957583313407
a3,200.00000000000003,115.00000000000016,182.6794919243124,1.8551311731274294,-0.5000000000000001,0.8660254037844387,0.0,299.9957583313407
a3,90.3812800211183,141.20489165513922,199.9470785454083,1.8551311731274294,-0.5000000000000001,0.8660254037844387,0.0,299.9957583313407
a3,174.07495739309073,33.76589135839549,0.1596926329222883,1.8551311731274294,-0.5000000000000001,0.8660254037844387,0.0,299.9957583313407
a3,143.70834875402093,132.4999999999792,0.0,1.8551311731274294,-0.5000000000000001,0.8660254037844387,0.0,299.9957583313407
a3,7.971101232704461,83.38588009474768,108.19140073235795,4.693366493976792,-0.5000000000000001,0.8660254037844387,0.0,1864.417919438344
a3,161.02885682969995,112.50000000000006,200.00000000000003,1.8551311731274294,-0.5000000000000001,0.8660254037844387,0.0,299.9957583313407
a3,91.7461492515956,200.00000000000003,147.49882436499377,1.8551311731274294,-0.5000000000000001,0.8660254037844387,0.0,299.9957583313407
a3,61.43591832192349,200.00000000000003,65.00000666719502,1.8551311731274294,-0.5000000000000001,0.8660254037844387,0.0,299.9957583313407
a3,200.00000000000003,122.50167982407915,12.836874764761836,1.8551311731274294,-0.5000000000000001,0.8660254037844387,0.0,299.9957583313407
a3,61.49358512737942,125.7878038460374,198.98827925602234,1.8551311731274294,-0.5000000000000001,0.8660254037844387,0.0,299.9957583313407
a3,165.35898384843435,200.00000000000003,99.99999999967454,1.8551311731274294,-0.5000000000000001,0.8660254037844387,0.0,299.9957583313407
a3,96.07695154586321,0.0,129.99999999999247,1.8551311731274294,-0.5000000000000001,0.8660254037844387,0.0,299.9957583313407
a3,0.17423339148298578,12.91742907956761,117.91245922195283,1.8551311731274294,-0.5000000000000001,0.8660254037844387,0.0,299.9957583313407
a3,27.052203658688487,189.2493129006749,0.0,1.8551311731274294,-0.5000000000000001,0.8660254037844387,0.0,299.9957583313407
a3,38.936541832897674,98.08574017907031,1.0131299872303272,1.8551311731274294,-0.5000000000000001,0.8660254037844387,0.0,299.9957583313407
a3,135.045138375199,200.00000000000003,72.49502719588064,1.8551311731274294,-0.5000000000000001,0.8660254037844387,0.0,299.9957583313407
a3,0.0,80.00000859657513,52.77585308299289,1.8551311731274294,-0.5000000000000001,0.8660254037844387,0.0,299.9957583313407
a3,0.0,42.550030076888945,22.458730130796535,1.8551311731274294,-0.5000000000000001,0.8660254037844387,0.0,299.9957583313407
a3,173.18348960214277,198.93613594021494,135.4435405618127,1.8551311731274294,-0.5000000000000001,0.8660254037844387,0.0,299.9957583313407
a3,95.01679941674898,45.182635623787775,1.171428872121227,1.8551311731274294,-0.5000000000000001,0.8660254037844387,0.0,299.9957583313407
a3,78.75644347020568,104.99999999993878,200.00000000000003,1.8551311731274294,-0.5000000000000001,0.8660254037844387,0.0,299.9957583313407
a3,161.02885682969995,112.50000000000006,0.0,1.8551311731274294,-0.5000000000000001,0.8660254037844387,0.0,299.9957583313407
a3,133.77043256745097,157.8569158703103,199.6494828237486,1.8551311731274294,-0.5000000000000001,0.8660254037844387,0.0,299.9957583313407
a3,131.49728117881978,0.008855051198528611,143.83349589374924,1.8551311731274294,-0.5000000000000001,0.8660254037844387,0.0,299.9957583313407
a3,175.0549219412411,144.50483595231884,0.20044801970944606,1.8551311731274294,-0.5000000000000001,0.8660254037844387,0.0,299.9957583313407
a3,104.7371842893682,200.00000000000003,144.99996318891988,1.8551311731274294,-0.5000000000000001,0.8660254037844387,0.0,299.9957583313407
a3,31.58229105385441,116.17749992280778,0.8951422987292824,1.8551311731274294,-0.5000000000000001,0.8660254037844387,0.0,299.9957583313407
a3,64.04563469932336,0.0,8.956073089940045,1.8551311731274294,-0.5000000000000001,0.8660254037844387,0.0,299.9957583313407
a3,97.32723252901843,46.356916152056066,198.93319137254895,1.8551311731274294,-0.5000000000000001,0.8660254037844387,0.0,299.9957583313407
a3,122.05771365940163,0.0,170.00000000000102,1.8551311731274294,-0.5000000000000001,0.8660254037844387,0.0,299.9957583313407
a3,18.104362851803437,174.50031446417228,200.00000000000003,1.8551311731274294,-0.5000000000000001,0.8660254037844387,0.0,299.9957583313407
a3,74.42631645125346,0.0,132.4999999999947,1.8551311731274294,-0.5000000000000001,0.8660254037844387,0.0,299.9957583313407
a3,34.68745518707982,161.8601034120883,192.37707887797802,4.702127950920781,-0.5000000000000001,0.8660254037844387,0.0,1871.3853123511874
a3,66.72940119650976,195.24591108167587,0.0,1.8551311731274294,-0.5000000000000001,0.8660254037844387,0.0,299.9957583313407
a3,70.09618943328178,54.99999999783658,0.0,1.8551311731274294,-0.5000000000000001,0.8660254037844387,0.0,299.9957583313407
a3,78.75644347019029,149.99999999997434,200.00000000000003,1.8551311731274294,-0.5000000000000001,0.8660254037844387,0.0,299.9957583313407
a3,191.3397459621556,155.00000000000017,0.0,1.8551311731274294,-0.5000000000000001,0.8660254037844387,0.0,299.9957583313407
a3,187.00961894323328,162.5000000000002,0.0,1.8551311731274294,-0.5000000000000001,0.8660254037844387,0.0,299.9957583313407
a3,91.62105679540885,0.0,22.536145579123936,1.8551311731274294,-0.5000000000000001,0.8660254037844387,0.0,299.9957583313407
a3,148.03872532549605,64.99942702589662,0.0,1.8551311731274294,-0.5000000000000001,0.8660254037844387,0.0,299.9957583313407
a3,152.3245186866522,200.00000000000003,47.42364408998132,1.8551311731274294,-0.5000000000000001,0.8660254037844387,0.0,299.9957583313407
a3,198.6274885204143,177.5475047865733,31.297906003710576,1.8551311731274294,-0.5000000000000001,0.8660254037844387,0.0,299.9957583313407
a3,0.0,14.831109605011404,8.195921019090429,1.8551311731274294,-0.5000000000000001,0.8660254037844387,0.0,299.9957583313407
a3,135.65166869919582,62.272721700381304,0.10573518386453618,1.8551311731274294,-0.5000000000000001,0.8660254037844387,0.0,299.9957583313407
a3,198.9670296196459,94.05714901486714,129.3865393018977,1.8551311731274294,-0.5000000000000001,0.8660254037844387,0.0,299.9957583313407
a3,187.14359306085885,200.00000000000003,17.732049978626453,1.8551311731274294,-0.5000000000000001,0.8660254037844387,0.0,299.9957583313407
a3,186.38655002590548,199.3750834024726,26.53840261637228,1.8551311731274294,-0.5000000000000001,0.8660254037844387,0.0,299.9957583313407
a3,61.23872091721308,100.69461086602645,0.20539395102578215,1.8551311731274294,-0.5000000000000001,0.8660254037844387,0.0,299.9957583313407
a3,125.72930727476401,0.0,17.51310656485885,1.8551311731274294,-0.5000000000000001,0.8660254037844387,0.0,299.9957583313407
a3,0.0,114.99999987263321,148.0384756529303,1.8551311731274294,-0.5000000000000001,0.8660254037844387,0.0,299.9957583313407
a3,200.00000000000003,27.543645819823826,100.42908080078755,1.8551311731274294,-0.5000000000000001,0.8660254037844387,0.0,299.9957583313407
a3,199.19628171017496,181.24073693895755,45.11121154007125,1.8551311731274294,-0.5000000000000001,0.8660254037844387,0.0,299.9957583313407
a3,74.4263164512566,97.50000000000021,0.0,1.8551311731274294,-0.5000000000000001,0.8660254037844387,0.0,299.9957583313407
a3,91.7468245842112,92.49999986917553,200.00000000000003,1.8551311731274294,-0.5000000000000001,0.8660254037844387,0.0,299.9957583313407
a3,135.04563855334712,0.0,47.505305566606864,1.8551311731274294,-0.5000000000000001,0.8660254037844387,0.0,299.9957583313407
a3,53.2542680166505,198.65795842322368,115.56263890844957,1.8551311731274294,-0.5000000000000001,0.8660254037844387,0.0,299.9957583313407
a3,194.97903144659486,199.76334405273468,62.075729782513775,1.8551311731274294,-0.5000000000000001,0.8660254037844387,0.0,299.9957583313407
a3,200.00000000000003,27.65589845471985,39.90290997101988,1.8551311731274294,-0.5000000000000001,0.8660254037844387,0.0,299.9957583313407
a3,78.75644347018621,154.9999999999838,0.0,1.8551311731274294,-0.5000000000000001,0.8660254037844387,0.0,299.9957583313407
a3,177.4248901850431,199.7591078569038,81.16791556931996,1.8551311731274294,-0.5000000000000001,0.8660254037844387,0.0,299.9957583313407
a3,169.5466842933046,0.8678349014933052,108.77203647544061,1.8551311731274294,-0.5000000000000001,0.8660254037844387,0.0,299.9957583313407
a3,109.06733260263464,157.4999999999993,200.00000000000003,1.8551311731274294,-0.5000000000000001,0.8660254037844387,0.0,299.9957583313407
a3,199.68794406320802,176.45391787037886,31.73757417983398,1.8551311731274294,-0.5000000000000001,0.8660254037844387,0.0,299.9957583313407
a3,0.0,137.5801649408309,22.734690252493724,1.8551311731274294,-0.5000000000000001,0.8660254037844387,0.0,299.9957583313407
a3,78.23575291722806,199.56587138239178,71.26564562869983,1.8551311731274294,-0.5000000000000001,0.8660254037844387,0.0,299.9957583313407
a3,104.65518297710375,0.0,20.114122358564885,1.8551311731274294,-0.5000000000000001,0.8660254037844387,0.0,299.9957583313407
a3,100.40707856479034,200.00000000000003,97.50000000000128,1.8551311731274294,-0.5000000000000001,0.8660254037844387,0.0,299.9957583313407
a3,164.38034072621465,39.760863941468905,199.27213491540135,1.8551311731274294,-0.5000000000000001,0.8660254037844387,0.0,299.9957583313407
a3,152.39151207073868,27.493934025948704,200.00000000000003,1.8551311731274294,-0.5000000000000001,0.8660254037844387,0.0,299.9957583313407
a3,31.28135900565154,102.66234162005684,0.0,1.8551311731274294,-0.5000000000000001,0.8660254037844387,0.0,299.9957583313407
a3,53.3430063058627,133.7784844370911,0.10007058951398604,1.8551311731274294,-0.5000000000000001,0.8660254037844387,0.0,299.9957583313407
a3,99.7745640739604,0.7945325775022425,167.32226401955248,1.8551311731274294,-0.5000000000000001,0.8660254037844387,0.0,299.9957583313407
a3,1.1002165932746462,21.098384139247514,160.4505219896601,1.8551311731274294,-0.5000000000000001,0.8660254037844387,0.0,299.9957583313407
a3,7.909796397363647,199.0131142612717,29.051143255846615,1.8551311731274294,-0.5000000000000001,0.8660254037844387,0.0,299.9957583313407
a3,79.34600146222236,118.67889927143776,1.2459426308468229,1.8551311731274294,-0.5000000000000001,0.8660254037844387,0.0,299.9957583313407
a3,64.68072934982077,151.4395165463477,198.8474876973889,1.8551311731274294,-0.5000000000000001,0.8660254037844387,0.0,299.9957583313407
a3,199.87450739047637,163.07158296741883,126.3703084809808,1.8551311731274294,-0.5000000000000001,0.8660254037844387,0.0,299.9957583313407
a3,200.00000000000003,97.50000001025204,117.72758664639781,1.8551311731274294,-0.5000000000000001,0.8660254037844387,0.0,299.9957583313407
a3,182.6831100654127,0.0,35.006266804216814,1.8551311731274294,-0.5000000000000001,0.8660254037844387,0.0,299.9957583313407
a3,164.69355461113102,0.2640830935986438,9.593024332499606,1.8551311731274294,-0.5000000000000001,0.8660254037844387,0.0,299.9957583313407
a3,139.41230978525252,20.791322382234195,0.5283103236720819,1.8551311731274294,-0.5000000000000001,0.8660254037844387,0.0,299.9957583313407
a3,121.63386723800362,0.8623448086222507,59.34547820432585,1.8551311731274294,-0.5000000000000001,0.8660254037844387,0.0,299.9957583313407
a3,0.0,4.66289387335532,143.08611515915473,1.8551311731274294,-0.5000000000000001,0.8660254037844387,0.0,299.9957583313407
a3,152.36860279185603,167.50145120510064,200.00000000000003,1.8551311731274294,-0.5000000000000001,0.8660254037844387,0.0,299.9957583313407
a3,0.5587018678995942,158.00584320809466,58.3512322596096,1.8551311731274294,-0.5000000000000001,0.8660254037844387,0.0,299.9957583313407
a3,165.35898384862278,155.00000000000006,0.0,1.8551311731274294,-0.5000000000000001,0.8660254037844387,0.0,299.9957583313407
a3,4.165979464650414,66.66994455171198,0.6386319865761858,1.8551311731274294,-0.5000000000000001,0.8660254037844387,0.0,299.9957583313407
a3,104.73720558371245,154.99999999999926,0.0,1.8551311731274294,-0.5000000000000001,0.8660254037844387,0.0,299.9957583313407
a3,199.84754063121326,128.7859812533884,196.43660581279966,1.8551311731274294,-0.5000000000000001,0.8660254037844387,0.0,299.9957583313407
a3,200.00000000000003,0.0,115.00000000000001,1.8551311731274294,-0.5000000000000001,0.8660254037844387,0.0,299.9957583313407
a3,140.60082674331696,198.8431584686784,94.57152842215869,1.8551311731274294,-0.5000000000000001,0.8660254037844387,0.0,299.9957583313407
a3,120.7609994867735,130.56999735431327,199.97568458940543,1.8551311731274294,-0.5000000000000001,0.8660254037844387,0.0,299.9957583313407
a3,200.00000000000003,27.626790509302595,83.1597730237763,1.8551311731274294,-0.5000000000000001,0.8660254037844387,0.0,299.9957583313407
a3,198.81893219860362,56.47394246870711,21.94870301120719,1.8551311731274294,-0.5000000000000001,0.8660254037844387,0.0,299.9957583313407
a3,8.955942803998385,109.39344515881584,0.0,1.8551311731274294,-0.5000000000000001,0.8660254037844387,0.0,299.9957583313407
a3,13.865215923229037,194.8446883284845,151.30625406299478,4.704588820431614,-0.5000000000000001,0.8660254037844387,0.0,1873.3446125601406
a3,14.083872902194692,49.65518669163117,199.7888787383376,1.8551311731274294,-0.5000000000000001,0.8660254037844387,0.0,299.9957583313407
a3,18.06578881148605,46.52889735183419,200.00000000000003,1.8551311731274294,-0.5000000000000001,0.8660254037844387,0.0,299.9957583313407
a3,47.826152190920844,33.46548331025914,199.18554425081405,1.8551311731274294,-0.5000000000000001,0.8660254037844387,0.0,299.9957583313407
a3,156.69767876091288,200.00000000000003,74.99817952823312,1.8551311731274294,-0.5000000000000001,0.8660254037844387,0.0,299.9957583313407
a3,0.0,77.47117675763512,117.70269465646551,1.8551311731274294,-0.5000000000000001,0.8660254037844387,0.0,299.9957583313407
a3,114.41886265306933,10.094316220341675,1.0336761446466027,1.8551311731274294,-0.5000000000000001,0.8660254037844387,0.0,299.9957583313407
a3,70.0391282011538,200.00000000000003,159.90110362602306,1.8551311731274294,-0.5000000000000001,0.8660254037844387,0.0,299.9957583313407
a3,0.4809990776792808,195.88818989150454,141.7972493731736,1.8551311731274294,-0.5000000000000001,0.8660254037844387,0.0,299.9957583313407
a3,169.41250470259715,112.93199712214036,1.0993984876179073,1.8551311731274294,-0.5000000000000001,0.8660254037844387,0.0,299.9957583313407
a3,11.613793031257888,0.0,189.03804937567082,1.8551311731274294,-0.5000000000000001,0.8660254037844387,0.0,299.9957583313407
a3,0.0,127.57907520222254,17.055851285802305,1.8551311731274294,-0.5000000000000001,0.8660254037844387,0.0,299.9957583313407
a3,41.102124885022285,143.09223810670127,199.0078514510021,1.8551311731274294,-0.5000000000000001,0.8660254037844387,0.0,299.9957583313407
a3,0.0,82.50001580305926,57.105961648403024,1.8551311731274294,-0.5000000000000001,0.8660254037844387,0.0,299.9957583313407
a3,197.36419239035465,9.191462810555027,199.39844671391143,1.8551311731274294,-0.5000000000000001,0.8660254037844387,0.0,299.9957583313407
a3,104.63178000544936,200.00000000000003,64.93415941409036,1.8551311731274294,-0.5000000000000001,0.8660254037844387,0.0,299.9957583313407
a3,25.897975019523024,199.37116583106823,16.113815184087407,1.8551311731274294,-0.5000000000000001,0.8660254037844387,0.0,299.9957583313407
a3,200.00000000000003,77.50000000000307,23.294999579858555,1.8551311731274294,-0.5000000000000001,0.8660254037844387,0.0,299.9957583313407
a3,200.00000000000003,105.00000000128819,104.73720558445591,1.8551311731274294,-0.5000000000000001,0.8660254037844387,0.0,299.9957583313407
a3,35.463012421044354,0.0,165.0000000000008,1.8551311731274294,-0.5000000000000001,0.8660254037844387,0.0,299.9957583313407
a3,0.0,75.00000000000178,13.081499291580004,1.8551311731274294,-0.5000000000000001,0.8660254037844387,0.0,299.9957583313407
a3,27.023348513855495,0.0,170.39338813804352,1.8551311731274294,-0.5000000000000001,0.8660254037844387,0.0,299.9957583313407
a3,14.601375573760757,200.00000000000003,8.331235343486396,1.8551311731274294,-0.5000000000000001,0.8660254037844387,0.0,299.9957583313407
a3,199.94631614114058,160.6945312666984,60.19758386694995,1.8551311731274294,-0.5000000000000001,0.8660254037844387,0.0,299.9957583313407
a3,152.1342443748962,146.44763389429303,0.6921264421634543,1.8551311731274294,-0.5000000000000001,0.8660254037844387,0.0,299.9957583313407
a3,184.35911304969756,189.63121801936447,198.92213483467776,1.8551311731274294,-0.5000000000000001,0.8660254037844387,0.0,299.9957583313407
a3,156.4429951755511,110.91533881076013,199.2874182835902,1.8551311731274294,-0.5000000000000001,0.8660254037844387,0.0,299.9957583313407
a3,109.35898440440894,77.86218625944849,198.97710822656592,1.8551311731274294,-0.5000000000000001,0.8660254037844387,0.0,299.9957583313407
a3,44.91523849738735,22.8803518208782,200.00000000000003,1.8551311731274294,-0.5000000000000001,0.8660254037844387,0.0,299.9957583313407
a3,0.0,59.789238652186555,121.9055664321562,1.8551311731274294,-0.5000000000000001,0.8660254037844387,0.0,299.9957583313407
a3,200.00000000000003,80.00000000001727,70.09618943234383,1.8551311731274294,-0.5000000000000001,0.8660254037844387,0.0,299.9957583313407
a3,200.00000000000003,50.00082028079682,104.73764383258168,1.8551311731274294,-0.5000000000000001,0.8660254037844387,0.0,299.9957583313407
a3,109.06731361169851,200.00000000000003,122.4999797528558,1.8551311731274294,-0.5000000000000001,0.8660254037844387,0.0,299.9957583313407
a3,199.07176675433746,125.384162135481,53.05635969761238,1.8551311731274294,-0.5000000000000001,0.8660254037844387,0.0,299.9957583313407
a3,135.81464247745015,198.7627204566573,102.58248343588232,1.8551311731274294,-0.5000000000000001,0.8660254037844387,0.0,299.9957583313407
a3,86.51901206574215,199.3337657436481,90.93909386707763,1.8551311731274294,-0.5000000000000001,0.8660254037844387,0.0,299.9957583313407
a3,200.00000000000003,110.00000000000274,61.43593539449138,1.8551311731274294,-0.5000000000000001,0.8660254037844387,0.0,299.9957583313407
a3,112.63091465321304,79.48872077450538,199.88853961894995,1.8551311731274294,-0.5000000000000001,0.8660254037844387,0.0,299.9957583313407
a3,200.00000000000003,23.208471339174693,22.556952308132153,1.8551311731274294,-0.5000000000000001,0.8660254037844387,0.0,299.9957583313407
a3,14.23289153997196,79.2099255506328,0.0,1.8551311731274294,-0.5000000000000001,0.8660254037844387,0.0,299.9957583313407
a3,130.7179670833728,200.00000000000003,159.99999893605906,1.8551311731274294,-0.5000000000000001,0.8660254037844387,0.0,299.9957583313407
a3,14.6242594391233,199.95966300546954,190.9122714144472,1.8551311731274294,-0.5000000000000001,0.8660254037844387,0.0,299.9957583313407
a3,161.0788048217584,22.23267031600973,200.00000000000003,1.8551311731274294,-0.5000000000000001,0.8660254037844387,0.0,299.9957583313407
a3,130.72168056378294,40.005457118722276,0.0,1.8551311731274294,-0.5000000000000001,0.8660254037844387,0.0,299.9957583313407
a3,0.8212461861227552,45.12706671240201,148.12968580332836,1.8551311731274294,-0.5000000000000001,0.8660254037844387,0.0,299.9957583313407
a3,161.18730168712986,199.24311793675545,67.26579209450009,1.8551311731274294,-0.5000000000000001,0.8660254037844387,0.0,299.9957583313407
a3,65.7660624134223,132.4999999999774,0.0,1.8551311731274294,-0.5000000000000001,0.8660254037844387,0.0,299.9957583313407
a3,120.73450585183431,199.43865257508918,149.59400865897032,1.8551311731274294,-0.5000000000000001,0.8660254037844387,0.0,299.9957583313407
a3,13.355736946245681,69.28921311912924,0.8426684007194971,1.8551311731274294,-0.5000000000000001,0.8660254037844387,0.0,299.9957583313407
a3,200.00000000000003,55.00000000000312,35.455173280957254,1.8551311731274294,-0.5000000000000001,0.8660254037844387,0.0,299.9957583313407
a3,83.04615055048687,200.00000000000003,52.41729712464561,1.8551311731274294,-0.5000000000000001,0.8660254037844387,0.0,299.9957583313407
a3,39.78693395812097,200.00000000000003,157.49999999999807,1.8551311731274294,-0.5000000000000001,0.8660254037844387,0.0,299.9957583313407
a3,0.0,52.494342959673865,161.02559073594517,1.8551311731274294,-0.5000000000000001,0.8660254037844387,0.0,299.9957583313407
a3,200.00000000000003,20.006323377965362,53.23000663064375,1.8551311731274294,-0.5000000000000001,0.8660254037844387,0.0,299.9957583313407
a3,70.08817364630744,169.91121630240582,200.00000000000003,1.8551311731274294,-0.5000000000000001,0.8660254037844387,0.0,299.9957583313407
a3,149.28858186818206,140.10900497892663,1.1772378459181605,1.8551311731274294,-0.5000000000000001,0.8660254037844387,0.0,299.9957583313407
a3,148.67185811035225,105.47656664288952,0.6454117017481449,1.8551311731274294,-0.5000000000000001,0.8660254037844387,0.0,299.9957583313407
a3,160.24121558995336,199.99978507111902,8.066414379765916,1.8551311731274294,-0.5000000000000001,0.8660254037844387,0.0,299.9957583313407
a3,12.509030848103263,199.7886370940119,29.195558915101046,1.8551311731274294,-0.5000000000000001,0.8660254037844387,0.0,299.9957583313407
a3,199.4737205537366,52.985112847808665,57.59241375734518,1.8551311731274294,-0.5000000000000001,0.8660254037844387,0.0,299.9957583313407
a3,0.32034537064189256,40.20442170807107,123.10388929926384,1.8551311731274294,-0.5000000000000001,0.8660254037844387,0.0,299.9957583313407
a3,69.33295498639957,69.63819601860858,1.1431851990310726,1.8551311731274294,-0.5000000000000001,0.8660254037844387,0.0,299.9957583313407
a3,195.669872981078,0.0,167.50000000000006,1.8551311731274294,-0.5000000000000001,0.8660254037844387,0.0,299.9957583313407
a3,1.0616212170770492,76.26549418876459,159.79135479450613,1.8551311731274294,-0.5000000000000001,0.8660254037844387,0.0,299.9957583313407
a3,200.00000000000003,102.5000000021235,109.06733260386035,1.8551311731274294,-0.5000000000000001,0.8660254037844387,0.0,299.9957583313407
a3,195.6698729810779,0.0,97.50000000000006,1.8551311731274294,-0.5000000000000001,0.8660254037844387,0.0,299.9957583313407
a3,0.0,155.00299776651366,174.01753203025268,1.8551311731274294,-0.5000000000000001,0.8660254037844387,0.0,299.9957583313407
a3,200.00000000000003,122.50000000005534,91.74682452697786,1.8551311731274294,-0.5000000000000001,0.8660254037844387,0.0,299.9957583313407
a3,178.34877223536677,172.51937977902904,0.0,1.8551311731274294,-0.5000000000000001,0.8660254037844387,0.0,299.9957583313407
a3,11.973031034123506,0.6850498714066988,188.62975841844084,1.8551311731274294,-0.5000000000000001,0.8660254037844387,0.0,299.9957583313407
a3,31.15914084815798,200.00000000000003,62.50996724741169,1.8551311731274294,-0.5000000000000001,0.8660254037844387,0.0,299.9957583313407
a3,181.54330560726095,199.73866259560776,71.10762116581817,1.8551311731274294,-0.5000000000000001,0.8660254037844387,0.0,299.9957583313407
a3,12.843178401728647,0.0,157.49612024522943,1.8551311731274294,-0.5000000000000001,0.8660254037844387,0.0,299.9957583313407
a3,173.68544915626353,1.204078495365832,73.68899328036281,1.8551311731274294,-0.5000000000000001,0.8660254037844387,0.0,299.9957583313407
a3,159.00766882533262,200.00000000000003,174.58245691416602,1.8551311731274294,-0.5000000000000001,0.8660254037844387,0.0,299.9957583313407
a3,75.73093727634019,199.69386512884907,82.10960653159279,1.8551311731274294,-0.5000000000000001,0.8660254037844387,0.0,299.9957583313407
a3,157.92755775861906,75.22240769951958,199.29353990834565,1.8551311731274294,-0.5000000000000001,0.8660254037844387,0.0,299.9957583313407
a3,9.711036277018382,200.00000000000003,149.3378905736526,1.8551311731274294,-0.5000000000000001,0.8660254037844387,0.0,299.9957583313407
a3,120.76588401769168,175.59426562215697,198.89300667535207,1.8551311731274294,-0.5000000000000001,0.8660254037844387,0.0,299.9957583313407
a3,21.897545884011272,200.00000000000003,129.6207366663209,1.8551311731274294,-0.5000000000000001,0.8660254037844387,0.0,299.9957583313407
a3,83.71966808164079,103.60384195147279,0.2699538383755367,1.8551311731274294,-0.5000000000000001,0.8660254037844387,0.0,299.9957583313407
a3,153.37155979012326,56.15868703508365,198.7310998474232,1.8551311731274294,-0.5000000000000001,0.8660254037844387,0.0,299.9957583313407
a3,1.1934923553463201,177.565858415345,170.23582323519176,1.8551311731274294,-0.5000000000000001,0.8660254037844387,0.0,299.9957583313407
a3,113.3974596219615,129.99999999907496,200.00000000000003,1.8551311731274294,-0.5000000000000001,0.8660254037844387,0.0,299.9957583313407
a3,165.35898384862278,155.00000000000006,200.00000000000003,1.8551311731274294,-0.5000000000000001,0.8660254037844387,0.0,299.9957583313407
a3,158.47954259714683,126.14447054594874,59.70888139720783,4.702532427878151,-0.5000000000000001,0.8660254037844387,0.0,1871.707279256706
a3,199.16864227028594,38.799753977278336,92.54489982486152,1.8551311731274294,-0.5000000000000001,0.8660254037844387,0.0,299.9957583313407
a3,0.0,132.50024091469572,161.0287197301983,1.8551311731274294,-0.5000000000000001,0.8660254037844387,0.0,299.9957583313407
a3,1.173991673939375,111.35158828916973,30.55239651263213,1.8551311731274294,-0.5000000000000001,0.8660254037844387,0.0,299.9957583313407
a3,156.37693870201485,199.58223112567032,10.045274216930387,1.8551311731274294,-0.5000000000000001,0.8660254037844387,0.0,299.9957583313407
a3,117.72758664047919,172.49999999999926,0.0,1.8551311731274294,-0.5000000000000001,0.8660254037844387,0.0,299.9957583313407
a3,121.87699233323565,200.00000000000003,54.728693467788254,1.8551311731274294,-0.5000000000000001,0.8660254037844387,0.0,299.9957583313407
a3,83.77595214077412,143.75321093617262,0.776414310361285,1.8551311731274294,-0.5000000000000001,0.8660254037844387,0.0,299.9957583313407
a3,199.06141313314086,175.61896711945673,16.986498865484,1.8551311731274294,-0.5000000000000001,0.8660254037844387,0.0,299.9957583313407
a3,144.16570106977073,132.23610791650245,1.0926385395659641,1.8551311731274294,-0.5000000000000001,0.8660254037844387,0.0,299.9957583313407
a3,0.0,97.49999997034277,143.70834872606903,1.8551311731274294,-0.5000000000000001,0.8660254037844387,0.0,299.9957583313407
a3,110.21053751325057,21.88151498109537,199.1314826109629,1.8551311731274294,-0.5000000000000001,0.8660254037844387,0.0,299.9957583313407
a3,73.10096833174774,198.6228814037241,92.0077677834032,1.8551311731274294,-0.5000000000000001,0.8660254037844387,0.0,299.9957583313407
a3,126.39660070371238,27.51471782315469,200.00000000000003,1.8551311731274294,-0.5000000000000001,0.8660254037844387,0.0,299.9957583313407
a3,0.0,67.49504117963629,152.36573981558,1.8551311731274294,-0.5000000000000001,0.8660254037844387,0.0,299.9957583313407
a3,87.41669750805355,144.99999999993105,0.0,1.8551311731274294,-0.5000000000000001,0.8660254037844387,0.0,299.9957583313407
a3,1.1543695302808858,182.7692456422771,160.48037846573678,1.8551311731274294,-0.5000000000000001,0.8660254037844387,0.0,299.9957583313407
a3,199.45562166242777,188.85691212682727,104.87027942061533,1.8551311731274294,-0.5000000000000001,0.8660254037844387,0.0,299.9957583313407
a3,128.87292305290893,58.4126309755794,24.64463829278252,4.7016288934814465,-0.5000000000000001,0.8660254037844387,0.0,1870.9880967880374
a3,126.35422605062496,0.0,177.1038974376236,1.8551311731274294,-0.5000000000000001,0.8660254037844387,0.0,299.9957583313407
a3,151.9929527723529,0.9411828910457332,91.30793056715945,1.8551311731274294,-0.5000000000000001,0.8660254037844387,0.0,299.9957583313407
a3,82.26200835806922,123.10993780196304,198.8244173571989,1.8551311731274294,-0.5000000000000001,0.8660254037844387,0.0,299.9957583313407
a3,199.42440557290965,118.24076863669897,151.00114896024107,1.8551311731274294,-0.5000000000000001,0.8660254037844387,0.0,299.9957583313407
a3,200.00000000000003,72.50000699828999,161.0288608701653,1.8551311731274294,-0.5000000000000001,0.8660254037844387,0.0,299.9957583313407
a3,152.1205558626024,0.9084295138391201,36.50973663782597,1.8551311731274294,-0.5000000000000001,0.8660254037844387,0.0,299.9957583313407
a3,12.843501829790311,200.00000000000003,131.53372323950921,1.8551311731274294,-0.5000000000000001,0.8660254037844387,0.0,299.9957583313407
a3,0.13626340504044998,136.3105208187999,25.662012674760646,1.8551311731274294,-0.5000000000000001,0.8660254037844387,0.0,299.9957583313407
a3,52.790681086371336,24.32837525119927,199.59592870897427,1.8551311731274294,-0.5000000000000001,0.8660254037844387,0.0,299.9957583313407
a3,143.49637232469496,157.25321345046214,199.4902869404484,1.8551311731274294,-0.5000000000000001,0.8660254037844387,0.0,299.9957583313407
a3,198.9730325822959,70.62160510841866,138.77825286426793,1.8551311731274294,-0.5000000000000001,0.8660254037844387,0.0,299.9957583313407
a3,198.82549388932958,186.26157226793583,196.5652960011641,1.8551311731274294,-0.5000000000000001,0.8660254037844387,0.0,299.9957583313407
a3,66.85859257154101,24.796474479864713,0.24841266889571478,1.8551311731274294,-0.5000000000000001,0.8660254037844387,0.0,299.9957583313407
a3,57.54049628487092,199.60252391100997,136.87108322914318,1.8551311731274294,-0.5000000000000001,0.8660254037844387,0.0,299.9957583313407
a3,117.72758664094708,117.49999999892997,200.00000000000003,1.8551311731274294,-0.5000000000000001,0.8660254037844387,0.0,299.9957583313407
a3,121.04434872779026,199.28729706137185,133.63671256214127,1.8551311731274294,-0.5000000000000001,0.8660254037844387,0.0,299.9957583313407
a3,109.06736560075083,62.50004099982346,200.00000000000003,1.8551311731274294,-0.5000000000000001,0.8660254037844387,0.0,299.9957583313407
a3,200.00000000000003,42.500000000027434,65.76606241342682,1.8551311731274294,-0.5000000000000001,0.8660254037844387,0.0,299.9957583313407
a3,27.216386842915746,63.609944421515856,0.11879880559926766,1.8551311731274294,-0.5000000000000001,0.8660254037844387,0.0,299.9957583313407
a3,131.7808365660823,110.20285465417483,0.8051109416619893,1.8551311731274294,-0.5000000000000001,0.8660254037844387,0.0,299.9957583313407
a3,178.34936490538516,200.00000000000003,77.49999999999424,1.8551311731274294,-0.5000000000000001,0.8660254037844387,0.0,299.9957583313407
a3,14.602877835244422,156.35046585217304,1.2351367519647238,1.8551311731274294,-0.5000000000000001,0.8660254037844387,0.0,299.9957583313407
a3,48.426608751264645,47.53281471831565,200.00000000000003,1.8551311731274294,-0.5000000000000001,0.8660254037844387,0.0,299.9957583313407
a3,137.9854168986729,188.03422368222985,199.8942703124521,1.8551311731274294,-0.5000000000000001,0.8660254037844387,0.0,299.9957583313407
a3,0.14543833122698938,71.24766169985871,7.847719193569511,1.8551311731274294,-0.5000000000000001,0.8660254037844387,0.0,299.9957583313407
a3,104.64075580271493,51.241883288829804,199.1287704495253,1.8551311731274294,-0.5000000000000001,0.8660254037844387,0.0,299.9957583313407
a3,0.54053561555583,190.49899265850325,31.937913390341475,1.8551311731274294,-0.5000000000000001,0.8660254037844387,0.0,299.9957583313407
a3,0.0,74.99415951199389,130.71408394289563,1.8551311731274294,-0.5000000000000001,0.8660254037844387,0.0,299.9957583313407
a3,169.70363187255114,200.00000000000003,17.41325092922787,1.8551311731274294,-0.5000000000000001,0.8660254037844387,0.0,299.9957583313407
a3,0.08872799216848971,124.23811004304368,114.70544967205714,1.8551311731274294,-0.5000000000000001,0.8660254037844387,0.0,299.9957583313407
a3,112.35817622480718,198.9314463457758,54.85384262909399,1.8551311731274294,-0.5000000000000001,0.8660254037844387,0.0,299.9957583313407
a3,116.86694617503193,146.38384105544245,198.8709029153962,1.8551311731274294,-0.5000000000000001,0.8660254037844387,0.0,299.9957583313407
a3,18.555438537937956,199.8581460850696,58.845855855828056,1.8551311731274294,-0.5000000000000001,0.8660254037844387,0.0,299.9957583313407
a3,165.4167598878231,19.47046970921048,0.0,1.8551311731274294,-0.5000000000000001,0.8660254037844387,0.0,299.9957583313407
a3,109.06174947360958,200.00000000000003,87.49469805706987,1.8551311731274294,-0.5000000000000001,0.8660254037844387,0.0,299.9957583313407
a3,39.46571818529355,9.121001850990615,0.0,1.8551311731274294,-0.5000000000000001,0.8660254037844387,0.0,299.9957583313407
a3,0.8556668242476836,183.78427560257327,101.09658483301209,1.8551311731274294,-0.5000000000000001,0.8660254037844387,0.0,299.9957583313407
a3,16.588460418762775,95.01697950900873,1.0683176244010502,1.8551311731274294,-0.5000000000000001,0.8660254037844387,0.0,299.9957583313407
a3,13.566899186620155,150.78447607794692,137.4787639767836,4.701595651807875,-0.5000000000000001,0.8660254037844387,0.0,1870.961640188798
a3,61.756730147859344,95.047854731886,0.6111409922035185,1.8551311731274294,-0.5000000000000001,0.8660254037844387,0.0,299.9957583313407
a3,0.0,117.49999998576365,187.00961893498862,1.8551311731274294,-0.5000000000000001,0.8660254037844387,0.0,299.9957583313407
a3,57.293233127004726,0.0,177.44423506313439,1.8551311731274294,-0.5000000000000001,0.8660254037844387,0.0,299.9957583313407
a3,69.86269775933349,1.0431409868209383,119.96694765295318,1.8551311731274294,-0.5000000000000001,0.8660254037844387,0.0,299.9957583313407
a3,0.0,174.85699785563557,6.894228365331854,1.8551311731274294,-0.5000000000000001,0.8660254037844387,0.0,299.9957583313407
a3,63.66106542689106,14.951011027062984,15.675311829350191,4.705707071655076,-0.5000000000000001,0.8660254037844387,0.0,1874.2352829050483
a3,0.0,107.29978213265431,31.271998660668498,1.8551311731274294,-0.5000000000000001,0.8660254037844387,0.0,299.9957583313407
a3,122.05771365950567,134.9999999997608,200.00000000000003,1.8551311731274294,-0.5000000000000001,0.8660254037844387,0.0,299.9957583313407
a3,91.83046336585286,199.31323283229924,102.08824007313139,1.8551311731274294,-0.5000000000000001,0.8660254037844387,0.0,299.9957583313407
a3,199.3851554304005,66.41778732736348,21.515699171135388,1.8551311731274294,-0.5000000000000001,0.8660254037844387,0.0,299.9957583313407
a3,170.82468148408043,72.66607088918217,198.86054961366395,1.8551311731274294,-0.5000000000000001,0.8660254037844387,0.0,299.9957583313407
a3,66.03744191787315,136.35314912648403,8.528009303337862,4.692569424285846,-0.5000000000000001,0.8660254037844387,0.0,1863.7847087876191
a3,26.12141548371024,160.70797822489746,0.5088683460038302,1.8551311731274294,-0.5000000000000001,0.8660254037844387,0.0,299.9957583313407
a3,70.39583600095152,1.1448297804942071,166.13691826055074,1.8551311731274294,-0.5000000000000001,0.8660254037844387,0.0,299.9957583313407
a3,13.417578700999268,45.48593171098517,200.00000000000003,1.8551311731274294,-0.5000000000000001,0.8660254037844387,0.0,299.9957583313407
a3,31.996254300702798,158.21443524819335,199.61892586619803,1.8551311731274294,-0.5000000000000001,0.8660254037844387,0.0,299.9957583313407
a3,95.90171426681668,174.42597747067737,198.83258957331682,1.8551311731274294,-0.5000000000000001,0.8660254037844387,0.0,299.9957583313407
a3,0.0,170.0,200.00000000000003,1.8551311731274294,-0.5000000000000001,0.8660254037844387,0.0,299.9957583313407
a3,32.86087445873802,199.3397142308889,194.77483858429903,1.8551311731274294,-0.5000000000000001,0.8660254037844387,0.0,299.9957583313407
a3,200.00000000000003,117.50000000000315,48.445554337725035,1.8551311731274294,-0.5000000000000001,0.8660254037844387,0.0,299.9957583313407
a3,78.70624717960438,144.7475480922485,199.66883547891084,1.8551311731274294,-0.5000000000000001,0.8660254037844387,0.0,299.9957583313407
a3,118.56864055902193,162.03553456376955,1.1956873576691283,1.8551311731274294,-0.5000000000000001,0.8660254037844387,0.0,299.9957583313407
a3,198.7266036531507,122.86380360218072,39.766436872684594,1.8551311731274294,-0.5000000000000001,0.8660254037844387,0.0,299.9957583313407
a3,16.776828002928145,200.00000000000003,137.40339202442635,1.8551311731274294,-0.5000000000000001,0.8660254037844387,0.0,299.9957583313407
a3,136.5513017002388,194.9225872237735,0.5492011297960693,1.8551311731274294,-0.5000000000000001,0.8660254037844387,0.0,299.9957583313407
a3,3.2987233583628623,0.049633892182707355,64.18276355533331,1.8551311731274294,-0.5000000000000001,0.8660254037844387,0.0,299.9957583313407
a3,1.094989588070205,43.02235268211013,21.083432170196318,1.8551311731274294,-0.5000000000000001,0.8660254037844387,0.0,299.9957583313407
a3,0.1961041078031963,29.289863843363058,173.03182200587995,1.8551311731274294,-0.5000000000000001,0.8660254037844387,0.0,299.9957583313407
a3,200.00000000000003,50.000006177871526,139.37822530188475,1.8551311731274294,-0.5000000000000001,0.8660254037844387,0.0,299.9957583313407
a3,8.814317714074939,70.39008996476127,0.0,1.8551311731274294,-0.5000000000000001,0.8660254037844387,0.0,299.9957583313407
a3,87.41669751936267,69.99999997410413,200.00000000000003,1.8551311731274294,-0.5000000000000001,0.8660254037844387,0.0,299.9957583313407
a3,32.48582513484479,18.36066564933697,200.00000000000003,1.8551311731274294,-0.5000000000000001,0.8660254037844387,0.0,299.9957583313407
a3,8.660254037844386,3.6602540378443855,0.0,1.8551311731274294,-0.5000000000000001,0.8660254037844387,0.0,299.9957583313407
a3,109.79184237508852,6.112926358877728,99.1862057847602,4.66813549825441,-0.5000000000000001,0.8660254037844387,0.0,1844.4260109448533
a3,137.42734396881676,0.0,196.28218759960671,1.8551311731274294,-0.5000000000000001,0.8660254037844387,0.0,299.9957583313407
a3,87.41669750802761,159.99999999999082,200.00000000000003,1.8551311731274294,-0.5000000000000001,0.8660254037844387,0.0,299.9957583313407
a3,0.0,42.46553135376491,161.0089563475177,1.8551311731274294,-0.5000000000000001,0.8660254037844387,0.0,299.9957583313407
a3,156.86030806411327,0.056009945440802296,124.22410403863839,1.8551311731274294,-0.5000000000000001,0.8660254037844387,0.0,299.9957583313407
a3,156.69872980935003,200.00000000000003,109.99999999752532,1.8551311731274294,-0.5000000000000001,0.8660254037844387,0.0,299.9957583313407
a3,200.00000000000003,165.01584531642084,87.44970015711642,1.8551311731274294,-0.5000000000000001,0.8660254037844387,0.0,299.9957583313407
a3,191.08124158178651,151.62542537546474,4.182435542314647,4.752927662062015,-0.5000000000000001,0.8660254037844387,0.0,1912.038973379496
a3,100.40713413959644,27.500093371896405,200.00000000000003,1.8551311731274294,-0.5000000000000001,0.8660254037844387,0.0,299.9957583313407
a3,62.12648339603867,31.19606422374767,200.00000000000003,1.8551311731274294,-0.5000000000000001,0.8660254037844387,0.0,299.9957583313407
a3,1.0787933103152245,130.80104338188437,35.72206528631353,1.8551311731274294,-0.5000000000000001,0.8660254037844387,0.0,299.9957583313407
a3,8.785006182454332,149.76907518679332,198.89120571510895,1.8551311731274294,-0.5000000000000001,0.8660254037844387,0.0,299.9957583313407
a3,75.04186997245803,0.0,13.198337708099524,1.8551311731274294,-0.5000000000000001,0.8660254037844387,0.0,299.9957583313407
a3,200.00000000000003,10.000000000000002,0.0,1.8551311731274294,-0.5000000000000001,0.8660254037844387,0.0,299.9957583313407
a3,18.735944140919187,0.6668090863608541,62.7887359132836,1.8551311731274294,-0.5000000000000001,0.8660254037844387,0.0,299.9957583313407
a3,200.00000000000003,185.19811256436333,62.60792535760586,1.8551311731274294,-0.5000000000000001,0.8660254037844387,0.0,299.9957583313407
a3,57.34853212866081,199.9309306197245,32.373490822959,1.8551311731274294,-0.5000000000000001,0.8660254037844387,0.0,299.9957583313407
a3,77.56159290044384,99.70591440921753,199.9037883443351,1.8551311731274294,-0.5000000000000001,0.8660254037844387,0.0,299.9957583313407
a3,8.603730195552732,200.00000000000003,44.40597595270917,1.8551311731274294,-0.5000000000000001,0.8660254037844387,0.0,299.9957583313407
a3,164.70671782906302,0.8361415239273755,59.12338907228031,1.8551311731274294,-0.5000000000000001,0.8660254037844387,0.0,299.9957583313407
a3,195.6763812562577,199.46594053007667,162.53515804287653,1.8551311731274294,-0.5000000000000001,0.8660254037844387,0.0,299.9957583313407
a3,152.36860279185603,167.50145120510064,200.00000000000003,1.8551311731274294,-0.5000000000000001,0.8660254037844387,0.0,299.9957583313407
a3,199.39518951158308,191.42199523104168,74.24237052475453,1.8551311731274294,-0.5000000000000001,0.8660254037844387,0.0,299.9957583313407
a3,174.01923788646775,0.0,160.0000000000006,1.8551311731274294,-0.5000000000000001,0.8660254037844387,0.0,299.9957583313407
a3,9.002598810900693,118.02093631312363,1.2992874951815816,1.8551311731274294,-0.5000000000000001,0.8660254037844387,0.0,299.9957583313407
a3,139.3782217350907,160.00025236086415,0.0,1.8551311731274294,-0.5000000000000001,0.8660254037844387,0.0,299.9957583313407
a3,0.8668954686741798,183.6906021505637,134.1997838871225,1.8551311731274294,-0.5000000000000001,0.8660254037844387,0.0,299.9957583313407
a3,200.00000000000003,65.00000000120683,87.41669750871937,1.8551311731274294,-0.5000000000000001,0.8660254037844387,0.0,299.9957583313407
a3,114.97896936191694,0.6690745785581245,9.242541131709087,1.8551311731274294,-0.5000000000000001,0.8660254037844387,0.0,299.9957583313407
a3,45.01827912743886,27.716837116980813,199.0807276071691,1.8551311731274294,-0.5000000000000001,0.8660254037844387,0.0,299.9957583313407
a3,195.6698729810778,200.00000000000003,82.49999999999997,1.8551311731274294,-0.5000000000000001,0.8660254037844387,0.0,299.9957583313407
a3,35.0,0.0,200.00000000000003,1.8551311731274294,-0.5000000000000001,0.8660254037844387,0.0,299.9957583313407
a3,103.88190504670668,84.64512354668659,199.82231281842962,1.8551311731274294,-0.5000000000000001,0.8660254037844387,0.0,299.9957583313407
a3,26.563283501660656,0.0,189.38177501328414,1.8551311731274294,-0.5000000000000001,0.8660254037844387,0.0,299.9957583313407
a3,200.00000000000003,82.50000000013172,74.42631645133218,1.8551311731274294,-0.5000000000000001,0.8660254037844387,0.0,299.9957583313407
a3,83.08656689253957,200.00000000000003,112.4999961827823,1.8551311731274294,-0.5000000000000001,0.8660254037844387,0.0,299.9957583313407
a3,166.29597328162336,198.7168857630827,45.85157164960866,1.8551311731274294,-0.5000000000000001,0.8660254037844387,0.0,299.9957583313407
a3,165.35898384862222,115.00000000000001,200.00000000000003,1.8551311731274294,-0.5000000000000001,0.8660254037844387,0.0,299.9957583313407
a3,52.33569785173591,169.28652618666248,198.7275759938498,1.8551311731274294,-0.5000000000000001,0.8660254037844387,0.0,299.9957583313407
a3,169.68863795417062,200.00000000000003,67.49918089000953,1.8551311731274294,-0.5000000000000001,0.8660254037844387,0.0,299.9957583313407
a3,0.8367300792071446,152.9337786191346,151.57959845525843,1.8551311731274294,-0.5000000000000001,0.8660254037844387,0.0,299.9957583313407
a3,62.43543087901748,199.54057266674172,185.46797358267366,1.8551311731274294,-0.5000000000000001,0.8660254037844387,0.0,299.9957583313407
a3,0.0,44.15487761540504,112.88571150276407,1.8551311731274294,-0.5000000000000001,0.8660254037844387,0.0,299.9957583313407
a3,0.5908020096148859,78.24597600238049,40.1031522782461,1.8551311731274294,-0.5000000000000001,0.8660254037844387,0.0,299.9957583313407
a3,53.988341401091624,149.15698784308046,198.97145947980434,1.8551311731274294,-0.5000000000000001,0.8660254037844387,0.0,299.9957583313407
a3,199.56856840709293,80.31850245608476,140.14729252947663,1.8551311731274294,-0.5000000000000001,0.8660254037844387,0.0,299.9957583313407
a3,0.0,94.99999971569146,61.43592295894931,1.8551311731274294,-0.5000000000000001,0.8660254037844387,0.0,299.9957583313407
a3,78.75629951629512,200.00000000000003,94.99994349838978,1.8551311731274294,-0.5000000000000001,0.8660254037844387,0.0,299.9957583313407
a3,198.65001330792586,164.78995336162347,122.67621930615411,1.8551311731274294,-0.5000000000000001,0.8660254037844387,0.0,299.9957583313407
a3,109.0676203045863,27.500483371482552,0.0,1.8551311731274294,-0.5000000000000001,0.8660254037844387,0.0,299.9957583313407
a3,78.7564425888133,200.00000000000003,99.99999906456179,1.8551311731274294,-0.5000000000000001,0.8660254037844387,0.0,299.9957583313407
a3,130.71796769692793,0.0,104.99999999945064,1.8551311731274294,-0.5000000000000001,0.8660254037844387,0.0,299.9957583313407
a3,191.30936120397251,1.1355877326081103,141.06139168898855,1.8551311731274294,-0.5000000000000001,0.8660254037844387,0.0,299.9957583313407
a3,53.73852991898665,193.5407643330719,199.30459399386572,1.8551311731274294,-0.5000000000000001,0.8660254037844387,0.0,299.9957583313407
a3,104.78677958946128,194.53793240616238,0.05933260282903619,1.8551311731274294,-0.5000000000000001,0.8660254037844387,0.0,299.9957583313407
a3,200.00000000000003,179.46729781444077,70.04809471616873,1.8551311731274294,-0.5000000000000001,0.8660254037844387,0.0,299.9957583313407
a3,148.1956245790555,199.68126512787177,108.78273968261946,1.8551311731274294,-0.5000000000000001,0.8660254037844387,0.0,299.9957583313407
a3,165.3589838486226,160.00000000000017,200.00000000000003,1.8551311731274294,-0.5000000000000001,0.8660254037844387,0.0,299.9957583313407
a3,187.53118626703403,51.21461920346233,17.647672506612558,4.709572606908993,-0.5000000000000001,0.8660254037844387,0.0,1877.315754402926
a3,109.06732886437628,200.00000000000003,132.49999552592175,1.8551311731274294,-0.5000000000000001,0.8660254037844387,0.0,299.9957583313407
a3,198.95255647247077,9.98525666441955,73.76840605053346,1.8551311731274294,-0.5000000000000001,0.8660254037844387,0.0,299.9957583313407
a3,0.0,114.9998859712739,113.39735218432382,1.8551311731274294,-0.5000000000000001,0.8660254037844387,0.0,299.9957583313407
a3,200.00000000000003,115.0000000000054,148.03847577293791,1.8551311731274294,-0.5000000000000001,0.8660254037844387,0.0,299.9957583313407
a3,0.824474576926825,117.46922200169269,48.268085996799066,1.8551311731274294,-0.5000000000000001,0.8660254037844387,0.0,299.9957583313407
a3,200.00000000000003,174.98051113644345,113.54734179653462,1.8551311731274294,-0.5000000000000001,0.8660254037844387,0.0,299.9957583313407
a3,151.1416003144831,8.788380335417225,0.7392739317375774,1.8551311731274294,-0.5000000000000001,0.8660254037844387,0.0,299.9957583313407
a3,44.115427318801444,200.00000000000003,60.00000000000206,1.8551311731274294,-0.5000000000000001,0.8660254037844387,0.0,299.9957583313407
a3,0.6645535619100115,43.30723751966007,65.16870492157692,1.8551311731274294,-0.5000000000000001,0.8660254037844387,0.0,299.9957583313407
a3,41.0462918717296,87.94479305432927,0.5287967889890092,1.8551311731274294,-0.5000000000000001,0.8660254037844387,0.0,299.9957583313407
a3,1.0689103712711996,77.3323266400354,142.89806365467146,1.8551311731274294,-0.5000000000000001,0.8660254037844387,0.0,299.9957583313407
a3,65.76480803739477,200.00000000000003,142.49725287834968,1.8551311731274294,-0.5000000000000001,0.8660254037844387,0.0,299.9957583313407
a3,200.00000000000003,0.0,70.0,1.8551311731274294,-0.5000000000000001,0.8660254037844387,0.0,299.9957583313407
a3,153.04646871235752,56.271637451108546,0.20051329530266326,1.8551311731274294,-0.5000000000000001,0.8660254037844387,0.0,299.9957583313407
a3,143.70902904566012,47.49847728957665,200.00000000000003,1.8551311731274294,-0.5000000000000001,0.8660254037844387,0.0,299.9957583313407
a3,44.12087116608426,114.99999999999997,200.00000000000003,1.8551311731274294,-0.5000000000000001,0.8660254037844387,0.0,299.9957583313407
a3,174.03476438444574,44.96093681316813,0.0,1.8551311731274294,-0.5000000000000001,0.8660254037844387,0.0,299.9957583313407
a3,44.12087116608422,105.00000000000001,200.00000000000003,1.8551311731274294,-0.5000000000000001,0.8660254037844387,0.0,299.9957583313407
a3,35.40606601941357,7.059134893516244,196.41656732931253,4.823970502017759,-0.5000000000000001,0.8660254037844387,0.0,1969.6253183808635
a3,117.28869704108529,143.3255855237447,0.78274966932005,1.8551311731274294,-0.5000000000000001,0.8660254037844387,0.0,299.9957583313407
a3,195.66987298107787,200.00000000000003,112.49999999999993,1.8551311731274294,-0.5000000000000001,0.8660254037844387,0.0,299.9957583313407
a3,0.728170081715981,174.85132356620844,16.428154981405658,1.8551311731274294,-0.5000000000000001,0.8660254037844387,0.0,299.9957583313407
a3,45.41837659012015,0.8850626213221818,151.11429597734767,1.8551311731274294,-0.5000000000000001,0.8660254037844387,0.0,299.9957583313407
a3,148.03849016731445,79.99996696678143,0.0,1.8551311731274294,-0.5000000000000001,0.8660254037844387,0.0,299.9957583313407
a3,199.10665058745892,119.6072230247489,35.30779011934234,1.8551311731274294,-0.5000000000000001,0.8660254037844387,0.0,299.9957583313407
a3,191.33974596215518,74.9999999999998,0.0,1.8551311731274294,-0.5000000000000001,0.8660254037844387,0.0,299.9957583313407
a3,33.28495672624543,13.905386540573158,0.0,1.8551311731274294,-0.5000000000000001,0.8660254037844387,0.0,299.9957583313407
a3,44.110014294098704,50.00937563380459,0.0,1.8551311731274294,-0.5000000000000001,0.8660254037844387,0.0,299.9957583313407
a3,0.0,127.57907520222254,17.055851285802305,1.8551311731274294,-0.5000000000000001,0.8660254037844387,0.0,299.9957583313407
a3,200.00000000000003,181.82580863927137,79.43045085711051,1.8551311731274294,-0.5000000000000001,0.8660254037844387,0.0,299.9957583313407
a3,17.43648490191505,1.3537934321200045,24.178273293859213,1.8551311731274294,-0.5000000000000001,0.8660254037844387,0.0,299.9957583313407
a3,34.50340156335007,153.9259063040166,199.99054856245272,1.8551311731274294,-0.5000000000000001,0.8660254037844387,0.0,299.9957583313407
a3,1.075242209002676,127.33320903470565,160.9828727343873,1.8551311731274294,-0.5000000000000001,0.8660254037844387,0.0,299.9957583313407
a3,0.33884947299225987,59.77575852642054,86.23965140213468,1.8551311731274294,-0.5000000000000001,0.8660254037844387,0.0,299.9957583313407
a3,199.40349322509078,157.14754846048993,99.29317151524016,1.8551311731274294,-0.5000000000000001,0.8660254037844387,0.0,299.9957583313407
a3,0.9703430456298228,65.7336292063691,78.10210416484156,1.8551311731274294,-0.5000000000000001,0.8660254037844387,0.0,299.9957583313407
a3,12.417583450807161,196.2260358162413,200.00000000000003,1.8551311731274294,-0.5000000000000001,0.8660254037844387,0.0,299.9957583313407
a3,169.45099823705212,0.6314144800544348,136.79566751881677,1.8551311731274294,-0.5000000000000001,0.8660254037844387,0.0,299.9957583313407
a3,123.25728656646298,120.670990352709,198.88259097189896,1.8551311731274294,-0.5000000000000001,0.8660254037844387,0.0,299.9957583313407
a3,12.163411389203812,199.69428061413487,53.93026031724263,1.8551311731274294,-0.5000000000000001,0.8660254037844387,0.0,299.9957583313407
a3,199.63352795796334,103.64890224202006,192.06194013054557,1.8551311731274294,-0.5000000000000001,0.8660254037844387,0.0,299.9957583313407
a3,8.50419001989828,164.74080130106412,199.22781361604797,1.8551311731274294,-0.5000000000000001,0.8660254037844387,0.0,299.9957583313407
a3,107.36441169561262,198.43200193682523,3.6614732836482493,5.055704632778019,-0.5000000000000001,0.8660254037844387,0.0,2163.4044470310823
a3,0.32477224412582784,111.37311023707345,62.59203610473034,1.8551311731274294,-0.5000000000000001,0.8660254037844387,0.0,299.9957583313407
a3,191.4699990418096,179.77439504819702,200.00000000000003,1.8551311731274294,-0.5000000000000001,0.8660254037844387,0.0,299.9957583313407
a3,39.79939688073824,200.00000000000003,72.49455787535494,1.8551311731274294,-0.5000000000000001,0.8660254037844387,0.0,299.9957583313407
a3,200.00000000000003,112.50000000000043,178.34936490539033,1.8551311731274294,-0.5000000000000001,0.8660254037844387,0.0,299.9957583313407
a3,143.20776013573746,195.30362341075687,200.00000000000003,1.8551311731274294,-0.5000000000000001,0.8660254037844387,0.0,299.9957583313407
a3,58.34452788334021,199.55717707625834,146.5458709044509,1.8551311731274294,-0.5000000000000001,0.8660254037844387,0.0,299.9957583313407
a3,86.94390151800539,0.41243095319285455,139.38357280794298,1.8551311731274294,-0.5000000000000001,0.8660254037844387,0.0,299.9957583313407
a3,1.363021639213824,20.13841175350823,183.0895255416504,1.8551311731274294,-0.5000000000000001,0.8660254037844387,0.0,299.9957583313407
a3,165.3600374890727,200.00000000000003,139.99817503634205,1.8551311731274294,-0.5000000000000001,0.8660254037844387,0.0,299.9957583313407
a3,165.3601686133841,59.99721965706219,0.0,1.8551311731274294,-0.5000000000000001,0.8660254037844387,0.0,299.9957583313407
a3,24.72143296761126,192.2491068328517,0.0,1.8551311731274294,-0.5000000000000001,0.8660254037844387,0.0,299.9957583313407
a3,78.75644347026113,129.99999999981222,0.0,1.8551311731274294,-0.5000000000000001,0.8660254037844387,0.0,299.9957583313407
a3,66.55100498373076,126.57149097846893,0.5623744130476038,1.8551311731274294,-0.5000000000000001,0.8660254037844387,0.0,299.9957583313407
a3,148.03838211749377,0.0,54.99983778402001,1.8551311731274294,-0.5000000000000001,0.8660254037844387,0.0,299.9957583313407
a3,200.00000000000003,52.50039304414358,178.34959182953125,1.8551311731274294,-0.5000000000000001,0.8660254037844387,0.0,299.9957583313407
a3,178.34936490538914,152.5000000000004,200.00000000000003,1.8551311731274294,-0.5000000000000001,0.8660254037844387,0.0,299.9957583313407
a3,25.814167761431424,0.13757886074123687,149.393426628001,1.8551311731274294,-0.5000000000000001,0.8660254037844387,0.0,299.9957583313407
a3,0.942551173158322,104.97454326681306,113.97266672238239,1.8551311731274294,-0.5000000000000001,0.8660254037844387,0.0,299.9957583313407
a3,82.38883852931488,4.4120834496121315,200.00000000000003,1.8551311731274294,-0.5000000000000001,0.8660254037844387,0.0,299.9957583313407
a3,43.055050475849455,193.96307329108737,0.22059906663169296,1.8551311731274294,-0.5000000000000001,0.8660254037844387,0.0,299.9957583313407
a3,70.19558226199435,1.0454267575858476,80.49419637415369,1.8551311731274294,-0.5000000000000001,0.8660254037844387,0.0,299.9957583313407
a3,100.28854140532992,0.0,22.529187624018412,1.8551311731274294,-0.5000000000000001,0.8660254037844387,0.0,299.9957583313407
a3,39.792331305839824,62.496774938405665,0.0,1.8551311731274294,-0.5000000000000001,0.8660254037844387,0.0,299.9957583313407
a3,200.00000000000003,27.51996895379666,135.03684831260614,1.8551311731274294,-0.5000000000000001,0.8660254037844387,0.0,299.9957583313407
a3,49.32852758793417,0.0,12.216673771936472,1.8551311731274294,-0.5000000000000001,0.8660254037844387,0.0,299.9957583313407
a3,12.058021718643564,11.990907608501738,0.0770927055562602,1.8551311731274294,-0.5000000000000001,0.8660254037844387,0.0,299.9957583313407
a3,65.2498537218106,127.94548674456969,199.6626993113967,1.8551311731274294,-0.5000000000000001,0.8660254037844387,0.0,299.9957583313407
a3,152.05956689687176,200.00000000000003,27.13202816443133,1.8551311731274294,-0.5000000000000001,0.8660254037844387,0.0,299.9957583313407
a3,198.67648492475757,164.00915941900743,181.2229970728239,1.8551311731274294,-0.5000000000000001,0.8660254037844387,0.0,299.9957583313407
a3,200.00000000000003,117.50000000002677,135.04809471618364,1.8551311731274294,-0.5000000000000001,0.8660254037844387,0.0,299.9957583313407
a3,58.33541111828342,37.41968942962593,199.1206277728298,1.8551311731274294,-0.5000000000000001,0.8660254037844387,0.0,299.9957583313407
a3,122.96707435375852,195.43686075398898,0.483979089952705,1.8551311731274294,-0.5000000000000001,0.8660254037844387,0.0,299.9957583313407
a3,0.31907353375216196,48.52672969140166,32.46917430557591,1.8551311731274294,-0.5000000000000001,0.8660254037844387,0.0,299.9957583313407
a3,57.10580837556954,122.49999999999645,200.00000000000003,1.8551311731274294,-0.5000000000000001,0.8660254037844387,0.0,299.9957583313407
a3,140.24334268110806,198.98448895429124,114.37942043639028,1.8551311731274294,-0.5000000000000001,0.8660254037844387,0.0,299.9957583313407
a3,78.36500781385726,199.40482069661726,71.37443992963938,1.8551311731274294,-0.5000000000000001,0.8660254037844387,0.0,299.9957583313407
a3,0.0,132.49999998662759,57.105808362967984,1.8551311731274294,-0.5000000000000001,0.8660254037844387,0.0,299.9957583313407
a3,199.69158472326225,158.85115410551114,26.98754585733243,1.8551311731274294,-0.5000000000000001,0.8660254037844387,0.0,299.9957583313407
a3,64.59375055249608,199.4337159742205,156.17382192258455,1.8551311731274294,-0.5000000000000001,0.8660254037844387,0.0,299.9957583313407
a3,198.80504724856527,177.0466500014442,4.262833934215053,1.8551311731274294,-0.5000000000000001,0.8660254037844387,0.0,299.9957583313407
a3,199.56854836225034,169.11128455024343,121.5899985172325,1.8551311731274294,-0.5000000000000001,0.8660254037844387,0.0,299.9957583313407
a3,170.0,0.0,0.0,1.8551311731274294,-0.5000000000000001,0.8660254037844387,0.0,299.9957583313407
a3,0.0,27.132028164431276,152.0595668968724,1.8551311731274294,-0.5000000000000001,0.8660254037844387,0.0,299.9957583313407
a3,156.69872981077742,100.0000000000002,200.00000000000003,1.8551311731274294,-0.5000000000000001,0.8660254037844387,0.0,299.9957583313407
a3,200.00000000000003,110.00000000000003,0.0,1.8551311731274294,-0.5000000000000001,0.8660254037844387,0.0,299.9957583313407
a3,152.86853431427443,1.269763156701987,42.36194723796642,1.8551311731274294,-0.5000000000000001,0.8660254037844387,0.0,299.9957583313407
a3,91.74604308378743,200.00000000000003,92.49951629251042,1.8551311731274294,-0.5000000000000001,0.8660254037844387,0.0,299.9957583313407
a3,198.65589387023914,165.87104425475331,181.37269340225575,1.8551311731274294,-0.5000000000000001,0.8660254037844387,0.0,299.9957583313407
a3,198.66923225506167,77.4145452441361,110.36968280278852,1.8551311731274294,-0.5000000000000001,0.8660254037844387,0.0,299.9957583313407
a3,199.65497313049428,72.65227407050989,109.32972761887946,1.8551311731274294,-0.5000000000000001,0.8660254037844387,0.0,299.9957583313407
a3,131.66933934185792,0.38766439314223144,33.98463545368546,1.8551311731274294,-0.5000000000000001,0.8660254037844387,0.0,299.9957583313407
a3,24.606754155675933,0.0,192.61457997042027,1.8551311731274294,-0.5000000000000001,0.8660254037844387,0.0,299.9957583313407
a3,1.1738264833986976,18.08746095460174,112.21490270479326,1.8551311731274294,-0.5000000000000001,0.8660254037844387,0.0,299.9957583313407
a3,187.99205958212096,43.169162586069355,198.74189856033775,1.8551311731274294,-0.5000000000000001,0.8660254037844387,0.0,299.9957583313407
a3,143.17786912213955,0.9591681146096052,17.73226235530172,1.8551311731274294,-0.5000000000000001,0.8660254037844387,0.0,299.9957583313407
a3,199.93049934700932,170.71182639080212,183.21994640155944,1.8551311731274294,-0.5000000000000001,0.8660254037844387,0.0,299.9957583313407
a3,0.0,69.9940532808989,130.71453435737118,1.8551311731274294,-0.5000000000000001,0.8660254037844387,0.0,299.9957583313407
a3,65.76373020806395,0.0,47.512515692018596,1.8551311731274294,-0.5000000000000001,0.8660254037844387,0.0,299.9957583313407
a3,138.40333611079137,128.83849067980603,0.48554237696594466,1.8551311731274294,-0.5000000000000001,0.8660254037844387,0.0,299.9957583313407
a3,40.810139818078156,199.51117250152578,118.81051046185561,1.8551311731274294,-0.5000000000000001,0.8660254037844387,0.0,299.9957583313407
a3,35.459854989620034,80.0000000000003,200.00000000000003,1.8551311731274294,-0.5000000000000001,0.8660254037844387,0.0,299.9957583313407
a3,39.20111206386312,1.333150274349308,10.015661370333905,1.8551311731274294,-0.5000000000000001,0.8660254037844387,0.0,299.9957583313407
a3,200.00000000000003,135.00000000000705,87.41669750802802,1.8551311731274294,-0.5000000000000001,0.8660254037844387,0.0,299.9957583313407
a3,199.63236047229142,118.1523241306165,179.12976523678125,1.8551311731274294,-0.5000000000000001,0.8660254037844387,0.0,299.9957583313407
a3,0.0,79.99987649363948,87.4141186886684,1.8551311731274294,-0.5000000000000001,0.8660254037844387,0.0,299.9957583313407
a3,0.3531185113167694,105.07070657381419,86.48527275828214,1.8551311731274294,-0.5000000000000001,0.8660254037844387,0.0,299.9957583313407
a3,118.49719281733869,1.1359931022540761,13.887612198621767,1.8551311731274294,-0.5000000000000001,0.8660254037844387,0.0,299.9957583313407
a3,143.76238357346767,27.58553874688785,200.00000000000003,1.8551311731274294,-0.5000000000000001,0.8660254037844387,0.0,299.9957583313407
a3,130.7179672985749,200.00000000000003,164.9999993090388,1.8551311731274294,-0.5000000000000001,0.8660254037844387,0.0,299.9957583313407
a3,165.35898384862207,110.00000000000003,200.00000000000003,1.8551311731274294,-0.5000000000000001,0.8660254037844387,0.0,299.9957583313407
a3,122.05771365903966,0.0,119.99999999937457,1.8551311731274294,-0.5000000000000001,0.8660254037844387,0.0,299.9957583313407
a3,174.01923788645482,200.00000000000003,84.99999999998022,1.8551311731274294,-0.5000000000000001,0.8660254037844387,0.0,299.9957583313407
a3,40.6570691811492,199.5060025705567,68.35740513960461,1.8551311731274294,-0.5000000000000001,0.8660254037844387,0.0,299.9957583313407
a3,83.023699262836,178.34134399584718,199.32981364781165,1.8551311731274294,-0.5000000000000001,0.8660254037844387,0.0,299.9957583313407
a3,195.6698729810778,167.50000000000006,0.0,1.8551311731274294,-0.5000000000000001,0.8660254037844387,0.0,299.9957583313407
a3,130.7179676972449,0.0,154.99999999999903,1.8551311731274294,-0.5000000000000001,0.8660254037844387,0.0,299.9957583313407
a3,12.468829599640495,0.0,196.23526291285384,1.8551311731274294,-0.5000000000000001,0.8660254037844387,0.0,299.9957583313407
a3,113.39765240417952,50.0003188711509,200.00000000000003,1.8551311731274294,-0.5000000000000001,0.8660254037844387,0.0,299.9957583313407
a3,13.94421551851159,0.0,166.01989793941854,1.8551311731274294,-0.5000000000000001,0.8660254037844387,0.0,299.9957583313407
a3,200.00000000000003,200.00000000000003,105.00000000000001,1.8551311731274294,-0.5000000000000001,0.8660254037844387,0.0,299.9957583313407
a3,199.26904286157855,189.96287023005226,31.08955675899538,1.8551311731274294,-0.5000000000000001,0.8660254037844387,0.0,299.9957583313407
a3,86.13714968549417,1.3420825501463953,74.30490660476255,1.8551311731274294,-0.5000000000000001,0.8660254037844387,0.0,299.9957583313407
a3,0.0,30.002680194819103,174.02078529766712,1.8551311731274294,-0.5000000000000001,0.8660254037844387,0.0,299.9957583313407
a3,31.27743943560787,97.66234162005686,0.0,1.8551311731274294,-0.5000000000000001,0.8660254037844387,0.0,299.9957583313407
a3,142.34142769532392,97.13100547880177,199.54619630756244,1.8551311731274294,-0.5000000000000001,0.8660254037844387,0.0,299.9957583313407
a3,90.32279676887535,199.382682509549,182.78315934703235,1.8551311731274294,-0.5000000000000001,0.8660254037844387,0.0,299.9957583313407
a3,199.4596171541675,57.5693975802557,117.15353808814154,1.8551311731274294,-0.5000000000000001,0.8660254037844387,0.0,299.9957583313407
a3,0.0,4.365948867619819,112.83945261943077,1.8551311731274294,-0.5000000000000001,0.8660254037844387,0.0,299.9957583313407
a3,49.70772792321026,0.0,8.095301171273862,1.8551311731274294,-0.5000000000000001,0.8660254037844387,0.0,299.9957583313407
a3,4.1890224973506625,157.50000000000003,200.00000000000003,1.8551311731274294,-0.5000000000000001,0.8660254037844387,0.0,299.9957583313407
a3,52.77564664404187,60.00014830277406,0.0,1.8551311731274294,-0.5000000000000001,0.8660254037844387,0.0,299.9957583313407
a3,21.20202068461495,0.0,83.80655660494294,1.8551311731274294,-0.5000000000000001,0.8660254037844387,0.0,299.9957583313407
a3,56.442190213707995,0.39273237029370683,81.59997879171075,1.8551311731274294,-0.5000000000000001,0.8660254037844387,0.0,299.9957583313407
a3,57.10580837556825,132.4999999999995,0.0,1.8551311731274294,-0.5000000000000001,0.8660254037844387,0.0,299.9957583313407
a3,0.9398148743924288,105.84083803683404,9.316603746102444,1.8551311731274294,-0.5000000000000001,0.8660254037844387,0.0,299.9957583313407
a3,150.67514314929502,188.5589552491388,199.85426102728005,1.8551311731274294,-0.5000000000000001,0.8660254037844387,0.0,299.9957583313407
a3,161.02885682969924,82.50000000000016,200.00000000000003,1.8551311731274294,-0.5000000000000001,0.8660254037844387,0.0,299.9957583313407
a3,199.44917324338644,170.79214784343603,122.16802389747714,1.8551311731274294,-0.5000000000000001,0.8660254037844387,0.0,299.9957583313407
a3,71.20864036771414,170.87044336991755,0.024196222725871196,1.8551311731274294,-0.5000000000000001,0.8660254037844387,0.0,299.9957583313407
a3,57.10421264038686,167.48232546760883,200.00000000000003,1.8551311731274294,-0.5000000000000001,0.8660254037844387,0.0,299.9957583313407
a3,0.992423461073166,139.46298564255991,157.44480291976697,1.8551311731274294,-0.5000000000000001,0.8660254037844387,0.0,299.9957583313407
a3,151.7629260275372,47.610926972198556,0.6228063810326994,1.8551311731274294,-0.5000000000000001,0.8660254037844387,0.0,299.9957583313407
a3,198.91172423415796,171.77869910475667,118.6967471116307,1.8551311731274294,-0.5000000000000001,0.8660254037844387,0.0,299.9957583313407
a3,174.82506324615233,200.00000000000003,183.14298764470317,1.8551311731274294,-0.5000000000000001,0.8660254037844387,0.0,299.9957583313407
a3,48.500865604631585,172.4757338188105,200.00000000000003,1.8551311731274294,-0.5000000000000001,0.8660254037844387,0.0,299.9957583313407
a3,110.3682777666537,0.5165126506279448,101.47443733914443,1.8551311731274294,-0.5000000000000001,0.8660254037844387,0.0,299.9957583313407
a3,17.05554099768859,0.0,87.57424780188168,1.8551311731274294,-0.5000000000000001,0.8660254037844387,0.0,299.9957583313407
a3,0.0,94.69517892864627,19.727153818604265,1.8551311731274294,-0.5000000000000001,0.8660254037844387,0.0,299.9957583313407
a3,0.27326926750481007,124.77221148443111,114.16980568659909,1.8551311731274294,-0.5000000000000001,0.8660254037844387,0.0,299.9957583313407
a3,1.348858658748569,63.83666219967675,61.31751305397671,1.8551311731274294,-0.5000000000000001,0.8660254037844387,0.0,299.9957583313407
a3,91.74682452694701,162.4999999999971,0.0,1.8551311731274294,-0.5000000000000001,0.8660254037844387,0.0,299.9957583313407
a3,35.73753813777771,199.44785291789978,44.5279739089536,1.8551311731274294,-0.5000000000000001,0.8660254037844387,0.0,299.9957583313407
a3,200.00000000000003,27.500000000002785,48.44555433772325,1.8551311731274294,-0.5000000000000001,0.8660254037844387,0.0,299.9957583313407
a3,100.40707856414113,0.0,112.49999999887659,1.8551311731274294,-0.5000000000000001,0.8660254037844387,0.0,299.9957583313407
a3,104.64157264728331,0.0,169.80914303910913,1.8551311731274294,-0.5000000000000001,0.8660254037844387,0.0,299.9957583313407
a3,135.4902827531527,181.3164626366282,199.68723235392844,1.8551311731274294,-0.5000000000000001,0.8660254037844387,0.0,299.9957583313407
a3,143.3382398290577,177.23002689443726,0.37860566759168596,1.8551311731274294,-0.5000000000000001,0.8660254037844387,0.0,299.9957583313407
a3,48.087144232109104,86.51400320141073,1.1250455893539768,1.8551311731274294,-0.5000000000000001,0.8660254037844387,0.0,299.9957583313407
a3,200.00000000000003,90.00000000000298,61.43593539449122,1.8551311731274294,-0.5000000000000001,0.8660254037844387,0.0,299.9957583313407
a3,12.935912125668173,200.00000000000003,126.70057146157157,1.8551311731274294,-0.5000000000000001,0.8660254037844387,0.0,299.9957583313407
a3,178.53453460307304,199.04271555680836,4.243637473156957,1.8551311731274294,-0.5000000000000001,0.8660254037844387,0.0,299.9957583313407
a3,56.86929227216166,200.00000000000003,31.366215817101498,1.8551311731274294,-0.5000000000000001,0.8660254037844387,0.0,299.9957583313407
a3,1.1114019155411816,159.25213193714006,121.95213658507161,1.8551311731274294,-0.5000000000000001,0.8660254037844387,0.0,299.9957583313407
a3,0.3415253224509777,124.55528958988275,36.04689986311357,1.8551311731274294,-0.5000000000000001,0.8660254037844387,0.0,299.9957583313407
a3,118.53565669702772,187.7813005805694,0.0,1.8551311731274294,-0.5000000000000001,0.8660254037844387,0.0,299.9957583313407
a3,0.0,92.50000629433147,39.78545212079536,1.8551311731274294,-0.5000000000000001,0.8660254037844387,0.0,299.9957583313407
a3,53.407772661461216,55.969084561651705,198.9076535373102,1.8551311731274294,-0.5000000000000001,0.8660254037844387,0.0,299.9957583313407
a3,0.4696314062672339,19.731521686169817,33.84168953679163,1.8551311731274294,-0.5000000000000001,0.8660254037844387,0.0,299.9957583313407
a3,1.3742137265601277,109.62592597638272,53.18044079784793,1.8551311731274294,-0.5000000000000001,0.8660254037844387,0.0,299.9957583313407
a3,196.2579270709081,175.50584979938816,182.20412375064916,4.720505282076612,-0.5000000000000001,0.8660254037844387,0.0,1886.0417714208104
a3,58.1432051087575,28.362171535198872,200.00000000000003,1.8551311731274294,-0.5000000000000001,0.8660254037844387,0.0,299.9957583313407
a3,0.33904020794491546,44.74844835482143,113.60203161975578,1.8551311731274294,-0.5000000000000001,0.8660254037844387,0.0,299.9957583313407
a3,182.67950315823907,200.00000000000003,124.99998054204825,1.8551311731274294,-0.5000000000000001,0.8660254037844387,0.0,299.9957583313407
a3,109.02739917332788,200.00000000000003,177.2397559760011,1.8551311731274294,-0.5000000000000001,0.8660254037844387,0.0,299.9957583313407
a3,0.10262579681305231,181.8974219143029,121.15532802335963,1.8551311731274294,-0.5000000000000001,0.8660254037844387,0.0,299.9957583313407
a3,0.0,70.0004485267609,78.75529493592452,1.8551311731274294,-0.5000000000000001,0.8660254037844387,0.0,299.9957583313407
a3,79.15100314213606,181.37166034091877,0.0,1.8551311731274294,-0.5000000000000001,0.8660254037844387,0.0,299.9957583313407
a3,0.0,149.99540455701148,35.46550639001418,1.8551311731274294,-0.5000000000000001,0.8660254037844387,0.0,299.9957583313407
a3,199.56264150409757,41.84420695614678,47.1620265487679,1.8551311731274294,-0.5000000000000001,0.8660254037844387,0.0,299.9957583313407
a3,69.23822782379239,1.1570262785078402,84.10400844172881,1.8551311731274294,-0.5000000000000001,0.8660254037844387,0.0,299.9957583313407
a3,198.7826029300857,16.52557424207723,108.7930048355406,1.8551311731274294,-0.5000000000000001,0.8660254037844387,0.0,299.9957583313407
a3,138.1533166610716,78.91450808877605,0.2926440781698973,1.8551311731274294,-0.5000000000000001,0.8660254037844387,0.0,299.9957583313407
a3,47.9207648704023,199.18016958068011,141.3156393471214,1.8551311731274294,-0.5000000000000001,0.8660254037844387,0.0,299.9957583313407
a3,95.29355279401987,190.0804303696032,200.00000000000003,1.8551311731274294,-0.5000000000000001,0.8660254037844387,0.0,299.9957583313407
a3,147.40293663724927,199.04512275244394,33.69041738010641,1.8551311731274294,-0.5000000000000001,0.8660254037844387,0.0,299.9957583313407
a3,0.0,29.01400174307706,87.15263972442867,1.8551311731274294,-0.5000000000000001,0.8660254037844387,0.0,299.9957583313407
a3,200.00000000000003,75.00000000576624,96.07695154919634,1.8551311731274294,-0.5000000000000001,0.8660254037844387,0.0,299.9957583313407
a3,197.0409382967096,187.23047797030802,199.11351016492503,1.8551311731274294,-0.5000000000000001,0.8660254037844387,0.0,299.9957583313407
a3,109.02966877109355,0.0,32.596842193954906,1.8551311731274294,-0.5000000000000001,0.8660254037844387,0.0,299.9957583313407
a3,175.3734062831147,198.92077173928163,105.17699209612348,1.8551311731274294,-0.5000000000000001,0.8660254037844387,0.0,299.9957583313407
a3,187.00961894323297,67.49999999999972,200.00000000000003,1.8551311731274294,-0.5000000000000001,0.8660254037844387,0.0,299.9957583313407
a3,122.51877022273167,184.42452097899118,200.00000000000003,1.8551311731274294,-0.5000000000000001,0.8660254037844387,0.0,299.9957583313407
a3,88.0257088631311,0.0,179.05575725011178,1.8551311731274294,-0.5000000000000001,0.8660254037844387,0.0,299.9957583313407
a3,198.7970683899984,88.08414790084294,64.66328734983948,1.8551311731274294,-0.5000000000000001,0.8660254037844387,0.0,299.9957583313407
a3,0.0,144.9999999996229,52.775681356289944,1.8551311731274294,-0.5000000000000001,0.8660254037844387,0.0,299.9957583313407
a3,1.205563687261679,92.22225358296961,39.24362883287807,1.8551311731274294,-0.5000000000000001,0.8660254037844387,0.0,299.9957583313407
a3,92.37198732914403,0.5531566565059589,146.47438984636173,1.8551311731274294,-0.5000000000000001,0.8660254037844387,0.0,299.9957583313407
a3,93.03855091697355,42.76965060777188,198.7447991944801,1.8551311731274294,-0.5000000000000001,0.8660254037844387,0.0,299.9957583313407
a3,100.00000000000001,0.0,200.00000000000003,1.8551311731274294,-0.5000000000000001,0.8660254037844387,0.0,299.9957583313407
a3,60.30928777394415,50.921505931561725,0.5413358147289257,1.8551311731274294,-0.5000000000000001,0.8660254037844387,0.0,299.9957583313407
a3,200.00000000000003,172.50000000000122,152.36860279185757,1.8551311731274294,-0.5000000000000001,0.8660254037844387,0.0,299.9957583313407
a3,62.19756127138121,199.98063694345277,38.70354839263039,1.8551311731274294,-0.5000000000000001,0.8660254037844387,0.0,299.9957583313407
a3,126.31824902049414,200.00000000000003,62.411373099504765,1.8551311731274294,-0.5000000000000001,0.8660254037844387,0.0,299.9957583313407
a3,135.01651597022317,51.83098944841508,199.55531948632145,1.8551311731274294,-0.5000000000000001,0.8660254037844387,0.0,299.9957583313407
a3,105.71499646018275,0.8756942876080469,193.13233087666754,1.8551311731274294,-0.5000000000000001,0.8660254037844387,0.0,299.9957583313407
a3,104.73720558371245,154.99999999999926,200.00000000000003,1.8551311731274294,-0.5000000000000001,0.8660254037844387,0.0,299.9957583313407
a3,52.337485779050105,48.84013356674014,198.660541043254,1.8551311731274294,-0.5000000000000001,0.8660254037844387,0.0,299.9957583313407
a3,108.62827997490248,200.00000000000003,36.579002734907775,1.8551311731274294,-0.5000000000000001,0.8660254037844387,0.0,299.9957583313407
a3,0.0,46.608662954072216,108.52019456810496,1.8551311731274294,-0.5000000000000001,0.8660254037844387,0.0,299.9957583313407
a3,32.467514022558184,162.6711616128548,199.1605630015777,1.8551311731274294,-0.5000000000000001,0.8660254037844387,0.0,299.9957583313407
a3,61.4359353944918,134.99999999999645,200.00000000000003,1.8551311731274294,-0.5000000000000001,0.8660254037844387,0.0,299.9957583313407
a3,127.54678902587116,0.0,4.407812728125228,1.8551311731274294,-0.5000000000000001,0.8660254037844387,0.0,299.9957583313407
a3,1.206405047016977,99.50326576071342,155.5385126810769,1.8551311731274294,-0.5000000000000001,0.8660254037844387,0.0,299.9957583313407
a3,156.6997854327143,59.9975560999962,200.00000000000003,1.8551311731274294,-0.5000000000000001,0.8660254037844387,0.0,299.9957583313407
a3,0.00024052122011314377,13.435051096660972,39.80360560537875,1.8551311731274294,-0.5000000000000001,0.8660254037844387,0.0,299.9957583313407
a3,200.00000000000003,200.00000000000003,15.000000000000002,1.8551311731274294,-0.5000000000000001,0.8660254037844387,0.0,299.9957583313407
a3,52.775681356645826,104.99999999999979,200.00000000000003,1.8551311731274294,-0.5000000000000001,0.8660254037844387,0.0,299.9957583313407
a3,74.4263164536443,72.49999999454724,200.00000000000003,1.8551311731274294,-0.5000000000000001,0.8660254037844387,0.0,299.9957583313407
a3,100.4070785766231,112.49999997296604,0.0,1.8551311731274294,-0.5000000000000001,0.8660254037844387,0.0,299.9957583313407
a3,154.72173346237662,5.8292199538642775,0.5250400521224272,1.8551311731274294,-0.5000000000000001,0.8660254037844387,0.0,299.9957583313407
a3,200.00000000000003,82.50000000013172,74.42631645133218,1.8551311731274294,-0.5000000000000001,0.8660254037844387,0.0,299.9957583313407
a3,74.4263164513004,117.49999999990037,200.00000000000003,1.8551311731274294,-0.5000000000000001,0.8660254037844387,0.0,299.9957583313407
a3,120.79365251877311,193.76289453663838,80.65016502758438,4.668946391796288,-0.5000000000000001,0.8660254037844387,0.0,1845.0668505448164
a3,0.0,24.78155144034033,165.28642658646007,1.8551311731274294,-0.5000000000000001,0.8660254037844387,0.0,299.9957583313407
a3,0.0,92.50000629351905,48.44570615787436,1.8551311731274294,-0.5000000000000001,0.8660254037844387,0.0,299.9957583313407
a3,196.33974596215558,8.660254037844437,200.00000000000003,1.8551311731274294,-0.5000000000000001,0.8660254037844387,0.0,299.9957583313407
a3,83.02120765787835,0.0,27.627105064961704,1.8551311731274294,-0.5000000000000001,0.8660254037844387,0.0,299.9957583313407
a3,66.72940119650976,195.24591108167587,0.0,1.8551311731274294,-0.5000000000000001,0.8660254037844387,0.0,299.9957583313407
a3,200.00000000000003,115.00000000000108,165.35898384862432,1.8551311731274294,-0.5000000000000001,0.8660254037844387,0.0,299.9957583313407
a3,78.7564434707498,79.99999999869605,200.00000000000003,1.8551311731274294,-0.5000000000000001,0.8660254037844387,0.0,299.9957583313407
a3,48.4455536009695,200.00000000000003,47.50000028771983,1.8551311731274294,-0.5000000000000001,0.8660254037844387,0.0,299.9957583313407
a3,65.8516061084784,0.0,27.60100498825155,1.8551311731274294,-0.5000000000000001,0.8660254037844387,0.0,299.9957583313407
a3,0.3219575976829248,116.73991761279879,7.7148665604632125,1.8551311731274294,-0.5000000000000001,0.8660254037844387,0.0,299.9957583313407
a3,0.0,112.4999999006747,187.00961888582455,1.8551311731274294,-0.5000000000000001,0.8660254037844387,0.0,299.9957583313407
a3,173.55477385046856,0.5067184834493107,69.95345250058458,1.8551311731274294,-0.5000000000000001,0.8660254037844387,0.0,299.9957583313407
a3,0.0,175.66926719082932,118.64792297462242,1.8551311731274294,-0.5000000000000001,0.8660254037844387,0.0,299.9957583313407
a3,0.0,13.154476250784533,62.805062569829516,1.8551311731274294,-0.5000000000000001,0.8660254037844387,0.0,299.9957583313407
a3,108.97413561936123,200.00000000000003,72.40708191545214,1.8551311731274294,-0.5000000000000001,0.8660254037844387,0.0,299.9957583313407
a3,150.533126094031,1.268895483095395,182.50288430837733,1.8551311731274294,-0.5000000000000001,0.8660254037844387,0.0,299.9957583313407
a3,140.3807639642028,54.38025545031236,198.95674981652627,1.8551311731274294,-0.5000000000000001,0.8660254037844387,0.0,299.9957583313407
a3,117.72758691516053,97.499999372254,0.0,1.8551311731274294,-0.5000000000000001,0.8660254037844387,0.0,299.9957583313407
a3,199.66880631813015,135.96949122263018,88.58576706033998,1.8551311731274294,-0.5000000000000001,0.8660254037844387,0.0,299.9957583313407
a3,200.00000000000003,115.00000000001721,70.09618943234436,1.8551311731274294,-0.5000000000000001,0.8660254037844387,0.0,299.9957583313407
a3,0.0,147.50120350529713,143.7076636918051,1.8551311731274294,-0.5000000000000001,0.8660254037844387,0.0,299.9957583313407
a3,191.3397459621556,155.00000000000017,200.00000000000003,1.8551311731274294,-0.5000000000000001,0.8660254037844387,0.0,299.9957583313407
a3,200.00000000000003,115.0000000000054,148.03847577293791,1.8551311731274294,-0.5000000000000001,0.8660254037844387,0.0,299.9957583313407
a3,34.13827630617062,0.6770401401210593,165.14349547630525,1.8551311731274294,-0.5000000000000001,0.8660254037844387,0.0,299.9957583313407
a3,191.3397459621555,114.99999999999987,200.00000000000003,1.8551311731274294,-0.5000000000000001,0.8660254037844387,0.0,299.9957583313407
a3,1.0944379701307059,197.30485145853794,178.33388796022558,1.8551311731274294,-0.5000000000000001,0.8660254037844387,0.0,299.9957583313407
a3,67.22848327187417,0.8639347442726647,13.322344900296478,1.8551311731274294,-0.5000000000000001,0.8660254037844387,0.0,299.9957583313407
a3,199.96324971718488,147.45637281431073,57.850095109028565,1.8551311731274294,-0.5000000000000001,0.8660254037844387,0.0,299.9957583313407
a3,0.5438923209064945,135.30441744229307,122.78318060144743,1.8551311731274294,-0.5000000000000001,0.8660254037844387,0.0,299.9957583313407
a3,70.09618943233457,104.99999999999996,200.00000000000003,1.8551311731274294,-0.5000000000000001,0.8660254037844387,0.0,299.9957583313407
a3,199.36739330530924,101.2551349807063,129.76678312140476,1.8551311731274294,-0.5000000000000001,0.8660254037844387,0.0,299.9957583313407
a3,67.08919042599716,54.9296607651849,19.068720191617537,4.700322749231433,-0.5000000000000001,0.8660254037844387,0.0,1869.9486949337095
a3,191.2956671856879,159.9033125729133,199.67969129174784,1.8551311731274294,-0.5000000000000001,0.8660254037844387,0.0,299.9957583313407
a3,18.61817804186931,0.0,95.13089865830462,1.8551311731274294,-0.5000000000000001,0.8660254037844387,0.0,299.9957583313407
a3,114.13505870047567,199.067983764211,105.3637179077114,1.8551311731274294,-0.5000000000000001,0.8660254037844387,0.0,299.9957583313407
a3,170.1342890639962,199.0395059693694,171.43583230028116,1.8551311731274294,-0.5000000000000001,0.8660254037844387,0.0,299.9957583313407
a3,13.559323158089189,119.93954430064838,198.98671327966983,1.8551311731274294,-0.5000000000000001,0.8660254037844387,0.0,299.9957583313407
a3,0.0,104.99999999587274,165.3589838447348,1.8551311731274294,-0.5000000000000001,0.8660254037844387,0.0,299.9957583313407
a3,200.00000000000003,132.50000000000023,187.0096189432343,1.8551311731274294,-0.5000000000000001,0.8660254037844387,0.0,299.9957583313407
a3,122.05771365839686,0.0,109.99999999826119,1.8551311731274294,-0.5000000000000001,0.8660254037844387,0.0,299.9957583313407
a3,187.03494593094442,0.0,172.45613237048298,1.8551311731274294,-0.5000000000000001,0.8660254037844387,0.0,299.9957583313407
a3,200.00000000000003,30.02440762910874,104.74796195769,1.8551311731274294,-0.5000000000000001,0.8660254037844387,0.0,299.9957583313407
a3,199.5036704562048,129.22703393718206,16.015796844410083,1.8551311731274294,-0.5000000000000001,0.8660254037844387,0.0,299.9957583313407
a3,23.720910627720144,143.4150543936722,198.62501959248286,1.8551311731274294,-0.5000000000000001,0.8660254037844387,0.0,299.9957583313407
a3,123.18790059919527,199.21728402597554,149.7363489731042,1.8551311731274294,-0.5000000000000001,0.8660254037844387,0.0,299.9957583313407
a3,65.76606241389092,62.499999998906915,0.0,1.8551311731274294,-0.5000000000000001,0.8660254037844387,0.0,299.9957583313407
a3,57.545121259523164,127.27987173762132,199.3938352119252,1.8551311731274294,-0.5000000000000001,0.8660254037844387,0.0,299.9957583313407
a3,199.16252428009346,45.3483091539585,78.56321039696616,1.8551311731274294,-0.5000000000000001,0.8660254037844387,0.0,299.9957583313407
a3,200.00000000000003,6.76334154413633,155.72213319531454,1.8551311731274294,-0.5000000000000001,0.8660254037844387,0.0,299.9957583313407
a3,199.6659769433933,32.797982667489904,134.83004086965937,1.8551311731274294,-0.5000000000000001,0.8660254037844387,0.0,299.9957583313407
a3,74.42631645125657,92.50000000000023,0.0,1.8551311731274294,-0.5000000000000001,0.8660254037844387,0.0,299.9957583313407
a3,0.0,144.9999999996229,52.775681356289944,1.8551311731274294,-0.5000000000000001,0.8660254037844387,0.0,299.9957583313407
a3,18.613712106636978,24.342355084829187,198.910017662545,1.8551311731274294,-0.5000000000000001,0.8660254037844387,0.0,299.9957583313407
a3,36.2429125674224,17.84058686251287,200.00000000000003,1.8551311731274294,-0.5000000000000001,0.8660254037844387,0.0,299.9957583313407
a3,162.25507620123514,0.9814000439327166,176.9429392527607,1.8551311731274294,-0.5000000000000001,0.8660254037844387,0.0,299.9957583313407
a3,122.05771365940119,164.9999999999993,0.0,1.8551311731274294,-0.5000000000000001,0.8660254037844387,0.0,299.9957583313407
a3,86.52872289133794,82.84061595641342,58.55152727896556,4.702471398371402,-0.5000000000000001,0.8660254037844387,0.0,1871.6586975052564
a3,0.43954994682181314,40.14496222224909,114.0648869115946,1.8551311731274294,-0.5000000000000001,0.8660254037844387,0.0,299.9957583313407
a3,18.919955789454097,0.0,135.01466483984353,1.8551311731274294,-0.5000000000000001,0.8660254037844387,0.0,299.9957583313407
a3,4.290830593838395,199.7925868220108,96.89133006612545,1.8551311731274294,-0.5000000000000001,0.8660254037844387,0.0,299.9957583313407
a3,0.4129873802532335,119.31044010408924,114.23907022822506,1.8551311731274294,-0.5000000000000001,0.8660254037844387,0.0,299.9957583313407
a3,156.17428132705714,129.58751489811445,199.27171530568958,1.8551311731274294,-0.5000000000000001,0.8660254037844387,0.0,299.9957583313407
a3,1.16780967440826,120.77914725329248,113.76656764968857,1.8551311731274294,-0.5000000000000001,0.8660254037844387,0.0,299.9957583313407
a3,78.75644286965317,200.00000000000003,124.99999936263134,1.8551311731274294,-0.5000000000000001,0.8660254037844387,0.0,299.9957583313407
a3,186.05289609857954,199.27060667907827,107.14592683979721,1.8551311731274294,-0.5000000000000001,0.8660254037844387,0.0,299.9957583313407
a3,90.03184277901073,17.67262169635944,198.72081482109488,1.8551311731274294,-0.5000000000000001,0.8660254037844387,0.0,299.9957583313407
a3,0.7317813531015631,75.59047116579389,155.89630070016372,1.8551311731274294,-0.5000000000000001,0.8660254037844387,0.0,299.9957583313407
a3,138.43708835264647,198.95259015159638,197.27914193431388,1.8551311731274294,-0.5000000000000001,0.8660254037844387,0.0,299.9957583313407
a3,48.23695097912595,138.01573969210142,0.1423442918024192,1.8551311731274294,-0.5000000000000001,0.8660254037844387,0.0,299.9957583313407
a3,129.42159481562862,75.43660916699348,198.83765484714095,1.8551311731274294,-0.5000000000000001,0.8660254037844387,0.0,299.9957583313407
a3,151.8628671300425,1.1576561302247548,91.80542847554042,1.8551311731274294,-0.5000000000000001,0.8660254037844387,0.0,299.9957583313407
a3,200.00000000000003,120.00000000000004,17.038299032546586,1.8551311731274294,-0.5000000000000001,0.8660254037844387,0.0,299.9957583313407
a3,198.6384622896819,159.2355760677803,53.82171860434639,1.8551311731274294,-0.5000000000000001,0.8660254037844387,0.0,299.9957583313407
a3,34.61105629992713,129.55216635785553,0.48031541702855335,1.8551311731274294,-0.5000000000000001,0.8660254037844387,0.0,299.9957583313407
a3,113.39745963512861,109.99999996899253,200.00000000000003,1.8551311731274294,-0.5000000000000001,0.8660254037844387,0.0,299.9957583313407
a3,199.9713295947811,186.86917362189922,73.37856803497998,1.8551311731274294,-0.5000000000000001,0.8660254037844387,0.0,299.9957583313407
a3,200.00000000000003,157.50000000000105,100.40707856479166,1.8551311731274294,-0.5000000000000001,0.8660254037844387,0.0,299.9957583313407
a3,184.34602684524924,8.532602218756374,199.59997327098196,1.8551311731274294,-0.5000000000000001,0.8660254037844387,0.0,299.9957583313407
a3,83.08640218056838,200.00000000000003,97.49993369688947,1.8551311731274294,-0.5000000000000001,0.8660254037844387,0.0,299.9957583313407
a3,143.78898263894837,177.28806139637956,200.00000000000003,1.8551311731274294,-0.5000000000000001,0.8660254037844387,0.0,299.9957583313407
a3,26.841954083636356,130.00000000000023,200.00000000000003,1.8551311731274294,-0.5000000000000001,0.8660254037844387,0.0,299.9957583313407
a3,200.00000000000003,25.00026889536275,165.35913909543217,1.8551311731274294,-0.5000000000000001,0.8660254037844387,0.0,299.9957583313407
a3,200.00000000000003,95.00000000000149,148.0384757729353,1.8551311731274294,-0.5000000000000001,0.8660254037844387,0.0,299.9957583313407
a3,52.77568135664567,95.00000000000009,0.0,1.8551311731274294,-0.5000000000000001,0.8660254037844387,0.0,299.9957583313407
a3,94.79592869963464,0.6016919407198954,99.37608429434816,1.8551311731274294,-0.5000000000000001,0.8660254037844387,0.0,299.9957583313407
a3,104.19078204872044,188.19516018505715,0.0,1.8551311731274294,-0.5000000000000001,0.8660254037844387,0.0,299.9957583313407
a3,199.1244842810851,152.11575690000075,41.03697403188498,1.8551311731274294,-0.5000000000000001,0.8660254037844387,0.0,299.9957583313407
a3,130.71796769724426,0.0,149.999999999998,1.8551311731274294,-0.5000000000000001,0.8660254037844387,0.0,299.9957583313407
a3,172.09698001252366,77.3214262496305,174.4303415601432,4.701842978527293,-0.5000000000000001,0.8660254037844387,0.0,1871.1584886675048
a3,31.2897795022513,107.82325967597612,200.00000000000003,1.8551311731274294,-0.5000000000000001,0.8660254037844387,0.0,299.9957583313407
a3,120.81777490855845,0.41278959526181436,61.128635235570904,1.8551311731274294,-0.5000000000000001,0.8660254037844387,0.0,299.9957583313407
a3,121.89210048574384,200.00000000000003,44.61746205585365,1.8551311731274294,-0.5000000000000001,0.8660254037844387,0.0,299.9957583313407
a3,1.364932325802286,60.88525119398627,148.22688999905253,1.8551311731274294,-0.5000000000000001,0.8660254037844387,0.0,299.9957583313407
a3,87.22219859534604,198.81335965137478,54.33543442768432,1.8551311731274294,-0.5000000000000001,0.8660254037844387,0.0,299.9957583313407
a3,134.3317225898436,199.44695488691926,92.032600810705,1.8551311731274294,-0.5000000000000001,0.8660254037844387,0.0,299.9957583313407
a3,44.11542731880125,95.00000000000023,200.00000000000003,1.8551311731274294,-0.5000000000000001,0.8660254037844387,0.0,299.9957583313407
a3,162.6970920632753,198.89345980878278,162.50395216490622,1.8551311731274294,-0.5000000000000001,0.8660254037844387,0.0,299.9957583313407
a3,26.535318985270802,0.0,130.4399451952913,1.8551311731274294,-0.5000000000000001,0.8660254037844387,0.0,299.9957583313407
a3,3.858343119356043,0.7021112953049872,61.813535249862696,1.8551311731274294,-0.5000000000000001,0.8660254037844387,0.0,299.9957583313407
a3,0.0,107.49998325768867,91.74680875243217,1.8551311731274294,-0.5000000000000001,0.8660254037844387,0.0,299.9957583313407
a3,91.74682452673407,0.0,112.49999999963414,1.8551311731274294,-0.5000000000000001,0.8660254037844387,0.0,299.9957583313407
a3,199.86494066451525,175.9776342019308,138.18768051782556,1.8551311731274294,-0.5000000000000001,0.8660254037844387,0.0,299.9957583313407
a3,126.11903240249649,22.11284007442291,199.04765467443283,1.8551311731274294,-0.5000000000000001,0.8660254037844387,0.0,299.9957583313407
a3,0.0,84.99996328583987,174.01921668936117,1.8551311731274294,-0.5000000000000001,0.8660254037844387,0.0,299.9957583313407
a3,21.474273564740468,198.79646337892973,89.80692381516567,1.8551311731274294,-0.5000000000000001,0.8660254037844387,0.0,299.9957583313407
a3,61.421141804761916,0.0,40.000238170110144,1.8551311731274294,-0.5000000000000001,0.8660254037844387,0.0,299.9957583313407
a3,143.2718813474718,0.0,182.0251234288284,1.8551311731274294,-0.5000000000000001,0.8660254037844387,0.0,299.9957583313407
a3,70.09618943308917,64.9999999982764,0.0,1.8551311731274294,-0.5000000000000001,0.8660254037844387,0.0,299.9957583313407
a3,0.5587277828823028,87.76723869642453,168.4231657518061,1.8551311731274294,-0.5000000000000001,0.8660254037844387,0.0,299.9957583313407
a3,78.67560359295048,200.00000000000003,49.83459424928972,1.8551311731274294,-0.5000000000000001,0.8660254037844387,0.0,299.9957583313407
a3,30.354533357460664,131.2601686723228,198.64214946888399,1.8551311731274294,-0.5000000000000001,0.8660254037844387,0.0,299.9957583313407
a3,130.61881029465016,24.302060266935634,200.00000000000003,1.8551311731274294,-0.5000000000000001,0.8660254037844387,0.0,299.9957583313407
a3,48.05577184277729,51.42108189719785,0.6293888840647061,1.8551311731274294,-0.5000000000000001,0.8660254037844387,0.0,299.9957583313407
a3,60.94902985110359,30.058483381695375,199.53160434414497,1.8551311731274294,-0.5000000000000001,0.8660254037844387,0.0,299.9957583313407
a3,0.0,149.99999999877696,61.43593539333739,1.8551311731274294,-0.5000000000000001,0.8660254037844387,0.0,299.9957583313407
a3,61.43549007304449,159.99506757235594,0.0,1.8551311731274294,-0.5000000000000001,0.8660254037844387,0.0,299.9957583313407
a3,132.75106642063798,13.617469462703228,0.0,1.8551311731274294,-0.5000000000000001,0.8660254037844387,0.0,299.9957583313407
a3,1.2038816911398917,99.99518513733621,156.51303752572954,1.8551311731274294,-0.5000000000000001,0.8660254037844387,0.0,299.9957583313407
a3,30.687520361293164,200.00000000000003,171.80561404949705,1.8551311731274294,-0.5000000000000001,0.8660254037844387,0.0,299.9957583313407
a3,0.8916848733062529,130.92813349750227,71.1700254709599,1.8551311731274294,-0.5000000000000001,0.8660254037844387,0.0,299.9957583313407
a3,0.24265095241217352,15.485971099318323,89.4759883606438,1.8551311731274294,-0.5000000000000001,0.8660254037844387,0.0,299.9957583313407
a3,44.008809054794845,199.14110545407502,113.65001980362473,1.8551311731274294,-0.5000000000000001,0.8660254037844387,0.0,299.9957583313407
a3,0.2605358396047094,49.44908418222865,94.82511199682354,1.8551311731274294,-0.5000000000000001,0.8660254037844387,0.0,299.9957583313407
a3,0.0,99.99999872494422,78.75644226882757,1.8551311731274294,-0.5000000000000001,0.8660254037844387,0.0,299.9957583313407
a3,70.08817364630744,169.91121630240582,200.00000000000003,1.8551311731274294,-0.5000000000000001,0.8660254037844387,0.0,299.9957583313407
a3,195.66987298107787,200.00000000000003,37.500000000000014,1.8551311731274294,-0.5000000000000001,0.8660254037844387,0.0,299.9957583313407
a3,78.75644347018218,159.99999999999324,200.00000000000003,1.8551311731274294,-0.5000000000000001,0.8660254037844387,0.0,299.9957583313407
a3,135.048094709873,0.0,97.499999989098,1.8551311731274294,-0.5000000000000001,0.8660254037844387,0.0,299.9957583313407
a3,55.861716707479324,0.9315609399801686,151.90170909481355,1.8551311731274294,-0.5000000000000001,0.8660254037844387,0.0,299.9957583313407
a3,18.255045644613652,200.00000000000003,41.011923555075946,1.8551311731274294,-0.5000000000000001,0.8660254037844387,0.0,299.9957583313407
a3,139.48185144590863,0.0,174.82050807568962,1.8551311731274294,-0.5000000000000001,0.8660254037844387,0.0,299.9957583313407
a3,199.48351318045133,78.71405424062124,45.381288600511866,1.8551311731274294,-0.5000000000000001,0.8660254037844387,0.0,299.9957583313407
a3,157.6382544861563,199.8512501106762,125.68676178978333,1.8551311731274294,-0.5000000000000001,0.8660254037844387,0.0,299.9957583313407
a3,91.73823361789339,200.00000000000003,67.50463331299811,1.8551311731274294,-0.5000000000000001,0.8660254037844387,0.0,299.9957583313407
a3,109.68687469503506,198.77943839583742,101.9086188778981,1.8551311731274294,-0.5000000000000001,0.8660254037844387,0.0,299.9957583313407
a3,95.2201387716681,0.4101249185934613,155.41213208449167,1.8551311731274294,-0.5000000000000001,0.8660254037844387,0.0,299.9957583313407
a3,199.76513231755362,16.280249870715075,125.1632080730228,1.8551311731274294,-0.5000000000000001,0.8660254037844387,0.0,299.9957583313407
a3,122.0577136594014,174.9999999999992,0.0,1.8551311731274294,-0.5000000000000001,0.8660254037844387,0.0,299.9957583313407
a3,126.38784067832343,167.4999999999993,0.0,1.8551311731274294,-0.5000000000000001,0.8660254037844387,0.0,299.9957583313407
a3,158.008695690649,98.79332349953711,0.009556651661799243,1.8551311731274294,-0.5000000000000001,0.8660254037844387,0.0,299.9957583313407
a3,20.97663372224405,11.990263305593873,200.00000000000003,1.8551311731274294,-0.5000000000000001,0.8660254037844387,0.0,299.9957583313407
a3,195.67028258360952,47.49595102733254,0.0,1.8551311731274294,-0.5000000000000001,0.8660254037844387,0.0,299.9957583313407
a3,24.502298036923463,67.09389303575314,199.2228280776646,1.8551311731274294,-0.5000000000000001,0.8660254037844387,0.0,299.9957583313407
a3,174.10997453766203,34.80351942189106,200.00000000000003,1.8551311731274294,-0.5000000000000001,0.8660254037844387,0.0,299.9957583313407
a3,170.089013025904,47.365058298193176,1.1085199385362345,1.8551311731274294,-0.5000000000000001,0.8660254037844387,0.0,299.9957583313407
a3,200.00000000000003,67.50000079491221,187.0096194021763,1.8551311731274294,-0.5000000000000001,0.8660254037844387,0.0,299.9957583313407
a3,199.59124111695655,171.60304965843756,143.07490486354362,1.8551311731274294,-0.5000000000000001,0.8660254037844387,0.0,299.9957583313407
a3,15.333869920666357,200.00000000000003,154.5472606539322,1.8551311731274294,-0.5000000000000001,0.8660254037844387,0.0,299.9957583313407
a3,135.25912980666197,17.51721053072983,200.00000000000003,1.8551311731274294,-0.5000000000000001,0.8660254037844387,0.0,299.9957583313407
a3,52.83073285271035,169.97285656935145,200.00000000000003,1.8551311731274294,-0.5000000000000001,0.8660254037844387,0.0,299.9957583313407
a3,1.3635441774959038,36.00426569496665,9.894114390072273,1.8551311731274294,-0.5000000000000001,0.8660254037844387,0.0,299.9957583313407
a3,199.02920998015045,142.4732522703297,12.874565706437563,1.8551311731274294,-0.5000000000000001,0.8660254037844387,0.0,299.9957583313407
a3,164.6521035653835,153.6891881899075,199.9131462139346,1.8551311731274294,-0.5000000000000001,0.8660254037844387,0.0,299.9957583313407
a3,13.315106022907898,120.45570377343049,0.0,1.8551311731274294,-0.5000000000000001,0.8660254037844387,0.0,299.9957583313407
a3,73.7959839497419,132.6605093309585,199.1776621913577,1.8551311731274294,-0.5000000000000001,0.8660254037844387,0.0,299.9957583313407
a3,57.05686900470574,200.00000000000003,42.293264610984785,1.8551311731274294,-0.5000000000000001,0.8660254037844387,0.0,299.9957583313407
a3,199.7313550916322,79.22263758376906,6.669184568541833,1.8551311731274294,-0.5000000000000001,0.8660254037844387,0.0,299.9957583313407
a3,175.00000000000009,193.30127018922232,0.0,1.8551311731274294,-0.5000000000000001,0.8660254037844387,0.0,299.9957583313407
a3,161.03356408399281,47.489114067613066,200.00000000000003,1.8551311731274294,-0.5000000000000001,0.8660254037844387,0.0,299.9957583313407
a3,0.6373990078274854,107.1238606833176,100.02508734576071,1.8551311731274294,-0.5000000000000001,0.8660254037844387,0.0,299.9957583313407
a3,52.9321454144037,0.03043780260352636,156.1641395708635,1.8551311731274294,-0.5000000000000001,0.8660254037844387,0.0,299.9957583313407
a3,95.71370337345903,199.8009733163923,86.12000188566839,1.8551311731274294,-0.5000000000000001,0.8660254037844387,0.0,299.9957583313407
a3,199.64683332267856,143.6373776436279,40.67146605190136,1.8551311731274294,-0.5000000000000001,0.8660254037844387,0.0,299.9957583313407
a3,91.74682386430776,200.00000000000003,132.49999925673947,1.8551311731274294,-0.5000000000000001,0.8660254037844387,0.0,299.9957583313407
a3,100.14656731576785,61.85542169695202,0.6514514662573992,1.8551311731274294,-0.5000000000000001,0.8660254037844387,0.0,299.9957583313407
a3,73.47690223664549,72.95537205316765,199.51882741109526,1.8551311731274294,-0.5000000000000001,0.8660254037844387,0.0,299.9957583313407
a3,200.00000000000003,50.000121892383916,122.05776903149277,1.8551311731274294,-0.5000000000000001,0.8660254037844387,0.0,299.9957583313407
a3,91.7433142797907,200.00000000000003,62.50422130673487,1.8551311731274294,-0.5000000000000001,0.8660254037844387,0.0,299.9957583313407
a3,0.0,147.49999999919993,57.10580837481367,1.8551311731274294,-0.5000000000000001,0.8660254037844387,0.0,299.9957583313407
a3,0.0,135.00048182953515,156.69845561190814,1.8551311731274294,-0.5000000000000001,0.8660254037844387,0.0,299.9957583313407
a3,23.497051349066528,200.00000000000003,157.02342670963358,1.8551311731274294,-0.5000000000000001,0.8660254037844387,0.0,299.9957583313407
a3,186.1683042096562,135.72782319079136,81.10357618898607,4.699003471865076,-0.5000000000000001,0.8660254037844387,0.0,1868.8991351875459
a3,162.70490384914115,192.62304603195145,196.65359292414553,4.83175650788102,-0.5000000000000001,0.8660254037844387,0.0,1975.9884958578689
a3,188.2561465926275,198.73654105221829,67.66950768314072,1.8551311731274294,-0.5000000000000001,0.8660254037844387,0.0,299.9957583313407
a3,199.44226276442686,140.74335719283076,132.09379844133312,1.8551311731274294,-0.5000000000000001,0.8660254037844387,0.0,299.9957583313407
a3,0.8816420005702336,159.51256300216798,191.75030248408316,1.8551311731274294,-0.5000000000000001,0.8660254037844387,0.0,299.9957583313407
a3,122.06084336994009,0.0,45.03388637343066,1.8551311731274294,-0.5000000000000001,0.8660254037844387,0.0,299.9957583313407
a3,126.3878406783195,0.0,142.4999999999937,1.8551311731274294,-0.5000000000000001,0.8660254037844387,0.0,299.9957583313407
a3,200.00000000000003,107.50000000004314,74.4263164512814,1.8551311731274294,-0.5000000000000001,0.8660254037844387,0.0,299.9957583313407
a3,0.20327276731533628,149.26700094422333,18.058802869531384,1.8551311731274294,-0.5000000000000001,0.8660254037844387,0.0,299.9957583313407
a3,200.00000000000003,179.6790431760488,165.08506266769672,1.8551311731274294,-0.5000000000000001,0.8660254037844387,0.0,299.9957583313407
a3,13.346976020342511,60.35227271479486,0.0,1.8551311731274294,-0.5000000000000001,0.8660254037844387,0.0,299.9957583313407
a3,98.59423666046416,198.62488108475006,51.532417232005415,1.8551311731274294,-0.5000000000000001,0.8660254037844387,0.0,299.9957583313407
a3,113.11924828888785,0.30398237266135436,99.03744010786963,1.8551311731274294,-0.5000000000000001,0.8660254037844387,0.0,299.9957583313407
a3,0.8782310432612208,25.618363368927447,157.50047382261332,1.8551311731274294,-0.5000000000000001,0.8660254037844387,0.0,299.9957583313407
a3,0.8416204237432271,99.59246802822477,77.95910818584314,1.8551311731274294,-0.5000000000000001,0.8660254037844387,0.0,299.9957583313407
a3,100.98154181300107,1.115844234343098,126.55676179128253,1.8551311731274294,-0.5000000000000001,0.8660254037844387,0.0,299.9957583313407
a3,21.823814566059436,200.00000000000003,169.0934823770925,1.8551311731274294,-0.5000000000000001,0.8660254037844387,0.0,299.9957583313407
a3,174.0192378864678,0.0,165.0000000000006,1.8551311731274294,-0.5000000000000001,0.8660254037844387,0.0,299.9957583313407
a3,187.0096189432148,200.00000000000003,102.49999999996778,1.8551311731274294,-0.5000000000000001,0.8660254037844387,0.0,299.9957583313407
a3,22.14786152730782,200.00000000000003,105.28422256357617,1.8551311731274294,-0.5000000000000001,0.8660254037844387,0.0,299.9957583313407
a3,53.52004541364351,0.2263942495876948,89.89222632363688,1.8551311731274294,-0.5000000000000001,0.8660254037844387,0.0,299.9957583313407
a3,200.00000000000003,135.00000000000193,148.038475772936,1.8551311731274294,-0.5000000000000001,0.8660254037844387,0.0,299.9957583313407
a3,200.00000000000003,70.00000000248328,96.07695154730082,1.8551311731274294,-0.5000000000000001,0.8660254037844387,0.0,299.9957583313407
a3,130.7179676972934,119.99999999989004,0.0,1.8551311731274294,-0.5000000000000001,0.8660254037844387,0.0,299.9957583313407
a3,1.0988681315355646,95.65582145579214,140.75310104494304,1.8551311731274294,-0.5000000000000001,0.8660254037844387,0.0,299.9957583313407
a3,142.46254712153544,0.2387960430358441,122.94574370965321,1.8551311731274294,-0.5000000000000001,0.8660254037844387,0.0,299.9957583313407
a3,0.0,50.00000008220795,44.115427108300366,1.8551311731274294,-0.5000000000000001,0.8660254037844387,0.0,299.9957583313407
a3,91.66626653196452,199.76497299137952,122.04349634025158,1.8551311731274294,-0.5000000000000001,0.8660254037844387,0.0,299.9957583313407
a3,174.01923788646732,145.0000000000007,0.0,1.8551311731274294,-0.5000000000000001,0.8660254037844387,0.0,299.9957583313407
a3,200.00000000000003,125.00000000000195,156.69872981078046,1.8551311731274294,-0.5000000000000001,0.8660254037844387,0.0,299.9957583313407
a3,162.0482201754407,131.69818393423174,0.412551907725491,1.8551311731274294,-0.5000000000000001,0.8660254037844387,0.0,299.9957583313407
a3,44.30856890028527,175.63254936009466,194.90707435588055,4.692395961541999,-0.5000000000000001,0.8660254037844387,0.0,1863.6469202095973
a3,79.11555476023503,100.12011066338768,1.2626615795391831,1.8551311731274294,-0.5000000000000001,0.8660254037844387,0.0,299.9957583313407
a3,37.04204415882304,13.38530775374906,0.0,1.8551311731274294,-0.5000000000000001,0.8660254037844387,0.0,299.9957583313407
a3,1.034910848175983,89.20238495389184,173.04311918632857,1.8551311731274294,-0.5000000000000001,0.8660254037844387,0.0,299.9957583313407
a3,130.63501493414395,200.00000000000003,39.80563310064253,1.8551311731274294,-0.5000000000000001,0.8660254037844387,0.0,299.9957583313407
a3,0.8714351629245152,21.967117372580972,168.50710076696862,1.8551311731274294,-0.5000000000000001,0.8660254037844387,0.0,299.9957583313407
a3,0.46793967563215266,95.3114374556189,35.27906557199377,1.8551311731274294,-0.5000000000000001,0.8660254037844387,0.0,299.9957583313407
a3,52.550500853800465,165.35822890673086,0.38068546302585504,1.8551311731274294,-0.5000000000000001,0.8660254037844387,0.0,299.9957583313407
a3,200.00000000000003,13.160391394912331,40.676208026165575,1.8551311731274294,-0.5000000000000001,0.8660254037844387,0.0,299.9957583313407
a3,43.54494479697941,165.1894101984886,0.4206320188450032,1.8551311731274294,-0.5000000000000001,0.8660254037844387,0.0,299.9957583313407
a3,78.46101817016135,0.5405418973057716,134.32731505571584,1.8551311731274294,-0.5000000000000001,0.8660254037844387,0.0,299.9957583313407
a3,73.80717190412565,188.52953689666631,0.34916493628872386,1.8551311731274294,-0.5000000000000001,0.8660254037844387,0.0,299.9957583313407
a3,147.3272713387978,199.64874799802286,155.07717990101148,1.8551311731274294,-0.5000000000000001,0.8660254037844387,0.0,299.9957583313407
a3,174.01923788646585,84.9999999999998,200.00000000000003,1.8551311731274294,-0.5000000000000001,0.8660254037844387,0.0,299.9957583313407
a3,113.39745955331706,0.0,84.99999988180635,1.8551311731274294,-0.5000000000000001,0.8660254037844387,0.0,299.9957583313407
a3,70.0961894323517,114.99999999996093,200.00000000000003,1.8551311731274294,-0.5000000000000001,0.8660254037844387,0.0,299.9957583313407
a3,48.44555423247294,200.00000000000003,52.50000004110456,1.8551311731274294,-0.5000000000000001,0.8660254037844387,0.0,299.9957583313407
a3,0.0,77.47117675763512,117.70269465646551,1.8551311731274294,-0.5000000000000001,0.8660254037844387,0.0,299.9957583313407
a3,31.995400226057324,148.64714604443958,199.44666613528346,1.8551311731274294,-0.5000000000000001,0.8660254037844387,0.0,299.9957583313407
a3,94.86438373963432,199.83280238477104,134.3750001000922,1.8551311731274294,-0.5000000000000001,0.8660254037844387,0.0,299.9957583313407
a3,13.346976020342511,60.35227271479486,200.00000000000003,1.8551311731274294,-0.5000000000000001,0.8660254037844387,0.0,299.9957583313407
a3,42.41787457977222,195.23182181904127,0.0,1.8551311731274294,-0.5000000000000001,0.8660254037844387,0.0,299.9957583313407
a3,199.5006708451566,48.67175593392742,109.35227853926813,1.8551311731274294,-0.5000000000000001,0.8660254037844387,0.0,299.9957583313407
a3,27.080985825257624,0.0,69.59956605410842,1.8551311731274294,-0.5000000000000001,0.8660254037844387,0.0,299.9957583313407
a3,12.982234972329882,199.26462903920708,144.64166984791714,1.8551311731274294,-0.5000000000000001,0.8660254037844387,0.0,299.9957583313407
a3,40.597955726733154,199.97423349811606,127.06631287281999,1.8551311731274294,-0.5000000000000001,0.8660254037844387,0.0,299.9957583313407
a3,200.00000000000003,169.92861938930224,7.776824974987183,1.8551311731274294,-0.5000000000000001,0.8660254037844387,0.0,299.9957583313407
a3,116.07528434059932,199.86762008047046,52.169355151669684,1.8551311731274294,-0.5000000000000001,0.8660254037844387,0.0,299.9957583313407
a3,26.6431483620498,0.0,154.61011787027118,1.8551311731274294,-0.5000000000000001,0.8660254037844387,0.0,299.9957583313407
a3,199.86734402127158,136.5339063496314,13.706123532446867,1.8551311731274294,-0.5000000000000001,0.8660254037844387,0.0,299.9957583313407
a3,26.21641643822623,198.91755792981846,125.04718584415355,1.8551311731274294,-0.5000000000000001,0.8660254037844387,0.0,299.9957583313407
a3,200.00000000000003,87.50000000000301,57.10580837556899,1.8551311731274294,-0.5000000000000001,0.8660254037844387,0.0,299.9957583313407
a3,40.81026811499639,83.10960048310609,1.0140704328953682,1.8551311731274294,-0.5000000000000001,0.8660254037844387,0.0,299.9957583313407
a3,109.13651828036856,199.60971476939153,88.73289398031187,1.8551311731274294,-0.5000000000000001,0.8660254037844387,0.0,299.9957583313407
a3,0.16418364328696142,36.426245549834576,91.93098389404322,1.8551311731274294,-0.5000000000000001,0.8660254037844387,0.0,299.9957583313407
a3,200.00000000000003,117.50000000000169,161.0288568297025,1.8551311731274294,-0.5000000000000001,0.8660254037844387,0.0,299.9957583313407
a3,200.00000000000003,52.50000000312254,100.40707856659182,1.8551311731274294,-0.5000000000000001,0.8660254037844387,0.0,299.9957583313407
a3,199.098407100671,187.06527449308197,119.66493100462786,1.8551311731274294,-0.5000000000000001,0.8660254037844387,0.0,299.9957583313407
a3,169.6891108675456,0.0,157.5000000000006,1.8551311731274294,-0.5000000000000001,0.8660254037844387,0.0,299.9957583313407
a3,0.5961172188222966,161.8112087010755,47.27323307194756,1.8551311731274294,-0.5000000000000001,0.8660254037844387,0.0,299.9957583313407
a3,130.71796769724912,154.99999999999136,0.0,1.8551311731274294,-0.5000000000000001,0.8660254037844387,0.0,299.9957583313407
a3,0.0,109.99999998580476,191.33974595394915,1.8551311731274294,-0.5000000000000001,0.8660254037844387,0.0,299.9957583313407
a3,192.67949192431115,192.67949192431115,200.00000000000003,1.8551311731274294,-0.5000000000000001,0.8660254037844387,0.0,299.9957583313407
a3,161.0288568296995,92.50000000000011,0.0,1.8551311731274294,-0.5000000000000001,0.8660254037844387,0.0,299.9957583313407
a3,187.26134653005195,53.17837776149756,1.0316350331241102,1.8551311731274294,-0.5000000000000001,0.8660254037844387,0.0,299.9957583313407
a3,2.8225795105849314,9.762617701933369,0.05667761388019474,1.8551311731274294,-0.5000000000000001,0.8660254037844387,0.0,299.9957583313407
a3,0.0,127.49999999981362,169.68911086737037,1.8551311731274294,-0.5000000000000001,0.8660254037844387,0.0,299.9957583313407
a3,0.0,176.3697480811489,110.2153957800116,1.8551311731274294,-0.5000000000000001,0.8660254037844387,0.0,299.9957583313407
a3,66.70320316987954,200.00000000000003,4.411849535786908,1.8551311731274294,-0.5000000000000001,0.8660254037844387,0.0,299.9957583313407
a3,148.09069297988427,0.5455497861026293,98.79443259371367,1.8551311731274294,-0.5000000000000001,0.8660254037844387,0.0,299.9957583313407
a3,105.5761820043933,84.51782168337394,199.4700825040647,1.8551311731274294,-0.5000000000000001,0.8660254037844387,0.0,299.9957583313407
a3,17.69322159851735,199.75038919813122,61.00563817089057,1.8551311731274294,-0.5000000000000001,0.8660254037844387,0.0,299.9957583313407
a3,131.76535668061453,24.788471181606774,199.6116467286931,1.8551311731274294,-0.5000000000000001,0.8660254037844387,0.0,299.9957583313407
a3,135.10294294286234,0.0,172.32927928375634,1.8551311731274294,-0.5000000000000001,0.8660254037844387,0.0,299.9957583313407
a3,109.0676203045863,27.500483371482552,200.00000000000003,1.8551311731274294,-0.5000000000000001,0.8660254037844387,0.0,299.9957583313407
a3,44.11509103280233,65.00087431505736,200.00000000000003,1.8551311731274294,-0.5000000000000001,0.8660254037844387,0.0,299.9957583313407
a3,91.52690415667507,123.60275291430287,199.24620018302736,1.8551311731274294,-0.5000000000000001,0.8660254037844387,0.0,299.9957583313407
a3,95.84051526378735,200.00000000000003,179.61749841344835,1.8551311731274294,-0.5000000000000001,0.8660254037844387,0.0,299.9957583313407
a3,108.74596731646133,198.6638926185815,77.92619956499681,1.8551311731274294,-0.5000000000000001,0.8660254037844387,0.0,299.9957583313407
a3,92.93743995487537,199.54000790691032,151.4482573302007,1.8551311731274294,-0.5000000000000001,0.8660254037844387,0.0,299.9957583313407
a3,200.00000000000003,97.5000000000031,48.44555433772461,1.8551311731274294,-0.5000000000000001,0.8660254037844387,0.0,299.9957583313407
a3,169.30524725171102,111.19707534531881,198.77077159047718,1.8551311731274294,-0.5000000000000001,0.8660254037844387,0.0,299.9957583313407
a3,195.19720650400913,0.05016701717802786,67.89334368352657,1.8551311731274294,-0.5000000000000001,0.8660254037844387,0.0,299.9957583313407
a3,78.76237065436166,0.0,20.239371127613527,1.8551311731274294,-0.5000000000000001,0.8660254037844387,0.0,299.9957583313407
a3,0.0,47.52609132272148,31.140110064970216,1.8551311731274294,-0.5000000000000001,0.8660254037844387,0.0,299.9957583313407
a3,63.63558550514833,145.39845327886815,27.94533586155003,4.701921597844225,-0.5000000000000001,0.8660254037844387,0.0,1871.2210643140447
a3,200.00000000000003,100.00000000000271,61.43593539449118,1.8551311731274294,-0.5000000000000001,0.8660254037844387,0.0,299.9957583313407
a3,61.179545455218125,199.22823010769582,93.90870001622449,1.8551311731274294,-0.5000000000000001,0.8660254037844387,0.0,299.9957583313407
a3,11.781459147030175,0.0,117.71182511179252,1.8551311731274294,-0.5000000000000001,0.8660254037844387,0.0,299.9957583313407
a3,104.73720558141841,0.0,109.99999999602751,1.8551311731274294,-0.5000000000000001,0.8660254037844387,0.0,299.9957583313407
a3,21.560872683720216,0.6049708257446682,93.48040077191172,1.8551311731274294,-0.5000000000000001,0.8660254037844387,0.0,299.9957583313407
a3,122.05771508226655,89.99999674790355,200.00000000000003,1.8551311731274294,-0.5000000000000001,0.8660254037844387,0.0,299.9957583313407
a3,71.39089034352547,0.9243995789138713,179.55326568634862,1.8551311731274294,-0.5000000000000001,0.8660254037844387,0.0,299.9957583313407
a3,49.974558008823486,16.79653239632543,0.0,1.8551311731274294,-0.5000000000000001,0.8660254037844387,0.0,299.9957583313407
a3,165.10266309961952,0.0,8.887963732533596,1.8551311731274294,-0.5000000000000001,0.8660254037844387,0.0,299.9957583313407
a3,44.120000150508936,200.00000000000003,134.9999999999905,1.8551311731274294,-0.5000000000000001,0.8660254037844387,0.0,299.9957583313407
a3,175.0978077778306,1.128404590144952,189.70212562950522,1.8551311731274294,-0.5000000000000001,0.8660254037844387,0.0,299.9957583313407
a3,0.05035632972859181,135.39591852464974,60.500343566647445,1.8551311731274294,-0.5000000000000001,0.8660254037844387,0.0,299.9957583313407
a3,3.6602540378443855,3.6602540378443855,200.00000000000003,1.8551311731274294,-0.5000000000000001,0.8660254037844387,0.0,299.9957583313407
a3,92.61821716936636,152.33514235597355,0.6988853897485974,1.8551311731274294,-0.5000000000000001,0.8660254037844387,0.0,299.9957583313407
a3,199.87888231296762,55.67186708562446,181.9377892267405,1.8551311731274294,-0.5000000000000001,0.8660254037844387,0.0,299.9957583313407
a3,14.324647708301173,36.87871474902203,93.60296886334673,4.699497823644899,-0.5000000000000001,0.8660254037844387,0.0,1869.2923854661462
a3,165.35898384862278,129.9999999999998,200.00000000000003,1.8551311731274294,-0.5000000000000001,0.8660254037844387,0.0,299.9957583313407
a3,200.00000000000003,25.13508440963356,96.13576242717916,1.8551311731274294,-0.5000000000000001,0.8660254037844387,0.0,299.9957583313407
a3,151.8092968050658,199.44441450055353,92.98154599399493,1.8551311731274294,-0.5000000000000001,0.8660254037844387,0.0,299.9957583313407
a3,4.277084235827996,0.0,127.33667557539111,1.8551311731274294,-0.5000000000000001,0.8660254037844387,0.0,299.9957583313407
a3,148.16011709023746,20.208004839940486,0.0,1.8551311731274294,-0.5000000000000001,0.8660254037844387,0.0,299.9957583313407
a3,169.70363187255114,200.00000000000003,17.41325092922787,1.8551311731274294,-0.5000000000000001,0.8660254037844387,0.0,299.9957583313407
a3,130.724034439816,0.0,169.8380504918231,1.8551311731274294,-0.5000000000000001,0.8660254037844387,0.0,299.9957583313407
a3,104.73720558364751,0.0,124.99999999988816,1.8551311731274294,-0.5000000000000001,0.8660254037844387,0.0,299.9957583313407
a3,123.16426339336859,199.15838866176998,63.567962724382454,1.8551311731274294,-0.5000000000000001,0.8660254037844387,0.0,299.9957583313407
a3,126.38508126073398,200.00000000000003,92.49680217566805,1.8551311731274294,-0.5000000000000001,0.8660254037844387,0.0,299.9957583313407
a3,148.0384530056528,0.0,59.99996056591303,1.8551311731274294,-0.5000000000000001,0.8660254037844387,0.0,299.9957583313407
a3,0.16431598844843168,3.3600314543814274,137.9316330418826,1.8551311731274294,-0.5000000000000001,0.8660254037844387,0.0,299.9957583313407
a3,0.0,4.349348669732614,82.32819898598551,1.8551311731274294,-0.5000000000000001,0.8660254037844387,0.0,299.9957583313407
a3,78.75644347480184,69.99999998944232,200.00000000000003,1.8551311731274294,-0.5000000000000001,0.8660254037844387,0.0,299.9957583313407
a3,166.0456439365078,0.5779258363248898,84.09135911337586,1.8551311731274294,-0.5000000000000001,0.8660254037844387,0.0,299.9957583313407
a3,198.77764303458943,101.20673032096647,52.29256463876974,1.8551311731274294,-0.5000000000000001,0.8660254037844387,0.0,299.9957583313407
a3,198.933336704251,50.457941912838145,52.76323415874761,1.8551311731274294,-0.5000000000000001,0.8660254037844387,0.0,299.9957583313407
a3,17.28681693307189,0.9739118150399021,87.95449790393992,1.8551311731274294,-0.5000000000000001,0.8660254037844387,0.0,299.9957583313407
a3,79.88883852931488,8.742210468534326,0.0,1.8551311731274294,-0.5000000000000001,0.8660254037844387,0.0,299.9957583313407
a3,143.21476039408986,194.9526797265462,1.1238348426927673,1.8551311731274294,-0.5000000000000001,0.8660254037844387,0.0,299.9957583313407
a3,160.7126211756657,28.300376304709403,1.2273349877293867,1.8551311731274294,-0.5000000000000001,0.8660254037844387,0.0,299.9957583313407
a3,48.206567183773124,1.00575549731441,48.47797851678088,1.8551311731274294,-0.5000000000000001,0.8660254037844387,0.0,299.9957583313407
a3,104.73765649971709,50.000800882617526,200.00000000000003,1.8551311731274294,-0.5000000000000001,0.8660254037844387,0.0,299.9957583313407
a3,99.90190931631582,96.39831010275543,199.4644475012965,1.8551311731274294,-0.5000000000000001,0.8660254037844387,0.0,299.9957583313407
a3,0.5247924001355884,83.8310491027362,148.9024098292405,1.8551311731274294,-0.5000000000000001,0.8660254037844387,0.0,299.9957583313407
a3,57.233431528291554,199.07402191651929,42.09647034156331,1.8551311731274294,-0.5000000000000001,0.8660254037844387,0.0,299.9957583313407
a3,169.6909133319261,51.722850047579215,0.023208837005815726,1.8551311731274294,-0.5000000000000001,0.8660254037844387,0.0,299.9957583313407
a3,0.0,11.974571230761164,72.50000000000001,1.8551311731274294,-0.5000000000000001,0.8660254037844387,0.0,299.9957583313407
a3,148.0037508829356,0.0,30.01408343260319,1.8551311731274294,-0.5000000000000001,0.8660254037844387,0.0,299.9957583313407
a3,199.82159260061454,7.650519319735756,134.26168689696377,1.8551311731274294,-0.5000000000000001,0.8660254037844387,0.0,299.9957583313407
a3,161.2080022390409,26.029559351834717,1.07503226852202,1.8551311731274294,-0.5000000000000001,0.8660254037844387,0.0,299.9957583313407
