$MeshFormat
2.2 0 8
$EndMeshFormat
$Nodes
4672
1 1 0.49999999999999994 0
2 0.75 0.99999999999999989 0
3 0.25000000000000011 1 0
4 0 0.5 0
5 0.24999999999999978 8.2046407952365387e-17 0
6 0.75 0 0
7 1 0.49999999999999994 1
8 0.75 0.99999999999999989 1
9 0.25000000000000011 1 1
10 0 0.5 1
11 0.24999999999999978 8.2046407952365387e-17 1
12 0.75 0 1
13 0.97222222222222232 0.55555555555555536 0
14 0.94444444444444453 0.61111111111111094 0
15 0.91666666666666685 0.66666666666666641 0
16 0.88888888888888895 0.72222222222222188 0
17 0.86111111111111127 0.77777777777777735 0
18 0.83333333333333359 0.83333333333333282 0
19 0.8055555555555558 0.8888888888888884 0
20 0.77777777777777801 0.94444444444444375 0
21 0.69444444444444453 0.99999999999999989 0
22 0.63888888888888906 0.99999999999999989 0
23 0.58333333333333359 0.99999999999999989 0
24 0.52777777777777812 0.99999999999999989 0
25 0.47222222222222254 1 0
26 0.41666666666666707 1 0
27 0.36111111111111155 1 0
28 0.30555555555555608 1 0
29 0.22222222222222235 0.94444444444444442 0
30 0.19444444444444456 0.88888888888888884 0
31 0.16666666666666685 0.83333333333333348 0
32 0.13888888888888906 0.77777777777777801 0
33 0.11111111111111129 0.72222222222222243 0
34 0.083333333333333565 0.66666666666666707 0
35 0.055555555555555858 0.6111111111111116 0
36 0.027777777777778071 0.55555555555555602 0
37 0.027777777777777714 0.44444444444444453 0
38 0.055555555555555428 0.38888888888888901 0
39 0.083333333333333148 0.33333333333333354 0
40 0.11111111111111092 0.27777777777777801 0
41 0.13888888888888865 0.22222222222222249 0
42 0.16666666666666635 0.1666666666666671 0
43 0.19444444444444409 0.11111111111111156 0
44 0.22222222222222182 0.055555555555556066 0
45 0.3055555555555553 8.2046407952365387e-17 0
46 0.36111111111111088 8.2046407952365387e-17 0
47 0.41666666666666635 8.2046407952365387e-17 0
48 0.47222222222222188 8.2046407952365387e-17 0
49 0.52777777777777746 0 0
50 0.58333333333333293 0 0
51 0.6388888888888884 0 0
52 0.69444444444444398 0 0
53 0.7777777777777779 0.05555555555555549 0
54 0.80555555555555558 0.11111111111111098 0
55 0.83333333333333326 0.16666666666666646 0
56 0.86111111111111105 0.22222222222222196 0
57 0.88888888888888884 0.27777777777777751 0
58 0.91666666666666652 0.33333333333333293 0
59 0.94444444444444431 0.38888888888888845 0
60 0.97222222222222199 0.44444444444444392 0
61 1 0.49999999999999994 0.034482758620689689
62 1 0.49999999999999994 0.068965517241379379
63 1 0.49999999999999994 0.10344827586206908
64 1 0.49999999999999994 0.13793103448275876
65 1 0.49999999999999994 0.1724137931034484
66 1 0.49999999999999994 0.20689655172413807
67 1 0.49999999999999994 0.24137931034482776
68 1 0.49999999999999994 0.2758620689655174
69 1 0.49999999999999994 0.31034482758620707
70 1 0.49999999999999994 0.34482758620689674
71 1 0.49999999999999994 0.37931034482758641
72 1 0.49999999999999994 0.41379310344827602
73 1 0.49999999999999994 0.44827586206896569
74 1 0.49999999999999994 0.48275862068965536
75 1 0.49999999999999994 0.51724137931034497
76 1 0.49999999999999994 0.55172413793103459
77 1 0.49999999999999994 0.58620689655172431
78 1 0.49999999999999994 0.62068965517241392
79 1 0.49999999999999994 0.65517241379310365
80 1 0.49999999999999994 0.68965517241379326
81 1 0.49999999999999994 0.72413793103448287
82 1 0.49999999999999994 0.7586206896551726
83 1 0.49999999999999994 0.79310344827586221
84 1 0.49999999999999994 0.82758620689655171
85 1 0.49999999999999994 0.86206896551724155
86 1 0.49999999999999994 0.89655172413793116
87 1 0.49999999999999994 0.93103448275862066
88 1 0.49999999999999994 0.96551724137931039
89 0.75 0.99999999999999989 0.034482758620689689
90 0.75 0.99999999999999989 0.068965517241379379
91 0.75 0.99999999999999989 0.10344827586206908
92 0.75 0.99999999999999989 0.13793103448275876
93 0.75 0.99999999999999989 0.1724137931034484
94 0.75 0.99999999999999989 0.20689655172413807
95 0.75 0.99999999999999989 0.24137931034482776
96 0.75 0.99999999999999989 0.2758620689655174
97 0.75 0.99999999999999989 0.31034482758620707
98 0.75 0.99999999999999989 0.34482758620689674
99 0.75 0.99999999999999989 0.37931034482758641
100 0.75 0.99999999999999989 0.41379310344827602
101 0.75 0.99999999999999989 0.44827586206896569
102 0.75 0.99999999999999989 0.48275862068965536
103 0.75 0.99999999999999989 0.51724137931034497
104 0.75 0.99999999999999989 0.55172413793103459
105 0.75 0.99999999999999989 0.58620689655172431
106 0.75 0.99999999999999989 0.62068965517241392
107 0.75 0.99999999999999989 0.65517241379310365
108 0.75 0.99999999999999989 0.68965517241379326
109 0.75 0.99999999999999989 0.72413793103448287
110 0.75 0.99999999999999989 0.7586206896551726
111 0.75 0.99999999999999989 0.79310344827586221
112 0.75 0.99999999999999989 0.82758620689655171
113 0.75 0.99999999999999989 0.86206896551724155
114 0.75 0.99999999999999989 0.89655172413793116
115 0.75 0.99999999999999989 0.93103448275862066
116 0.75 0.99999999999999989 0.96551724137931039
117 0.97222222222222232 0.55555555555555536 1
118 0.94444444444444453 0.61111111111111094 1
119 0.91666666666666685 0.66666666666666641 1
120 0.88888888888888895 0.72222222222222188 1
121 0.86111111111111127 0.77777777777777735 1
122 0.83333333333333359 0.83333333333333282 1
123 0.8055555555555558 0.8888888888888884 1
124 0.77777777777777801 0.94444444444444375 1
125 0.25000000000000011 1 0.034482758620689689
126 0.25000000000000011 1 0.068965517241379379
127 0.25000000000000011 1 0.10344827586206908
128 0.25000000000000011 1 0.13793103448275876
129 0.25000000000000011 1 0.1724137931034484
130 0.25000000000000011 1 0.20689655172413807
131 0.25000000000000011 1 0.24137931034482776
132 0.25000000000000011 1 0.2758620689655174
133 0.25000000000000011 1 0.31034482758620707
134 0.25000000000000011 1 0.34482758620689674
135 0.25000000000000011 1 0.37931034482758641
136 0.25000000000000011 1 0.41379310344827602
137 0.25000000000000011 1 0.44827586206896569
138 0.25000000000000011 1 0.48275862068965536
139 0.25000000000000011 1 0.51724137931034497
140 0.25000000000000011 1 0.55172413793103459
141 0.25000000000000011 1 0.58620689655172431
142 0.25000000000000011 1 0.62068965517241392
143 0.25000000000000011 1 0.65517241379310365
144 0.25000000000000011 1 0.68965517241379326
145 0.25000000000000011 1 0.72413793103448287
146 0.25000000000000011 1 0.7586206896551726
147 0.25000000000000011 1 0.79310344827586221
148 0.25000000000000011 1 0.82758620689655171
149 0.25000000000000011 1 0.86206896551724155
150 0.25000000000000011 1 0.89655172413793116
151 0.25000000000000011 1 0.93103448275862066
152 0.25000000000000011 1 0.96551724137931039
153 0.69444444444444453 0.99999999999999989 1
154 0.63888888888888906 0.99999999999999989 1
155 0.58333333333333359 0.99999999999999989 1
156 0.52777777777777812 0.99999999999999989 1
157 0.47222222222222254 1 1
158 0.41666666666666707 1 1
159 0.36111111111111155 1 1
160 0.30555555555555608 1 1
161 0 0.5 0.034482758620689689
162 0 0.5 0.068965517241379379
163 0 0.5 0.10344827586206908
164 0 0.5 0.13793103448275876
165 0 0.5 0.1724137931034484
166 0 0.5 0.20689655172413807
167 0 0.5 0.24137931034482776
168 0 0.5 0.2758620689655174
169 0 0.5 0.31034482758620707
170 0 0.5 0.34482758620689674
171 0 0.5 0.37931034482758641
172 0 0.5 0.41379310344827602
173 0 0.5 0.44827586206896569
174 0 0.5 0.48275862068965536
175 0 0.5 0.51724137931034497
176 0 0.5 0.55172413793103459
177 0 0.5 0.58620689655172431
178 0 0.5 0.62068965517241392
179 0 0.5 0.65517241379310365
180 0 0.5 0.68965517241379326
181 0 0.5 0.72413793103448287
182 0 0.5 0.7586206896551726
183 0 0.5 0.79310344827586221
184 0 0.5 0.82758620689655171
185 0 0.5 0.86206896551724155
186 0 0.5 0.89655172413793116
187 0 0.5 0.93103448275862066
188 0 0.5 0.96551724137931039
189 0.22222222222222235 0.94444444444444442 1
190 0.19444444444444456 0.88888888888888884 1
191 0.16666666666666685 0.83333333333333348 1
192 0.13888888888888906 0.77777777777777801 1
193 0.11111111111111129 0.72222222222222243 1
194 0.083333333333333565 0.66666666666666707 1
195 0.055555555555555858 0.6111111111111116 1
196 0.027777777777778071 0.55555555555555602 1
197 0.24999999999999978 8.2046407952365387e-17 0.034482758620689689
198 0.24999999999999978 8.2046407952365387e-17 0.068965517241379379
199 0.24999999999999978 8.2046407952365387e-17 0.10344827586206908
200 0.24999999999999978 8.2046407952365387e-17 0.13793103448275876
201 0.24999999999999978 8.2046407952365387e-17 0.1724137931034484
202 0.24999999999999978 8.2046407952365387e-17 0.20689655172413807
203 0.24999999999999978 8.2046407952365387e-17 0.24137931034482776
204 0.24999999999999978 8.2046407952365387e-17 0.2758620689655174
205 0.24999999999999978 8.2046407952365387e-17 0.31034482758620707
206 0.24999999999999978 8.2046407952365387e-17 0.34482758620689674
207 0.24999999999999978 8.2046407952365387e-17 0.37931034482758641
208 0.24999999999999978 8.2046407952365387e-17 0.41379310344827602
209 0.24999999999999978 8.2046407952365387e-17 0.44827586206896569
210 0.24999999999999978 8.2046407952365387e-17 0.48275862068965536
211 0.24999999999999978 8.2046407952365387e-17 0.51724137931034497
212 0.24999999999999978 8.2046407952365387e-17 0.55172413793103459
213 0.24999999999999978 8.2046407952365387e-17 0.58620689655172431
214 0.24999999999999978 8.2046407952365387e-17 0.62068965517241392
215 0.24999999999999978 8.2046407952365387e-17 0.65517241379310365
216 0.24999999999999978 8.2046407952365387e-17 0.68965517241379326
217 0.24999999999999978 8.2046407952365387e-17 0.72413793103448287
218 0.24999999999999978 8.2046407952365387e-17 0.7586206896551726
219 0.24999999999999978 8.2046407952365387e-17 0.79310344827586221
220 0.24999999999999978 8.2046407952365387e-17 0.82758620689655171
221 0.24999999999999978 8.2046407952365387e-17 0.86206896551724155
222 0.24999999999999978 8.2046407952365387e-17 0.89655172413793116
223 0.24999999999999978 8.2046407952365387e-17 0.93103448275862066
224 0.24999999999999978 8.2046407952365387e-17 0.96551724137931039
225 0.027777777777777714 0.44444444444444453 1
226 0.055555555555555428 0.38888888888888901 1
227 0.083333333333333148 0.33333333333333354 1
228 0.11111111111111092 0.27777777777777801 1
229 0.13888888888888865 0.22222222222222249 1
230 0.16666666666666635 0.1666666666666671 1
231 0.19444444444444409 0.11111111111111156 1
232 0.22222222222222182 0.055555555555556066 1
233 0.75 0 0.034482758620689689
234 0.75 0 0.068965517241379379
235 0.75 0 0.10344827586206908
236 0.75 0 0.13793103448275876
237 0.75 0 0.1724137931034484
238 0.75 0 0.20689655172413807
239 0.75 0 0.24137931034482776
240 0.75 0 0.2758620689655174
241 0.75 0 0.31034482758620707
242 0.75 0 0.34482758620689674
243 0.75 0 0.37931034482758641
244 0.75 0 0.41379310344827602
245 0.75 0 0.44827586206896569
246 0.75 0 0.48275862068965536
247 0.75 0 0.51724137931034497
248 0.75 0 0.55172413793103459
249 0.75 0 0.58620689655172431
250 0.75 0 0.62068965517241392
251 0.75 0 0.65517241379310365
252 0.75 0 0.68965517241379326
253 0.75 0 0.72413793103448287
254 0.75 0 0.7586206896551726
255 0.75 0 0.79310344827586221
256 0.75 0 0.82758620689655171
257 0.75 0 0.86206896551724155
258 0.75 0 0.89655172413793116
259 0.75 0 0.93103448275862066
260 0.75 0 0.96551724137931039
261 0.3055555555555553 8.2046407952365387e-17 1
262 0.36111111111111088 8.2046407952365387e-17 1
263 0.41666666666666635 8.2046407952365387e-17 1
264 0.47222222222222188 8.2046407952365387e-17 1
265 0.52777777777777746 0 1
266 0.58333333333333293 0 1
267 0.6388888888888884 0 1
268 0.69444444444444398 0 1
269 0.7777777777777779 0.05555555555555549 1
270 0.80555555555555558 0.11111111111111098 1
271 0.83333333333333326 0.16666666666666646 1
272 0.86111111111111105 0.22222222222222196 1
273 0.88888888888888884 0.27777777777777751 1
274 0.91666666666666652 0.33333333333333293 1
275 0.94444444444444431 0.38888888888888845 1
276 0.97222222222222199 0.44444444444444392 1
277 0.1668810960762471 0.27127183013768347 0
278 0.83474133983284649 0.72013915968596554 0
279 0.16012181204970788 0.71799077601974381 0
280 0.8339454802434747 0.27241041786377285 0
281 0.49961732766466582 0.054125403870769799 0
282 0.49926936135201599 0.94408653755513994 0
283 0.084721458816084907 0.55586382378473198 0
284 0.91791838282741312 0.44129037398962151 0
285 0.74975486820221893 0.88831553922137529 0
286 0.3323593628516926 0.94243310547954806 0
287 0.66544625659617562 0.049623131574780398 0
288 0.24647044239856344 0.11620451249779631 0
289 0.21709800715406136 0.82988203258535465 0
290 0.89157554283388474 0.60813242458300587 0
291 0.61072245497141864 0.9442131288250698 0
292 0.3883808420738955 0.053955092268932456 0
293 0.11072749854418135 0.3837341424227742 0
294 0.77826230491125514 0.16244040045767677 0
295 0.72193518636703657 0.94418476579615485 0
296 0.69345399156558496 0.88726156012977531 0
297 0.72190421148244033 0.83095080432756063 0
298 0.66477323132624211 0.82971242009939261 0
299 0.69406632260182366 0.77293118285716411 0
300 0.63657480641667663 0.77209141209711829 0
301 0.66592933931657483 0.71502026067282176 0
302 0.60841021128894202 0.71422246197213679 0
303 0.63776880152536575 0.65711075364614535 0
304 0.58024807102927689 0.65631190554405172 0
305 0.60960702375484088 0.59919195870239139 0
306 0.55208618607840598 0.59839374481838925 0
307 0.58144518278884305 0.5412722991007165 0
308 0.52392433624151569 0.54047417401466025 0
309 0.55328333914793781 0.4833524499289083 0
310 0.49576249182170623 0.48255433659298763 0
311 0.49456533218297216 0.59759596485160704 0
312 0.52512149583333301 0.42543255449108092 0
313 0.46760064837054471 0.42463444702915193 0
314 0.63896602934563229 0.54207040750810309 0
315 0.49695965254644009 0.3675126560788865 0
316 0.43943880508615218 0.36671454827955324 0
317 0.41007980086085183 0.42383634200740222 0
318 0.55448050002267524 0.36831076294933851 0
319 0.55088903614834661 0.71343585670123255 0
320 0.38191795761197528 0.36591644126059758 0
321 0.35255895338431736 0.42303823511848787 0
322 0.52631865677450906 0.31039086219628859 0
323 0.5838395042434944 0.31118896950698005 0
324 0.41127696183758855 0.30879464751733343 0
325 0.35375611436772658 0.30799654025552547 0
326 0.61200134748542434 0.36910887063552461 0
327 0.64136035171129635 0.31198707688864324 0
328 0.66952219495305232 0.36990697802880257 0
329 0.38072079662622371 0.48095813625731143 0
330 0.32319994915539463 0.48016002904691479 0
331 0.35136179239775184 0.53807993015847166 0
332 0.29384094492869556 0.53728182285097204 0
333 0.3220027881707192 0.59520172398080096 0
334 0.55567766100023119 0.25326906845752711 0
335 0.69529208689509014 0.65791038979869665 0
336 0.29503810591374163 0.42224012789635679 0
337 0.3831151185941114 0.25087474646921681 0
338 0.26448194070188757 0.59440361666099939 0
339 0.29264378394390828 0.65232351779098674 0
340 0.35016463141267962 0.65312162511408756 0
341 0.23632009745987856 0.53648371553037189 0
342 0.32080562718591454 0.71024341892176635 0
343 0.3783264746546835 0.71104152624499928 0
344 0.34897001380493264 0.76791891315505412 0
345 0.4064887417928631 0.76892069289259979 0
346 0.32559427112509709 0.25007663915975947 0
347 0.69888119917971425 0.31278518423331725 0
348 0.72704304242158346 0.37070508536729052 0
349 0.67071935593775633 0.25486528310485135 0
350 0.20696109323311465 0.59360550933798828 0
351 0.35495327535175181 0.19295484535833515 0
352 0.412474122820505 0.19375295268245904 0
353 0.60722663353730921 0.82895532826383866 0
354 0.69768403819376912 0.42782687924101265 0
355 0.75520488566329969 0.4286249865119256 0
356 0.72584588141861206 0.48574678037721791 0
357 0.78336672890234493 0.48654488764567022 0
358 0.75400772464089971 0.54366668150815889 0
359 0.29623526689829882 0.30719843296923238 0
360 0.43584739277281281 0.71183284448780781 0
361 0.46400931300986931 0.76975165841706916 0
362 0.43465025639547078 0.82687322671177454 0
363 0.49217429229470722 0.82739381324019501 0
364 0.27031992762332008 0.25081805211264696 0
365 0.81158870617426826 0.43016022158253509 0
366 0.18002706620805248 0.53488962232239634 0
367 0.2083628902540148 0.47843115008626591 0
368 0.40888263986752366 0.53887803747878382 0
369 0.49815681353149388 0.2524709611276118 0
370 0.52751581775819023 0.19534916733074828 0
371 0.58503666522697517 0.19614727465572918 0
372 0.26461570655994815 0.70858247971345201 0
373 0.55684493104945409 0.14109975571644018 0
374 0.81090774345390093 0.54403933733761867 0
375 0.78144555876373256 0.60109042504845556 0
376 0.72824020340642281 0.25566339043444702 0
377 0.69605669090240108 0.20312548695691748 0
378 0.75034726980632183 0.77438270340330118 0
379 0.61439566945379476 0.13902548085035668 0
380 0.15552582470657086 0.48098036781128717 0
381 0.18147308748678703 0.42163816188493286 0
382 0.23871441942935398 0.30640032565585773 0
383 0.14944024576434167 0.59280740201497117 0
384 0.49935397451625646 0.13742926620380891 0
385 0.5816076921137302 0.092791853101537383 0
386 0.38431227957839686 0.13583305155745501 0
387 0.32847418176247706 0.14111528007436269 0
388 0.46281200438072262 0.88480122963621044 0
389 0.40903463959397812 0.88422779836313836 0
390 0.18290860280254154 0.65510353545659017 0
391 0.72283719627947374 0.71565402358837071 0
392 0.57905463338912599 0.77129147315057212 0
393 0.54969936939983866 0.82808237769876569 0
394 0.57982529136392091 0.88593859174687395 0
395 0.75218879796035454 0.65831984378584885 0
396 0.72456712391513922 0.60073474813558903 0
397 0.80769412848703137 0.66040691799900186 0
398 0.49336827440258646 0.71263534238706938 0
399 0.52153248644074568 0.77043175359915073 0
400 0.61080418650663271 0.48415056014077845 0
401 0.66711465707351369 0.5999811387060644 0
402 0.52272720436529918 0.65551510901057986 0
403 0.46520636095235063 0.65471615530088156 0
404 0.72201882054380695 0.05489505896616708 0
405 0.69296400682388681 0.10178297620079324 0
406 0.27777777777777785 0.94444444444444442 0
407 0.30221302273466921 0.88400301041829865 0
408 0.27605328871861984 0.054254484179271083 0
409 0.46640348788598418 0.53967611587694442 0
410 0.66832503386591569 0.4849486622614233 0
411 0.58264234328697284 0.42623066166693302 0
412 0.44183312704716721 0.13663115888061825 0
413 0.64016319071830585 0.42702876957485664 0
414 0.46999497028933923 0.19455106000723427 0
415 0.46879780930643433 0.30959275483630544 0
416 0.43824164423880574 0.48175623587376354 0
417 0.26687626267145631 0.3643202267812114 0
418 0.21067804037374455 0.36442774082459234 0
419 0.6398500963902044 0.19916304599037365 0
420 0.23769971335949755 0.42154935815636985 0
421 0.43704448923494837 0.59679763954230025 0
422 0.40768549744448301 0.6539182703329488 0
423 0.44063596606272237 0.25167285380183285 0
424 0.37952363975468428 0.59599953776789882 0
425 0.84016881445375502 0.48777304446013725 0
426 0.86485321570584506 0.54848789161849321 0
427 0.32439711014125266 0.36511833404690192 0
428 0.26574361684520381 0.47935770059454191 0
429 0.29302812530472183 0.76603655509877833 0
430 0.24100708144113447 0.76826420989280719 0
431 0.75640204664835065 0.31358329156485393 0
432 0.37900577771195343 0.82501734537275351 0
433 0.61274727241832627 0.25443678643401751 0
434 0.23756010342443382 0.65124814532071362 0
435 0.30046012755956159 0.1950528009916217 0
436 0.24659217602031355 0.19178111214723839 0
437 0.78267178650765801 0.37272983196497006 0
438 0.83724743966012116 0.37878312218114735 0
439 0.69647107504328543 0.54285806974942608 0
440 0.053802557786589419 0.49872847669413523 0
441 0.94547742958264591 0.49874015601013788 0
442 0.75093955209970997 0.10721680499731402 0
443 0.33096316255120711 0.050759344904495116 0
444 0.77777777777777801 0.83333333333333282 0
445 0.2473305627761862 0.88512526028360616 0
446 0.66605305165691409 0.94381007165433983 0
447 0.44399383106208568 0.052985342610390902 0
448 0.80459897793906587 0.21554610978548217 0
449 0.080664445106929966 0.43960031467767302 0
450 0.13901508056552309 0.32572054594492195 0
451 0.55412007371077399 0.9435325528467553 0
452 0.38766016266064296 0.94323856476870416 0
453 0.442828661299001 0.94379731424487889 0
454 0.32478535501691397 0.82340155560047956 0
455 0.63654955438750938 0.88637136355575985 0
456 0.52034706703869948 0.8838929848070104 0
457 0.8059812772821302 0.775655991163272 0
458 0.77896500160802629 0.71742643993762667 0
459 0.19195863194850835 0.2112175786426754 0
460 0.86258866832980496 0.66289989540264205 0
461 0.83635499064536045 0.60293495797747565 0
462 0.91871277169669496 0.55406448904736305 0
463 0.89154004626382188 0.38410907945271439 0
464 0.86413344459817987 0.43528777414095304 0
465 0.13378391890192254 0.53132076157380426 0
466 0.35584305342830835 0.88372023000048705 0
467 0.10102132589141455 0.61953418110231406 0
468 0.13153225206226979 0.66491158906241921 0
469 0.21225609337944956 0.71395239741301553 0
470 0.89187734314408884 0.49427395487778436 0
471 0.18933975826331814 0.77353342117033874 0
472 0.27071537142918412 0.82411019072474045 0
473 0.86569217952707433 0.32781080200079993 0
474 0.55533014585504326 0.047292741262382768 0
475 0.80494750572475127 0.32112620051930651 0
476 0.77487109999811266 0.26352138756018412 0
477 0.74607053803710865 0.20601556394237072 0
478 0.63461233438894171 0.092478460904252255 0
479 0.66180979946990393 0.14803416225292945 0
480 0.72101714870737765 0.15476923246800034 0
481 0.52764784397657827 0.095729691338754475 0
482 0.61022444260033071 0.044821429404335096 0
483 0.47100709869296564 0.097290149799284645 0
484 0.22113861506619981 0.25777947666271178 0
485 0.10347255795959967 0.49069027361998696 0
486 0.41347329596971433 0.097736983159209867 0
487 0.28414702130859221 0.14847299743554745 0
488 0.13590695509466585 0.43021383814393332 0
489 0.20869136404873145 0.15764609455100675 0
490 0.16527219227754431 0.3728918855798512 0
491 0.19429133866485418 0.31577131058219543 0
492 0.35646854292731084 0.097454925090697683 0
493 0.30376277327779511 0.10137692403036172 0
494 0.8742221074065023 0.75155578518699528 0.97685613944861482
495 0.8725794584243266 0.75484108315134668 0.033434358321472582
496 0.97481600963831183 0.55036798072337634 0.81007404969913355
497 0.97561700996203171 0.54876598007593647 0.63793103448275879
498 0.97242154060840025 0.55515691878319928 0.49606992270026962
499 0.97365010887361791 0.55269978225276395 0.39088296174430998
500 0.97486525957908132 0.55026948084183758 0.18675059122581766
501 0.97561700996203171 0.54876598007593658 0.29310344827586227
502 0.77441526904253355 0.9511694619149329 0.70627647005497163
503 0.77400339577475397 0.95199320845049218 0.56735666093135118
504 0.77341830543311885 0.95316338913376231 0.35897200912601873
505 0.77370570794703897 0.95258858410592206 0.46316429423426453
506 0.77305177078447773 0.95389645843104443 0.22004909421647367
507 0.77452520530963342 0.95094958938073315 0.81046100911901719
508 0.77482794988623127 0.95034410022753746 0.12103776043647849
509 0.97447356846512312 0.55105286306975376 0.7400713417563064
510 0.97500354225042085 0.5499929154991583 0.57139454548856294
511 0.77438299003796829 0.95123401992406342 0.87931034482758652
512 0.77323260747256839 0.95353478505486311 0.28951053246096931
513 0.77420723198601493 0.95158553602797014 0.63681828270473451
514 0.97494113804181626 0.55011772391636748 0.87953504641848146
515 0.97561700996203171 0.54876598007593658 0.1206896551724139
516 0.82018445271583318 0.85963109456833364 0.033413643525750748
517 0.93110948582502817 0.63778102834994355 0.030118292664139235
518 0.81772343094545397 0.86455313810909218 0.9701801486234054
519 0.93219899181194199 0.63560201637611602 0.96998908561848474
520 0.77273280146320256 0.95453439707359478 0.94863346640104673
521 0.77174004623833525 0.95651990752332949 0.05012899003338727
522 0.97721703120519887 0.54556593758960192 0.94849693833720017
523 0.97659967100245837 0.54680065799508304 0.049546577903549112
524 0.77454890785491115 0.9509021842901777 0.77576525102150884
525 0.79927492754977636 0.9014501449004475 0.79304349326248724
526 0.79928564487179243 0.90142871025641524 0.75803465489029431
527 0.82412612803141172 0.85174774393717645 0.77531476822272749
528 0.82422666499069264 0.8515466700186145 0.81050835538108701
529 0.84909662744536163 0.80180674510927663 0.79271490235870612
530 0.84891540261349041 0.8021691947730194 0.75748988075266976
531 0.84927889641107202 0.80144220717785608 0.8279383381633556
532 0.87391654707754385 0.75216690584491241 0.77490384699805126
533 0.87372985226990407 0.75254029546019163 0.7396778051064643
534 0.84872338468916686 0.80255323062166628 0.72226475738387785
535 0.87354158645906044 0.75291682708187913 0.70445195523111714
536 0.84853872437753186 0.80292255124493617 0.6870383704015125
537 0.87335460899940154 0.75329078200119692 0.66922582805044195
538 0.84835201802634741 0.80329596394730518 0.65181202477043454
539 0.87316685934527771 0.75366628130944457 0.6339998627074358
540 0.89835689194017132 0.70328621611965714 0.68663975015082912
541 0.84816445905440052 0.80367108189119907 0.61658598790145558
542 0.87297916010142573 0.75404167979714853 0.59877387294488571
543 0.84797676638480568 0.80404646723038864 0.58135999842272212
544 0.87279143458933262 0.75441713082133477 0.56354789578824249
545 0.84778904705271119 0.80442190589457763 0.54613401894734115
546 0.87260371119604574 0.75479257760790863 0.52832191783648641
547 0.84760132363001706 0.80479735273996589 0.51090804100666587
548 0.87241598670900755 0.75516802658198479 0.49309594029516363
549 0.84741359934325855 0.80517280131348301 0.47568206339019603
550 0.87222826229063655 0.75554347541872668 0.45786996272807617
551 0.84722587492393386 0.80554825015213216 0.44045608582346635
552 0.87204053783681923 0.75591892432636132 0.42264398517428842
553 0.8970429251977734 0.70591414960445331 0.44005786208105502
554 0.89685520074503788 0.70628959850992423 0.40483188452686147
555 0.87185281338500598 0.75629437322998794 0.38741800761974887
556 0.89666747629254961 0.70666504741490066 0.36960590697257534
557 0.87166508893248607 0.75666982213502787 0.35219203006547461
558 0.89647975183983908 0.70704049632032195 0.33437992941837252
559 0.87147736447981117 0.75704527104037733 0.31696605251125837
560 0.89629202738714076 0.70741594522571871 0.29915395186416521
561 0.87128964002711273 0.75742071994577453 0.28174007495705111
562 0.89610430293443599 0.70779139413112802 0.26392797430996007
563 0.87110191557440908 0.75779616885118162 0.24651409740284558
564 0.89591657848173156 0.70816684303653687 0.22870199675575492
565 0.87091419112170487 0.75817161775659048 0.21128811984864043
566 0.89572885402902702 0.70854229194194596 0.1934760192015498
567 0.87072646666900022 0.75854706666199945 0.17606214229443529
568 0.89554112957632237 0.70891774084735526 0.15825004164734469
569 0.87053874221629557 0.75892251556740864 0.14083616474023022
570 0.89535340512361783 0.70929318975276445 0.1230240640931396
571 0.8974945485791187 0.70501090284176249 0.54590266773606222
572 0.84572407930897342 0.80855184138205305 0.15864826538732085
573 0.84553635485626888 0.80892729028746224 0.12342228783311576
574 0.89639523888214245 0.70720952223571509 0.61847193191885519
575 0.89873219343615984 0.7025356131276802 0.75709170522760216
576 0.89891974914525519 0.70216050170948952 0.79231792145530355
577 0.84628725266708704 0.80742549466582569 0.26432619804993618
578 0.84666270157248902 0.80667459685502207 0.33477815315834886
579 0.92091896584175825 0.65816206831648327 0.24611587366286949
580 0.92148213919987088 0.65703572160025836 0.35179380632548513
581 0.82278666068835138 0.85442667862329724 0.52872014166665648
582 0.92392414320695604 0.65215171358608781 0.77450412441936367
583 0.92395398852138955 0.65209202295722091 0.80973137044750032
584 0.8991129257055942 0.7017741485888116 0.82754400853208165
585 0.92411628724318151 0.65176742551363709 0.84495757784050496
586 0.89929620901724971 0.70140758196550046 0.86276968446526592
587 0.92429901263245184 0.65140197473509631 0.88018354361691498
588 0.89948350573592506 0.70103298852814977 0.89799560859719396
589 0.87448105321299519 0.7510378935740093 0.88058181667288049
590 0.9237680692871918 0.65246386142561641 0.73927785271642787
591 0.82447350632809702 0.85105298734380586 0.84575140571107454
592 0.9218575881052139 0.65628482378957198 0.42224576143391984
593 0.92204531255794364 0.65590937488411283 0.45747173898811561
594 0.92035579248364452 0.65928841503271085 0.14043794100025409
595 0.92016806803093998 0.65966386393812004 0.10521196344604897
596 0.82372051324475648 0.85255897351048704 0.66962267339687365
597 0.82342408667673428 0.85315182664653155 0.59917000524191211
598 0.89479135625263495 0.71041728749472988 0.088604254459720699
599 0.9478216501035156 0.60435669979296869 0.44054461465621025
600 0.82138056145377791 0.85723887709244417 0.14122912165936968
601 0.82130264858521185 0.85739470282957619 0.10600226630169185
602 0.82101922798578986 0.85796154402842018 0.17645948823093868
603 0.84547674391839256 0.80904651216321499 0.088195286174859056
604 0.82278226953090072 0.85443546093819855 0.45826522033968525
605 0.82228533048740582 0.85542933902518825 0.4230417145595366
606 0.92395423163855628 0.65209153672288733 0.9142986638703573
607 0.87404432988290992 0.75191134023418005 0.91450312423072277
608 0.84956215486011866 0.80087569027976269 0.89817635005157948
609 0.8491904115077934 0.80161917698441332 0.93115439800964983
610 0.82530470839590164 0.84939058320819649 0.91450711550063546
611 0.79529722829303995 0.90940554341391999 0.15861102733950685
612 0.94726988791276701 0.6054602241744661 0.47566151693074049
613 0.92284131707259265 0.65431736585481481 0.49402077361594571
614 0.91890645861851827 0.66218708276296334 0.06480627949162851
615 0.94498273093826213 0.61003453812347586 0.087399862798958325
616 0.82094376225752808 0.85811247548494396 0.071351369436390158
617 0.84582810799181574 0.80834378401636853 0.05330020589812548
618 0.79698335551905719 0.90603328896188584 0.092850742725253815
619 0.79688520015232167 0.90622959969535644 0.19765525004478962
620 0.82183242962475223 0.85633514075049566 0.21224531622253587
621 0.9494870265245392 0.6010259469509216 0.79233358708537938
622 0.79801827132429592 0.90396345735140826 0.44286608903770786
623 0.7977630538520224 0.90447389229595543 0.40861500960704361
624 0.82260632003911471 0.85478735992177057 0.38831017212335805
625 0.94956864886439063 0.60086270227121852 0.89716753906058355
626 0.94728840623629229 0.60542318752741553 0.51157531694431602
627 0.94667225101260299 0.6066554979747939 0.40443366078680415
628 0.9741596274711114 0.55168074505777698 0.46174465543848758
629 0.97376374835966328 0.55247250328067321 0.53453765729673053
630 0.9458005992154439 0.60839880156911208 0.55565597667840183
631 0.95355043271103024 0.59289913457793941 0.59259569349055019
632 0.92721332698409087 0.64557334603181826 0.58374608637105752
633 0.93493492249696741 0.63013015500606484 0.61735230183881673
634 0.92124217624278426 0.65751564751443137 0.52958302295627024
635 0.79946227939574499 0.90107544120851013 0.82802623434645617
636 0.94833900463599885 0.60332199072800197 0.93718845902348569
637 0.8240482861434455 0.85190342771310912 0.74009897037719397
638 0.82387813559036771 0.85224372881926458 0.70484956416545608
639 0.79917309847943174 0.90165380304113629 0.68800032398596767
640 0.82475971781274948 0.85048056437450092 0.88066001793735993
641 0.79984909854551489 0.90030180290896999 0.89879190695449784
642 0.87410303729480121 0.75179392541039736 0.81012923983401541
643 0.8985813337998636 0.7028373324002728 0.72186545097213484
644 0.92340230997986605 0.65319538004026778 0.70405329224598867
645 0.92264659770928859 0.65470680458142283 0.66997383035828051
646 0.9486506189868833 0.6026987620262334 0.6868444225710133
647 0.94785319369433707 0.60429361261132586 0.6492740855757112
648 0.94849136042571114 0.60301727914857761 0.7215448127034424
649 0.97465762224079366 0.55068475551841245 0.70552576658551525
650 0.94940570475327291 0.60118859049345397 0.7570995726683134
651 0.94951714663134235 0.60096570673731509 0.82738260532296837
652 0.94967654056253592 0.60064691887492816 0.86234231641105819
653 0.89728513643718943 0.70542972712562124 0.65313171988171048
654 0.8236077178086787 0.85278456438264261 0.63439604160134144
655 0.79899931506253508 0.90200136987492974 0.61796327012869734
656 0.89999359516962396 0.70001280966075197 0.58221132582232538
657 0.89880902795070339 0.702381944098593 0.93075188050619151
658 0.82328003114396864 0.85343993771206261 0.56394367681686997
659 0.79841921581109587 0.90316156837780814 0.54792585951732398
660 0.79821120268064982 0.90357759463870047 0.51344756902572253
661 0.8494748011015022 0.80105039779699538 0.8630773916721407
662 0.89730473157503543 0.70539053684992914 0.5110346936791863
663 0.8231029916802588 0.8537940166394824 0.49384758762605557
664 0.87016329331088627 0.75967341337822736 0.070384209631819891
665 0.94650264620827296 0.60699470758345386 0.12331715973566475
666 0.94670116203459131 0.60659767593081726 0.16110287889863781
667 0.92129441474716633 0.65741117050566744 0.3165678287712802
668 0.9474282400131222 0.60514351997375559 0.33507728102127421
669 0.94821130011144261 0.60357739977711466 0.30206053615734296
670 0.92145706070395494 0.65708587859209022 0.28189265255593371
671 0.95183805316420367 0.59632389367159266 0.26650292462679259
672 0.94801842699451866 0.60396314601096246 0.230110821250888
673 0.97167785039947707 0.55664429920104597 0.24493607654838198
674 0.92111204109662681 0.65777591780674627 0.21119107081451585
675 0.94826346463463007 0.60347307073073986 0.19719667807780872
676 0.84694551884536251 0.80610896230927498 0.37008645417318714
677 0.92081327776219635 0.65837344447560742 0.17612985139662118
678 0.89731308923383157 0.70537382153233685 0.47559182856459031
679 0.84622207634278201 0.80755584731443597 0.22919338260138419
680 0.87030998261301595 0.75938003477396798 0.10574437782214753
681 0.84607307850883373 0.80785384298233243 0.19398278576420921
682 0.84647497711978903 0.80705004576042172 0.29955217560414205
683 0.82219030232820955 0.855619395343581 0.31736003967262177
684 0.82251723580288383 0.85496552839423245 0.35268183530244351
685 0.79825569475176561 0.90348861049646867 0.33781748110981907
686 0.84715939925294037 0.80568120149411915 0.40532606991226416
687 0.9216698636525763 0.65666027269484739 0.38701978387968983
688 0.82201308385356742 0.85597383229286517 0.24701633197336717
689 0.82221227898588067 0.85557544202823865 0.28215069116040559
690 0.79807663606707635 0.90384672786584741 0.2677822666002963
691 0.94703363203650182 0.60593273592699626 0.37010051272384542
692 0.97433534556222157 0.55132930887555687 0.35715695726874919
693 0.87429115379053568 0.75141769241892842 0.84534007988995652
694 0.79980223699345065 0.90039552601309869 0.86339089642988198
695 0.77438299003796818 0.95123401992406376 0.91379310344827569
696 0.97495989682025286 0.55008020635949439 0.77540138745921516
697 0.97367438909468351 0.5526512218106332 0.085254665156884596
698 0.97561700996203171 0.54876598007593647 0.15517241379310354
699 0.97561700996203127 0.54876598007593735 0.91379310344827569
700 0.77462766545177342 0.95074466909645305 0.74091217981473123
701 0.77438299003796762 0.95123401992406476 0.8448275862068958
702 0.97482513914566771 0.55034972170866447 0.84483153171090575
703 0.80143020727887604 0.89713958544224781 0.93754383334340075
704 0.84768009269962785 0.8046398146007443 0.96767334369608071
705 0.90160690029594914 0.6967861994081016 0.96842447952082189
706 0.90348049468866154 0.69303901062267703 0.030961341164447844
707 0.79931748926651347 0.90136502146697306 0.72291709055301334
708 0.77457223040593037 0.95085553918813914 0.67135400398594514
709 0.79921556976352282 0.90156886047295426 0.65279022168035727
710 0.77449026181052605 0.95101947637894779 0.60179673664799127
711 0.79876938437993561 0.90246123124012867 0.58302603488069082
712 0.77361599417594784 0.9527680116481041 0.53338740802445628
713 0.9744630741473409 0.55107385170531797 0.67073381590364911
714 0.77422596650200204 0.95154806699599592 0.49767696026864178
715 0.79138458892723096 0.91723082214553819 0.97235727415174911
716 0.79088097304800231 0.91823805390399538 0.027740063150114506
717 0.95833333333333348 0.58333333333333315 0.027396520796638044
718 0.95859363430774702 0.58281273138450573 0.97231579180306793
719 0.79834106827752438 0.90331786344495124 0.47821128675534624
720 0.77322408647202723 0.95355182705594543 0.42949390966129503
721 0.77404306108069132 0.95191387783861714 0.39342736540984052
722 0.79810061182659953 0.90379877634680095 0.37330397877975385
723 0.77412407720072418 0.95175184559855142 0.32356623606039425
724 0.94922466013378004 0.60155067973243992 0.056853884932857313
725 0.7980152661343709 0.9039694677312583 0.30303120784408433
726 0.77402582777523365 0.95194834444953258 0.2540089411779155
727 0.79764749137623825 0.90470501724752361 0.23312620003922965
728 0.97686223071912859 0.54627553856174271 0.60504246663777406
729 0.77268970558730854 0.95462058882538292 0.18513302170357668
730 0.76856297675331586 0.96287404649336816 0.15502532741315384
731 0.80195834874746363 0.89608330250507273 0.12394618369246015
732 0.77214232193032462 0.95571535613935066 0.084346527577291344
733 0.97371727291014143 0.55256545417971725 0.42661247635717553
734 0.89198421225900548 0.71603157548198881 0.057638088613817896
735 0.9742653159414697 0.5514693681170606 0.32376177275272205
736 0.84722222222222243 0.80555555555555514 0.023814063914668417
737 0.79547915195151342 0.90904169609697294 0.059971889408031297
738 0.9771595673827741 0.54568086523445181 0.21823520215214059
739 0.92148378563654021 0.65703242872691958 0.94397040362613649
740 0.91965365639995766 0.66069268720008467 0.63920067367463973
741 0.82826577016553049 0.84346845966893902 0.94421176783463445
742 0.95754608405229613 0.58490783189540763 0.62072421875812556
743 0.87193005873997753 0.75613988252004483 0.94451326510719613
744 0.91834884923821236 0.66330230152357528 0.55941981591282341
745 0.77013609907706015 0.9597278018458798 0.024790093117445334
746 0.77013609907705971 0.95972780184588047 0.97520990688255593
747 0.97986390092294062 0.54027219815411875 0.97520990688255593
748 0.9802718414655951 0.53945631706881003 0.024138041458430778
749 0.98009716785684065 0.5398056642863186 0.26729317430171157
750 0.91625467874170174 0.66749064251659673 0.60598240106024959
751 0.96004817224629624 0.57990365550740741 0.10437412295515232
752 0.50155578518699562 0.99999999999999989 0.97685613944861482
753 0.50484108182632259 0.99999999999999989 0.033434358340996138
754 0.30036798073678833 1 0.81007404971426988
755 0.30175720688972035 1 0.63525756948983014
756 0.70239237396387499 0.99999999999999989 0.49789507407970041
757 0.2996667976377953 1 0.39567452677064024
758 0.70389645743240503 0.99999999999999989 0.22004909411694876
759 0.70116828774369822 0.99999999999999989 0.70627620522954782
760 0.70335028659261023 0.99999999999999989 0.3242412659475255
761 0.70179030710913248 0.99999999999999989 0.60208746738641505
762 0.29989018525436445 1 0.53311710288733005
763 0.30026948039835938 1 0.18675059127097096
764 0.30083508793469271 1 0.29578221967538498
765 0.70094958938073315 0.99999999999999989 0.81046100911901764
766 0.70034409985121326 0.99999999999999989 0.12103776040272787
767 0.30105289297301369 1 0.7400713174245398
768 0.70278250821296273 0.99999999999999989 0.4284335232221968
769 0.3001177239339386 1 0.8795350464299494
770 0.29876598007593669 1 0.1206896551724139
771 0.70123401992406353 0.99999999999999989 0.87931034482758652
772 0.29876598007593663 1 0.4655172413793105
773 0.38778102797375325 1 0.030118292700350425
774 0.60963109334215027 0.99999999999999989 0.033413643263789476
775 0.61455313810909318 0.99999999999999989 0.9701801486234054
776 0.38560201637613828 1 0.96998908561848662
777 0.29556593758960126 1 0.94849693833719984
778 0.2968006579930752 1 0.049546577923799365
779 0.70453439707359578 0.99999999999999989 0.94863346640104629
780 0.7065199068820408 0.99999999999999989 0.050128989808303985
781 0.70090218429017725 0.99999999999999989 0.77576525102150906
782 0.65145014490044706 0.99999999999999989 0.79304349326248824
783 0.65142823198269173 0.99999999999999989 0.75803411972437174
784 0.60174766422488812 0.99999999999999989 0.77531467902840834
785 0.60154665673323293 0.99999999999999989 0.81050834051536824
786 0.5518067296096647 0.99999999999999989 0.79271488501536735
787 0.55216919477301862 0.99999999999999989 0.75748988075267121
788 0.55144220238035557 0.99999999999999989 0.82793833279518048
789 0.50216690326164337 0.99999999999999989 0.7749038441074958
790 0.50254029502964659 0.99999999999999989 0.73967780462470645
791 0.55255246463858732 0.99999999999999989 0.72226448245995678
792 0.50291669934627525 0.99999999999999989 0.70445190933017177
793 0.55292163643415126 0.99999999999999989 0.68703804214761799
794 0.50329078200119759 0.99999999999999989 0.66922582805044317
795 0.45328623182792671 1 0.68663972642828686
796 0.45366149350407597 1 0.65141373106607792
797 0.5036662369698095 0.99999999999999989 0.63399985110681123
798 0.45403691208976882 1 0.61618775064417097
799 0.50404168188059484 0.99999999999999989 0.59877387315992281
800 0.4544123551534176 1 0.58096177254510328
801 0.504417129022529 0.99999999999999989 0.56354789544894901
802 0.4547878026671846 1 0.54573579487346002
803 0.50479257709414316 0.99999999999999989 0.52832191784780447
804 0.45516325107743183 1 0.51050981729136169
805 0.50516802565396157 0.99999999999999989 0.49309594028063114
806 0.4555386997186176 1 0.47528383972985028
807 0.50554347434095037 0.99999999999999989 0.45786996272140007
808 0.45591414841726807 1 0.44005786217299586
809 0.50591892305084873 0.99999999999999989 0.4226439851648276
810 0.45628959713375516 1 0.40483188461755665
811 0.50629437175901248 0.99999999999999989 0.3874180076115965
812 0.45666504585070539 1 0.36960590706281216
813 0.50666982047835207 0.99999999999999989 0.35219203005664063
814 0.45704049456959522 1 0.33437992950789591
815 0.50704526919756565 0.99999999999999989 0.31696605250169585
816 0.4574159432887876 1 0.29915395195295308
817 0.50742071791680832 0.99999999999999989 0.28174007494674846
818 0.45779139200803398 1 0.26392797439800542
819 0.50779616663606508 0.99999999999999989 0.24651409739180002
820 0.45816684072729358 1 0.22870199684305659
821 0.50817161535532618 0.99999999999999989 0.21128811983685111
822 0.45854228944655645 1 0.19347601928810751
823 0.50854706407458894 0.99999999999999989 0.17606214228190201
824 0.45891773816581932 1 0.1582500417331584
825 0.50892251279385192 0.99999999999999989 0.14083616472695293
826 0.5544219031432106 0.99999999999999989 0.54613401842696252
827 0.55629914638624978 0.99999999999999989 0.37000413060451987
828 0.45929318688508231 1 0.12302406417820928
829 0.55742549254483453 0.99999999999999989 0.26432619794054363
830 0.55855183870262148 0.99999999999999989 0.15864826527569659
831 0.55892728742188447 0.99999999999999989 0.12342228772074748
832 0.45253561262537728 1 0.75709170466555098
833 0.45216050119522699 1 0.79231792087986996
834 0.55517280028877547 0.99999999999999989 0.47568206327413304
835 0.55367100676579428 0.99999999999999989 0.61658597371308899
836 0.40816206609926153 1 0.24611587384926206
837 0.4087514423613709 1 0.35180066401626542
838 0.40440758038724345 1 0.59837564954087541
839 0.40215172548695788 1 0.77450411941508523
840 0.40209202486840051 1 0.80973136953268521
841 0.45177414882163164 1 0.82754400828370811
842 0.40176742590195352 1 0.84495757767324486
843 0.45140758200322678 1 0.86276968444002233
844 0.40140197482367362 1 0.88018354359629924
845 0.45103298854922741 1 0.89799560858955207
846 0.50103789358380879 0.99999999999999989 0.88058181666740032
847 0.40246389261439186 1 0.73927782826694921
848 0.60105298734380408 0.99999999999999989 0.84575140571107643
849 0.40365672511651934 1 0.66882760867099689
850 0.40553392508615621 1 0.49269771673571688
851 0.40628482250433551 1 0.42224576162400745
852 0.40928841225704971 1 0.14043794118441477
853 0.40966386097631274 1 0.10521196362946564
854 0.46041728449898861 1 0.08860425460052547
855 0.60723887457767245 0.99999999999999989 0.14122912145229174
856 0.60739470017143848 0.99999999999999989 0.10600226609447606
857 0.6079615414858941 0.99999999999999989 0.17645948802157368
858 0.55904650916140097 0.99999999999999989 0.088195286062454054
859 0.60235640074033348 0.99999999999999989 0.70484617444675168
860 0.60289296542093496 0.99999999999999989 0.66962342855117718
861 0.40209153674121223 1 0.91429866386565062
862 0.50191134023935347 0.99999999999999989 0.91450312422853686
863 0.55087569028225558 0.99999999999999989 0.89817635005030239
864 0.55161917698569063 0.99999999999999989 0.93115439800907307
865 0.59939058320882455 0.99999999999999989 0.9145071155003256
866 0.6594055409878804 0.99999999999999989 0.1586110270719803
867 0.41218708100679585 1 0.064806279661079019
868 0.36003453506754313 1 0.087399863080721923
869 0.60811247292239434 0.99999999999999989 0.071351369043642116
870 0.55834378175061739 0.99999999999999989 0.053300205756127789
871 0.65603328680864526 0.99999999999999989 0.092850742366025557
872 0.65622959789931101 0.99999999999999989 0.19765524986571043
873 0.60633513867555267 0.99999999999999989 0.21224531603807334
874 0.35102596133887526 1 0.79233358130182463
875 0.35086270230953459 1 0.89716753906974223
876 0.65107543899427955 0.99999999999999989 0.82802623186883695
877 0.65209480169051648 0.99999999999999989 0.68800077471021936
878 0.65231937512432114 0.99999999999999989 0.65322343118092918
879 0.35332199073611592 1 0.93718845902412373
880 0.60048056437501851 0.99999999999999989 0.88066001793709558
881 0.65030180290896822 0.99999999999999989 0.89879190695449596
882 0.60186979080572955 0.99999999999999989 0.74009736794142944
883 0.50179392155009428 0.99999999999999989 0.81012923542970317
884 0.4032076256401862 1 0.70405330184698112
885 0.35252581663978177 1 0.68665335397697791
886 0.35402735555948622 1 0.65101550397385954
887 0.35301035368867717 1 0.72153647558828926
888 0.3006547777394995 1 0.70549252369682314
889 0.35118779712836456 1 0.7570985648092794
890 0.45282505951396734 1 0.72186537919377425
891 0.60274646221470207 0.99999999999999989 0.6345650605054397
892 0.3509657095383637 1 0.82738260419268739
893 0.55319818163443157 0.99999999999999989 0.65183969734576297
894 0.60313663323439459 0.99999999999999989 0.59919814171815078
895 0.35064691943056653 1 0.86234231619480306
896 0.40403214087666262 1 0.63360162797652508
897 0.35396266917999603 1 0.61613188761375703
898 0.35324135973400739 1 0.58123232736159292
899 0.3008881561545933 1 0.60099001570221
900 0.45238194410604493 1 0.93075188050377144
901 0.55395659736193692 0.99999999999999989 0.5813643369579492
902 0.60394639543758799 0.99999999999999989 0.56395118325688587
903 0.60373757243006121 0.99999999999999989 0.52871830096131578
904 0.65326623535806716 0.99999999999999989 0.54819435617769097
905 0.65274225073738623 0.99999999999999989 0.58322835789825722
906 0.55105039699954761 0.99999999999999989 0.86307739077627532
907 0.40515847643529612 1 0.52792369429647579
908 0.35340114462086197 1 0.5123269502331802
909 0.35447848151820105 1 0.4764468057299252
910 0.55468250082270876 0.99999999999999989 0.51090773410622514
911 0.60399650053059095 0.99999999999999989 0.49349112151376112
912 0.60423297498264805 0.99999999999999989 0.45826444043031844
913 0.65272469647965747 0.99999999999999989 0.47788215195898665
914 0.55539081565916337 0.99999999999999989 0.44045546140890546
915 0.60455902239064441 0.99999999999999989 0.42303824157452935
916 0.40567168751991567 1 0.45773193743711804
917 0.35482955136462707 1 0.44131372521379869
918 0.35593120587127131 1 0.40529675620510813
919 0.35699470510066583 1 0.12331715998184385
920 0.35659767387966596 1 0.16110287909199464
921 0.55705004382557644 0.99999999999999989 0.29955217549549223
922 0.60705481845360398 0.99999999999999989 0.28213829848928712
923 0.6056782700135952 0.99999999999999989 0.31736027478889201
924 0.65506078787394018 0.99999999999999989 0.30278667967426059
925 0.65568959200141252 0.99999999999999989 0.26883863520324969
926 0.40853751481852379 1 0.21088989629431307
927 0.35593537741563835 1 0.22961529245627102
928 0.34694916790672387 1 0.26652216505420812
929 0.3071638002316035 1 0.2448408189637567
930 0.40591859678591807 1 0.28184058710400101
931 0.3582317744313378 1 0.30346767791790835
932 0.32057589674842402 1 0.32607041573634704
933 0.3539287079470963 1 0.19706389425653387
934 0.40891296353778661 1 0.17566391873936391
935 0.40917649666475708 1 0.3174442769128954
936 0.55807372961272739 0.99999999999999989 0.19390814072033327
937 0.50938003183226432 0.99999999999999989 0.10574437781765733
938 0.50967341023237778 0.99999999999999989 0.07038420961705473
939 0.55650774515273616 0.99999999999999989 0.33477748617440434
940 0.60510816301475778 0.99999999999999989 0.35258547432152088
941 0.60578634619788174 0.99999999999999989 0.24768650704122094
942 0.55726474817039806 0.99999999999999989 0.22932806316147036
943 0.40666027122221154 1 0.38701978406905924
944 0.35145618361978348 1 0.36588528836231188
945 0.2919023740623638 1 0.35655906146672234
946 0.40452687934915288 1 0.56326113498531705
947 0.35297078936192405 1 0.54679680224933147
948 0.60556351242541684 0.99999999999999989 0.38781477341297227
949 0.65475666042879255 0.99999999999999989 0.37330027302052188
950 0.55567096527855586 0.99999999999999989 0.40522909996289186
951 0.65396577576289516 0.99999999999999989 0.4083289019990497
952 0.5014176908897775 0.99999999999999989 0.84534007806538147
953 0.65039552591705685 0.99999999999999989 0.86339089632237997
954 0.29876598007593619 1 0.91379310344827569
955 0.30265122150101298 1 0.085254665213056344
956 0.2987659800759368 1 0.15517241379310354
957 0.2987659800759363 1 0.43103448275862066
958 0.29876598007593558 1 0.50000000000000044
959 0.70123401992406253 0.99999999999999989 0.91379310344827569
960 0.30008011718562971 1 0.77540126389264152
961 0.70074391541523751 0.99999999999999989 0.74091151131691679
962 0.30034972227327622 1 0.84483153149091694
963 0.70123401992406542 0.99999999999999989 0.8448275862068958
964 0.6471395854423373 0.99999999999999989 0.93754383334335611
965 0.55463981460087497 0.99999999999999989 0.9676733436960222
966 0.44678619940865666 1 0.9684244795206467
967 0.44303900956453829 1 0.030961341272388063
968 0.65142582389498405 0.99999999999999989 0.72291545765912335
969 0.70194023500444058 0.99999999999999989 0.67215724992983639
970 0.70111233429315778 0.99999999999999989 0.63671728317861986
971 0.65230789378551579 0.99999999999999989 0.61816995697796873
972 0.70247569163142398 0.99999999999999989 0.56802871618394313
973 0.70142265913321267 0.99999999999999989 0.53239563690123271
974 0.30149419280474804 1 0.67054108955739788
975 0.65292333964924409 0.99999999999999989 0.5130961069321146
976 0.33333333333333393 1 0.027396520796638197
977 0.66723082214554441 0.99999999999999989 0.97235727415174589
978 0.33281273138500056 1 0.9723157918031069
979 0.6682380534195741 0.99999999999999989 0.027740062931359208
980 0.70136999237108311 0.99999999999999989 0.46268001810760856
981 0.65327249503331519 0.99999999999999989 0.4431045462154482
982 0.70376796926365093 0.99999999999999989 0.39487610118641753
983 0.70202950226728122 0.99999999999999989 0.3586179900416438
984 0.30116508175081491 1 0.5666778804472038
985 0.65433061169849627 0.99999999999999989 0.33814865963239404
986 0.35155067907424503 1 0.056853885034696634
987 0.70451997347919326 0.99999999999999989 0.29096933843976219
988 0.70241968619346717 0.99999999999999989 0.25442813687681382
989 0.6550594697333384 0.99999999999999989 0.23348382319033614
990 0.70462058771802649 0.99999999999999989 0.18513302161255493
991 0.71287404571142399 0.99999999999999989 0.15502532733469404
992 0.6460833004793699 0.99999999999999989 0.1239461834775003
993 0.70571535487626857 0.99999999999999989 0.084346527409896663
994 0.46603157342580459 1 0.057638088698408689
995 0.5555555555555558 0.99999999999999989 0.023814063757498689
996 0.36963835876513473 1 0.33293366458914558
997 0.65904169470851226 0.99999999999999989 0.059971889137169491
998 0.29680453526362105 1 0.21814101927635066
999 0.40703242872705458 1 0.94397040362614892
1000 0.59346845966936412 0.99999999999999989 0.94421176783443661
1001 0.50613988252067688 0.99999999999999989 0.94451326510696099
1002 0.28945631706870595 1 0.024138041459485157
1003 0.29027219815411931 1 0.97520990688255582
1004 0.70972780184588113 0.99999999999999989 0.97520990688255593
1005 0.70972780184588036 0.99999999999999989 0.024790093117445209
1006 0.28961521820305158 1 0.26832653927718669
1007 0.28048257414122063 1 0.32735989890971312
1008 0.32990365412648914 1 0.1043741231586474
1009 0.12422210740650343 0.74844421481300671 0.97685613944861449
1010 0.12257945908683382 0.74515891817366742 0.033434358340994876
1011 0.22481600963831258 0.94963201927662488 0.81007404969913144
1012 0.22412139655694907 0.94824279311389781 0.63525756949511802
1013 0.023803813094614625 0.5476076261892292 0.49789507410685319
1014 0.22205624867555279 0.94411249735110536 0.39149144276640768
1015 0.22486525980081867 0.94973051960163712 0.18675059127097018
1016 0.22561700996203179 0.95123401992406342 0.29310344827586227
1017 0.024415856128150323 0.54883171225630067 0.70627620522954726
1018 0.0241048467257459 0.54820969345149184 0.60208746738250396
1019 0.22461811973149803 0.94923623946299585 0.53285715430185265
1020 0.023418305771733542 0.54683661154346697 0.35897200902673576
1021 0.023141574334753157 0.54628314866950622 0.25477980838031955
1022 0.024525205309633265 0.54905041061926652 0.81046100911901719
1023 0.022875918984060419 0.54575183796812088 0.15058769520557294
1024 0.22447355351349244 0.94894710702698448 0.74007131742453813
1025 0.024382990037968143 0.54876598007593635 0.87931034482758652
1026 0.023608745898842189 0.54721749179768442 0.42843352322774125
1027 0.22494113804181801 0.94988227608363573 0.87953504641847979
1028 0.22561700996203179 0.95123401992406342 0.1206896551724139
1029 0.22486445480368616 0.94972890960737211 0.46806502140207401
1030 0.024781417837979304 0.54956283567595854 0.086381655437712312
1031 0.067723430945455687 0.63544686189091126 0.97018014862340674
1032 0.18110948601312227 0.86221897202624442 0.030118292700349727
1033 0.18219899181194385 0.86439798362388753 0.96998908561848363
1034 0.069665771141232402 0.6393315422824648 0.030999201247370781
1035 0.02273280146320282 0.54546560292640567 0.94863346640104707
1036 0.2272170312051999 0.95443406241039952 0.9484969383371995
1037 0.22659967100346268 0.95319934200692502 0.049546577923798948
1038 0.024548907854911022 0.54909781570982197 0.77576525102150884
1039 0.049274927549776068 0.59854985509955227 0.79304349326248724
1040 0.049285884008653372 0.5985717680173066 0.75803411972437029
1041 0.074126167887555147 0.64825233577511021 0.77531467902840645
1042 0.074226671633383312 0.64845334326676662 0.81050834051536669
1043 0.09909663519516726 0.69819327039033441 0.79271488501536547
1044 0.098915402613490078 0.69783080522698004 0.75748988075266921
1045 0.099278898809822783 0.69855779761964554 0.82793833279517881
1046 0.12391654836917787 0.74783309673835552 0.77490384410749336
1047 0.12372985248517565 0.7474597049703513 0.73967780462470389
1048 0.098723767680704816 0.69744753536140958 0.72226448245995467
1049 0.12354165032686076 0.74708330065372131 0.7044519093301691
1050 0.098539181782922466 0.69707836356584485 0.68703804214761577
1051 0.12335460899939896 0.74670921799879786 0.66922582805044073
1052 0.14835688408603467 0.79671376817206907 0.68663972642828408
1053 0.14816925324773053 0.79633850649546079 0.65141373106610501
1054 0.12316688151505445 0.74633376303010868 0.63399985110681389
1055 0.14798154395483912 0.79596308790967807 0.61618775064420384
1056 0.12297915915156381 0.74595831830312753 0.59877387315920028
1057 0.14779382244069772 0.79558764488139522 0.58096177254483317
1058 0.12279143559886052 0.74558287119772082 0.56354789544805528
1059 0.14760609868977262 0.79521219737954507 0.54573579487304302
1060 0.12260371147517368 0.74520742295034725 0.52832191784758442
1061 0.14741837446885028 0.7948367489377004 0.51050981729118561
1062 0.12241598717798424 0.74483197435596837 0.49309594028056364
1063 0.14693714160387272 0.79387428320774522 0.47528618595483468
1064 0.12217934474453529 0.74435868948907025 0.45787035376003554
1065 0.1466923461477137 0.7933846922954273 0.44006066460872212
1066 0.12197395552317929 0.74394791104635849 0.42264451741229592
1067 0.14678567433394321 0.79357134866788637 0.4048324403980868
1068 0.12183012911090366 0.74366025822180715 0.38741818894926738
1069 0.14665210838984763 0.79330421677969509 0.36960602991584346
1070 0.12165874747842061 0.74331749495684107 0.3521920807550894
1071 0.14647613422066327 0.79295226844132638 0.3343799584331405
1072 0.12147570527172136 0.7429514105434426 0.31696606577230974
1073 0.14629114858492806 0.79258229716985595 0.29915395898559394
1074 0.12128921772489434 0.74257843544978863 0.28174007833062276
1075 0.14610408681474638 0.79220817362949258 0.26392797613408897
1076 0.121101809932305 0.74220361986460992 0.24651409824512471
1077 0.14591652564786323 0.79183305129572623 0.22870199727462237
1078 0.12091416553263819 0.74182833106527635 0.21128812005099795
1079 0.14572884181368359 0.7914576836273669 0.19347601939572415
1080 0.12072646125390904 0.74145292250781802 0.17606214233552772
1081 0.1455411275551107 0.79108225511022134 0.15825004176002999
1082 0.12053874192460398 0.74107748384920791 0.14083616474036764
1083 0.097789048537348724 0.69557809707469731 0.54613401839313713
1084 0.14535340571737634 0.79070681143475263 0.12302406418492152
1085 0.096474630846173706 0.69294926169234738 0.29955217827123942
1086 0.09591179942523155 0.69182359885046296 0.19387424287527347
1087 0.14873219368731058 0.797464387374621 0.75709170466554765
1088 0.14891974940238661 0.79783949880477312 0.79231792087986663
1089 0.097023273171681912 0.69404654634336371 0.405230227090909
1090 0.097405446865930334 0.69481089373186056 0.47568212844401386
1091 0.098164496441578278 0.69632899288315653 0.61658597380142643
1092 0.17091892175540871 0.84183784351081736 0.24611587421053421
1093 0.17147897549932281 0.84295795099864534 0.35179383181047802
1094 0.12035101882367599 0.74070203764735187 0.10561018717535686
1095 0.095536355939344231 0.69107271187868846 0.1234222877235412
1096 0.17279620981327817 0.84559241962655618 0.5983756495450574
1097 0.17392413725652089 0.84784827451304168 0.77450411941508079
1098 0.17395398757250718 0.84790797514501404 0.8097313695175441
1099 0.14911292559030379 0.79822585118060752 0.8275440082811818
1100 0.17411628706582213 0.8482325741316441 0.84495757764369273
1101 0.14929620899947793 0.79859241799895575 0.86276968443807123
1102 0.17429901259993336 0.84859802519986649 0.88018354357957806
1103 0.14948350572754676 0.79896701145509341 0.8979956085864379
1104 0.12448105320863995 0.74896210641727967 0.88058181666655577
1105 0.1737680536928029 0.84753610738560559 0.73927782826694566
1106 0.074473506328097586 0.64894701265619503 0.84575140571107443
1107 0.17317163744147079 0.84634327488294137 0.66882760867102886
1108 0.14479135754052308 0.78958271508104594 0.088604254602200616
1109 0.17514121907147412 0.85028243814294813 0.49124050403276975
1110 0.17085206392155619 0.84170412784311222 0.42082830305024316
1111 0.17035579317112429 0.84071158634224841 0.14043794119000946
1112 0.095348631801171563 0.69069726360234296 0.088196310166821848
1113 0.071214850335392155 0.64242970067078431 0.10600296793970974
1114 0.071470756209478875 0.64294151241895781 0.14122840047073476
1115 0.073821799629831583 0.64764359925966308 0.7048461744467498
1116 0.073553517289530385 0.64710703457906071 0.66962342855117563
1117 0.17395423163174384 0.84790846326348757 0.91429866386234004
1118 0.12404432988079137 0.74808865976158256 0.91450312422787583
1119 0.099562154859043517 0.69912430971808681 0.89817635005005281
1120 0.099190411507264292 0.69838082301452853 0.93115439800892208
1121 0.075304708395638048 0.65060941679127593 0.91450711550026176
1122 0.045362646521706435 0.59072529304341292 0.1232896564571188
1123 0.07100036898756415 0.64200073797512813 0.0696114110852534
1124 0.095160907569782294 0.69032181513956448 0.05297033261084759
1125 0.046171844636245109 0.59234368927249026 0.058345008107813762
1126 0.19948701933950466 0.89897403867900927 0.79233358128163911
1127 0.19956864885783759 0.89913729771567497 0.8971675390530226
1128 0.049462280502860591 0.59892456100572122 0.82802623186883706
1129 0.048952599154740428 0.59790519830948086 0.68800077471021825
1130 0.048840312437837811 0.59768062487567564 0.65322343118092807
1131 0.19833900463409093 0.89667800926818175 0.93718845902125947
1132 0.07475971781252895 0.64951943562505776 0.88066001793704474
1133 0.049849098545520436 0.59969819709104077 0.89879190695449906
1134 0.074065104597134307 0.64813020919426845 0.74009736794142733
1135 0.12410303922514025 0.74820607845028031 0.81012923542927995
1136 0.17339618717986041 0.84679237435972066 0.70405330184698389
1137 0.19873709168005546 0.89747418336011064 0.68665335397698213
1138 0.19798632222025511 0.89597264444051006 0.65101550397385677
1139 0.19849482315565509 0.89698964631131006 0.72153647558828693
1140 0.22467261113024029 0.94934522226048046 0.70549252369682292
1141 0.19940610143688128 0.89881220287376229 0.75709856480687343
1142 0.14858747024300747 0.79717494048601489 0.72186537919377236
1143 0.073626768863393158 0.64725353772678629 0.63456506052016126
1144 0.19951714524613076 0.89903429049226147 0.82738260416788201
1145 0.19967654029559578 0.89935308059119146 0.86234231617825852
1146 0.098400909148646326 0.69680181829729249 0.65183969736293901
1147 0.073431683744353077 0.6468633674887061 0.59919814167206664
1148 0.17298392956253281 0.84596785912506534 0.63360162797881536
1149 0.19801866541405583 0.89603733082811154 0.61613188762050286
1150 0.19837932014044873 0.89675864028089736 0.58123232736916197
1151 0.22455592192432167 0.949111843848643 0.60099001570675192
1152 0.17273656034510401 0.84547312069020786 0.5632611349875849
1153 0.19821301224539975 0.89642602449079933 0.54801902470196884
1154 0.14880902794782044 0.79761805589564083 0.93075188050258761
1155 0.098021701520655286 0.6960434030413104 0.58136433690046208
1156 0.073026802706066998 0.64605360541213386 0.56395118324999849
1157 0.073131213982203042 0.64626242796440592 0.52871830100638528
1158 0.048366882764680458 0.59673376552936097 0.54819435619742074
1159 0.099474801500352608 0.69894960300070519 0.86307739077608336
1160 0.097657390828270185 0.69531478165654026 0.51090774496511071
1161 0.073000164500387543 0.64600032900077498 0.49349113422010993
1162 0.072881889491191953 0.64576377898238391 0.45826445342172578
1163 0.048637117083061551 0.59727423416612313 0.47788215626423847
1164 0.17129395024231683 0.8425879004846335 0.31656783267965322
1165 0.19742763573914149 0.8948552714782827 0.33507728608788062
1166 0.19687082636913586 0.89374165273827155 0.3702739938752882
1167 0.198211122324355 0.89642224464870979 0.3020605377396548
1168 0.22404246720201684 0.94808493440403341 0.35728728514982028
1169 0.19729304361425282 0.89458608722850552 0.40486603554634143
1170 0.21726073079813382 0.93452146159626737 0.4303759062843649
1171 0.19752789833293732 0.89505579666587443 0.45999044178454107
1172 0.20449767033818858 0.90899534067637688 0.48810282069628758
1173 0.12016329488379902 0.74032658976759791 0.070384209617052343
1174 0.17073123301194776 0.84146246602389529 0.2108898963708794
1175 0.19703230216321782 0.89406460432643531 0.22961529252924168
1176 0.19781181259604341 0.89562362519208649 0.19652205079789278
1177 0.20197349366174847 0.90394698732349676 0.26661159910620014
1178 0.22150771358142748 0.9430154271628548 0.24485870578874824
1179 0.17092116488889844 0.84184232977779672 0.176237961284192
1180 0.19685727762975236 0.8937145552595045 0.16149894793206107
1181 0.19617776826029767 0.89235553652059518 0.12325526556829683
1182 0.17016806951183233 0.84033613902366433 0.10521196362946199
1183 0.19498273246621686 0.88996546493243356 0.087399863080717774
1184 0.16890645946659957 0.83781291893319898 0.064806279661316149
1185 0.17166986438888807 0.84333972877777585 0.38701978406905502
1186 0.17246545389725057 0.84493090779450086 0.28240629647595417
1187 0.096843109258730783 0.69368621851746159 0.37000418909983701
1188 0.072501988692583841 0.64500397738516768 0.38781250428339292
1189 0.072394448138771772 0.64478889627754354 0.35258588576155886
1190 0.072782323334218399 0.64556464666843671 0.42303774647387987
1191 0.048446583916010443 0.59689316783202084 0.40784169837508361
1192 0.095848922074476942 0.69169784414895397 0.15864726732831397
1193 0.09726453042544328 0.6945290608508865 0.44045577821802639
1194 0.096099506180872471 0.69219901236174497 0.22910022057094387
1195 0.071097137258901461 0.64219427451780275 0.21168634341771833
1196 0.071843086426265468 0.64368617285253071 0.24690785867995302
1197 0.04720055842676537 0.59440111685353081 0.232747009269792
1198 0.046864461267807016 0.59372892253561405 0.19895047112632727
1199 0.071818933809069133 0.64363786761813813 0.17723378833601763
1200 0.096751159354440119 0.69350231870888013 0.33477744595071152
1201 0.09638014031395023 0.69276028062790052 0.26432545543119512
1202 0.071766068184970069 0.64353213636993989 0.31736343068396761
1203 0.04763453669091007 0.59526907338182022 0.33780629115088556
1204 0.047325077563793061 0.59465015512758623 0.30378255387160813
1205 0.072268092475443954 0.64453618495088782 0.28277152077850964
1206 0.17242076182722194 0.84484152365444376 0.52792369428844599
1207 0.048628874978390045 0.59725774995678005 0.58322835789206473
1208 0.1242911545556229 0.74858230911124568 0.84534007806439171
1209 0.049802237041475482 0.59960447408295081 0.86339089632238197
1210 0.22495994140917475 0.94991988281834927 0.77540126388814967
1211 0.22561700996203182 0.95123401992406342 0.15517241379310354
1212 0.22367438924949254 0.94734877849898491 0.085254665213055525
1213 0.22561700996203135 0.95123401992406242 0.91379310344827569
1214 0.024382990037968143 0.54876598007593624 0.91379310344827569
1215 0.024628042292380883 0.54925608458476172 0.74091151131691591
1216 0.024382990037967432 0.5487659800759348 0.8448275862068958
1217 0.22482513887030955 0.94965027774061894 0.84483153147959089
1218 0.051430207278840713 0.60286041455768136 0.93754383334334845
1219 0.15160690029574014 0.80321380059147995 0.96842447952055899
1220 0.15348049521272769 0.8069609904254551 0.030961341272426474
1221 0.097680092699575602 0.69536018539915101 0.96767334369600699
1222 0.049287088052507075 0.59857417610501418 0.7229154576591218
1223 0.024029882497778772 0.54805976499555753 0.67215724992983639
1224 0.024443832900139243 0.54888766580027848 0.6367172831779675
1225 0.048846053274976528 0.59769210654995308 0.61816995697094868
1226 0.02376215451069413 0.54752430902138827 0.5680287161850891
1227 0.02428867058459943 0.54857734116919876 0.53239563692651448
1228 0.17121667746984742 0.84243335493969473 0.45429489717275334
1229 0.22425290359791672 0.94850580719583311 0.6705410895582794
1230 0.048537977001591133 0.59707595400318225 0.51309610978692022
1231 0.041384588927228808 0.5827691778544577 0.97235727415174555
1232 0.20833333333333345 0.91666666666666663 0.027396520796638058
1233 0.20859363430763142 0.91718726861526256 0.97231579180293248
1234 0.024314914717155887 0.54862982943431182 0.46268001883109017
1235 0.04844526240674675 0.59689052481349347 0.44302326609895976
1236 0.024221092784967199 0.5484421855699344 0.39312174906731534
1237 0.048102825999162845 0.59620565199832565 0.37302335627749528
1238 0.22429439567361142 0.94858879134722252 0.56683825942708232
1239 0.022861929404019037 0.5457238588080382 0.32560043007975237
1240 0.19922466045930434 0.89844932091860841 0.056853885034723523
1241 0.023858022136679438 0.54771604427335874 0.28917788943608314
1242 0.047606068560616777 0.59521213712123355 0.26836110673604424
1243 0.022518555527885623 0.54503711105577124 0.22170706639785198
1244 0.023663243733045292 0.54732648746609058 0.18492859705917944
1245 0.04778395528685863 0.59556791057371727 0.16164964525827641
1246 0.22754137952524089 0.95508275905048157 0.50033060469104684
1247 0.018603996668749189 0.53720799333749836 0.12032766348904637
1248 0.051706225663777444 0.60341245132755483 0.088726139805521589
1249 0.022121180850209043 0.54424236170041806 0.049286970912569339
1250 0.14198421323809662 0.78396842647619314 0.057638088698798086
1251 0.22421637253792423 0.94843274507584818 0.32378349517438687
1252 0.096370116448458706 0.69274023289691722 0.023480778439842649
1253 0.19741848774000384 0.89483697548000751 0.51556479073941075
1254 0.040233214320230533 0.58046642864046116 0.027231050074265146
1255 0.22658957949755418 0.95317915899510808 0.21810919489827207
1256 0.17148378563654659 0.84296757127309307 0.94397040362613405
1257 0.078265770165354881 0.65653154033070971 0.9442117678343892
1258 0.12193005873973028 0.74386011747946035 0.94451326510686906
1259 0.020136099077059554 0.54027219815411909 0.97520990688255593
1260 0.22986390092294065 0.95972780184588113 0.97520990688255627
1261 0.23027184146564733 0.96054368293129433 0.024138041459485018
1262 0.020107155960362916 0.54021431192072589 0.024755120177837021
1263 0.19198186457170682 0.88396372914341337 0.43158128488064301
1264 0.23009536167694195 0.96019072335388356 0.26729480438001646
1265 0.21011297498450973 0.92022594996901919 0.10414986225862101
1266 0.12234017855569973 0.25531964288860037 0.97056312924025434
1267 0.12400164745692401 0.2519967050861518 0.03393174267427386
1268 0.024732200302495854 0.45053559939500826 0.81087430180151709
1269 0.22561700996203157 0.048765980075936528 0.50000000000000022
1270 0.22561700996203157 0.048765980075936528 0.60344827586206917
1271 0.025621338266616646 0.44875732346676667 0.70782781262134598
1272 0.024458151222211909 0.45108369755557615 0.3961054406290036
1273 0.22561700996203149 0.048765980075936695 0.18965517241379323
1274 0.22561700996203149 0.048765980075936695 0.29310344827586227
1275 0.22558265902478553 0.048834681950428643 0.77648393333422738
1276 0.024526980376039446 0.45094603924792109 0.53429471445606558
1277 0.02419082031447381 0.45161835937105232 0.22118343335230925
1278 0.22561700996203155 0.048765980075936612 0.39655172413793122
1279 0.22589158298334183 0.048216834033316031 0.88067242743196839
1280 0.023915867696363689 0.45216826460727261 0.11699122571131916
1281 0.025060195527368875 0.44987960894526224 0.60322137342230253
1282 0.22547479469036605 0.04905041061926755 0.67229761157063772
1283 0.024379854861812333 0.4512402902763753 0.29064495009515912
1284 0.024382990037968212 0.45123401992406348 0.87931034482758652
1285 0.22561700996203149 0.048765980075936695 0.1206896551724139
1286 0.024499523458948645 0.4510009530821027 0.4652000959794389
1287 0.18105416250570877 0.13789167498858224 0.026504368398144452
1288 0.18271250768884989 0.1345749846223 0.97044525548612393
1289 0.0708408062086852 0.35831838758262941 0.032499167370286797
1290 0.068598613636543598 0.36280277272691264 0.97124288830456329
1291 0.22709132145024694 0.045817357099505816 0.94859850097324194
1292 0.22643181736982038 0.047136365260358935 0.050348003187286154
1293 0.023484556670245668 0.45303088665950858 0.94898032890701056
1294 0.022556366453040298 0.4548872670939193 0.049033273812375495
1295 0.22545109214508816 0.049097815709823335 0.70699336966814585
1296 0.20072507245022286 0.098549855099554023 0.68971512742716623
1297 0.20071372458810818 0.098572550823783439 0.72472537688911032
1298 0.17587376687857045 0.14825246624285893 0.70744408764854949
1299 0.17577379984453564 0.14845240031092846 0.67223388746758195
1300 0.15090331208835514 0.19819337582328955 0.69004078732845808
1301 0.15108459738650729 0.19783080522698515 0.72526873993698038
1302 0.15078193854372324 0.1984361229125533 0.6548012687178022
1303 0.12590828327127171 0.24818343345745644 0.67262443171961706
1304 0.12572329004183358 0.24855341991633273 0.6373983261979429
1305 0.15059526990703781 0.19880946018592416 0.6195650121720998
1306 0.1255373124464485 0.24892537510710283 0.6021706013302689
1307 0.15033874161796845 0.19932251676406293 0.58436515201298378
1308 0.12533951950220001 0.24932096099559992 0.56694867616027789
1309 0.10089827471782321 0.29820345056435343 0.65521079318422681
1310 0.10108194577619806 0.29783610844760372 0.69043732928375301
1311 0.15015308401409264 0.19969383197181448 0.54913902562396055
1312 0.12515157977088592 0.24969684045822796 0.5317233402825764
1313 0.14996678650019063 0.20006642699961857 0.51391312130948574
1314 0.1249651158349262 0.25006976833014749 0.49649749487486661
1315 0.1497806282940666 0.20043874341186654 0.47868716908257147
1316 0.12477902640387577 0.25044194719224827 0.46127151287773122
1317 0.14959455572240926 0.20081088855518126 0.44346118610581559
1318 0.12459298548631295 0.25081402902737387 0.42604552236942378
1319 0.14940850551128329 0.20118298897743328 0.40823519658908614
1320 0.12440693953152468 0.25118612093695047 0.39081953062231123
1321 0.14922245818758839 0.20155508362482302 0.37300920577634239
1322 0.12422090193603054 0.25155819612793867 0.35559354375312252
1323 0.14903641273813364 0.20192717452373249 0.33778321556013574
1324 0.1240348549418146 0.25193029011637064 0.32036755282637491
1325 0.14885036606307345 0.20229926787385291 0.3025572247801897
1326 0.12384880803401195 0.2523023839319759 0.28514156193937473
1327 0.14866431914834982 0.20267136170330019 0.26733123389000618
1328 0.12366276110066764 0.25267447779866453 0.24991557104062626
1329 0.14847827220359691 0.20304345559280604 0.23210524298601004
1330 0.12347671415806147 0.2530465716838769 0.21468958013761766
1331 0.14829222525951224 0.2034155494809754 0.19687925208232135
1332 0.12329066721402313 0.25341866557195358 0.1794635892339502
1333 0.14810617831517717 0.20378764336964544 0.16165326117851747
1334 0.12310462026970434 0.25379075946059115 0.1442375983301537
1335 0.099219344443024798 0.30156131111395035 0.33817787969338592
1336 0.14792013137081028 0.20415973725837927 0.12642727027469888
1337 0.098289109168615385 0.30342178166276906 0.16204792638561644
1338 0.098103062224241533 0.30379387555151677 0.1268219354817946
1339 0.098847249999210407 0.30230550000157902 0.26772589909591948
1340 0.099777456961799377 0.30044508607640114 0.44385585621253815
1341 0.1001495841397621 0.29970083172047574 0.51430782664130215
1342 0.10052438191372758 0.29895123617254465 0.58475888836336631
1343 0.1734798302493776 0.1530403395012446 0.24952090583451533
1344 0.17403797073377661 0.1519240585324465 0.35519887838557923
1345 0.17459611680725856 0.15080776638548263 0.46087684916918997
1346 0.17515082128013915 0.1496983574397214 0.56654749412475647
1347 0.076079383732357259 0.34784123253528543 0.67302193167287838
1348 0.07626436627827303 0.3474712674434538 0.70824817454543521
1349 0.10126630259135531 0.29746739481728929 0.72566372064603613
1350 0.076450505463131715 0.34709898907373643 0.74347415133181838
1351 0.10145208936732225 0.29709582126535544 0.76088977800130486
1352 0.07663652389577813 0.34672695220844368 0.77870015584525454
1353 0.10163810944389887 0.29672378111220216 0.796115782080553
1354 0.076822604665965813 0.34635479066806835 0.8139261460488757
1355 0.10182417879329222 0.29635164241341544 0.83134177489527417
1356 0.12663967383623942 0.246720652327521 0.81353141315240551
1357 0.12682575108061278 0.24634849783877424 0.84875740416224299
1358 0.10201025583069664 0.29597948833860654 0.86656776595245188
1359 0.15164124566879977 0.19671750866240031 0.83094704252333962
1360 0.15182732430125156 0.1963453513974967 0.86617303321582029
1361 0.075893142673999284 0.34821371465200129 0.63779597617038319
1362 0.15145519165425575 0.19708961669148833 0.79572099862897916
1363 0.17645674454355167 0.14708651091289643 0.81313667197548045
1364 0.17287283224355612 0.15425433551288753 0.14384332018369222
1365 0.17267864243705289 0.15464271512589403 0.10861739378997159
1366 0.14772458442061762 0.2045508311587646 0.091201354632661255
1367 0.073676262354168853 0.35264747529166218 0.14462918405464065
1368 0.073555000614955193 0.35288999877008953 0.10940267990371189
1369 0.073538383272708577 0.35292323345458271 0.17985774119398218
1370 0.097992598019224955 0.30401480396154995 0.091595345789683105
1371 0.051137752804988071 0.39772449439002372 0.76093903676171726
1372 0.050481989089639467 0.39903602182072101 0.65539597407916839
1373 0.17617394419936111 0.14765211160127753 0.77791448533063667
1374 0.048629796576975505 0.40274040684604895 0.16569686962420993
1375 0.073093844050573648 0.35381231189885259 0.073406808425952194
1376 0.17160086178745515 0.15679827642508945 0.075410146210114118
1377 0.19774130255479178 0.10451739489041623 0.0920674969376096
1378 0.097730968335477397 0.30453806332904515 0.056369953674143568
1379 0.049129327607887137 0.40174134478422568 0.094555603698278423
1380 0.048899634185324461 0.40220073162935099 0.20072629256809713
1381 0.074011116988059206 0.35197776602388142 0.21559139816215381
1382 0.14770132547607426 0.20459734904785132 0.058169173370156903
1383 0.050371500943215609 0.39925699811356868 0.62034485567349218
1384 0.20059801252233866 0.09880397495532238 0.65464120524477187
1385 0.1755301072791913 0.14893978544161718 0.63695584007210393
1386 0.20104639512780925 0.09790720974438126 0.79476020550353088
1387 0.2011585214449273 0.097682957110145158 0.82953680949688968
1388 0.17593255247399425 0.14813489505201125 0.7426627394600448
1389 0.12626789060962851 0.24746421878074279 0.74307930532231492
1390 0.07562022541475677 0.34875954917048629 0.6025640527565248
1391 0.050245573938992788 0.39950885212201437 0.58539476561157555
1392 0.075455514286640976 0.34908897142671785 0.56737195790378336
1393 0.050046238955089993 0.39990752208982 0.55047462807965386
1394 0.07524453219771346 0.34951093560457303 0.5322138436893894
1395 0.050238377187225611 0.39952324562554864 0.51492532278806791
1396 0.075172704946196309 0.34965459010760724 0.49694484522316518
1397 0.10069943786809815 0.29860112426380359 0.61998310633378539
1398 0.12608538862055269 0.24782922275889455 0.70785238570619324
1399 0.050713156406513492 0.39857368718697284 0.69049437032293881
1400 0.051136749231796653 0.39772650153640665 0.72580874061150802
1401 0.025288675276974145 0.44942264944605165 0.74239269541683495
1402 0.10031085196848835 0.29937829606302324 0.54955408884011592
1403 0.17490525735993287 0.15018948528013393 0.53132807556844386
1404 0.19996976384694201 0.10006047230611577 0.54874449596382313
1405 0.20015581076613131 0.099688378467737135 0.58397048686780673
1406 0.17470923142895331 0.15058153714209324 0.49610320057315543
1407 0.19959766996811484 0.10080466006377005 0.47829251410042845
1408 0.19941162301480542 0.10117675397038889 0.44306652319550993
1409 0.15125419425623832 0.1974916114875232 0.76049372397785042
1410 0.099967613913678907 0.30006477217264205 0.4790906293429481
1411 0.075022085048774084 0.34995582990245161 0.46167598878645955
1412 0.074916693539687884 0.35016661292062407 0.42644077098634819
1413 0.049939684706233861 0.40012063058753211 0.4454739411423605
1414 0.099614882092271775 0.30077023581545637 0.40862995744452385
1415 0.074748043283393878 0.35050391343321208 0.39121326564380837
1416 0.050862066791193289 0.39827586641761331 0.79553301841681101
1417 0.051000288308273342 0.39799942338345318 0.8302126147500174
1418 0.076840879077172353 0.34631824184565513 0.84889815472067476
1419 0.077166793344015328 0.34566641331196923 0.88433579737533241
1420 0.10219167305416135 0.29561665389167713 0.90178670163011965
1421 0.077989008121843215 0.34402198375631343 0.91827456200009483
1422 0.10569260116583308 0.28861479766833364 0.93892907958549932
1423 0.12846127439831365 0.24307745120337254 0.9179922704703295
1424 0.052039415986234301 0.39592116802753125 0.90139644929249174
1425 0.052772830143391757 0.39445433971321647 0.93902756672403342
1426 0.050968892798605128 0.3980622144027896 0.86483015786216622
1427 0.1264511915279305 0.24709761694413879 0.77830516686056783
1428 0.17637002499632509 0.14725995000734959 0.84819518559534857
1429 0.17656060279437299 0.14687879441125387 0.8835625134724564
1430 0.17303681858579609 0.15392636282840752 0.179069485857974
1431 0.19792324746175829 0.10415350507648315 0.16125859597142742
1432 0.12292958711425833 0.25414082577148317 0.10901152017191654
1433 0.099033297027306941 0.30193340594538604 0.30295188979400267
1434 0.074453661535274024 0.3510926769294519 0.32076034907860057
1435 0.074306927066451672 0.35138614586709654 0.28553404694746137
1436 0.17414968113226195 0.15170063773547587 0.39042545804607642
1437 0.19903952912806769 0.10192094174386435 0.37261454139438821
1438 0.19885348218368282 0.10229303563263407 0.33738855049056143
1439 0.098544532309811569 0.30291093538037672 0.19735835721776632
1440 0.17377760813905624 0.15244478372188722 0.31997347634217216
1441 0.17321918876308828 0.15356162247382313 0.21429550589017837
1442 0.19829534135052804 0.10340931729894368 0.231710577779081
1443 0.19848138829491302 0.10303722341017371 0.26693656868290777
1444 0.12273252638095129 0.25453494723809722 0.073785616522507827
1445 0.098731344418687139 0.30253731116262567 0.23259850698380394
1446 0.074262242111870547 0.35147551577625885 0.25040845149548602
1447 0.049555802232272794 0.40088839553545436 0.27023729580599271
1448 0.17357917530276956 0.1528416493944606 0.28474758360466473
1449 0.12722161359811537 0.2455567728037692 0.88377936655692424
1450 0.15221421225879739 0.19557157548240506 0.90115780851814653
1451 0.17614293206888171 0.14771413586223633 0.9169710459952497
1452 0.20133151286693876 0.0973369742661222 0.89969112008435115
1453 0.15237652602776172 0.19524694794447633 0.93286874355062877
1454 0.17432334007513262 0.15135331984973444 0.42565154648095821
1455 0.074469511431682275 0.35106097713663531 0.35598773022128299
1456 0.049395596108287802 0.40120880778342433 0.34058951178525332
1457 0.099446603786321294 0.30110679242735727 0.37340365122973918
1458 0.049573136672734677 0.40085372665453051 0.3748352424045483
1459 0.17531384201435274 0.14937231597129438 0.60169344681488768
1460 0.024979831466248541 0.45004033706750296 0.56855275267539274
1461 0.025199912300122876 0.44960017539975428 0.67274612961885139
1462 0.22551538280862959 0.048969234382740513 0.5687392204010383
1463 0.22530551943264115 0.049388961134717392 0.085131870455881206
1464 0.024382990037968712 0.45123401992406259 0.91379310344827569
1465 0.024382990037968 0.45123401992406398 0.50000000000000044
1466 0.025185599643391114 0.44962880071321776 0.63792840029322184
1467 0.22547857053095996 0.049042858938079734 0.5341822829547741
1468 0.024590647924418219 0.45081870415116354 0.8450842967100588
1469 0.22537125359599791 0.049257492808003865 0.74184838426289068
1470 0.22553458157447601 0.04893083685104764 0.63781908678674748
1471 0.22562726455746354 0.04874547088507257 0.15517241379310356
1472 0.1977822826272515 0.10443543474549671 0.12713860433943885
1473 0.22552161539940385 0.048956769201191998 0.46509747507262056
1474 0.2256944051508519 0.048611189698295906 0.22413793103448293
1475 0.050171077994448934 0.39965784401110199 0.48010122358766666
1476 0.22549656481838595 0.049006870363227789 0.43053216849510417
1477 0.22571660912103383 0.048566781757932047 0.25862068965517254
1478 0.22551234521920199 0.048975309561595716 0.36145572974961293
1479 0.22573787095494408 0.048524258090111592 0.3275862068965521
1480 0.19957482949630101 0.1008503410073977 0.51384780195019475
1481 0.19773264492971918 0.1045347101405614 0.19648757080116894
1482 0.09538739961446005 0.30922520077107973 0.97127287550712538
1483 0.20023836760497718 0.099523264790045349 0.61912040845607985
1484 0.15252110392723808 0.19495779214552364 0.96633957988594799
1485 0.19851296776902536 0.10297406446194902 0.30289232082683182
1486 0.19901211755031487 0.10197576489937005 0.40835503200376072
1487 0.024909410998235446 0.45018117800352903 0.4296444598903314
1488 0.200711028449199 0.098577943101601812 0.75984580199658747
1489 0.22596866307705987 0.04806267384587995 0.81060170466326753
1490 0.050150133881813233 0.39969973223637351 0.40983491677570727
1491 0.023920869987073629 0.45215826002585274 0.36167158507013575
1492 0.2255543639354349 0.048891272129129852 0.8460425013643802
1493 0.024721300330426105 0.45055739933914785 0.32523563398449234
1494 0.19673219777931181 0.10653560444137616 0.056943509410844133
1495 0.20114443483689012 0.097711130326219503 0.86461675957423223
1496 0.049468857022420779 0.40106228595515836 0.30550029794949318
1497 0.22649551352908076 0.047008972941838187 0.91427881531866229
1498 0.024795518458691674 0.45040896308261658 0.25536455867386348
1499 0.025336782529275226 0.44932643494144947 0.77691053172131919
1500 0.049285855715115401 0.40142828856976914 0.2355852383429837
1501 0.19930163174466548 0.10139673651066881 0.93826539140590959
1502 0.023402624494959879 0.45319475101008017 0.18830809075414584
1503 0.046584791792580661 0.40683041641483858 0.060232965148935287
1504 0.024427758205344999 0.45114448358930986 0.15142318957817882
1505 0.20833333333333295 0.083333333333333856 0.027396520796638197
1506 0.20867565770610813 0.082648684587783475 0.97241507902890045
1507 0.041666666666666574 0.41666666666666674 0.97260347920336221
1508 0.048889002175949228 0.40222199564810146 0.13044979209505644
1509 0.023697725591645308 0.45260454881670931 0.082204476912392799
1510 0.15354449370977727 0.19291101258044535 0.026866846117052586
1511 0.040565639502925917 0.41886872099414807 0.027747657992215034
1512 0.097351758698567825 0.30529648260286418 0.024863516723021992
1513 0.081248559884239888 0.33750288023152003 0.94690215591243621
1514 0.23026310273003453 0.039473794539930586 0.024179764973827435
1515 0.22986390092294015 0.040272198154119358 0.97520990688255593
1516 0.019571121360543273 0.46085775727891343 0.97601541089690702
1517 0.01817995674674883 0.46364008650650235 0.022252738085056043
1518 0.17261094029147941 0.15477811941704103 0.9449780032647721
1519 0.13227833681496931 0.23544332637006127 0.94533856054653187
1520 0.16877670463422276 0.16244659073155429 0.048846355523365172
1521 0.49468035711140401 8.2046407952365387e-17 0.97056312924025523
1522 0.49800329491384526 8.2046407952365387e-17 0.033931742674274311
1523 0.29946440060499246 8.2046407952365387e-17 0.81087430180151776
1524 0.70123401992406353 0 0.60344827586206917
1525 0.70123401992406353 0 0.50000000000000022
1526 0.30124267653323356 8.2046407952365387e-17 0.70782781262134764
1527 0.70123401992406342 0 0.39655172413793122
1528 0.70123401992406342 0 0.1896551724137932
1529 0.29875970970712701 8.2046407952365387e-17 0.29064495009515945
1530 0.70116531804957394 0 0.77648393333422616
1531 0.29889983590678271 8.2046407952365387e-17 0.46499417298978585
1532 0.30023087025758821 8.2046407952365387e-17 0.56840795140682143
1533 0.29819601865844231 8.2046407952365387e-17 0.1864526883755192
1534 0.70123401992406342 0 0.29310344827586227
1535 0.7017831659666891 0 0.88067242743196594
1536 0.3002444432637883 8.2046407952365387e-17 0.6379518760540408
1537 0.7009495893807326 0 0.67229761157063761
1538 0.29876598007593635 8.2046407952365387e-17 0.39655172413793122
1539 0.2987659800759363 8.2046407952365387e-17 0.87931034482758652
1540 0.29783173539272456 8.2046407952365387e-17 0.11699122571131947
1541 0.70123401992406342 0 0.1206896551724139
1542 0.61210832501141554 0 0.026504368398144719
1543 0.61542501537770777 0 0.97044525548612115
1544 0.39168161241736887 8.2046407952365387e-17 0.032499167370286706
1545 0.38719722727309147 8.2046407952365387e-17 0.97124288830456373
1546 0.70418264290049704 0 0.94859850097323983
1547 0.7028636347396402 0 0.050348003187286383
1548 0.29696911334049259 8.2046407952365387e-17 0.94898032890701056
1549 0.29511273290607976 8.2046407952365387e-17 0.049033273812374982
1550 0.70090218429017681 0 0.70699336966814585
1551 0.65145014490044617 0 0.68971512742716612
1552 0.65142744917621742 0 0.72472537688910954
1553 0.60174753375714141 0 0.70744408764854949
1554 0.60154759968907157 0 0.67223388746758195
1555 0.55180662417671078 0 0.69004078732845875
1556 0.55216919477301529 0 0.72526873993698082
1557 0.55156387708744659 0 0.65480126871780264
1558 0.50181656654254359 0 0.67262443171961805
1559 0.50144658008366594 0 0.63739832619794423
1560 0.55119053981407551 0 0.61956501217210047
1561 0.501074624892895 0 0.60217060133027045
1562 0.55067748323593557 0 0.58436515201298433
1563 0.50067903151681781 0 0.56694867618993861
1564 0.55030616678025301 0 0.54913902562890426
1565 0.50030315059827057 0 0.53172334031800417
1566 0.54993357130180642 0 0.51391312131621447
1567 0.49951406834714918 8.2046407952365387e-17 0.49649912193002715
1568 0.54949189575125068 0 0.47868744025955312
1569 0.49906087945427502 8.2046407952365387e-17 0.46127347808664299
1570 0.54909468907975556 0 0.44346155883679839
1571 0.49926616942172891 8.2046407952365387e-17 0.42604520605482249
1572 0.54881464036990313 0 0.40823520599181701
1573 0.4990056470388155 8.2046407952365387e-17 0.39081877463947079
1574 0.54847648259569082 0 0.37300908134632454
1575 0.49847902252383541 8.2046407952365387e-17 0.35559339620768282
1576 0.54808428962164524 0 0.33778317023089321
1577 0.49807782368315118 8.2046407952365387e-17 0.32036752068059504
1578 0.54770399506001022 0 0.30255721185458878
1579 0.49769951219025133 8.2046407952365387e-17 0.28514155442747846
1580 0.54732949812507459 0 0.26733123048046753
1581 0.49732598152643198 8.2046407952365387e-17 0.24991556922038757
1582 0.54695676426610196 0 0.23210524211438086
1583 0.49695354151345333 8.2046407952365387e-17 0.21468957968897343
1584 0.54658450602826347 0 0.19687925186224622
1585 0.49658136254580382 8.2046407952365387e-17 0.17946358912249741
1586 0.54621237056816874 0 0.16165326112325987
1587 0.49620924754866641 8.2046407952365387e-17 0.14423759830236915
1588 0.449372863941217 8.2046407952365387e-17 0.5140274316067539
1589 0.44844624317304876 8.2046407952365387e-17 0.33817785095240205
1590 0.44732250153432512 8.2046407952365387e-17 0.23249990781492896
1591 0.54584026623278348 0 0.12642727026085621
1592 0.44657822419172921 8.2046407952365387e-17 0.16204792636241072
1593 0.4462061250065758 8.2046407952365387e-17 0.12682193547958509
1594 0.45179654943564485 8.2046407952365387e-17 0.65521079318422837
1595 0.45216389155239622 8.2046407952365387e-17 0.69043732928375423
1596 0.44919272153669715 8.2046407952365387e-17 0.44346933434880037
1597 0.45104875509194137 8.2046407952365387e-17 0.58475888839797097
1598 0.59695984044663208 0 0.24952090512098768
1599 0.59808311319519869 0 0.35519885009236957
1600 0.59916493641418977 0 0.46087695648718413
1601 0.60030164235228844 0 0.56654749412558014
1602 0.40215876746471396 8.2046407952365387e-17 0.67302193167288038
1603 0.40252873255654664 8.2046407952365387e-17 0.70824817454543687
1604 0.45253260518271277 8.2046407952365387e-17 0.72566372064603712
1605 0.40290101092626651 8.2046407952365387e-17 0.74347415133182038
1606 0.45290417873464878 8.2046407952365387e-17 0.76088977800130519
1607 0.40327304779156181 8.2046407952365387e-17 0.77870015584525643
1608 0.45327621888780428 8.2046407952365387e-17 0.79611578208055322
1609 0.40364520933194037 8.2046407952365387e-17 0.81392614604887759
1610 0.45364835758659422 8.2046407952365387e-17 0.83134177489527505
1611 0.50327934767248683 0 0.8135314131524044
1612 0.50365150216123655 0 0.8487574041622421
1613 0.45402051166140567 8.2046407952365387e-17 0.86656776595245222
1614 0.55328249133760865 0 0.83094704252333718
1615 0.5536546486025149 0 0.86617303321581807
1616 0.4017862853479956 8.2046407952365387e-17 0.63779597617038553
1617 0.55291038330851794 0 0.79572099862897738
1618 0.6029134890871104 0 0.81313667197547768
1619 0.59574566739193835 0 0.14384332017217577
1620 0.59535728594010018 0 0.10861739378574536
1621 0.54544916960075707 0 0.091201354629650164
1622 0.39735252577709912 8.2046407952365387e-17 0.1446291840504054
1623 0.39711000150104891 8.2046407952365387e-17 0.10940267990263831
1624 0.44598519617665078 8.2046407952365387e-17 0.091595345789136418
1625 0.39773876037177835 8.2046407952365387e-17 0.17985511894085413
1626 0.35227550560997928 8.2046407952365387e-17 0.76093903676171981
1627 0.60234788839872699 0 0.77791448533063479
1628 0.39618768813595046 8.2046407952365387e-17 0.073406808425814846
1629 0.5932017238791587 0 0.075410146208908208
1630 0.64548260516902611 0 0.092067496937374385
1631 0.44546193667094802 8.2046407952365387e-17 0.056369953674144352
1632 0.34825865526676275 8.2046407952365387e-17 0.094555603698076515
1633 0.34848707922127503 8.2046407952365387e-17 0.16516006299304883
1634 0.54540265112944109 0 0.058169173369454208
1635 0.35121038871058602 8.2046407952365387e-17 0.65539944767438385
1636 0.35080474567648873 8.2046407952365387e-17 0.62038672527453731
1637 0.65119602504467788 0 0.65464120524477165
1638 0.60106021455838277 0 0.63695584007210382
1639 0.65209279025562328 0 0.79476020550352844
1640 0.65231704288985981 0 0.82953680949688746
1641 0.60186510494799095 0 0.74266273946004369
1642 0.50253578121926001 0 0.74307930532231536
1643 0.40125074000526767 8.2046407952365387e-17 0.60257103102913478
1644 0.35052156657276057 8.2046407952365387e-17 0.58534779635805378
1645 0.4006602355708177 8.2046407952365387e-17 0.56717550718139742
1646 0.35021561666785933 8.2046407952365387e-17 0.55005458507941729
1647 0.30017316853348175 8.2046407952365387e-17 0.5339852423210093
1648 0.34915203497974068 8.2046407952365387e-17 0.51464451817961399
1649 0.39945600795248565 8.2046407952365387e-17 0.53186109064499476
1650 0.39839149645882654 8.2046407952365387e-17 0.49608052612090919
1651 0.44901165154822109 8.2046407952365387e-17 0.47864403727989435
1652 0.39958918825117651 8.2046407952365387e-17 0.46040625022517212
1653 0.39972538476399405 8.2046407952365387e-17 0.42541363045621405
1654 0.3497862660962141 8.2046407952365387e-17 0.44179427633678525
1655 0.45140058914290171 8.2046407952365387e-17 0.61998426938498907
1656 0.50217077724110637 0 0.70785238570619391
1657 0.35146738123491134 8.2046407952365387e-17 0.69049494925547594
1658 0.35228034320057561 8.2046407952365387e-17 0.72580883710026645
1659 0.3005784913434455 8.2046407952365387e-17 0.74239271149829555
1660 0.45037269287672216 8.2046407952365387e-17 0.54944953801553253
1661 0.59981051419411491 0 0.53132807557052619
1662 0.64993952769388164 0 0.54874449596382247
1663 0.65031162153226107 0 0.58397048686780584
1664 0.59940235281431631 0 0.49610326365711976
1665 0.64919533993622536 0 0.47829251410042822
1666 0.64882324602960639 0 0.44306652319550976
1667 0.55250838851247952 0 0.76049372397785042
1668 0.35172413358239124 8.2046407952365387e-17 0.79553301841681323
1669 0.35200057661655393 8.2046407952365387e-17 0.83021261475001906
1670 0.40368175815435575 8.2046407952365387e-17 0.84889815472067642
1671 0.40433358668804359 8.2046407952365387e-17 0.88433579737533397
1672 0.45438334610833619 8.2046407952365387e-17 0.90178670163011998
1673 0.40597801624369978 8.2046407952365387e-17 0.91827456200009605
1674 0.4613852023316764 8.2046407952365387e-17 0.93892907958550031
1675 0.50692254879664145 0 0.9179922704703305
1676 0.35407883197248019 8.2046407952365387e-17 0.90139644929249263
1677 0.35554566028678974 8.2046407952365387e-17 0.93902756672403431
1678 0.35193778559721733 8.2046407952365387e-17 0.86483015786216733
1679 0.50290238305586621 0 0.77830516686056761
1680 0.59646209267046935 0 0.21429541195079263
1681 0.64659068270105069 0 0.23171057777908144
1682 0.6469627765898206 0 0.26693656868290833
1683 0.59830542348043803 0 0.39042543415932768
1684 0.64807905825613066 0 0.37261454139438865
1685 0.64770696436736064 0 0.33738855049056182
1686 0.59605273690696448 0 0.1790695686468452
1687 0.64584649492351076 0 0.16125859597142767
1688 0.44708228003015654 8.2046407952365387e-17 0.19727339454576315
1689 0.39813522060639733 8.2046407952365387e-17 0.21508101332598062
1690 0.39782738824629887 8.2046407952365387e-17 0.25030969751586069
1691 0.34789330546895925 8.2046407952365387e-17 0.23565379080681995
1692 0.3483370322072652 8.2046407952365387e-17 0.27068344973148073
1693 0.39860400801506546 8.2046407952365387e-17 0.28596141626084631
1694 0.4478076642341185 8.2046407952365387e-17 0.26779667254007233
1695 0.44817847049763254 8.2046407952365387e-17 0.30303453881963149
1696 0.39901731646723682 8.2046407952365387e-17 0.32084498404471046
1697 0.39881389321748173 8.2046407952365387e-17 0.35590587054044071
1698 0.34878865810560733 8.2046407952365387e-17 0.34058998452965561
1699 0.34910196901845381 8.2046407952365387e-17 0.37425458097439523
1700 0.44887570581955727 8.2046407952365387e-17 0.37334738442974863
1701 0.49585917622122155 8.2046407952365387e-17 0.10901152016401761
1702 0.59755886607925834 0 0.31997346191749709
1703 0.59715967602408138 0 0.28474757835910791
1704 0.49546505276189601 8.2046407952365387e-17 0.073785616522508493
1705 0.60274004999265907 0 0.84819518559534535
1706 0.6031212055887597 0 0.88356251347245185
1707 0.50444322719624379 0 0.88377936655692346
1708 0.55442842451761032 0 0.90115780851814553
1709 0.60228586413778229 0 0.91697104599524448
1710 0.65266302573389079 0 0.89969112008434438
1711 0.55475305205553815 0 0.93286874355062754
1712 0.59862700864990759 0 0.42565162407511842
1713 0.60062768399403987 0 0.60169344681502468
1714 0.30014324308628137 8.2046407952365387e-17 0.67265413991195455
1715 0.70103076561725941 0 0.56873922040103819
1716 0.30030027096177087 8.2046407952365387e-17 0.60316515013626515
1717 0.70061103886786125 0 0.085131870455871089
1718 0.29876598007593719 8.2046407952365387e-17 0.91379310344827569
1719 0.7009571410619202 0 0.5341822829547741
1720 0.29918129584883685 8.2046407952365387e-17 0.84508429671005902
1721 0.70074250719199771 0 0.74184838426288957
1722 0.70106916314895229 0 0.63781908678674737
1723 0.70125452911492414 0 0.15517241379310351
1724 0.64556456542935248 0 0.12713860433874605
1725 0.70104323079880604 0 0.46509747507262045
1726 0.7013888103017013 0 0.22413793103448293
1727 0.70099312963676996 0 0.43053216849510417
1728 0.70143321824206484 0 0.25862068965517249
1729 0.70102469043840188 0 0.36145572974961288
1730 0.70147574190988582 0 0.32758620689655205
1731 0.64914896004036959 0 0.51384780468716329
1732 0.64546528985943608 0 0.19648757080116921
1733 0.44077479922892565 8.2046407952365387e-17 0.97127287550712627
1734 0.65047673520784888 0 0.61912040845608751
1735 0.55504220785448566 0 0.9663395798859471
1736 0.64702615138646624 0 0.30289231997344551
1737 0.6480236446225095 0 0.40835503433384213
1738 0.44911557561846438 8.2046407952365387e-17 0.40828862720641007
1739 0.39883461042308099 8.2046407952365387e-17 0.39067797061334508
1740 0.65142205689840138 0 0.75984580199658502
1741 0.29979524053668327 8.2046407952365387e-17 0.49846793712684295
1742 0.70193732615412296 0 0.81060170466326709
1743 0.29829072950839652 8.2046407952365387e-17 0.43022976442286714
1744 0.2974415490089064 8.2046407952365387e-17 0.36206896551724155
1745 0.70110872787087342 0 0.84604250136437842
1746 0.29937547981206714 8.2046407952365387e-17 0.32530194284974401
1747 0.6434643955586159 0 0.056943509410845902
1748 0.65228886967378874 0 0.8646167595742289
1749 0.350546403800095 8.2046407952365387e-17 0.47718368927064841
1750 0.35042786891711986 8.2046407952365387e-17 0.40814015185809627
1751 0.34881370071906148 8.2046407952365387e-17 0.30567112125193274
1752 0.70299102705816774 0 0.91427881531866095
1753 0.29736597325840403 8.2046407952365387e-17 0.25748441100272806
1754 0.30067375519013467 8.2046407952365387e-17 0.77691053440156366
1755 0.29912390455893961 8.2046407952365387e-17 0.22091993354320869
1756 0.64860326348934194 0 0.93826539140590626
1757 0.34826238148096528 8.2046407952365387e-17 0.20052043466423852
1758 0.34316958359945893 8.2046407952365387e-17 0.060232965148878451
1759 0.29929189236666337 8.2046407952365387e-17 0.1510244880765477
1760 0.6673513154122177 0 0.97241507902889979
1761 0.6666666666666663 0 0.027396520796638246
1762 0.33333333333333309 8.2046407952365387e-17 0.97260347920336221
1763 0.34896423092281753 8.2046407952365387e-17 0.12940937399234478
1764 0.29739545119417093 8.2046407952365387e-17 0.082204476912349639
1765 0.55708898743462965 0 0.026866846116993186
1766 0.3311312790082343 8.2046407952365387e-17 0.027747657992205459
1767 0.4447035173971341 8.2046407952365387e-17 0.024863516723022262
1768 0.4124971197684939 8.2046407952365387e-17 0.94690215591243954
1769 0.71052620546006939 0 0.024179764973827452
1770 0.70972780184587958 0 0.97520990688255504
1771 0.28914224272108646 8.2046407952365387e-17 0.97601541089690702
1772 0.28635991349397377 8.2046407952365387e-17 0.02225273808505402
1773 0.59522188058297121 0 0.94497800326476911
1774 0.51455667362994917 0 0.94533856054653198
1775 0.58755340931911693 0 0.048846355523164076
1776 0.8742221074065013 0.24844421481300252 0.97685613944861482
1777 0.87257945842433027 0.24515891684866056 0.033434358321473436
1778 0.97481600963160586 0.4496320192632115 0.81007404971426944
1779 0.97385915805568446 0.4477183161113687 0.63667528872449131
1780 0.97283997524067733 0.44567995048135461 0.49418218550620208
1781 0.97183447602706596 0.4436689520541317 0.39140218323299231
1782 0.77296321370493881 0.045926427409877527 0.18531838978603177
1783 0.97561700996203171 0.4512340199240632 0.29310344827586227
1784 0.77441526904253355 0.048830538085066863 0.70627647005497263
1785 0.77400339577475341 0.048006791549506482 0.56735666093135129
1786 0.77370570794703908 0.047411415894077963 0.46316429423426347
1787 0.7733248563249423 0.046649712649884309 0.32424126604686199
1788 0.77452520530963342 0.049050410619266807 0.81046100911901764
1789 0.9748652595790821 0.44973051915816425 0.18675059122581844
1790 0.97447355834145721 0.44894711668291437 0.74007132774418039
1791 0.77420723198601449 0.048414463972029018 0.63681828270473539
1792 0.7731415738756815 0.046283147751362642 0.25477980847977694
1793 0.97494113803303051 0.44988227606606102 0.87953504642994984
1794 0.77438299003796829 0.048765980075936528 0.87931034482758652
1795 0.97561700996203171 0.45123401992406331 0.56896551724137945
1796 0.77482794988623227 0.049655899772464443 0.1210377604364784
1797 0.77351294004283555 0.047025880085670942 0.39370276158871947
1798 0.97561700996203171 0.4512340199240632 0.1206896551724139
1799 0.93110948582502895 0.36221897165005784 0.030118292664139894
1800 0.8201844527158364 0.1403689054316728 0.033413643525749742
1801 0.93219899181193011 0.36439798362386011 0.96998908561848696
1802 0.81772343094545252 0.1354468618909048 0.97018014862340363
1803 0.97721703120519887 0.45443406241039763 0.94849693833720017
1804 0.97659967100245826 0.45319934200491624 0.049546577903549507
1805 0.77273280146320156 0.045465602926403087 0.94863346640104507
1806 0.77174004623833692 0.043480092476673705 0.050128990033386028
1807 0.77454890785491148 0.049097815709822759 0.77576525102150906
1808 0.79927492754977658 0.098549855099552955 0.79304349326248824
1809 0.79928564487179299 0.098571289743585755 0.75803465489029587
1810 0.82412612803141239 0.14825225606282474 0.77531476822272882
1811 0.82422666499069297 0.14845332998138588 0.81050835538108823
1812 0.84909662744536207 0.19819325489072384 0.79271490235870756
1813 0.84891540261349074 0.19783080522698146 0.75748988075267121
1814 0.84927889641107313 0.19855779282214608 0.82793833816335671
1815 0.87391654707754407 0.24783309415508811 0.77490384699805259
1816 0.87372985320777241 0.24745970641554463 0.73967780498379354
1817 0.84872338484547838 0.19744676969095681 0.7222647573634341
1818 0.87354158757929157 0.24708317515858313 0.70445195508459368
1819 0.84853872459028867 0.19707744918057721 0.68703837037368576
1820 0.87335460899940098 0.24670921799880172 0.66922582805044306
1821 0.84835201806180605 0.19670403612361184 0.65181202476579803
1822 0.87316685029919849 0.24633370059839702 0.63399986277216702
1823 0.898356875283574 0.29671375056714783 0.68663973226507824
1824 0.84816445755262959 0.19632891510525907 0.61658598791147223
1825 0.8729791601014244 0.24595832020284886 0.59877387294488693
1826 0.84797676613450956 0.19595353226901893 0.58135999842439268
1827 0.87279143454761599 0.24558286909523175 0.56354789578852194
1828 0.84778904700404201 0.19557809400808382 0.546134018947667
1829 0.87260371119604552 0.24520742239209106 0.52832191783648796
1830 0.84760132362190466 0.19520264724380906 0.51090804100672105
1831 0.87241598670777332 0.24483197341554641 0.49309594029516196
1832 0.84741359934170024 0.19482719868340034 0.47568206339020536
1833 0.87222826229063755 0.24445652458127506 0.45786996272807773
1834 0.84722587492367518 0.19445174984735039 0.44045608582346879
1835 0.87204053783677749 0.24408107567355489 0.42264398517429025
1836 0.84703815047655839 0.19407630095311673 0.40523010826724465
1837 0.87185281338522957 0.24370562677045898 0.3874180076196676
1838 0.89601806448201271 0.2920361289640252 0.4379140165857735
1839 0.8468504260249784 0.1937008520499566 0.37000413071263355
1840 0.87166508893248817 0.24333017786497621 0.352192030065476
1841 0.84666270157245549 0.19332540314491101 0.33477815315836296
1842 0.87147736447982183 0.24295472895964357 0.31696605251125742
1843 0.89647975183984185 0.29295950367968376 0.33437992941837502
1844 0.89629202738714342 0.29258405477428667 0.29915395186416804
1845 0.87128964002711795 0.24257928005423576 0.28174007495705233
1846 0.89610430293444043 0.29220860586888081 0.26392797430996262
1847 0.8711019155744143 0.24220383114882826 0.24651409740284719
1848 0.89591657848173667 0.29183315696347339 0.22870199675575739
1849 0.87091419112171053 0.24182838224342076 0.21128811984864207
1850 0.89572885402903291 0.29145770805806592 0.19347601920155227
1851 0.87072646666900666 0.24145293333801318 0.17606214229443695
1852 0.89554112957632925 0.29108225915265828 0.15825004164734716
1853 0.87053874221630279 0.2410774844326056 0.14083616474023183
1854 0.89535340512362549 0.29070681024725076 0.12302406409314205
1855 0.89760609837282634 0.29521219674565263 0.54573579481019119
1856 0.89798154036857769 0.29596308073715505 0.61618775205141407
1857 0.89873219453033959 0.29746438906067912 0.75709170508448598
1858 0.89891974932761887 0.29783949865523768 0.79231792143145185
1859 0.84572407930898041 0.19144815861796044 0.1586482653873216
1860 0.84553635485627654 0.19107270971255286 0.12342228783311648
1861 0.84609952821438783 0.19219905642877572 0.22910022049573184
1862 0.92091896584176314 0.34183793168352622 0.24611587366287263
1863 0.82278666067888617 0.14557332135777251 0.52872014166671999
1864 0.92392414100710629 0.34784828201421231 0.77450412246681544
1865 0.9239539881784361 0.34790797635687204 0.80973137013323704
1866 0.8991129256788295 0.29822585135765872 0.82754400847572995
1867 0.92411628716607008 0.34823257433214005 0.84495757780534009
1868 0.89929620901094065 0.29859241802188125 0.86276968445970825
1869 0.92429901260976266 0.34859802521952515 0.88018354362159623
1870 0.89948350573107771 0.29896701146215537 0.89799560859704863
1871 0.87448105321113634 0.24896210642227248 0.88058181667192947
1872 0.92376806091459529 0.34753612182919047 0.73927783670796543
1873 0.82447350632809802 0.14894701265619581 0.84575140571107632
1874 0.92129441474716955 0.34258882949433894 0.31656782877128348
1875 0.9214821391998731 0.34296427839974625 0.35179380632548862
1876 0.92035579248365162 0.34071158496730342 0.14043794100025742
1877 0.92016806803094797 0.34033613606189583 0.1052119634460523
1878 0.82372051328612528 0.14744102657225036 0.66962267339146453
1879 0.82342408638472209 0.14684817276944398 0.59917000524386144
1880 0.82266161209483291 0.14532322418966553 0.42303870666790178
1881 0.82234858859859794 0.14469717719719599 0.35258625254754089
1882 0.82224428913483538 0.14448857826967038 0.31735960811700631
1883 0.8947913562526435 0.28958271250528667 0.088604254459723364
1884 0.82138056145378446 0.14276112290756887 0.1412291216593696
1885 0.82130264858521906 0.1426052971704381 0.10600226630169172
1886 0.84547674391840089 0.19095348783680163 0.088195286174859791
1887 0.82163026460530642 0.14326052921061275 0.17645460377297537
1888 0.94742824001312442 0.39485648002624862 0.33507728102127793
1889 0.9239542316339413 0.34790846326788238 0.91429866387111669
1890 0.87404432988177694 0.24808865976355365 0.91450312423053981
1891 0.84956215485962017 0.19912430971924025 0.89817635005138852
1892 0.84919041150752006 0.19838082301504001 0.93115439800958677
1893 0.82530470839577219 0.15060941679154435 0.91450711550058839
1894 0.94673102656207819 0.39346205312415616 0.3701870496386292
1895 0.92135233421661922 0.34270466843323827 0.38643361740161342
1896 0.91890645861852305 0.3378129172370461 0.064806279491630897
1897 0.94498273093827057 0.38996546187654102 0.087399862798962433
1898 0.82094376225753518 0.14188752451507036 0.071351369436388826
1899 0.84582810799182218 0.1916562159836441 0.053300205898125799
1900 0.79698335551906296 0.093966711038125941 0.092850742725252344
1901 0.79552736266311963 0.09105472532623915 0.15844848443203063
1902 0.94948702368030768 0.39897404736061515 0.79233358480051563
1903 0.94956864884959002 0.39913729769917988 0.8971675390748699
1904 0.94410949016160672 0.38821898032321323 0.4057198525195036
1905 0.97057444855724184 0.4411488971144838 0.43242411736089953
1906 0.94012524741281966 0.38025049482563922 0.44016330572294587
1907 0.95816338694203351 0.41632677388406691 0.46398643471001971
1908 0.93015042244728408 0.36030084489456804 0.47199500229693259
1909 0.94821130011144472 0.39642260022288933 0.30206053615734557
1910 0.97398230584205903 0.44796461168411794 0.35725791700266113
1911 0.7994622793957451 0.098924558791490147 0.82802623434645672
1912 0.94833900463321386 0.39667800926642749 0.93718845902563708
1913 0.82404828616949755 0.14809657233899501 0.74009897037378836
1914 0.82387813566311574 0.1477562713262314 0.70484956415594291
1915 0.79917309849845108 0.098346196996902044 0.68800032398348165
1916 0.82475971781264579 0.14951943562529121 0.88066001793731852
1917 0.79984909854551522 0.099698197091030047 0.89879190695448741
1918 0.87410303732073491 0.24820607464146963 0.81012923982064911
1919 0.89858132711846306 0.29716265423692617 0.72186543532410952
1920 0.92340229094282067 0.34680458188564117 0.70405326069999097
1921 0.92317878852539592 0.34635757705079168 0.66882755079683676
1922 0.94873930077511626 0.39747860155023246 0.68665334325251282
1923 0.94798631683076717 0.39597263366153423 0.65101548957395161
1924 0.94849518822742895 0.39699037645485791 0.72153650108504197
1925 0.97467304060944482 0.4493460812188898 0.70549252862819256
1926 0.94940615350563362 0.39881230701126708 0.75709857581207785
1927 0.94951714607738968 0.39903429215477915 0.82738260489791005
1928 0.82360771752251904 0.14721543504503795 0.63439604160166219
1929 0.7989993149661726 0.097998629932345108 0.6179632701290767
1930 0.94967654044964589 0.39935308089929161 0.86234231633942682
1931 0.89779382161260612 0.29558764322521219 0.58096177274203697
1932 0.92234420061335998 0.34468840122671979 0.5983792640917317
1933 0.92253315069379016 0.34506630138758021 0.56315027421742325
1934 0.92195489585582424 0.34390979171164843 0.52890006999677253
1935 0.94768473562698974 0.39536947125397942 0.54595139233144641
1936 0.94750705294131965 0.39501410588263897 0.51454150769121332
1937 0.89688742009204314 0.29377484018408617 0.51164882198046413
1938 0.94713311458526828 0.39426622917053655 0.58261765593841208
1939 0.97161616728478517 0.44323233456957023 0.6026214536122757
1940 0.89880902794892537 0.29761805589785045 0.93075188050626534
1941 0.82328003104389458 0.14656006208778885 0.56394367681753854
1942 0.79841921579283892 0.096838431585677717 0.54792585951744643
1943 0.79821120267602819 0.096422405352056442 0.51344756902575239
1944 0.82304114875836376 0.14608229751672758 0.49384808198080871
1945 0.94650264620827951 0.39300529241655902 0.12331715973566854
1946 0.94670116203459642 0.39340232406919268 0.16110287889864086
1947 0.84657230627351521 0.19314461254703033 0.29955139758177379
1948 0.82214436520691381 0.14428873041382737 0.28213292870965345
1949 0.79815369686618298 0.096307393732365687 0.3027812114204162
1950 0.8226303333861924 0.1452606667723845 0.3878114785293188
1951 0.79834879197853892 0.096697583957077657 0.37282152434362242
1952 0.84641543676723574 0.19283087353447129 0.26432517338164663
1953 0.84603194512895896 0.19206389025791765 0.19387328256462069
1954 0.82184834240235916 0.14369668480471798 0.2116803386909295
1955 0.82210161692407724 0.14420323384815442 0.24690579225598877
1956 0.79797988385043883 0.095959767700877399 0.23274077973619414
1957 0.9214570607039585 0.34291412140791677 0.28189265255593671
1958 0.95183805316420678 0.40367610632841328 0.26650292462679559
1959 0.94801842699452266 0.39603685398904503 0.23011082125089116
1960 0.97167785039947863 0.44335570079895698 0.24493607654838415
1961 0.87030998261302417 0.24061996522604798 0.10574437782214917
1962 0.87016329331089537 0.24032658662179046 0.070384209631821584
1963 0.92111204109663225 0.34222408219326422 0.21119107081451896
1964 0.94826346463463351 0.3965269292692668 0.19719667807781122
1965 0.92081327776220234 0.34162655552440452 0.17612985139662438
1966 0.8966145547198846 0.2932291094397691 0.36950821255956706
1967 0.89626403602131266 0.29252807204262504 0.40361120591671756
1968 0.82292899233170158 0.145857984663403 0.45832362295845375
1969 0.79854356325129661 0.097087126502592866 0.4428718192457845
1970 0.84947480110109241 0.19894960220218477 0.86307739167194419
1971 0.9007515942386124 0.30150318847722463 0.47431202064090533
1972 0.89817043198870605 0.29634086397741183 0.65141372559932098
1973 0.92245797206283042 0.34491594412566073 0.63360583233327961
1974 0.87429115378896782 0.24858230757793548 0.84534007987721949
1975 0.7998022369934461 0.099604473986891831 0.86339089642987887
1976 0.97561700996203204 0.45123401992406381 0.91379310344827569
1977 0.97367438909468407 0.44734877818936797 0.085254665156885415
1978 0.9756170099620316 0.45123401992406298 0.15517241379310354
1979 0.97495994869855707 0.44991989739711419 0.77540126684753796
1980 0.77438299003796884 0.04876598007593743 0.91379310344827569
1981 0.97394146229516976 0.44788292459033935 0.53210102000193693
1982 0.77462766545177364 0.049255330903546994 0.74091217981473223
1983 0.97482513903194534 0.44965027806389046 0.84483153163255831
1984 0.7743829900379674 0.048765980075934565 0.8448275862068958
1985 0.80143020727885694 0.10286041455771398 0.93754383334339186
1986 0.90160690029581303 0.30321380059162611 0.96842447952082822
1987 0.84768009269959887 0.19536018539919781 0.96767334369607427
1988 0.90348049468866432 0.30696098937732857 0.0309613411644491
1989 0.79931748928053958 0.098634978561079042 0.72291709055118081
1990 0.77457223040910006 0.049144460818199988 0.67135400398553147
1991 0.79921556972555063 0.098431139451101074 0.65279022167945222
1992 0.77449026179446523 0.048980523588930451 0.60179673664805511
1993 0.79876938429280786 0.097538768585615429 0.58302603488122151
1994 0.77361599417322391 0.047231988346447908 0.53338740802447437
1995 0.97420963604516886 0.4484192720903375 0.67077737273100746
1996 0.7742259665007778 0.048451933001555432 0.49767696026864855
1997 0.95859363430757694 0.41718726861515376 0.97231579180319883
1998 0.95833333333333315 0.41666666666666613 0.027396520796638197
1999 0.79088097304800342 0.081761946096006774 0.027740063150113323
2000 0.7913845889272294 0.082769177854458573 0.972357274151748
2001 0.79844276357753441 0.09688552715506886 0.47822205795228523
2002 0.77426867643425057 0.048537352868501013 0.42790252651901245
2003 0.79832765286465768 0.096655305729315383 0.40802480281572651
2004 0.9463516565273562 0.39270331305471229 0.61666560924659364
2005 0.7741725898753774 0.048345179750754433 0.35834264206075578
2006 0.79809880212974571 0.096197604259491379 0.33802208408936724
2007 0.94922466013378171 0.39844932026756319 0.056853884932858922
2008 0.77407327967888917 0.048146559357778201 0.28878447175350747
2009 0.79793240273369714 0.095864805467394273 0.26802083205925614
2010 0.77397427410707598 0.047948548214151843 0.21922633333411506
2011 0.79851586284276233 0.097031725685524456 0.19580863358592807
2012 0.76866370525085814 0.037327410501716222 0.15502989244814958
2013 0.80200437562148386 0.10400875124296731 0.12391367511096453
2014 0.77214232193032817 0.044284643860656184 0.084346527577290498
2015 0.91942990294588289 0.33885980589176551 0.4197078071690506
2016 0.89198421225901126 0.2839684245180224 0.05763808861381968
2017 0.97420647598810983 0.44841295197621972 0.32377859937504178
2018 0.8472222222222221 0.19444444444444423 0.023814063914668233
2019 0.79547915195151719 0.090958303903034318 0.059971889408030124
2020 0.92186052869715696 0.34372105739431374 0.49815081804500883
2021 0.97715956738277399 0.45431913476554775 0.2182352021521419
2022 0.98031556214799054 0.46063112429598096 0.46432544406714849
2023 0.92148378563647126 0.34296757127294258 0.94397040362614848
2024 0.82826577016544012 0.15653154033088015 0.94421176783460892
2025 0.87193005873982909 0.24386011747965808 0.94451326510718847
2026 0.91729504630532233 0.3345900926106446 0.44881843048312153
2027 0.98027184146559476 0.46054368293118947 0.024138041458430896
2028 0.97986390092294029 0.45972780184588058 0.97520990688255593
2029 0.7701360990770596 0.040272198154118866 0.97520990688255593
2030 0.77013609907705982 0.040272198154119684 0.024790093117445209
2031 0.98009716785684209 0.4601943357136839 0.2672931743017144
2032 0.96004817224629979 0.42009634449259936 0.1043741229551552
2033 0.94675484416286837 0.39350968832573668 0.48690886184577381
2034 0.1668810960762471 0.27127183013768347 1
2035 0.83474133983284649 0.72013915968596554 1
2036 0.16012181204970788 0.71799077601974381 1
2037 0.8339454802434747 0.27241041786377285 1
2038 0.49961732766466582 0.054125403870769799 1
2039 0.49926936135201599 0.94408653755513994 1
2040 0.084721458816084907 0.55586382378473198 1
2041 0.91791838282741312 0.44129037398962151 1
2042 0.74975486820221893 0.88831553922137529 1
2043 0.3323593628516926 0.94243310547954806 1
2044 0.66544625659617562 0.049623131574780398 1
2045 0.24647044239856344 0.11620451249779631 1
2046 0.21709800715406136 0.82988203258535465 1
2047 0.89157554283388474 0.60813242458300587 1
2048 0.61072245497141864 0.9442131288250698 1
2049 0.3883808420738955 0.053955092268932456 1
2050 0.11072749854418135 0.3837341424227742 1
2051 0.77826230491125514 0.16244040045767677 1
2052 0.72193518636703657 0.94418476579615485 1
2053 0.69345399156558496 0.88726156012977531 1
2054 0.72190421148244033 0.83095080432756063 1
2055 0.66477323132624211 0.82971242009939261 1
2056 0.69406632260182366 0.77293118285716411 1
2057 0.63657480641667663 0.77209141209711829 1
2058 0.66592933931657483 0.71502026067282176 1
2059 0.60841021128894202 0.71422246197213679 1
2060 0.63776880152536575 0.65711075364614535 1
2061 0.58024807102927689 0.65631190554405172 1
2062 0.60960702375484088 0.59919195870239139 1
2063 0.55208618607840598 0.59839374481838925 1
2064 0.58144518278884305 0.5412722991007165 1
2065 0.52392433624151569 0.54047417401466025 1
2066 0.55328333914793781 0.4833524499289083 1
2067 0.49576249182170623 0.48255433659298763 1
2068 0.49456533218297216 0.59759596485160704 1
2069 0.52512149583333301 0.42543255449108092 1
2070 0.46760064837054471 0.42463444702915193 1
2071 0.63896602934563229 0.54207040750810309 1
2072 0.49695965254644009 0.3675126560788865 1
2073 0.43943880508615218 0.36671454827955324 1
2074 0.41007980086085183 0.42383634200740222 1
2075 0.55448050002267524 0.36831076294933851 1
2076 0.55088903614834661 0.71343585670123255 1
2077 0.38191795761197528 0.36591644126059758 1
2078 0.35255895338431736 0.42303823511848787 1
2079 0.52631865677450906 0.31039086219628859 1
2080 0.5838395042434944 0.31118896950698005 1
2081 0.41127696183758855 0.30879464751733343 1
2082 0.35375611436772658 0.30799654025552547 1
2083 0.61200134748542434 0.36910887063552461 1
2084 0.64136035171129635 0.31198707688864324 1
2085 0.66952219495305232 0.36990697802880257 1
2086 0.38072079662622371 0.48095813625731143 1
2087 0.32319994915539463 0.48016002904691479 1
2088 0.35136179239775184 0.53807993015847166 1
2089 0.29384094492869556 0.53728182285097204 1
2090 0.3220027881707192 0.59520172398080096 1
2091 0.55567766100023119 0.25326906845752711 1
2092 0.69529208689509014 0.65791038979869665 1
2093 0.29503810591374163 0.42224012789635679 1
2094 0.3831151185941114 0.25087474646921681 1
2095 0.26448194070188757 0.59440361666099939 1
2096 0.29264378394390828 0.65232351779098674 1
2097 0.35016463141267962 0.65312162511408756 1
2098 0.23632009745987856 0.53648371553037189 1
2099 0.32080562718591454 0.71024341892176635 1
2100 0.3783264746546835 0.71104152624499928 1
2101 0.34897001380493264 0.76791891315505412 1
2102 0.4064887417928631 0.76892069289259979 1
2103 0.32559427112509709 0.25007663915975947 1
2104 0.69888119917971425 0.31278518423331725 1
2105 0.72704304242158346 0.37070508536729052 1
2106 0.67071935593775633 0.25486528310485135 1
2107 0.20696109323311465 0.59360550933798828 1
2108 0.35495327535175181 0.19295484535833515 1
2109 0.412474122820505 0.19375295268245904 1
2110 0.60722663353730921 0.82895532826383866 1
2111 0.69768403819376912 0.42782687924101265 1
2112 0.75520488566329969 0.4286249865119256 1
2113 0.72584588141861206 0.48574678037721791 1
2114 0.78336672890234493 0.48654488764567022 1
2115 0.75400772464089971 0.54366668150815889 1
2116 0.29623526689829882 0.30719843296923238 1
2117 0.43584739277281281 0.71183284448780781 1
2118 0.46400931300986931 0.76975165841706916 1
2119 0.43465025639547078 0.82687322671177454 1
2120 0.49217429229470722 0.82739381324019501 1
2121 0.27031992762332008 0.25081805211264696 1
2122 0.81158870617426826 0.43016022158253509 1
2123 0.18002706620805248 0.53488962232239634 1
2124 0.2083628902540148 0.47843115008626591 1
2125 0.40888263986752366 0.53887803747878382 1
2126 0.49815681353149388 0.2524709611276118 1
2127 0.52751581775819023 0.19534916733074828 1
2128 0.58503666522697517 0.19614727465572918 1
2129 0.26461570655994815 0.70858247971345201 1
2130 0.55684493104945409 0.14109975571644018 1
2131 0.81090774345390093 0.54403933733761867 1
2132 0.78144555876373256 0.60109042504845556 1
2133 0.72824020340642281 0.25566339043444702 1
2134 0.69605669090240108 0.20312548695691748 1
2135 0.75034726980632183 0.77438270340330118 1
2136 0.61439566945379476 0.13902548085035668 1
2137 0.15552582470657086 0.48098036781128717 1
2138 0.18147308748678703 0.42163816188493286 1
2139 0.23871441942935398 0.30640032565585773 1
2140 0.14944024576434167 0.59280740201497117 1
2141 0.49935397451625646 0.13742926620380891 1
2142 0.5816076921137302 0.092791853101537383 1
2143 0.38431227957839686 0.13583305155745501 1
2144 0.32847418176247706 0.14111528007436269 1
2145 0.46281200438072262 0.88480122963621044 1
2146 0.40903463959397812 0.88422779836313836 1
2147 0.18290860280254154 0.65510353545659017 1
2148 0.72283719627947374 0.71565402358837071 1
2149 0.57905463338912599 0.77129147315057212 1
2150 0.54969936939983866 0.82808237769876569 1
2151 0.57982529136392091 0.88593859174687395 1
2152 0.75218879796035454 0.65831984378584885 1
2153 0.72456712391513922 0.60073474813558903 1
2154 0.80769412848703137 0.66040691799900186 1
2155 0.49336827440258646 0.71263534238706938 1
2156 0.52153248644074568 0.77043175359915073 1
2157 0.61080418650663271 0.48415056014077845 1
2158 0.66711465707351369 0.5999811387060644 1
2159 0.52272720436529918 0.65551510901057986 1
2160 0.46520636095235063 0.65471615530088156 1
2161 0.72201882054380695 0.05489505896616708 1
2162 0.69296400682388681 0.10178297620079324 1
2163 0.27777777777777785 0.94444444444444442 1
2164 0.30221302273466921 0.88400301041829865 1
2165 0.27605328871861984 0.054254484179271083 1
2166 0.46640348788598418 0.53967611587694442 1
2167 0.66832503386591569 0.4849486622614233 1
2168 0.58264234328697284 0.42623066166693302 1
2169 0.44183312704716721 0.13663115888061825 1
2170 0.64016319071830585 0.42702876957485664 1
2171 0.46999497028933923 0.19455106000723427 1
2172 0.46879780930643433 0.30959275483630544 1
2173 0.43824164423880574 0.48175623587376354 1
2174 0.26687626267145631 0.3643202267812114 1
2175 0.21067804037374455 0.36442774082459234 1
2176 0.6398500963902044 0.19916304599037365 1
2177 0.23769971335949755 0.42154935815636985 1
2178 0.43704448923494837 0.59679763954230025 1
2179 0.40768549744448301 0.6539182703329488 1
2180 0.44063596606272237 0.25167285380183285 1
2181 0.37952363975468428 0.59599953776789882 1
2182 0.84016881445375502 0.48777304446013725 1
2183 0.86485321570584506 0.54848789161849321 1
2184 0.32439711014125266 0.36511833404690192 1
2185 0.26574361684520381 0.47935770059454191 1
2186 0.29302812530472183 0.76603655509877833 1
2187 0.24100708144113447 0.76826420989280719 1
2188 0.75640204664835065 0.31358329156485393 1
2189 0.37900577771195343 0.82501734537275351 1
2190 0.61274727241832627 0.25443678643401751 1
2191 0.23756010342443382 0.65124814532071362 1
2192 0.30046012755956159 0.1950528009916217 1
2193 0.24659217602031355 0.19178111214723839 1
2194 0.78267178650765801 0.37272983196497006 1
2195 0.83724743966012116 0.37878312218114735 1
2196 0.69647107504328543 0.54285806974942608 1
2197 0.053802557786589419 0.49872847669413523 1
2198 0.94547742958264591 0.49874015601013788 1
2199 0.75093955209970997 0.10721680499731402 1
2200 0.33096316255120711 0.050759344904495116 1
2201 0.77777777777777801 0.83333333333333282 1
2202 0.2473305627761862 0.88512526028360616 1
2203 0.66605305165691409 0.94381007165433983 1
2204 0.44399383106208568 0.052985342610390902 1
2205 0.80459897793906587 0.21554610978548217 1
2206 0.080664445106929966 0.43960031467767302 1
2207 0.13901508056552309 0.32572054594492195 1
2208 0.55412007371077399 0.9435325528467553 1
2209 0.38766016266064296 0.94323856476870416 1
2210 0.442828661299001 0.94379731424487889 1
2211 0.32478535501691397 0.82340155560047956 1
2212 0.63654955438750938 0.88637136355575985 1
2213 0.52034706703869948 0.8838929848070104 1
2214 0.8059812772821302 0.775655991163272 1
2215 0.77896500160802629 0.71742643993762667 1
2216 0.19195863194850835 0.2112175786426754 1
2217 0.86258866832980496 0.66289989540264205 1
2218 0.83635499064536045 0.60293495797747565 1
2219 0.91871277169669496 0.55406448904736305 1
2220 0.89154004626382188 0.38410907945271439 1
2221 0.86413344459817987 0.43528777414095304 1
2222 0.13378391890192254 0.53132076157380426 1
2223 0.35584305342830835 0.88372023000048705 1
2224 0.10102132589141455 0.61953418110231406 1
2225 0.13153225206226979 0.66491158906241921 1
2226 0.21225609337944956 0.71395239741301553 1
2227 0.89187734314408884 0.49427395487778436 1
2228 0.18933975826331814 0.77353342117033874 1
2229 0.27071537142918412 0.82411019072474045 1
2230 0.86569217952707433 0.32781080200079993 1
2231 0.55533014585504326 0.047292741262382768 1
2232 0.80494750572475127 0.32112620051930651 1
2233 0.77487109999811266 0.26352138756018412 1
2234 0.74607053803710865 0.20601556394237072 1
2235 0.63461233438894171 0.092478460904252255 1
2236 0.66180979946990393 0.14803416225292945 1
2237 0.72101714870737765 0.15476923246800034 1
2238 0.52764784397657827 0.095729691338754475 1
2239 0.61022444260033071 0.044821429404335096 1
2240 0.47100709869296564 0.097290149799284645 1
2241 0.22113861506619981 0.25777947666271178 1
2242 0.10347255795959967 0.49069027361998696 1
2243 0.41347329596971433 0.097736983159209867 1
2244 0.28414702130859221 0.14847299743554745 1
2245 0.13590695509466585 0.43021383814393332 1
2246 0.20869136404873145 0.15764609455100675 1
2247 0.16527219227754431 0.3728918855798512 1
2248 0.19429133866485418 0.31577131058219543 1
2249 0.35646854292731084 0.097454925090697683 1
2250 0.30376277327779511 0.10137692403036172 1
2251 0.51475985757167253 0.49780462408238857 0.28516719274916036
2252 0.49745895961367503 0.46069117607384052 0.65910588776646439
2253 0.34674956028913123 0.49992593444646011 0.81371411447625719
2254 0.43348683456073339 0.34836866672258598 0.48069618108620993
2255 0.65192353429102101 0.54364804439414294 0.8133296866541776
2256 0.61562878794023279 0.68311346578548293 0.46657457687439935
2257 0.32365655884842726 0.4988670808899468 0.15170111099430747
2258 0.62560607034830118 0.61271263340115711 0.15765080801443043
2259 0.51115909430050577 0.3131018465864307 0.17103500704253782
2260 0.54238493124644449 0.25433384941734982 0.83933000805034785
2261 0.72506695996442672 0.48384579450043691 0.36998525258911769
2262 0.39737850879464837 0.69635480613583201 0.37187463694281447
2263 0.37957962843297166 0.26819840751038548 0.72548206761445622
2264 0.36311384620442022 0.74351654097657882 0.74730477228128966
2265 0.71409992452077131 0.47389409537608174 0.56317923892896093
2266 0.23306470751128386 0.458654182817398 0.62228391087746038
2267 0.62117304741935919 0.262456677403206 0.69087814147342685
2268 0.61603566961441203 0.72725543344693755 0.67203085461383261
2269 0.61488145706387876 0.26476530685177957 0.41720616269650124
2270 0.41743882546777072 0.72713692540244745 0.85735944196683855
2271 0.26460254716333576 0.50584740445210108 0.40599078628553781
2272 0.3770516651022866 0.27769645933544462 0.33590340544807956
2273 0.62187858497326853 0.24269202449914773 0.55060786468667955
2274 0.39025727921964048 0.73186647133604554 0.5453913437017478
2275 0.60870675984153721 0.71919699420963268 0.29606959345786987
2276 0.43911047383865792 0.74881427805430445 0.12560118676712137
2277 0.71358135678839618 0.3729193682922845 0.11112596153602679
2278 0.36219341185200277 0.24508488794712591 0.59283380380062711
2279 0.68222227093705823 0.31311332949814569 0.24932871501950726
2280 0.71874736632970193 0.38850208584931639 0.87169165696393891
2281 0.36488454796722453 0.22550166467777272 0.87641104826844551
2282 0.31463746776149693 0.28581090984453944 0.1120753000562473
2283 0.22074787856444045 0.51143207303745142 0.28973281660184863
2284 0.60807519326886117 0.79123161946092435 0.89013982076863163
2285 0.29264187126784363 0.33382086073437772 0.22890766726638931
2286 0.81733561639656893 0.50549043487634182 0.097808701662677355
2287 0.70605413211597612 0.44899413610041267 0.73701513530207508
2288 0.2753976475333042 0.6246511352811106 0.89883314100207168
2289 0.68448772539851466 0.77955639329118942 0.79973863557273817
2290 0.64666615883494738 0.81233874921477167 0.08442695902560135
2291 0.40515215948012206 0.22004186245093385 0.23189738746746791
2292 0.56435456675264462 0.20892480146112782 0.2852237121589955
2293 0.32008628595485278 0.65893146102259215 0.23463707916362309
2294 0.43783273392916622 0.7794320811250347 0.24399251444887135
2295 0.25886233872778547 0.42870469597228278 0.90504655547050772
2296 0.7914968430916427 0.51629548129597769 0.21083555724458089
2297 0.77135117806435149 0.6153529287577294 0.91540641803068157
2298 0.74311061295763059 0.64981062946813917 0.28984060948336726
2299 0.6091593068813147 0.8523481195088195 0.20726533960996671
2300 0.76992069017317022 0.66182261513700391 0.081101707681924387
2301 0.51196673053659791 0.82548971375088875 0.7922834798575753
2302 0.18207698905654809 0.50543687251552205 0.0871744175867461
2303 0.26365099265188163 0.65221791601151158 0.088380305950463964
2304 0.33186671844936044 0.8578250420670418 0.077340825966491777
2305 0.60069396529924912 0.45670242707202524 0.91718531595050301
2306 0.4280801969591288 0.56831541993152501 0.89628347122240781
2307 0.52900540196123991 0.18210873229397997 0.078509060398308211
2308 0.67525345729649555 0.74350168926950433 0.57896648514492521
2309 0.54174095482563911 0.83121519460781457 0.5969787431759922
2310 0.8228291585453883 0.53728725692041357 0.80479732717541053
2311 0.76146045429330877 0.65955273517145019 0.50758700491734243
2312 0.83781555021689091 0.4871286172680187 0.47996666488704576
2313 0.76640763632258579 0.64836303281660523 0.6553333348378021
2314 0.7581384922940464 0.64800180533800011 0.7447297934930257
2315 0.44650235239451486 0.42247006728258202 0.085276812144853789
2316 0.24369067060479796 0.42778294829139163 0.51909067985535584
2317 0.23850015823746645 0.61336244626867953 0.48590644401239658
2318 0.27507830168565872 0.32338033160542068 0.44770854802677651
2319 0.44837466925183561 0.38098858201580255 0.90461121468146222
2320 0.36321795029242132 0.17343715704295853 0.42598360010995645
2321 0.73263049327088614 0.30485073748641112 0.79135390286863283
2322 0.64931304530417266 0.19721193162614689 0.77214482272493223
2323 0.75844308466539434 0.30427861140060281 0.45238328325851312
2324 0.27261518013333119 0.44207858239521208 0.71450703199980681
2325 0.25437925889853508 0.62290954505560991 0.695374953100235
2326 0.2812946202192203 0.33145238268049032 0.80640903112299445
2327 0.2583831389245187 0.69660743324930197 0.79892374624465479
2328 0.16040883555292076 0.50776562384948476 0.81156351120134684
2329 0.23940747295104639 0.66396067598613739 0.6310927309091644
2330 0.5131106146920098 0.1882364672027266 0.61107992667416455
2331 0.76530908488445004 0.69908679289074749 0.3600577886068384
2332 0.61848379359838501 0.82148695230545943 0.4023747979499207
2333 0.61469685148404518 0.47830599377591843 0.078732226162536723
2334 0.40672708421081 0.5797017979764465 0.08795069602765325
2335 0.48286483418245174 0.83918830940134803 0.40378013366131044
2336 0.47851449409018265 0.16031497820965912 0.54533107665485869
2337 0.69052830295730405 0.18604341136892977 0.91012967951109103
2338 0.65275739290271195 0.86653794204454804 0.48713009135999036
2339 0.3001305770206345 0.20292469382354203 0.50429340108667886
2340 0.71290298140749375 0.75767344137468706 0.22644064216781604
2341 0.49590009840982946 0.84973381997085695 0.50662539421296038
2342 0.49777275018947159 0.16043207010770036 0.90241404571196771
2343 0.25229005296459012 0.69062957655253465 0.33358384205130648
2344 0.60191266643897823 0.14380866198354075 0.19594542409803803
2345 0.32441265622746085 0.83206625829560787 0.63615733937247509
2346 0.56922203110814851 0.63686394289277404 0.91042123417094101
2347 0.18929151358693816 0.42935128003689571 0.19272687032705696
2348 0.69440098481125023 0.18660685688511355 0.14314653136098868
2349 0.44490703794251735 0.16592882723291305 0.14759388752035549
2350 0.23216838228384681 0.34823187474384143 0.33724388492219265
2351 0.24747671792117323 0.3207368395053784 0.65741466603700693
2352 0.49422159885909772 0.85862198502088649 0.34921484158012472
2353 0.72426236636530461 0.30563015248154823 0.33899514162105859
2354 0.47566440901392637 0.14554276186375092 0.38150633729907685
2355 0.27205546480361453 0.75503941435452793 0.43810226527741314
2356 0.29737232025481181 0.82031541908888794 0.29160835523241446
2357 0.56520174963381653 0.67173602588373049 0.071050644274123026
2358 0.83954391242736159 0.46713122656359979 0.2866935471637384
2359 0.52877771486029379 0.150035873748667 0.4609283861629716
2360 0.43464690170479436 0.14310148625882133 0.81998500191084778
2361 0.22235435495874933 0.63366556698857224 0.18017138648473977
2362 0.24730762543992837 0.27839339684596437 0.58078140948088663
2363 0.44167246659725135 0.86287817354709218 0.66172297039294659
2364 0.43240303111593575 0.31922816652964264 0.81511552116508312
2365 0.7806962302353091 0.33881028082484005 0.65985806631094079
2366 0.85003947012858005 0.49113154560805594 0.65347084542505995
2367 0.6690475757682709 0.47931663656679419 0.27433159905246507
2368 0.1384395232357874 0.50538526339496337 0.66509520960206647
2369 0.27832921459740145 0.78038452366206901 0.16381309218427423
2370 0.30222832325222521 0.17445377201955667 0.78680431309536381
2371 0.3013614999236971 0.47755789516365355 0.072512853724526732
2372 0.14036157691819448 0.48952048783089835 0.56299676388741193
2373 0.85139307048935076 0.49665576747295764 0.92159054766207271
2374 0.77039668204711265 0.68587545516095438 0.83307715102824431
2375 0.38840742818801915 0.8670250682345001 0.79216759302633921
2376 0.13494525831870441 0.49471013336355535 0.45525615452766227
2377 0.68148338625935634 0.87110661879662865 0.64257769285239097
2378 0.28103994601177162 0.78412133530459371 0.87073914137879849
2379 0.69173871801985176 0.1596706910371668 0.319788677904011
2380 0.35507071944415619 0.12851869542282954 0.074934740843883005
2381 0.7867776618767256 0.3580264443472897 0.52693483969082755
2382 0.79629673460828276 0.62043374446745225 0.43614815686058289
2383 0.79254795128378963 0.63914204193524404 0.16469316116368127
2384 0.20984744712168826 0.34755596597428351 0.072373826490147064
2385 0.25855368820736513 0.24974872141816443 0.92275135612055059
2386 0.15172560056012302 0.51412010931737862 0.93128319236717205
2387 0.33433255597346528 0.15100564630636149 0.66284020561702228
2388 0.47344649405377837 0.37655026801973185 0.57170000631236073
2389 0.73486580056415007 0.77948042231084769 0.93175951237976706
2390 0.54058430729105877 0.32901534988227199 0.070092689114938711
2391 0.5282409808788886 0.86205977844037129 0.064690070446461093
2392 0.48835014825287387 0.84544271404600413 0.91718148739189953
2393 0.7408590871257652 0.75608184332770645 0.4298156092851188
2394 0.32721911089922728 0.87833880603482495 0.21008507442336433
2395 0.67736543560666174 0.86580098793172866 0.73124393362679807
2396 0.68466973858607305 0.16538347457343677 0.48800216330597901
2397 0.13728950649503113 0.49001195806732101 0.34520092768582766
2398 0.30214701776812247 0.19112551932194055 0.27362175340702832
2399 0.28503084759410346 0.20081941691228858 0.1840300311187209
2400 0.69694475506358988 0.53260182088054364 0.07494097418723436
2401 0.23381213830482411 0.27457946508204173 0.72288198047004049
2402 0.67800230110229565 0.17510979335804502 0.62406329639951286
2403 0.26517972072789442 0.234171476681554 0.38097540361012283
2404 0.44357728181065764 0.5918472218495554 0.45426070630864573
2405 0.3767226675621631 0.67833403137739112 0.93661754672775122
2406 0.21786323229962037 0.33528478549145246 0.16322705709091137
2407 0.54519485905542819 0.87513495402749708 0.7199342264861609
2408 0.50528614716255271 0.13051865255853248 0.69262430847786915
2409 0.675913442174367 0.86522044116062891 0.24974286432881293
2410 0.56317840651441853 0.13117416471081464 0.84068715916697345
2411 0.25232780149366851 0.77054898995733745 0.68684320625224005
2412 0.78040515162228596 0.32886883541632544 0.41026598361792327
2413 0.54855738517722219 0.88038329057563081 0.26612796806843797
2414 0.4528522403618131 0.14260108227719695 0.30924228672396603
2415 0.55283567372402476 0.31333081871364471 0.93039137255309778
2416 0.41940211119202803 0.87294985148161774 0.58556490041439258
2417 0.85405735181764664 0.51599648273923149 0.73121730679328845
2418 0.5122879985428529 0.52464484870211003 0.17689928709962846
2419 0.19117023016722878 0.64104066723184483 0.41680082010977743
2420 0.4817030427359929 0.8732231734720014 0.16974485827552774
2421 0.34059588670346569 0.87172071481072599 0.92456827165063682
2422 0.67392255588905181 0.15689947556489772 0.227236814350019
2423 0.19077577282815864 0.37582065119169195 0.84985326267408923
2424 0.4269692403075443 0.27476882871855357 0.066499796613864487
2425 0.85346479309737333 0.54307119747512034 0.34912418567229292
2426 0.72328642360588602 0.21928733463940331 0.70815825571805391
2427 0.52008091753062435 0.11978891779247654 0.75991843418586713
2428 0.13072008317947259 0.53337936424604493 0.74012082599262885
2429 0.66995159729500187 0.51413655551285087 0.93254298833360938
2430 0.5933523346277606 0.1216215243451796 0.37139905550039687
2431 0.67950469564326033 0.12424430969875185 0.7045709389226994
2432 0.31682114035010783 0.87084141859352249 0.48815667577471339
2433 0.28005385868578747 0.81174014401463479 0.7555412179812222
2434 0.71429410533417981 0.20458882649566024 0.8336527088917699
2435 0.87283422543596456 0.49441151156905128 0.57790733009492845
2436 0.81728093831278814 0.63025490950484664 0.5877822231515053
2437 0.27572280275305761 0.80505349397205983 0.37192821888859806
2438 0.77333878465316519 0.27680154220072928 0.58405076755966101
2439 0.17448492071407309 0.39544572290017477 0.39892344180056422
2440 0.8705951768583341 0.5159845280539761 0.40244243923156503
2441 0.66161124451395181 0.87388219283947866 0.56195840580438128
2442 0.71991533199231939 0.52847241868106853 0.13572017545227558
2443 0.32192419961590923 0.86653581881680952 0.70957045791274242
2444 0.67624978525327006 0.86771360729868219 0.34630606189296159
2445 0.65656106953342142 0.25334549763959779 0.065663574697788427
2446 0.29554620942798482 0.85229586582967298 0.56346522290830148
2447 0.24348806526926531 0.72628012642680861 0.54078700967654325
2448 0.76359794219418797 0.28450774487203673 0.17569057957174974
2449 0.80424463027378224 0.36230064100791254 0.2290522366488239
2450 0.75902130308081661 0.76045435019119356 0.69992999334666794
2451 0.32626586464944068 0.12519635507123184 0.34491008372210991
2452 0.17462810335751378 0.39269509904891342 0.62069073528645735
2453 0.68758885390271218 0.87722221185607119 0.84597869197889874
2454 0.26605412655932598 0.59299486408428381 0.5655755583410792
2455 0.81404991981476005 0.37810130278440318 0.067227183299305215
2456 0.44953416604274993 0.88016779703785775 0.85022219251689601
2457 0.62280803409302621 0.57218128393358425 0.69522489558830525
2458 0.3619312179617038 0.51215535715851324 0.92212557501942316
2459 0.35395428472932106 0.86253243237636745 0.42009649383598052
2460 0.41137856552808683 0.72651665169792612 0.46905133803734539
2461 0.71947331191496744 0.20479830597751331 0.3676989748106671
2462 0.1708640343967619 0.59139906773606665 0.23741890167332008
2463 0.73855379895735496 0.77335170030746436 0.14213076715283826
2464 0.74423885995954597 0.75125086808129005 0.30846781664791278
2465 0.82323194368331765 0.38480178939805076 0.82461507015012014
2466 0.76503129779998491 0.28773321592203593 0.9306801287129578
2467 0.81808783721761369 0.40581938051094801 0.15707620655077478
2468 0.16737539807371435 0.62678997128582614 0.84729655263412718
2469 0.26075249475030438 0.73951385695250438 0.93583151344177662
2470 0.61815182295142324 0.13369840952788287 0.93045612343829587
2471 0.49390446231263646 0.71696267136997438 0.93255705328257421
2472 0.38514205374970523 0.10830389914245236 0.7356341993390566
2473 0.37137541009727626 0.87604784534699254 0.34560824530527878
2474 0.55554372520298534 0.65836164189886215 0.84004314044255779
2475 0.19244118458300041 0.37261721297391154 0.27371407384819402
2476 0.44154515833056041 0.6747604665897039 0.62593302678440599
2477 0.58198179183216847 0.11235839668040488 0.51848989062375495
2478 0.17601379581136364 0.6016456619694549 0.61610277436023575
2479 0.2890293582234742 0.16090504024463964 0.936101529978979
2480 0.67828602341699562 0.87412522384260116 0.17551433581966178
2481 0.40268515573174052 0.11165329461640847 0.48756199916740878
2482 0.18112280899798286 0.36911840992936973 0.78017082059959941
2483 0.40539728730018221 0.12134568522394798 0.63216450189683171
2484 0.33863208234724118 0.42939698387579506 0.27317827894895447
2485 0.39862417829252633 0.70241487021254534 0.20368199760970854
2486 0.68774404910130316 0.66738568336725501 0.87857752518253496
2487 0.51094658526151393 0.54403273374065131 0.06924682585789807
2488 0.43242026961837887 0.86927608299421077 0.73631441405604048
2489 0.65633376571776192 0.46719074552025158 0.50046071748073873
2490 0.33880607338578383 0.36494235728706254 0.94054873466593958
2491 0.84519283651508881 0.57391293028784762 0.27409778899096865
2492 0.80059300072569684 0.32907435540005697 0.73938736046972453
2493 0.58646258776425464 0.41453411163827114 0.75461702901116845
2494 0.76321872466163543 0.26019454649076351 0.08066009480530309
2495 0.75025260405561656 0.25656131811513994 0.53608774701257644
2496 0.83269936627816921 0.40633041449295043 0.35517211832068563
2497 0.73903577888936811 0.78374164259861478 0.066780451752914499
2498 0.31358972010372971 0.3584098522534433 0.87085840942686787
2499 0.50699019203382678 0.68119284339937536 0.40731413296943331
2500 0.55670494854484565 0.91850500655412914 0.84647253797077915
2501 0.37034631027303455 0.67959876515518913 0.066442635248821602
2502 0.60774234214274148 0.73551155274972435 0.53300221407425719
2503 0.35882700403675172 0.47227093955706367 0.88239490292534983
2504 0.48286194884165612 0.46729473121708393 0.82744522619621463
2505 0.67918441774029392 0.8651291566800986 0.93588025931249053
2506 0.75677598587590689 0.45002086813129677 0.83692253357312352
2507 0.44281403753453896 0.73056326375926417 0.068206599990194738
2508 0.25175973680612568 0.22999427856695553 0.060275018443194245
2509 0.57307756027068413 0.87866814351046585 0.47042945479198967
2510 0.56914652362682261 0.89866992118503719 0.14442346929678096
2511 0.54787332366622588 0.75557098927171251 0.14633292457943245
2512 0.16961480176823385 0.38966579665649415 0.94090805368500963
2513 0.2190282258681365 0.30151767253438994 0.50403894875418787
2514 0.82845646911966075 0.59481099349646027 0.87954905555126772
2515 0.6942658385513315 0.12221536196917129 0.5574238573436634
2516 0.50704124607163692 0.11134071280617665 0.24676409328268661
2517 0.50389791274660156 0.24787135896647453 0.23000115351678152
2518 0.82149551625662554 0.61691793467641964 0.69364580664484976
2519 0.58230975132292573 0.12808446032899565 0.6723777025743608
2520 0.4046482116097877 0.077376094069405779 0.92656294237169057
2521 0.37127184432590954 0.87290344558571908 0.14447098302312686
2522 0.40288708649383026 0.25418131706886665 0.9291413152717708
2523 0.74921446776081113 0.77605273596300683 0.53342867050865972
2524 0.74213732781935926 0.23766181667625136 0.26767987397820087
2525 0.57172039381776951 0.89236430679471823 0.65502912181812223
2526 0.3128651822494905 0.11416997114649745 0.84706423175633994
2527 0.66055110085975488 0.40239765945161038 0.065985185049001527
2528 0.64553478843474565 0.32672579849847871 0.62272753980363749
2529 0.33502034686561244 0.87743436503549799 0.85610177889271111
2530 0.67051472524994482 0.12909430219375445 0.4371089710225754
2531 0.65857251911151182 0.34226577928985169 0.94110042988471776
2532 0.11161338689312025 0.50265803613917992 0.23645650234124119
2533 0.58983724552337624 0.88024858185384225 0.77035400058443704
2534 0.1354751668712057 0.5463239686067648 0.15813244175427743
2535 0.84469916903579245 0.57429669433467168 0.52118759193066277
2536 0.3160997158930916 0.12093970563921654 0.56228824747507644
2537 0.6328812051455992 0.27695722041926918 0.19888737820419558
2538 0.77802323564001086 0.28500769045118157 0.85921367868732113
2539 0.66809966127766984 0.66281360875815876 0.93383129092588979
2540 0.68574685562032267 0.1266371522952896 0.068499917407217698
2541 0.43146851533082875 0.88599177322465572 0.48136206971085377
2542 0.45543674502667486 0.1212121299432851 0.073205310525378001
2543 0.33763284349467176 0.43098227702562897 0.60980360416112867
2544 0.74021166524132997 0.76116180608706896 0.60985710322064368
2545 0.81527871738383439 0.39093181660097437 0.62436457518473021
2546 0.66272094285342287 0.65584636488581072 0.055657489330609211
2547 0.14241494809221983 0.63981001797266845 0.31391943594431265
2548 0.26631752550215948 0.19083035742188079 0.45377049224363708
2549 0.17583651929101365 0.37582315166737557 0.68365660160626762
2550 0.86328541650623691 0.52391758383431175 0.15988035091241018
2551 0.48793127880207943 0.48623654482164608 0.94254208130485706
2552 0.17880546126262822 0.59299594710475467 0.054161142402754194
2553 0.36140693570852472 0.56495622717890848 0.30277274227981726
2554 0.53152637682097914 0.10537076320213211 0.14545224796254427
2555 0.60111760328349217 0.36495928098839742 0.29892644317343681
2556 0.34557564362838322 0.34738353815239276 0.058759034932895977
2557 0.77282852152830617 0.51260191908304231 0.87122676353372586
2558 0.24337674075296215 0.23898721607310305 0.84836576231964056
2559 0.15327290702051877 0.54870164943578625 0.52463266973947431
2560 0.53810069224431123 0.91032274015949477 0.3825555134251461
2561 0.73422268038256133 0.22261556855288117 0.763663513085443
2562 0.70299722496665296 0.42342029381310342 0.19304023939551196
2563 0.34757722908563937 0.12216091877436611 0.1290598784130296
2564 0.69038205700437461 0.88732879686154842 0.43453168032993184
2565 0.2520014972806805 0.18025546456452868 0.614177299538885
2566 0.58508447427220345 0.088223428125887945 0.5887116698793905
2567 0.2467700197912735 0.55052560919727134 0.3501721481305845
2568 0.152985630814755 0.38914208492950686 0.46267252144998583
2569 0.33461201014359659 0.10216794789406144 0.23375354626396813
2570 0.67040627166651856 0.1181376349134354 0.87419730045457256
2571 0.8129671696009737 0.60846170285473777 0.054124007296982919
2572 0.75238461639389942 0.21204478472035196 0.64072095397758344
2573 0.21037114557834652 0.63723300029598118 0.75972645635857283
2574 0.26227971055639121 0.56563564774280839 0.76956659215852929
2575 0.38658941662220825 0.50745473202726443 0.70354739189706739
2576 0.85381872122567326 0.38326472765261377 0.67820388243452168
2577 0.25002993708068549 0.42247917308501964 0.14316325601062962
2578 0.31500189023048736 0.35489062787642656 0.15843466539887044
2579 0.7364683380432433 0.22019185068400857 0.45202842845473556
2580 0.4388387962274708 0.11829217872567466 0.8776494661752321
2581 0.43717391061405914 0.89880834822740896 0.289150921028826
2582 0.42126458625202973 0.76164186939815604 0.31313928877389458
2583 0.11308495979842632 0.50724020792853142 0.86433298286957505
2584 0.30224835290731822 0.56871787307662858 0.061107078149300213
2585 0.79997007122817365 0.66524078248626883 0.22994336814549451
2586 0.83857946010856321 0.58988170406961493 0.93609306063109832
2587 0.14572356229837879 0.37327545959731062 0.55768185164773221
2588 0.56701419007281118 0.91010203917374655 0.92575207893367883
2589 0.84774079283385073 0.38845285521831613 0.428875566780133
2590 0.22517641536618227 0.72178140603948826 0.37921347147961998
2591 0.34893085716275252 0.64786312438492277 0.41914640194475156
2592 0.25091175173054325 0.24902635786053554 0.3284463044896086
2593 0.79267093881964146 0.77824583199097808 0.86292125415812215
2594 0.68253485754391252 0.89401013516150474 0.061916567314786383
2595 0.17883301210326849 0.64698081455682721 0.94448681934311329
2596 0.28676928290732934 0.74226927314215163 0.044063397204914097
2597 0.23583516066534879 0.75178138115486093 0.29330858941761373
2598 0.24394560083436675 0.75324579104154687 0.2154737285051849
2599 0.75148681012029006 0.43973428837422279 0.95415114509155119
2600 0.4399492082167481 0.86394952965985239 0.064859466871338936
2601 0.77731446115880876 0.75008330108618382 0.78134604125490403
2602 0.53682450873936749 0.11374442936325695 0.3294371162543937
2603 0.55604858618890174 0.21410750530475717 0.33858858644524448
2604 0.35621070850772263 0.35378181285841137 0.38951162407596096
2605 0.89343437915873325 0.47285247211363707 0.83297092742572143
2606 0.2050626108290724 0.5280297952430747 0.86999963198882324
2607 0.28098305915344968 0.58478193659717426 0.84753302688055299
2608 0.85363924600033358 0.36088576694214136 0.89353080488434622
2609 0.24878497676087347 0.19863460875016425 0.11655826788733556
2610 0.55891492356936934 0.71559692852556545 0.93993120103654482
2611 0.84313789831193742 0.41172063403304748 0.77871488873342021
2612 0.45509789980294729 0.086178864825833035 0.41845140286160099
2613 0.43376465538573683 0.22892267143740047 0.43718672388258217
2614 0.45781998620734804 0.8885576459668546 0.11785911982445449
2615 0.16143317561167017 0.4021309515311009 0.14077237221593464
2616 0.44319798572470936 0.28548382675806172 0.67162504266005241
2617 0.84163279442056738 0.61619820593198216 0.78967167644713121
2618 0.58932369817120334 0.89531509907745177 0.32244857717730435
2619 0.44249846643426399 0.25886381737454428 0.87186012993174478
2620 0.68875591916428158 0.29985556072486852 0.84330015084591525
2621 0.58257746832881308 0.58028534122680964 0.08565695619067544
2622 0.50296010123482915 0.58379056875520341 0.11899988151381612
2623 0.73682856195991919 0.16011142974306905 0.1903649430828836
2624 0.55711958616773272 0.66108484308713955 0.23441381084017046
2625 0.26026730579694968 0.1683321300442987 0.71231517035831871
2626 0.26606143148864059 0.41285811340338868 0.82738649821773913
2627 0.7394772308538512 0.81097725316409219 0.37858814712436101
2628 0.64208577416250534 0.77461078039345677 0.35615325062374714
2629 0.88214298534010394 0.46436296786606751 0.52479788187991916
2630 0.48771373201543833 0.90924246898441474 0.23588681509668427
2631 0.16990706647890363 0.39442827222379984 0.32662403979406307
2632 0.55686437819563739 0.57997899588260127 0.56869891116039517
2633 0.42265278437661302 0.10055945348534613 0.57428149346205415
2634 0.40100090573801095 0.099642120813542817 0.37298787351425705
2635 0.83082286873946487 0.30399249869497902 0.29059743906211755
2636 0.11810907208683438 0.4406975461285913 0.73700872726759092
2637 0.57379621212577203 0.7967807460766414 0.75329736615944298
2638 0.47155363589324439 0.76965092937193258 0.74221764561167147
2639 0.16735936710397745 0.66862812968991614 0.665167361980469
2640 0.25433752993985176 0.24320503645977395 0.218068594773771
2641 0.60454945230268298 0.54443382548096664 0.95345488900458075
2642 0.60309185719716407 0.076129175299505317 0.057169213015434518
2643 0.70690896850761076 0.33237255710614094 0.71263767921476084
2644 0.72875316514220345 0.45673696098070288 0.4269557162897511
2645 0.81518540362986713 0.69982111076419584 0.32917635954679336
2646 0.37503199699765494 0.67693182327224932 0.13256286595301514
2647 0.43269353362201662 0.33654874412084074 0.26252163646415649
2648 0.60538685381691248 0.57095705426125076 0.34778887583266288
2649 0.26538711766837469 0.80271924369343461 0.60172922782972316
2650 0.57839599216819693 0.76800849409308614 0.062362340280222334
2651 0.89367108310982701 0.44640565105408159 0.24186091264851162
2652 0.66108015264274256 0.56864350433342792 0.88245418349326799
2653 0.26902434478511411 0.85586031630252168 0.80604627228671943
2654 0.34941848948254867 0.74685299343321854 0.81185947534855563
2655 0.45252479731338285 0.097175674337644763 0.1894370929097291
2656 0.22953822371148822 0.72722307799570451 0.47451150077505944
2657 0.15610835058962841 0.63245263089637138 0.12695601480301621
2658 0.11953640358721167 0.47118447217607518 0.50965794282599186
2659 0.40232458376155283 0.49899474108386971 0.049042057192560051
2660 0.71197040025331315 0.11821410685441248 0.95014303488809138
2661 0.081641167111612067 0.50820972754912896 0.30612378053258665
2662 0.14787627302955514 0.63315790210426226 0.36354968305055335
2663 0.36675305445349127 0.51405932693247325 0.51373814377497229
2664 0.62812374043024566 0.38741282499718432 0.68212009505456639
2665 0.73613784044129149 0.83513810714003445 0.58375809546715896
2666 0.6328801970692769 0.1232081672261147 0.28297522059546559
2667 0.50422450467462021 0.44813888374287297 0.048564933085514149
2668 0.83613926378777947 0.6248806623744646 0.11154684388871187
2669 0.83728356523693037 0.61748005888582447 0.63090992212118535
2670 0.84543474293097376 0.67645895303314985 0.40126533695637728
2671 0.41001088508071815 0.21320117641049158 0.18396932514818642
2672 0.62062753354637512 0.23057546370920629 0.95511980624848669
2673 0.2480413461905415 0.20006011525558018 0.56136370017000259
2674 0.38046989403805248 0.44722402704243508 0.95809202639791013
2675 0.19041847064657325 0.35225581050248295 0.21333169433659288
2676 0.78228797193854949 0.67959144077235933 0.9493102673134205
2677 0.38924620707788171 0.78098088047993841 0.95177477624847029
2678 0.91986883230059935 0.47779402559674666 0.062412740424556079
2679 0.27127591532818607 0.12025705265807522 0.38104644751094502
2680 0.48291147581221133 0.57944218768687428 0.96485041619584511
2681 0.91367575181966654 0.50494309226993872 0.30643679314413141
2682 0.52882462027628252 0.90276441190610401 0.55928623200421046
2683 0.071435292521187327 0.49817515906237914 0.62450588047667344
2684 0.71574200579997449 0.87269428429239326 0.12308752194159947
2685 0.36169073608229224 0.75716172851832486 0.24349136850397629
2686 0.92266041219394535 0.49117897053138732 0.45235848856738242
2687 0.64293698219317308 0.38127834813281064 0.88712725820450666
2688 0.3461758297301506 0.11698027384127352 0.28656986226110048
2689 0.72192507359066138 0.86737736521799547 0.77814519648386049
2690 0.61985771160758485 0.75154003262358227 0.17799209943903962
2691 0.70554865296240177 0.10540123527041867 0.80094468819736642
2692 0.1129393843828207 0.52172483020462523 0.052037260324367278
2693 0.42724480581968605 0.72915986406705258 0.79916936698144647
2694 0.63218721604031158 0.12694923044882059 0.14455842802832861
2695 0.34059854529581379 0.60327316906005002 0.88594795214725897
2696 0.23811911132021191 0.56647638537894496 0.12414482419008825
2697 0.60019385410661474 0.93275646170612592 0.51131071110835669
2698 0.22351077237346406 0.20475393152014748 0.78485501211434594
2699 0.83727703231589046 0.5910458184206816 0.22369658592205646
2700 0.58794201293817361 0.41038535008985161 0.14979775521800626
2701 0.61066629833321784 0.2139856606241187 0.14807815618469322
2702 0.50492035468667307 0.48251775079298698 0.11811212590735135
2703 0.58055683266673563 0.11522810806909596 0.72112251978307129
2704 0.22365387318459107 0.51977028821269478 0.95382496691454011
2705 0.19465179002952798 0.74754609299110464 0.86636964443877484
2706 0.89720701572632588 0.44539202671079081 0.14030020353431588
2707 0.75653492646728349 0.46085542460529816 0.047798830694835481
2708 0.47252101389496365 0.91770712951930145 0.62146448948885158
2709 0.26137962331000386 0.70574911336048185 0.74028933391589846
2710 0.39566849316908614 0.60211734358216673 0.76567133229329498
2711 0.083665790174372742 0.51530770021951389 0.4157575481380168
2712 0.38028592020590396 0.90837699625560087 0.52408858876468045
2713 0.22303971149627369 0.44331246679593816 0.04609657282135142
2714 0.30257863360190956 0.67177665288085409 0.29011110296641368
2715 0.22999037633941749 0.75123097298879571 0.10966651624988175
2716 0.31828477261292004 0.1113003062294125 0.62013370294957226
2717 0.24730453991748436 0.60006140651501472 0.30572102171880094
2718 0.78752220483683655 0.72255848445904125 0.57373141815062645
2719 0.70614329699899414 0.088623514120060948 0.35983641385778142
2720 0.32849085176895393 0.90193655285677998 0.75859924845561677
2721 0.24003841740772472 0.19891086690307386 0.6644199483429799
2722 0.16621613044958936 0.68218865674892359 0.58125176925894739
2723 0.7136364357438123 0.37797599702327966 0.28888991972320432
2724 0.55375495774626338 0.80290948931909956 0.37504877879825205
2725 0.59980798293835591 0.89616566285305332 0.07497360225259464
2726 0.80890454742805706 0.3063218408232033 0.1322577580541838
2727 0.75400304448818156 0.79457508726433301 0.25726787856350003
2728 0.51760006997590646 0.80974647208076744 0.87841065810406016
2729 0.73315866504927696 0.73905120577849592 0.48333061928285509
2730 0.54481629191210679 0.22418455043660149 0.50632594238182926
2731 0.34340470021831704 0.22737595691095203 0.82206865206268342
2732 0.60516347168284801 0.088482467024806985 0.45860179416199537
2733 0.14314552224030158 0.59646084926532428 0.80067286092338774
2734 0.68977269473967984 0.34898682331660613 0.53561417737477024
2735 0.33149778851515582 0.37481227659570143 0.75449311286104093
2736 0.30695680551467697 0.083199159665924324 0.44669749739765341
2737 0.47786981162471848 0.089645699602874551 0.48629771998267957
2738 0.52839355309096581 0.4026608661661209 0.88453792869663361
2739 0.70116203864056748 0.066151951756349678 0.64443937489565428
2740 0.62017641263674872 0.53412570187037589 0.044099341986112837
2741 0.45588101075471521 0.92303607197107984 0.38129501793982806
2742 0.27536041596306138 0.8601793975059765 0.44997513745087059
2743 0.65482605839760566 0.21965039273764664 0.26855201966244935
2744 0.80828389241818055 0.71419716619460671 0.4693106206398851
2745 0.4325691167966591 0.64450852114112689 0.0448757878906553
2746 0.49804479747721331 0.063336113619664014 0.95896991163692502
2747 0.7593179926877468 0.32945836114331556 0.034983232271706945
2748 0.57959596967625426 0.081969829168969249 0.80227118410977238
2749 0.51632358884786245 0.16321347508742734 0.80015564375669246
2750 0.47271041953912457 0.23359910580551141 0.76794013046269038
2751 0.10086357389697177 0.50937943724237977 0.78115012552123031
2752 0.86772652829713381 0.58747284986864934 0.46959012229642849
2753 0.80727606505196203 0.7191446577593118 0.046674366757618213
2754 0.28278051855918651 0.089791714922501015 0.51534191964956311
2755 0.49378444985954795 0.22699174582660067 0.030577665457630059
2756 0.52983596729219318 0.088249172234506582 0.40631365028812005
2757 0.42398308484150637 0.66540472827210984 0.26415145092250752
2758 0.71220026079382848 0.072744394691157427 0.16008813182844331
2759 0.46763164172518534 0.80955729089829009 0.61310335234893865
2760 0.37533550707664304 0.094570052772148291 0.78266133040479913
2761 0.19122220635267986 0.29609443798982965 0.61801233309179104
2762 0.83329039588228593 0.69273978751820831 0.86154185297095343
2763 0.17966149105762041 0.2638050556400286 0.40876698495931307
2764 0.6787249886762331 0.59117155763300078 0.59335754385431427
2765 0.74288707974694612 0.86383780638671859 0.67566743176347077
2766 0.14737912066058725 0.59540039910230258 0.88986144886249741
2767 0.81378843135880774 0.34791800855577165 0.48338552097855059
2768 0.91708499405634658 0.5123333524618231 0.68864356329095788
2769 0.75793877367529217 0.18842030223641476 0.59340692187985067
2770 0.89489547374650247 0.53093481960922129 0.79005201456432927
2771 0.14525606825881895 0.38855475629950592 0.042261692353664761
2772 0.61302025331192955 0.18449908433343037 0.89386379242456471
2773 0.14302268011753769 0.6018006799647212 0.69127217392825946
2774 0.49524638171884738 0.20710262507153465 0.18142568445381768
2775 0.92498980013288246 0.49806494217159591 0.62220135259192166
2776 0.69652412470366987 0.74247152096431135 0.73258375283095956
2777 0.38279539154716558 0.48370201970710519 0.10327609591795181
2778 0.39496248915033777 0.22129904478189963 0.28513319428289891
2779 0.49682977911383924 0.26882375309939116 0.30267726942363804
2780 0.7549897889156777 0.63521079504308253 0.3318471727729827
2781 0.35635511015007976 0.2522364042568464 0.037764301687673238
2782 0.78185760519698388 0.48609642679335668 0.51768410851442659
2783 0.30466692392203215 0.63036961991221074 0.95285007291470059
2784 0.49359311093211078 0.64829623312861595 0.89079683382564745
2785 0.52258354423832898 0.56199522452561623 0.88513329954910847
2786 0.49881796199564093 0.23651621642461151 0.95163297139500913
2787 0.28914524413955928 0.94523381377923577 0.26173182091923808
2788 0.64102696897763589 0.90878828232943254 0.67458575988069913
2789 0.51005508672268396 0.75881535004667688 0.19508588256678716
2790 0.38216777685217218 0.91242423883577617 0.65670169252703292
2791 0.86687307863042118 0.37874760510376676 0.96375435314272118
2792 0.90010341919580217 0.58749285936813511 0.10963953708311849
2793 0.76901635447237171 0.59187403387245996 0.78038432714945749
2794 0.6524303661420211 0.28813443075988399 0.12268085306196518
2795 0.62397549830673205 0.42763226336682314 0.96186509043520452
2796 0.28537410367230087 0.88406539567174081 0.33020758113293014
2797 0.66816828698845965 0.72484237054824285 0.12600238673969513
2798 0.632966641959817 0.81960231851363563 0.84063308849970508
2799 0.71008647270442571 0.88798448546605413 0.52453436479771709
2800 0.12460467516877628 0.41942002426921549 0.88570063767173779
2801 0.60409386846972335 0.92824829332616454 0.22965830317953201
2802 0.21342407134225713 0.76516972422898832 0.82115104895804802
2803 0.17927223559324304 0.67620651741856874 0.51290416378853942
2804 0.25503429772556691 0.82370004968867239 0.52129045843163879
2805 0.33731422384116638 0.25069404987578875 0.23890865219582536
2806 0.4679030175232039 0.3560991369267516 0.043557427523059022
2807 0.20394847030735433 0.27526973364482799 0.12056562762693698
2808 0.5957616739760031 0.092426527735636518 0.23543424293144752
2809 0.32365803023995882 0.73454323628500418 0.089832432759898675
2810 0.77750880486096152 0.20724158363315062 0.33888382872989115
2811 0.3306979417694208 0.0754549118236887 0.9009365603491315
2812 0.38241561209715769 0.91958929703514469 0.89504051006747054
2813 0.51180205918882327 0.071216829499177139 0.56533607092472016
2814 0.61822763911548417 0.21846508050724056 0.84477613800147644
2815 0.80158398672294895 0.76439372640678283 0.39709592563152157
2816 0.40811627273883844 0.93027539711338636 0.21128166051026315
2817 0.66967989846581877 0.22876000404390423 0.73238990691073291
2818 0.56902526095314032 0.21722300293098606 0.75125630451309722
2819 0.61550968334634315 0.29731767317858526 0.80229629001373193
2820 0.77075893489098302 0.54722415183160145 0.29354107312865557
2821 0.4894353086448649 0.18240773303160229 0.85522898702129013
2822 0.45032923874382141 0.19585016056619334 0.4943482820922222
2823 0.4590476015368507 0.88579784236677939 0.78172026403644934
2824 0.64029172077944696 0.90498914386302365 0.87898612727309144
2825 0.40133008105730916 0.58672417078679129 0.95883111726815518
2826 0.27190719176813521 0.11292210343902184 0.038434090405795533
2827 0.65083249835429213 0.64338472111373357 0.4086823913740793
2828 0.71401319500633487 0.58124043748564047 0.46711296983648731
2829 0.65722590033248751 0.91514230254280804 0.39183971910648058
2830 0.32396887812224778 0.24010875043474869 0.96002538571766183
2831 0.79957935768507193 0.26871016226771033 0.22224225816711066
2832 0.26183333606556741 0.87786855956501086 0.666088658157998
2833 0.79416502204612616 0.75317961098151631 0.1809090346617549
2834 0.65449318714995097 0.072688203596702847 0.1994858677915973
2835 0.17741266436492487 0.64257235272052071 0.46388890489152107
2836 0.26886006262616285 0.40739937554542144 0.95554438688467724
2837 0.43778468301055584 0.22419998260439761 0.58262650325826582
2838 0.37711092219622899 0.18979198503087233 0.55121465050187557
2839 0.17464032965008663 0.30447050980126839 0.89191236804598895
2840 0.2000373722886967 0.7253673407073159 0.71165624708213926
2841 0.66669441697725429 0.90455339332556972 0.29265146605478376
2842 0.58443948298979154 0.90976058897156387 0.60884845710631574
2843 0.7866875515590348 0.52291138378565982 0.9498910982020452
2844 0.096844281506410959 0.52323407821866064 0.10658300383259489
2845 0.33767437139866346 0.90355131135162081 0.60328509058530089
2846 0.49389398657617617 0.085884930246430444 0.8281225243662883
2847 0.21592853462383577 0.52891473692536761 0.69498762874419306
2848 0.19853149464881298 0.25320592316910634 0.28413072017603941
2849 0.63306921406071781 0.78591772053081954 0.44979015719942333
2850 0.55663942452195259 0.78671460249086433 0.43807640539871068
2851 0.24430947440765924 0.15936774656128425 0.88378121180214309
2852 0.52778617124181104 0.45638988723130064 0.39981805902882511
2853 0.77191889704215977 0.21741036980890813 0.89800935358983014
2854 0.24100436084489618 0.83345595215513413 0.25258506628921662
2855 0.57969620273600475 0.39767367333367193 0.046133935681132471
2856 0.54537137271724634 0.77424231252706077 0.64442185698383514
2857 0.61696201144208818 0.76697926714086906 0.61389991651069908
2858 0.71167312900196067 0.13706538667604545 0.75216455044226826
2859 0.92017366938419809 0.51766298476278716 0.95980114288119112
2860 0.69921692581356187 0.59954614228817227 0.21100490304680106
2861 0.72230324365142462 0.19999951711936023 0.048353043113757134
2862 0.62440719511590403 0.31716490009812953 0.50564137015076072
2863 0.84069103249689958 0.31955299307125601 0.35583305696580581
2864 0.76402153110652227 0.83921991190689915 0.46717772374296007
2865 0.32344946998156915 0.9181609019617446 0.12192725822641129
2866 0.47156363800301171 0.21714051890653735 0.10349567988459996
2867 0.7302907481820724 0.21882428129247086 0.9609218385746513
2868 0.10572263008265657 0.5708890279405795 0.20526934860067941
2869 0.58237060846919919 0.1632590438098428 0.42652298364792718
2870 0.31258727640504252 0.68534112438187023 0.47516277538554608
2871 0.5026986789345852 0.7396878193019506 0.29032996089257407
2872 0.81105751834715478 0.28886279469642862 0.69441206121278931
2873 0.19284260922595789 0.29446107037553648 0.80829323332988123
2874 0.22994619124803894 0.4620163221887032 0.34102844982679498
2875 0.33792065744066574 0.7612137705177654 0.91450798499879227
2876 0.52982183202246735 0.80527292788586635 0.9566309754898501
2877 0.76682177912584804 0.53069083089600444 0.73705933119345213
2878 0.48706410207373141 0.81019678644909021 0.55603975362959279
2879 0.27156075464384033 0.87941324441758906 0.16411452246169261
2880 0.091497238054827651 0.47470449983013457 0.19575182546508268
2881 0.380452801780226 0.20671364882777618 0.47453152641881829
2882 0.22186954394638977 0.53403770887186153 0.19995938033748614
2883 0.29503241619099169 0.45438063813912705 0.20730693297421118
2884 0.66458156254152911 0.73535189695243086 0.04471404672229732
2885 0.46450922581729132 0.3629372597597772 0.95826450983535227
2886 0.73973528228491148 0.86146106030637926 0.89438890520158243
2887 0.80546677001058464 0.53251325743169653 0.60316226874891365
2888 0.7574014057458599 0.44254146326445515 0.61337260916733183
2889 0.74264735232057266 0.5289960487000599 0.6396892510041724
2890 0.5566101624240688 0.095102754816262111 0.89184952948963048
2891 0.17902872394907804 0.33617357113360347 0.73304352935783101
2892 0.22260023493365855 0.52088341551839057 0.49862984161479174
2893 0.20192395293114854 0.75235808898755163 0.16519576752365681
2894 0.77347713902387172 0.20960881951170959 0.1560716879969628
2895 0.82195501723035591 0.69738668284626393 0.72147834985186465
2896 0.5472592759708973 0.71680535870719586 0.89045494982168216
2897 0.66417829425506714 0.59800213991993567 0.11256064668537863
2898 0.645499131251417 0.51019309389694945 0.11988093308642254
2899 0.42113778690416509 0.083663471369423606 0.24512330778742164
2900 0.41700420929593285 0.92566575741209389 0.95024308117106859
2901 0.83556263373685935 0.31457850011392174 0.79446500360594141
2902 0.68227423040083635 0.67931112105807701 0.34090478460988255
2903 0.51966484415640868 0.080820091090653523 0.66046376187907141
2904 0.30671056048658263 0.65459800139727931 0.52647138758244905
2905 0.72762248869909174 0.65840674506018482 0.55824892310114327
2906 0.35021940737156837 0.18909560151965912 0.3765035515684565
2907 0.46999427455604315 0.60558043177618337 0.82958244451078966
2908 0.55690588940912111 0.41218040488044155 0.9608598913516776
2909 0.39962090725908916 0.2409589049774982 0.11467266764592374
2910 0.30866984591698282 0.11002263515761491 0.74363334474737652
2911 0.36192297569559995 0.77128767444606328 0.049710130281586808
2912 0.07131354820710889 0.5021023310041477 0.71377011772394172
2913 0.8036434575557686 0.73331248816943662 0.2815840826745114
2914 0.13209773299097877 0.41911721460747081 0.81256446667214954
2915 0.7419773418299459 0.56644469045228829 0.52560681732295134
2916 0.30727337929018567 0.90022912714061987 0.38063492004346572
2917 0.72079851657410776 0.60791065130091648 0.051330886567532354
2918 0.52913201441353341 0.91635386438408262 0.7618787929898958
2919 0.18924023050413502 0.71270406152511201 0.43501267876373312
2920 0.22802711909113921 0.23739662708824288 0.17101957134065446
2921 0.50221290439576305 0.90605212187477913 0.30753459609623796
2922 0.33799548406878699 0.38730124277295613 0.53630893878046337
2923 0.79121045754824171 0.24211447886755896 0.80355495188787662
2924 0.80412364756164134 0.73993365935269484 0.0955749428631473
2925 0.55260103754115386 0.93155718601208537 0.19292456556911289
2926 0.34216195337382727 0.73946109194000464 0.59870708787464777
2927 0.3803088424345325 0.5737252722683559 0.58814567053143985
2928 0.29908311653261677 0.29302007392017193 0.61595101038774214
2929 0.8405096849709508 0.68937925403532341 0.53742187941304975
2930 0.37309865823367916 0.075550742668726661 0.68710712895324588
2931 0.92297773285875084 0.51519907330162573 0.89195227537405986
2932 0.51515596131074082 0.096405300115083831 0.040849599624750557
2933 0.20709148202410346 0.58249275566904868 0.6607849760265655
2934 0.32859817640906896 0.61996331396247606 0.66262840009041091
2935 0.81796597103538304 0.28121637848590642 0.54506163100242044
2936 0.35185063348474499 0.076195232393557938 0.18414801746070822
2937 0.66835982477028533 0.73180887477654144 0.39297763496345595
2938 0.69942692247798688 0.1852197366404017 0.6668557044423048
2939 0.22491062570413475 0.77504435970766894 0.34313165688464148
2940 0.63223227510275293 0.77207731798885426 0.24158947954217097
2941 0.42998476758439497 0.91889160635674394 0.42208510074705591
2942 0.26384350710931287 0.31439613989679693 0.040406009306353054
2943 0.18459101497916827 0.73224637372625345 0.072406869698338039
2944 0.821925261738086 0.33791381980187118 0.18471726173066741
2945 0.90795999306147368 0.45770846949783445 0.35928556345705043
2946 0.55428212861921244 0.24317649190529111 0.04006609794255659
2947 0.28424924020766379 0.92841245751279977 0.038803207532794953
2948 0.4330726409955119 0.80786777001754928 0.51649049053464491
2949 0.502970709572375 0.72313179017351192 0.49795872672255059
2950 0.77189342951390261 0.80623067894578726 0.81290049698468514
2951 0.26153227976546062 0.86993332583341798 0.88504563066137643
2952 0.7058719891123445 0.68193952932365909 0.78153646970744539
2953 0.57398353054859397 0.58959343199359904 0.76206838100895902
2954 0.20711892005392518 0.76449026904282147 0.77130881549821706
2955 0.4820164280367995 0.93145885705715892 0.51721949780574827
2956 0.82391107069463076 0.69664934409931267 0.62035007998239322
2957 0.50172365632218341 0.90068297763331928 0.88392129881052195
2958 0.30252403877968592 0.25983796421221472 0.7632223161319116
2959 0.71176016658666952 0.69156465698086356 0.16731322993377462
2960 0.73093186361953177 0.66688217716870557 0.4541538176642777
2961 0.29107030574331716 0.5195953740766307 0.88304438808590191
2962 0.8975568322814601 0.4486749978525375 0.18589550886381367
2963 0.33815387770618238 0.27435689474890845 0.66582150649167693
2964 0.53260691364896418 0.07769485904604588 0.20166862323625051
2965 0.17700179238374289 0.71169093633091651 0.24193411495551598
2966 0.81318273971514077 0.26979902242814702 0.045496284316030255
2967 0.67678108920323976 0.71182522785795577 0.63051605104840236
2968 0.36917483967581011 0.8156236397436426 0.67130224564000252
2969 0.32198761656569375 0.74552118522264654 0.6577824743770575
2970 0.24216879856839912 0.56451397201686726 0.082743299926790831
2971 0.53758511974113476 0.24207594282975997 0.55743840265457834
2972 0.7583678742950819 0.84284724496176766 0.16362902031473245
2973 0.21544689223528127 0.20736458427371637 0.48968894620775338
2974 0.65065235205022487 0.26328527639584937 0.34366438930089466
2975 0.68297300921146942 0.36752353082586364 0.3894201929319534
2976 0.33299617298477741 0.25207075599395151 0.41450616543253538
2977 0.096926751769442848 0.43321984294191718 0.27043831942937857
2978 0.68639585124165237 0.78675690409886057 0.9645900274349416
2979 0.28334579437313817 0.69305721321925529 0.14311774611262332
2980 0.16301610243605411 0.32622732377074426 0.36244020456931741
2981 0.2613188696745935 0.42479242716399301 0.45797042893769546
2982 0.45885009223779638 0.08594716158595847 0.72959528468464196
2983 0.27535072762063334 0.56115573210381109 0.25341261405845417
2984 0.50637121154067932 0.93490527975100901 0.68565328652412361
2985 0.17688455379934212 0.29071983157292086 0.96289882229013113
2986 0.79936421522169621 0.24865361880693329 0.48871215770994847
2987 0.57989504586712803 0.79878912541803204 0.48691793695489832
2988 0.74782148199950571 0.86250929443238855 0.29052587763772125
2989 0.40029192851897299 0.57232403339513771 0.15186895968624786
2990 0.17878968425414044 0.30091116138165086 0.68771971723064496
2991 0.69925572342369602 0.29153748400697749 0.66162098828344784
2992 0.24655520100699668 0.40532716507130623 0.57193243709636088
2993 0.73865288248390149 0.59538589819126786 0.69580685429736322
2994 0.69475113180025128 0.70808155833126674 0.68971682152856306
2995 0.7294160316624978 0.61280564874879051 0.95290629588940712
2996 0.40413699329487385 0.15680660312435013 0.036298144236521758
2997 0.49146898604037254 0.91928599856551241 0.44552718099509619
2998 0.75839759167930376 0.81881003704368305 0.74127192131743302
2999 0.2468164130815762 0.13746400644633369 0.82735224399820517
3000 0.73168103659702954 0.084612368541017474 0.26197707526987768
3001 0.6920211881523981 0.71113548093736045 0.27356123053431752
3002 0.2477152009731052 0.42455247421678871 0.66812989171501858
3003 0.59637642360567911 0.19337019742523612 0.60332290119345633
3004 0.55368107525314303 0.31104348802698251 0.64104853162850084
3005 0.18567438420341151 0.27727634826211894 0.044019889616549485
3006 0.29014446544844796 0.68529161868191235 0.19147777451827844
3007 0.10574538734704853 0.41281726964395399 0.64035263741820869
3008 0.7236099999750677 0.91278207382101828 0.48172730102842659
3009 0.63996958653922642 0.088577981887623475 0.76174173223789288
3010 0.25130934192064908 0.6579268901054468 0.44974726867929143
3011 0.30177393122452351 0.56482711003943431 0.46644181315572708
3012 0.32306182733799282 0.0827168728677488 0.9579871330609987
3013 0.65084872176756792 0.2068726962645018 0.45342485375791858
3014 0.29231288266836902 0.36850070425687292 0.089829784793629588
3015 0.3278558432716292 0.69772543869449621 0.86875339184289047
3016 0.57938757298263199 0.64741667174479978 0.62889810489443532
3017 0.64673075669978775 0.92559224187091604 0.14308027686668279
3018 0.20964387604165147 0.49449620145744011 0.74495706441905363
3019 0.21766691944539984 0.19732848089748228 0.96010608229242844
3020 0.16931585800212198 0.28958499806144566 0.32143022976730962
3021 0.76492865019378897 0.57344107013174517 0.091540669020842222
3022 0.67343954544407003 0.91684503724687583 0.60027581039652755
3023 0.4643011064099572 0.082939259046582989 0.34804043987262351
3024 0.42923210557970476 0.18152747783947457 0.3464376441806869
3025 0.38669089057389511 0.07900683611156599 0.8356540449186507
3026 0.34325210671197254 0.91619343344999971 0.80652607747317162
3027 0.26850830074706139 0.83645923350870521 0.11600199510641537
3028 0.29063707964155117 0.66178702430507097 0.042396155264083739
3029 0.75837978347999579 0.56348257626741072 0.24995640738907715
3030 0.76390067552464114 0.46998723305834522 0.26044504384933825
3031 0.41266053757911692 0.083571097042786244 0.11769552980754247
3032 0.67404813963386689 0.4883830553347579 0.86932151725823437
3033 0.77820397191598945 0.38175082729638232 0.7849121618979743
3034 0.37063287603115103 0.83677179791655021 0.74383429877108942
3035 0.60517588912158615 0.6076953201826264 0.033739303078024141
3036 0.88513577159993673 0.59050225100893594 0.56856620053276963
3037 0.48408785719209868 0.9308711348613582 0.037116529497880503
3038 0.16272277468120153 0.58966186127475018 0.56914477186495449
3039 0.20769241882969272 0.7595407026129013 0.64453346725830907
3040 0.1746235433704772 0.70846254891090232 0.79559596858265014
3041 0.89533527527163148 0.41541779681221891 0.63985040328633513
3042 0.28493994079295937 0.083644200859150572 0.79476018432943729
3043 0.46813696197394172 0.075335603728844194 0.78263937073785117
3044 0.63335123731773235 0.69620836031179922 0.81999036146224702
3045 0.57433249746642945 0.51406828510413904 0.12877449174084171
3046 0.82358142602037498 0.29988945506125003 0.61998819050523368
3047 0.25015539439773948 0.3709448682770175 0.61591251795077073
3048 0.19726140021918759 0.26594211671607526 0.4576652313993827
3049 0.33888014321992599 0.48506612403321692 0.3600549579921094
3050 0.81794317568924835 0.73601781372739983 0.67006067865231245
3051 0.4050228211467205 0.32444274822170821 0.89189316298713639
3052 0.1754120963770768 0.44793389103860015 0.24971583067803971
3053 0.10854370134938172 0.58386834669625032 0.43182805006918501
3054 0.7926093546468499 0.77477089471002503 0.35303316740787249
3055 0.43533100450242701 0.076973146443623089 0.53557665685766631
3056 0.6535729994100129 0.61596363688598521 0.51670194216539322
3057 0.76070672360017966 0.16640824764374748 0.11621458183572778
3058 0.53620433966334535 0.25079011483607422 0.11249543799310491
3059 0.46813498765733136 0.32287208143051388 0.1033791453895811
3060 0.51566260022506505 0.38794352766012563 0.1132820698065061
3061 0.88252789268116472 0.395002249921029 0.55263438423962041
3062 0.75575182438802169 0.40209671099345579 0.32897988783047455
3063 0.79168446921243396 0.48059030031414096 0.33864491542316943
3064 0.3202564477150513 0.54994760955787314 0.10709122754988216
3065 0.39987414214997441 0.25913221549761789 0.39016967433816951
3066 0.8772367422516959 0.42504953375427396 0.72512512466015688
3067 0.5370204535440245 0.078363185383210146 0.090147907877994454
3068 0.88032271891516334 0.41061758476803994 0.040319154275060977
3069 0.78904603696908682 0.51273893619241306 0.69745406667365983
3070 0.54748743693836976 0.18486579602321657 0.95716486275386947
3071 0.62245214771362378 0.33321628287769389 0.069687318553350336
3072 0.54880806838452179 0.074714582065774596 0.28386925069151386
3073 0.75173542136388793 0.86023986304562394 0.95729038732509852
3074 0.71188245769958469 0.062921996587385162 0.59557811108446401
3075 0.25533049905929961 0.86729606877753307 0.95990327713599377
3076 0.74888154815896013 0.59416995308115061 0.86699011457037489
3077 0.14105731670364505 0.34318230544772638 0.10831687068860668
3078 0.43473471825093235 0.1428248048748339 0.76411385829027501
3079 0.39435015188891415 0.22741284070300399 0.78463903412395586
3080 0.60651667165234391 0.057608865922589479 0.63249525180170674
3081 0.64955043310027261 0.066936674432229559 0.34071949420820435
3082 0.61265247200981454 0.92365015104540904 0.73815310046238947
3083 0.25095334546531151 0.85379417746353414 0.71606314514016101
3084 0.59601084817089989 0.19303079956442837 0.23690168664927533
3085 0.85383421597962783 0.39123812436588357 0.11536164178291283
3086 0.23289722540286287 0.36086239418559563 0.69929355313454045
3087 0.33898374989450714 0.37863443979789524 0.67572237932358425
3088 0.10593884959857107 0.58626077392754139 0.28199635985636229
3089 0.72245248634160275 0.24065722049837018 0.22347156187370781
3090 0.28328445058282076 0.2911495263131037 0.188451418329209
3091 0.25057420753836873 0.49639136603792339 0.55791182620286295
3092 0.86464231348358456 0.63027458393814706 0.73839583194045133
3093 0.25672364185987356 0.10873779087764594 0.29616376515875004
3094 0.24207059486354582 0.15718436251085732 0.34636461581785805
3095 0.29773049246658606 0.92800633349927175 0.52315835402109534
3096 0.2341593346320974 0.8185748965998475 0.41436735504328531
3097 0.69390138664967782 0.37756189692438785 0.59323576586470517
3098 0.80751599673392571 0.25719542307685672 0.44024319151040037
3099 0.75143272964531294 0.13071988937928172 0.70821979841688543
3100 0.10744312492046831 0.41904199834149775 0.42551758274059942
3101 0.15821564570633598 0.48333172130802754 0.4125768287424138
3102 0.44561148772293324 0.47229379772823415 0.89720080513400668
3103 0.21577124315670035 0.64519785818636088 0.37367478465936732
3104 0.25280488354194541 0.37370981139163156 0.19217122712570864
3105 0.62405706671122818 0.85792397133629972 0.037283601159784865
3106 0.18079179907045936 0.52981627035483869 0.030748814043659062
3107 0.53124804554578164 0.22578842981192937 0.39659051543292401
3108 0.17481516847697975 0.69326136765756252 0.33935515623765189
3109 0.36756810579731775 0.35530289933362746 0.10605575629532749
3110 0.43018467417649064 0.41725041941824254 0.15728454255790575
3111 0.16027136909800369 0.6777144868363042 0.20307491707521977
3112 0.85755970420016947 0.67690511609233561 0.29515714987300051
3113 0.51326636070849974 0.72676601505216176 0.098993327351411434
3114 0.54104722712773667 0.83779230485406297 0.11682393618513073
3115 0.30479041056228706 0.064497999341242923 0.094488932756583655
3116 0.40607173326679991 0.80368519697699647 0.90175546963772024
3117 0.8343817057797529 0.44228920368549357 0.86859444990684354
3118 0.70620469068867608 0.30036585851879816 0.89036955136136486
3119 0.37314926175733659 0.91470069535959675 0.25559663693218082
3120 0.56225869004808859 0.19098512656585101 0.70127612094367464
3121 0.70401190591763063 0.29753128419037339 0.41960754808507889
3122 0.4299857838481177 0.17795165783589542 0.96235116385307495
3123 0.21751765169323714 0.80129608283580223 0.89950346245424195
3124 0.48396647423859568 0.90877011726378343 0.96395949399814451
3125 0.11069984369428788 0.42430799146570525 0.59599425520658877
3126 0.18470092291082338 0.73054891458043603 0.92185711026217099
3127 0.4567725838163178 0.92280472074134501 0.33560187257301927
3128 0.28477836822447711 0.071617260013979944 0.69230754625822333
3129 0.20089080945065568 0.58051239559326417 0.9199520354759777
3130 0.8043555352105406 0.22768693215886424 0.72650928269578985
3131 0.41120701285321282 0.18076744705282471 0.90862818615672036
3132 0.11975768924435932 0.59176794514788844 0.092198228366350943
3133 0.65438955720008052 0.076428699668716168 0.52308583243705853
3134 0.80812748604750961 0.74536600637285566 0.9145396353599734
3135 0.38890532650495141 0.92009672565623812 0.080755793366671241
3136 0.33320657483316418 0.72271805167427694 0.95732067806551657
3137 0.87316220656519106 0.60337720298175468 0.41720928010240166
3138 0.26276932624318089 0.88616426196892972 0.61898539711849321
3139 0.125240508747301 0.37779759223748838 0.50379644812210311
3140 0.3844277467630357 0.60024619269460089 0.044654062135843685
3141 0.78266101625022289 0.41779679014815874 0.1012291333792133
3142 0.88214070713184445 0.5935933033616162 0.82472475486219465
3143 0.36733045923548685 0.92884623558860269 0.39447250127052458
3144 0.37833205920555502 0.085253659307186175 0.037638634517587734
3145 0.66293235511852022 0.1640584488864221 0.178496080995208
3146 0.54012731638510691 0.53710696595775231 0.96317357341196808
3147 0.89117941701791292 0.40479714057667437 0.32053359771051676
3148 0.11820857036320738 0.41849532327331074 0.37100975927990087
3149 0.10403535824143312 0.43086280409193206 0.96292035316841484
3150 0.71852672057217237 0.26802827016775266 0.49334007672248376
3151 0.12114298943329857 0.40079277915365313 0.23034084033119478
3152 0.63536652436493823 0.92876559144545667 0.96279627317321581
3153 0.19133596278276613 0.26145873680164589 0.54981851358172584
3154 0.6811588043789718 0.29780155402940839 0.29531297906663251
3155 0.7529973472137218 0.1379862279423435 0.45745531775431497
3156 0.49098537656789598 0.92686567271332487 0.82206035529942167
3157 0.59168915690717683 0.069823839577102337 0.16662038913192453
3158 0.59426766828441913 0.63561391259040834 0.95391532885500518
3159 0.44770721068143687 0.66745391481237071 0.96490562519544443
3160 0.4102896848323031 0.91904409977270074 0.82801260499320661
3161 0.33786823276514411 0.92477091495705177 0.30159448144422502
3162 0.62599134665195466 0.91677002956211806 0.82524623796938157
3163 0.66148214832673102 0.17363687083670792 0.037777263471900073
3164 0.33034504239566631 0.93642767482832379 0.44749280630029487
3165 0.76705667441318071 0.1634804551102465 0.23247574312598712
3166 0.32591249960205176 0.46374670920301225 0.965874184252838
3167 0.59233266969927689 0.28714199274698515 0.25620477323843144
3168 0.86724415581073155 0.37219576421021633 0.27073982560733834
3169 0.53175178783082666 0.69890825558631131 0.03872803860281427
3170 0.25764159463973496 0.88496569682053938 0.084568900828468949
3171 0.59824298472179327 0.075634491577855179 0.40950001732093522
3172 0.30852956972206952 0.43769761269064439 0.86410646925633972
3173 0.70868289564575859 0.78785982506149366 0.657436521132298
3174 0.33108377174328285 0.2996097531162431 0.27844030520094465
3175 0.06628607932550068 0.50666343754928767 0.54281122345775967
3176 0.31585928608561248 0.7821239216715945 0.21392659441146827
3177 0.3930931952029581 0.83063516012949834 0.19272943625988007
3178 0.62789523862608898 0.19319487921173395 0.099781503549322484
3179 0.32774242404304132 0.19322690003957488 0.1078517297815306
3180 0.62136456617295965 0.28364307711039116 0.91065831419039867
3181 0.82072931152197481 0.46121547011626013 0.39019549339203791
3182 0.81737024364565647 0.53377259888924544 0.4380727062542738
3183 0.27770242427872538 0.2758664645415736 0.48164903799039338
3184 0.19477272945359822 0.5660929774488862 0.38968322063001121
3185 0.19250222255337221 0.26275841595757332 0.36299456569300231
3186 0.31811175492447352 0.43825124823751371 0.11502945133592629
3187 0.52895089171703435 0.93522417907479349 0.10684017835721989
3188 0.80004777352235479 0.22199547865536287 0.37966833303987529
3189 0.2930609715682973 0.57394486099021669 0.1922223867247348
3190 0.2641887908857849 0.70392297450626584 0.66333137521421448
3191 0.37000590986839815 0.081345501899311667 0.42011298397154467
3192 0.28416596894926466 0.40210998506311452 0.038799284633882034
3193 0.84809483688361165 0.66094633057007968 0.49353384892310587
3194 0.079979339394764898 0.53054361807383277 0.49322305280062584
3195 0.91565075172305077 0.53695438107401061 0.26752371407487652
3196 0.813533417483707 0.53840507187805464 0.037778668360817148
3197 0.21761658443934873 0.18118225465079288 0.39456833321898688
3198 0.10084214424623184 0.58196065128347918 0.84304682690283106
3199 0.2027385417759146 0.62375398825711359 0.80088220183885883
3200 0.52173510655161048 0.25244799131819129 0.44867860891383859
3201 0.099802503065553619 0.57184359792684147 0.32779450857915948
3202 0.29528952387862528 0.22917822862659579 0.6937688939667388
3203 0.43261908238026164 0.93828614995641335 0.70074770916347928
3204 0.64332385505593526 0.93365152504474136 0.45941477078398907
3205 0.5575327266414325 0.93982105241197544 0.027191817245950097
3206 0.44246086490364456 0.55216531824060811 0.033316540531509967
3207 0.74313155448544221 0.14386175926744663 0.86758670764903145
3208 0.28973493120750893 0.085630897780279186 0.16815814943164523
3209 0.25120655319315871 0.14268756743166008 0.21223489313355512
3210 0.78136263610777745 0.37407207185053809 0.44364882792522525
3211 0.74078051971276782 0.39861904148222793 0.48251598197928203
3212 0.88286597651227072 0.59767662551106226 0.66620182722001087
3213 0.46127259880038912 0.0704040805539526 0.1448423231181164
3214 0.71142611214895457 0.9381979449806066 0.65852321291459748
3215 0.5331970912366174 0.93734897155942498 0.49007293446245531
3216 0.13283826795423573 0.63372636447273345 0.16959194374543157
3217 0.14264326343152611 0.34903435887629336 0.17052226958917457
3218 0.59934390554438177 0.38282337121844112 0.56610313851769001
3219 0.92888773421172144 0.52095948327610542 0.21485693183733703
3220 0.20377610450748443 0.22169194870893222 0.88823919543141261
3221 0.56294951400461724 0.78606291001873319 0.84188863703746575
3222 0.44486795838081233 0.66022582149489728 0.10022422691985276
3223 0.80406191997529264 0.56957491046295727 0.13815280785580678
3224 0.49574842997693302 0.71126400232376896 0.57244861300942362
3225 0.38818645132149998 0.07137851993493545 0.33139620070032316
3226 0.40774702058986156 0.22539737938458407 0.83477240210690995
3227 0.66906811961053636 0.9326521030559054 0.21245778580913724
3228 0.30121063219215816 0.50241033205305974 0.030662614542424874
3229 0.16816478143604996 0.71365214217804462 0.28987607900102513
3230 0.16056242454098787 0.46591065564799877 0.62536265250195644
3231 0.88545325790725826 0.39692425432242928 0.47674675778658887
3232 0.71632305718184408 0.73895748707786013 0.83610332526016384
3233 0.11313483326824787 0.58140335858694325 0.64323614037393118
3234 0.65773061666161881 0.07009303230863978 0.032178248378638204
3235 0.89348274673210648 0.416968816716006 0.39622553770849595
3236 0.60784669257667234 0.16155021448703688 0.32798069310818523
3237 0.61159974608458378 0.25573829468722603 0.30678154907087923
3238 0.73216279165606513 0.083226286005138261 0.50600881936574404
3239 0.68892786960704 0.80961109050744307 0.5401081370198636
3240 0.39598056536361265 0.92604390447962381 0.76370371279311644
3241 0.2765328161984979 0.29962763219475574 0.52971996310671576
3242 0.27571053462154982 0.36114131720574044 0.49725727118690383
3243 0.88928236800109006 0.59476458989685821 0.36990696770582265
3244 0.68902291279610073 0.79722689889963583 0.87061766066908897
3245 0.65577971929624768 0.16034428876427617 0.39833219916209456
3246 0.28952216122348995 0.93560162609270725 0.95914260224447434
3247 0.51219516568240298 0.94517855257437211 0.35125573890502487
3248 0.73465435219386321 0.63434879723821413 0.12806804987705703
3249 0.63788676541870604 0.071679172078288111 0.83905005302962421
3250 0.3408980024336008 0.93196210525193157 0.17062444079185332
3251 0.40435613447681468 0.3952951982279998 0.042122554486596089
3252 0.35727517982673851 0.16309700755988266 0.96236860220412324
3253 0.21809075104225667 0.80597373249191473 0.56052016683009709
3254 0.54087764582245224 0.070506552160337341 0.48367303103527121
3255 0.15740683907850098 0.33400041864370833 0.6440774698034587
3256 0.59369066438208362 0.92544757766810748 0.41704900399206113
3257 0.50358069878271072 0.78985424540872928 0.036971775132100905
3258 0.69075532063150336 0.72169948844116416 0.52857351993935642
3259 0.87930288545749125 0.58841577960677471 0.033305161164757333
3260 0.61093792536339264 0.69916663324451755 0.91372370100086997
3261 0.22538035383969532 0.83032948281648122 0.30244933105567379
3262 0.25213789035198142 0.59322567056384967 0.035255987939146916
3263 0.76181467540721481 0.84025557901809622 0.33379645367097516
3264 0.22955213782736897 0.70427088718913311 0.9677798777666281
3265 0.80591701940338101 0.61400866042618329 0.82864487303136092
3266 0.53254662450102341 0.70748892789585105 0.78503642447289312
3267 0.19367322355852296 0.74987950647614465 0.60424874307446685
3268 0.68571256285365134 0.65658994140169169 0.73107830067702362
3269 0.54214006275850535 0.81456584379706243 0.31178337945890666
3270 0.38873357979538825 0.75076198787126347 0.10051237602165215
3271 0.39482431158988684 0.84808965032039252 0.10978321733122509
3272 0.16542552300803628 0.29443778191734915 0.57675762697933675
3273 0.39624715182001885 0.94122600387791144 0.61715039179887843
3274 0.79664146490468613 0.5973010561377744 0.48309357418529314
3275 0.36108419483819804 0.92078445209947124 0.038335509005486511
3276 0.21337140798963283 0.79224142007128751 0.72829558487354218
3277 0.61217535129767442 0.19525881227095693 0.65546224308429857
3278 0.79973154762789322 0.5607434542419667 0.39023426409807904
3279 0.74233778220269497 0.66976666035355614 0.40159599552600966
3280 0.91786651375822137 0.539673595022792 0.54692156403318559
3281 0.45976808646429035 0.80587404252064099 0.093219308721424102
3282 0.85118191112845987 0.35616304436021057 0.39374849256807082
3283 0.73377522348411606 0.2735188751820512 0.12677345317516872
3284 0.50080444121094192 0.8447352659937023 0.46339281053280368
3285 0.52443510433631846 0.67051431324546473 0.97028053685553206
3286 0.48709006947202355 0.84642608731685576 0.26502078389886163
3287 0.52736543770402966 0.82164819205815309 0.22909756457342925
3288 0.19815123875037866 0.49110803892000821 0.14033206953820357
3289 0.51029592732364004 0.94015372076604675 0.14987746322176637
3290 0.66402698122921711 0.063025250076127651 0.91977234250441942
3291 0.49869477245851579 0.16441474252771471 0.7292175861953043
3292 0.51411507880921969 0.28564753667510634 0.71728093036100604
3293 0.30775213614922359 0.93687185974049214 0.64775860507976535
3294 0.92786890033150893 0.47945973722235657 0.75590743234374902
3295 0.17674814308168074 0.27197095192703336 0.76627052563249243
3296 0.24413332558817083 0.41919969892064751 0.30504088123876438
3297 0.7365985661610287 0.67553456293838932 0.60280188676829483
3298 0.28653169885163687 0.79454662930546693 0.48096570536126348
3299 0.87629874880348269 0.60864400167652744 0.15241572543477491
3300 0.25044064790611942 0.12575480987971371 0.64548889516436547
3301 0.64606818402204635 0.38789818531546383 0.1094851389955197
3302 0.70191720695456328 0.45302914050209581 0.094062932075391403
3303 0.83103578853480087 0.43216688582099005 0.20444618398774603
3304 0.74850785237838369 0.86074769128710871 0.62848816100546523
3305 0.61840301588673641 0.93345067574313856 0.1882348033484656
3306 0.53716140267471146 0.24973182365975366 0.88911028983267892
3307 0.72997416026605211 0.67680175506283524 0.037361795372727054
3308 0.70999301942467796 0.93475196094510971 0.96414879557849775
3309 0.76513776769291331 0.16751452730815408 0.49601523657027474
3310 0.74667509981601687 0.14695188829045525 0.4096943410119499
3311 0.78133659553596035 0.78968718920952974 0.96269447097028826
3312 0.11575946239101015 0.42037838519747051 0.090058709901618184
3313 0.47758351691373913 0.071380779036711584 0.91391148310992287
3314 0.30853230823461042 0.2151708348752355 0.346855275112117
3315 0.090941397365400786 0.54731503721513453 0.96273426810243234
3316 0.47661250653945764 0.061013794337559255 0.38605126715298699
3317 0.83563429166101 0.28936931637676172 0.087667892212126286
3318 0.25602992590781215 0.11901030221325379 0.59512763745303821
3319 0.094961649297935505 0.43136693831467465 0.47724053180163628
3320 0.84490685816908584 0.34025151467884152 0.57372954422010003
3321 0.64116980862874751 0.076040233322607995 0.96457164456506139
3322 0.39916673791215096 0.37734536868757068 0.96634180060714103
3323 0.43872538675607403 0.51524327041490892 0.97404807805794502
3324 0.73554156419603944 0.88452494930588732 0.38087558414773576
3325 0.75179535224400884 0.35097160729849719 0.83817408291320783
3326 0.81120891234054437 0.74833124783093163 0.51310842412553459
3327 0.75068180312254418 0.1285344183660993 0.62156808800283392
3328 0.53245001732282715 0.066390742122262314 0.61345089087686988
3329 0.42375299197794064 0.79722751173941153 0.70421443903895875
3330 0.4793545983298268 0.67449882062518118 0.69828931682261119
3331 0.38102814536475693 0.46274104256808879 0.43093104180925768
3332 0.78021500560361801 0.69625411778241741 0.13603591338213281
3333 0.16522745586327503 0.46174059322552913 0.85279572440212437
3334 0.42459512693217333 0.93446613756754782 0.15895198563552848
3335 0.63398005296545645 0.94053147521638403 0.63536917264442128
3336 0.30090142885302018 0.29293983078250135 0.32023160747407525
3337 0.41439334854005933 0.16179787982118538 0.40047083389026189
3338 0.47463790510416254 0.23928080717524672 0.37041977628549688
3339 0.83808964052928492 0.6844120430925138 0.76320398459153604
3340 0.075383131576274923 0.48949604239934758 0.82041280809588835
3341 0.67339030545666478 0.32983739880298352 0.033103256458471182
3342 0.099394415820562618 0.42498477878469798 0.68867221980098037
3343 0.72126305527295509 0.3521212812246487 0.96052472145681711
3344 0.63342343449747995 0.22715432694869153 0.49886880306284476
3345 0.64687325387292982 0.16353919782362863 0.53333050624416589
3346 0.70618467512629979 0.21335305306191066 0.5622137268999845
3347 0.35406939036252377 0.81733314505517363 0.58916786356126039
3348 0.81659446734020846 0.74323400909880877 0.81516680163652688
3349 0.24135679593397769 0.61482981522610514 0.9662416826462944
3350 0.39288067658960307 0.19550520248569014 0.68467022225628515
3351 0.18447422658308177 0.44275041046476277 0.96882027445193963
3352 0.79024249676170311 0.44411822734654571 0.66645424685676236
3353 0.35582951286717041 0.14995370933438845 0.81263275247007138
3354 0.91430362693960743 0.54562912064751334 0.49595256843484292
3355 0.60804092920429398 0.83602789665103405 0.96773448724127531
3356 0.67388437402929302 0.81789376062934505 0.60553173864651244
3357 0.31500831383963557 0.25359495620142986 0.55465989780342961
3358 0.67083929918383778 0.18229432823922379 0.96638523155207501
3359 0.063770853671653138 0.49950816050768121 0.66830397368052941
3360 0.38446235858550126 0.8231651648341779 0.54985058913783191
3361 0.4186016715530112 0.78031649716451923 0.58875086083251349
3362 0.85029890214444537 0.6699310299585669 0.91385565233578825
3363 0.71592818820614323 0.7113290972013544 0.96679788896405794
3364 0.7601744963853474 0.15691017582281835 0.79086149946502637
3365 0.059102847710410342 0.49708000618692288 0.34440587726470895
3366 0.66177239250701658 0.41726610824308896 0.3389072073297143
3367 0.50669660544895168 0.061704934729033253 0.44643138945669125
3368 0.60683326356877798 0.86732596642435023 0.36971483320937032
3369 0.61484598733038198 0.81790811618372172 0.32455255463634081
3370 0.6091452212330426 0.83478427779116815 0.2814345861402201
3371 0.77121639783182316 0.59671872460820219 0.20844762508687945
3372 0.42741946260131236 0.71872332324987576 0.92273839599906271
3373 0.40763285038721875 0.64502373053851891 0.88284443510453603
3374 0.14618889150960818 0.33272872694316552 0.43164576859345349
3375 0.24741882190356659 0.83968379377559887 0.037139957085256574
3376 0.48162640612146423 0.060085587406446483 0.26942357766500946
3377 0.66440143048976241 0.82777300654900021 0.68744595905389971
3378 0.88473450045029944 0.37680351532435519 0.80704518747347131
3379 0.8043744431230857 0.7602332821276252 0.23002691656368537
3380 0.83125166727961675 0.30122465899403306 0.96185896785370717
3381 0.43281634181141954 0.83951547942806815 0.3580881152161503
3382 0.47854270687525902 0.76837673282602159 0.34979238564091303
3383 0.68868074630420684 0.47170049302023881 0.039969735213639453
3384 0.81596800751893117 0.43818475373153776 0.56822431879959556
3385 0.74589449973201938 0.12077964347168167 0.034943195535148582
3386 0.549685676105228 0.82901382074435481 0.1779684013871102
3387 0.71386592037092489 0.93136073744041048 0.69799474013433949
3388 0.29427503635183294 0.71106076303174504 0.36874289786667691
3389 0.33196993905869904 0.7604348960782914 0.39924845089491956
3390 0.41227470090008367 0.77479451173133851 0.40529851779607035
3391 0.89431112758718345 0.42310046658710149 0.59510189019946547
3392 0.24619385032230562 0.32356344517272156 0.84010407462291881
3393 0.24433053546246544 0.37672699572118079 0.87747238225264779
3394 0.68565567885808132 0.82537861915075372 0.20451700847517662
3395 0.076953851051672337 0.47761891094785364 0.89425139472461845
3396 0.25550972798920119 0.13464670535272838 0.078287010298382365
3397 0.84720803872847572 0.68160985957664222 0.81351406013176353
3398 0.80423282308821942 0.54301224047104302 0.9055360003245837
3399 0.67032048612021167 0.92983412996662607 0.75773608840544737
3400 0.76312329130031142 0.8436496526910422 0.42099829994803778
3401 0.45869290860008227 0.94378937986487499 0.55520027550120776
3402 0.45708593677858544 0.81047945364213481 0.96620081821231729
3403 0.32557032558626758 0.8229034775917009 0.52320917401022138
3404 0.76802241803382587 0.15470753293162809 0.29798561233479642
3405 0.83157374162329456 0.28579106852092884 0.90905697754686599
3406 0.8345035872053167 0.30105305850398428 0.83518538739420267
3407 0.65993215421077034 0.93474049353312572 0.096267041623168514
3408 0.77751991149054644 0.45410821252749062 0.89820536240899518
3409 0.58210918460407557 0.39371684802806617 0.83225298611396159
3410 0.50136914890244977 0.17720670991413792 0.33060102549673082
3411 0.28182850587339675 0.32378713068430415 0.96073187889755918
3412 0.80097210682105968 0.2319904259651509 0.29748882860063314
3413 0.87887475791701575 0.37754812671389304 0.85299167066225345
3414 0.36753077863361072 0.93613363331405819 0.48585633227352182
3415 0.56521717400483773 0.064840117481211532 0.96422994659792016
3416 0.72438417637232588 0.94141906730574032 0.27310076934958261
3417 0.77778729184022366 0.82602180192611607 0.10772565574480975
3418 0.72925898413200674 0.07341170723754227 0.20818052698161152
3419 0.71502522062946339 0.92984536918027783 0.82024957662623499
3420 0.43801333016012051 0.38308376178940812 0.7555574884064068
3421 0.88613645429683685 0.42353489200475114 0.90871258525806242
3422 0.60291881180978524 0.69359749238624413 0.037071378551371589
3423 0.79800163962156689 0.21898657615007716 0.96182753692597389
3424 0.2460723223101085 0.36766995005422748 0.74222079431321564
3425 0.59560888648968779 0.54083275321885915 0.90401645056088087
3426 0.062062476411439749 0.49342520505482984 0.58403613668441834
3427 0.63937872046786171 0.066209559607589452 0.68132686666746911
3428 0.28514353032594131 0.7801780505104472 0.71972598237039531
3429 0.63350995676827626 0.7115534531689528 0.080187037701239861
3430 0.39269542146293956 0.77284868636404513 0.63396725191836789
3431 0.7724074270168404 0.48736386217522154 0.77812980513447261
3432 0.60428016271915408 0.32934298050583055 0.9661482926800562
3433 0.53007693261841515 0.14063645876745426 0.50245541585745945
3434 0.29695669467171476 0.2498290917286082 0.88094780940117956
3435 0.061660488680758123 0.5011268358701767 0.45236323159428476
3436 0.22237689083305578 0.58598790054824446 0.4546547145535475
3437 0.6410621992097788 0.069002943983210524 0.56999719905188395
3438 0.2415251442327089 0.13785514607854332 0.76136475254429581
3439 0.11805592348541297 0.60325219676433284 0.93439663848175936
3440 0.43126742526325673 0.059961889845446384 0.45483975668695764
3441 0.73307379580342202 0.87616116124956522 0.21937551528034094
3442 0.64626866350610934 0.1609014952715106 0.57741493984756542
3443 0.19160114810001341 0.46356475968998206 0.89730130833349031
3444 0.34497209920024419 0.15331351767291426 0.71251269027649378
3445 0.78442708607640599 0.80605763680200759 0.65993521207630057
3446 0.75967085343928209 0.1554159098236467 0.54514592217408153
3447 0.25148356261344879 0.49013586250727931 0.11127658220961127
3448 0.76042612795717057 0.31464158209797993 0.25660521613062082
3449 0.79943007861258009 0.48594232633672346 0.13544236343824578
3450 0.2688469963567775 0.8801746085175215 0.76890767042493502
3451 0.55223847876290821 0.056089533689040898 0.36780828356970141
3452 0.41028357978920754 0.1648609078775968 0.096279505564923998
3453 0.21449772436546216 0.80498936351808137 0.45047850358827068
3454 0.29833179522384101 0.74711107572178481 0.32205838467685216
3455 0.75132099475465441 0.84964428996316366 0.03510151680147558
3456 0.40333871566258017 0.83329872328884158 0.27280315670331517
3457 0.12706305688644434 0.62826255159007383 0.72975423378024873
3458 0.35184213994929103 0.057521358069903376 0.52467441224148881
3459 0.2265616499734594 0.34676317374731508 0.54336422734696055
3460 0.17687326555277083 0.55895913961031007 0.96731966042429673
3461 0.37192488792732731 0.7876733021506277 0.14500895733741129
3462 0.509858832291881 0.30022014839765698 0.029203247745740787
3463 0.28478248170835857 0.9344466039899687 0.69418321633569935
3464 0.93729977202440384 0.48478049269961732 0.41369210357277986
3465 0.67540972962880264 0.41668918406417038 0.93123516732191514
3466 0.18325988026822448 0.43703957556846434 0.70184959689012305
3467 0.80509290504852349 0.42948559481289428 0.74134223792239284
3468 0.57851130189612188 0.93320150724725393 0.69691737480748961
3469 0.20741470282693722 0.21205233470077456 0.74319745453436858
3470 0.76696957845650326 0.15948541145517239 0.93175434826735515
3471 0.56824565451931586 0.33170704186227473 0.11269707762368041
3472 0.27396544847724008 0.92684949487260315 0.83240982976838984
3473 0.64297614607958886 0.67223110855769175 0.57831281711375104
3474 0.68405213362017636 0.61029325287036806 0.64865478793873388
3475 0.87010424459718283 0.3537428859051816 0.51498612789770004
3476 0.47152636131335657 0.24132594830457824 0.82018046566258085
3477 0.45158057802099455 0.072974088472698803 0.035188781109787862
3478 0.09633083159036239 0.58163794991254714 0.60086591977507042
3479 0.89401946122723441 0.57917506236549943 0.91248633866647677
3480 0.32318958654226748 0.93321474337144172 0.8911719857526843
3481 0.79192783740839334 0.2076277624711855 0.84599924615882105
3482 0.34861254948400827 0.64973352500735437 0.82686712479593527
3483 0.39386381780184559 0.3182419847658971 0.033661554557372318
3484 0.75404818356242853 0.67956688633568785 0.20517090937031607
3485 0.27902445523410796 0.46584741238439992 0.76687436442585766
3486 0.72841200805782047 0.22909291937751214 0.86767233051871706
3487 0.76839191007784247 0.38254362031015643 0.3683844404798392
3488 0.50070447226488501 0.8068943437767645 0.69546749460558654
3489 0.58779083468631288 0.83351791007361187 0.68154126501610479
3490 0.21347535086001126 0.78962233562376982 0.96605290369142283
3491 0.46804174464107945 0.17366788065365713 0.65063505455142545
3492 0.26430926683348743 0.68787655492340027 0.85271047237785758
3493 0.56058103234088019 0.52387548427250241 0.040648346991960675
3494 0.84776012453783023 0.67352595116930847 0.66050279273554247
3495 0.15627502110553826 0.7005685679937399 0.39881852509763599
3496 0.84617274965589162 0.67390791703729358 0.19617982362623573
3497 0.66364939556567915 0.59983658348786106 0.96646591351100153
3498 0.85814096577301113 0.32432874591855526 0.65063275845733115
3499 0.36151122342464903 0.79653643870266577 0.32782201538425554
3500 0.6364808261396071 0.9329275528233032 0.03687125698654195
3501 0.087699055028647444 0.56591363764609026 0.37261250942735036
3502 0.72272753542579093 0.070693325088130032 0.31461030523899913
3503 0.61180713546618537 0.93196717765603398 0.27321694548177278
3504 0.29278197295171571 0.31717725888008053 0.40542225438442647
3505 0.26641781129262337 0.40224010191669113 0.39658331392931834
3506 0.16924338222588084 0.7228707240956046 0.1241648019450886
3507 0.6247034164060643 0.16950626542439107 0.7331070027810912
3508 0.23231276468256948 0.15116916011697437 0.52750528699418187
3509 0.31054163717358702 0.68381734082749279 0.91971485979518175
3510 0.26036132906689102 0.90472552460455147 0.23343481040489147
3511 0.69070393485677595 0.43287774150542735 0.97206176459098947
3512 0.33126509431829049 0.058782914184775409 0.35546298834782841
3513 0.29165410570136402 0.94002982347620434 0.56989447869871712
3514 0.56716721330277442 0.93986847113429639 0.80747002797790546
3515 0.38758385056164846 0.71849101319428543 0.029562793239792752
3516 0.42785624697925295 0.83392265668095977 0.43724168617556225
3517 0.34824534267229806 0.7884362701570411 0.4517229366940031
3518 0.17267815238925904 0.5468082948493268 0.31212871817440285
3519 0.67764579072094588 0.065954043244284416 0.47622790793626252
3520 0.24957531691607573 0.28201590508146429 0.089834743319315277
3521 0.65607134940776257 0.93331045355144693 0.53361599900228085
3522 0.56831073307983215 0.16598575011651648 0.034142521231211344
3523 0.26539708765577291 0.27209192085786704 0.14571801940877951
3524 0.32743920075709937 0.24388261288698948 0.14641682093533315
3525 0.64358521269861113 0.15031235094558473 0.81775732959019587
3526 0.18562599892016568 0.45265411276790962 0.48412558176249865
3527 0.2335231969110734 0.63968913801113281 0.21869284230768396
3528 0.30383259892469178 0.76453811397800508 0.55448915851291802
3529 0.29300980142825589 0.66768983068940868 0.58112650852329717
3530 0.21178360651429096 0.36183773197252689 0.026967746800762405
3531 0.52015248843187178 0.19761423516333176 0.14358367205948233
3532 0.21293050243390307 0.81509541141713193 0.18170440439329097
3533 0.3177480718625223 0.17439253098556465 0.034433246562042809
3534 0.23114268106615213 0.17907037840103607 0.25979165521728059
3535 0.46293905520315454 0.12582141491727855 0.60451794076320542
3536 0.2293082181231787 0.35032248874828337 0.11986438748094042
3537 0.22029196785568775 0.3066715425105967 0.24340248711689619
3538 0.24121733085137775 0.39038613132618022 0.23422697456824329
3539 0.20843609861135487 0.5725874789207045 0.82822811661742524
3540 0.30407754944356419 0.61799083627933782 0.35874437321298586
3541 0.15464918190531685 0.68098330274344687 0.62383094281312912
3542 0.85364001335934714 0.66877087745630581 0.44856593379984999
3543 0.25904050546517832 0.33173873477636889 0.28603370505217213
3544 0.50681681781278476 0.409312695600906 0.92937407827001051
3545 0.23722303580059168 0.83925377402225698 0.84470607878257309
3546 0.79302304541115187 0.21172354338757968 0.19586223354514848
3547 0.47230100760050325 0.93529718752209434 0.74048462462842979
3548 0.10466681663380563 0.41557647035371503 0.7777071036618286
3549 0.54610663400709358 0.9447135483500847 0.24179612908750692
3550 0.80143903139625383 0.21847555281032793 0.56827196915857259
3551 0.72736711214942151 0.5961502965246519 0.16871901373795228
3552 0.62898614233180805 0.46712467723587725 0.029205787426027644
3553 0.70129312819899126 0.30619256212061602 0.077418994474366773
3554 0.76161653490015047 0.28924560737199095 0.37325305632928429
3555 0.67755450015384566 0.7986160707351877 0.2807257379587762
3556 0.84575120202299614 0.45914257148379539 0.96254525845266592
3557 0.78416013079370317 0.19039986200253239 0.67851280800678349
3558 0.49040658952539345 0.6670609682262123 0.16927605307903568
3559 0.67242274334237806 0.56071264093284201 0.029832302747472193
3560 0.30582894589766119 0.0608486205052996 0.65433546759247774
3561 0.61242406486250411 0.062015595141038778 0.88217201395595424
3562 0.28438538155259252 0.5164079804085735 0.66290744156077053
3563 0.46284146941406695 0.059904607728909397 0.67682038896727748
3564 0.70225640307474291 0.24120608592833198 0.17611198858709046
3565 0.8500367368065449 0.46720388781063421 0.61130077474039857
3566 0.87168880171634588 0.658554875847568 0.60799737414078947
3567 0.81624903440815744 0.53475527389866284 0.55560206391039269
3568 0.49840295585832423 0.93971565391263678 0.40852189201945988
3569 0.37113762582535775 0.14524090737878922 0.86224268536997961
3570 0.86282999561964802 0.64900250939626081 0.24471130184999298
3571 0.21540304832329826 0.50161517084670348 0.23894017755509361
3572 0.37445123903436922 0.82028213639381253 0.49661273205214135
3573 0.63945226169268976 0.78598636931367694 0.72191750087744566
3574 0.3581131528745744 0.42322362033184574 0.069354536035422409
3575 0.36627618811004486 0.93153578248348123 0.73101620062801842
3576 0.83787825367514435 0.55691425767200742 0.76509526104561099
3577 0.28444859178357934 0.94402286198953012 0.47934087979314138
3578 0.45501671851457309 0.26683192568369946 0.14496317102695597
3579 0.71956137911137641 0.071278012185641823 0.11339841630108785
3580 0.6573252487038278 0.2340120249336286 0.59331761391801574
3581 0.69000622993513561 0.2975917623936376 0.57205782147133555
3582 0.068770336128128093 0.49754048989141764 0.15090756759920324
3583 0.72086313643759736 0.05538675033035028 0.68967636440178792
3584 0.87835581758622172 0.37957711359948082 0.22178002385173112
3585 0.72896049311782618 0.64914869936799524 0.24309116447442009
3586 0.65781281831048344 0.59567307316901519 0.26963968736867611
3587 0.63907468567357284 0.93682103923182181 0.3585603666131929
3588 0.10961618805272146 0.59143944399093862 0.04087964745335395
3589 0.33685086131820896 0.84024387592573047 0.96366214209716905
3590 0.67473882169418742 0.8105135179387547 0.91080066848635832
3591 0.7102866849236591 0.94112150471076994 0.86705364856165779
3592 0.88869189861914777 0.594769134382094 0.31232960843908153
3593 0.17678235813882992 0.27100130881971696 0.85194354274341499
3594 0.27212764477365764 0.071012365465979124 0.87452425583696924
3595 0.68393676036849849 0.28688042418524462 0.76276707314438064
3596 0.68302546193527913 0.24879206245630672 0.8042529555403134
3597 0.61482246270877072 0.30361237003290986 0.74466672886878138
3598 0.71336873679216484 0.26193034131490783 0.60948391628800669
3599 0.86738900641135275 0.64751019682727995 0.34540858064294927
3600 0.45877883750905757 0.50607450577679947 0.075693319357863734
3601 0.43937756718061782 0.069571588578426311 0.96948602189193511
3602 0.35272682417441986 0.52657537212736705 0.066083566398355803
3603 0.43095188666074763 0.56838464876384132 0.36548483186971936
3604 0.28598482999265051 0.30804432528001013 0.36028337900461327
3605 0.7213882334692383 0.40297327962099144 0.028090823687397331
3606 0.4769965505557755 0.19723263803907434 0.26217238347431554
3607 0.40068871961371583 0.53435515645689746 0.2203029612018268
3608 0.72992765983716135 0.33052070785987547 0.20641974194517781
3609 0.39038904063405261 0.8262091474979415 0.83308275204675453
3610 0.35842484934857005 0.78497345336506885 0.86383152339522506
3611 0.44924289658118227 0.82870423335097121 0.81718042863105367
3612 0.43288534691165403 0.82202803736975727 0.77161532691195023
3613 0.6612179566370342 0.86106348233139118 0.80717696868430655
3614 0.68007426605077881 0.37751403242894693 0.78687924764584827
3615 0.70811332801925164 0.058499214734474413 0.83572493510767176
3616 0.77412037525386523 0.68593681408809137 0.88853920336820846
3617 0.22180624774150406 0.16203597055010718 0.026868816622653523
3618 0.20291251553977993 0.757454858999979 0.037823271234451228
3619 0.39291044946783882 0.066385768017296717 0.61134076845165375
3620 0.1775057257473398 0.27045977661840709 0.20837312032587657
3621 0.40183622862071716 0.13520162473730593 0.446631542747153
3622 0.1510313185502431 0.31305178503897607 0.24848709635232891
3623 0.24913894173071924 0.099209657485221259 0.96941788406835516
3624 0.76353559949485716 0.13675728289671973 0.35497202608083983
3625 0.28403503777813893 0.76880570930216496 0.78789006229248204
3626 0.33240259230197799 0.66321960389751478 0.70735591618456384
3627 0.329427409459006 0.14091525025186233 0.47379388758786678
3628 0.60089326440975266 0.79588029737382071 0.79630601458187267
3629 0.26499158579583992 0.79926880005143452 0.64916261363781425
3630 0.57083417062307484 0.061885225596262736 0.75844699626744838
3631 0.40788766426492934 0.20515300274129658 0.63211475279542795
3632 0.80120914486008477 0.78532279626314927 0.44540564187344833
3633 0.42991452986706497 0.83095301384638109 0.14517598879655813
3634 0.90115653767219395 0.58385105298252604 0.70882470648801077
3635 0.72093314037800749 0.9288696926758343 0.31522440758117892
3636 0.5811734914073956 0.058976675086080961 0.54565470274214067
3637 0.47494229066351051 0.840487454367977 0.20824674088502954
3638 0.75570179096058654 0.871186863118244 0.8525609253632721
3639 0.71937101484465216 0.94148119929465035 0.15200710269594475
3640 0.70945693870140503 0.79206285678224697 0.10625746628551493
3641 0.44380579654818758 0.39240152351503754 0.34743503394197955
3642 0.68594677527762637 0.81066606736568958 0.41595531834763722
3643 0.65061798773529622 0.24500734105247815 0.63579423186463058
3644 0.23355327859296388 0.66244246780568805 0.26161092611448344
3645 0.20163276453822498 0.2040978948899643 0.092181154953319674
3646 0.14401399786847763 0.32665939244790626 0.069069926444753502
3647 0.85364054687156055 0.68431040723421654 0.084127396160237497
3648 0.34000886828274601 0.83209518095487733 0.37483278533279785
3649 0.84396407098128123 0.31063776433269252 0.25047238387660498
3650 0.53316474187732299 0.20808603585409766 0.66040459207272761
3651 0.86676117132581509 0.45248831062877015 0.084929908834666112
3652 0.18020007031991217 0.73659356060905701 0.55889462177135263
3653 0.57526059587128264 0.47794029808254801 0.97151621331935967
3654 0.37321019254652343 0.14959861577542938 0.5985264826663319
3655 0.78462465292660999 0.66821000839849021 0.79239868443732653
3656 0.15240899530860064 0.31967156325118273 0.47812016018517733
3657 0.5494847409685838 0.8669530418644007 0.42055361963271115
3658 0.3332377328809501 0.63035308587260397 0.085391172891435163
3659 0.59059356231910942 0.66765547665963043 0.11652836752538639
3660 0.59665618539039444 0.37624521198251998 0.92403237955948059
3661 0.70399139462212246 0.2045019158953619 0.090242733099430969
3662 0.18465375122386654 0.41888660173776188 0.096595942480358618
3663 0.90792005216494631 0.5618616668786921 0.86141062868210094
3664 0.20378083946413089 0.20392491936083729 0.58777748631940374
3665 0.84830434917335507 0.32472577929484753 0.035623259198533569
3666 0.48730003495322033 0.94050282089676562 0.20070122715604977
3667 0.76841255794229602 0.60764004463989063 0.61918922961880374
3668 0.80379178655411532 0.78383971299354793 0.025703465423106749
3669 0.68858162729495309 0.81923573805645955 0.037477848254302004
3670 0.55175855525121986 0.79672931652974932 0.91734979214568457
3671 0.49869004115282684 0.26575022781629604 0.067038654880542073
3672 0.7292500151059873 0.085162509465932151 0.90409530815281169
3673 0.63366000773852593 0.16950663093643809 0.69112916655151635
3674 0.748362932769291 0.54703806286382184 0.03261323195008576
3675 0.45166036657399999 0.93920046195064399 0.90692910660617898
3676 0.45710209166227728 0.9473564464258748 0.65307559970650553
3677 0.36124108768829033 0.13777108977367655 0.90882147129249446
3678 0.67499821941893567 0.29073772656263397 0.97066361513736654
3679 0.86535960106596632 0.33258906282893191 0.31612529162686159
3680 0.35604179717194434 0.16362955818941086 0.24980747105147702
3681 0.70558064545752497 0.57189718919371768 0.74767958208563245
3682 0.51431846537818993 0.063987198542224677 0.52078989461655589
3683 0.30524581429044739 0.1877917283092726 0.58379760219293786
3684 0.53175266754893546 0.94166475715411779 0.59632292356597083
3685 0.56380299740925477 0.94411045256194948 0.88334914963148092
3686 0.39004726109644833 0.9403913786821908 0.56952369244382273
3687 0.76193529330821863 0.33494929302380699 0.60604593348631819
3688 0.76268452035818401 0.36161153919319322 0.56922611397308476
3689 0.43909607443200038 0.94228204649955283 0.25931722345516894
3690 0.7467088082449892 0.45912620009597549 0.30547875270921521
3691 0.72118022263107695 0.9396299907578568 0.40996650037309257
3692 0.73422903996733868 0.38864970476722421 0.064898554380532728
3693 0.22205964216487512 0.82131474484813283 0.083424873956304976
3694 0.31576159493706346 0.065718175798331016 0.31375158046511381
3695 0.31858099533753559 0.43569809090008649 0.92098403930807637
3696 0.77341008120000909 0.33409072895544162 0.089544834730185402
3697 0.19227173672205111 0.7570263480780105 0.51501989997959419
3698 0.28575297529345334 0.053770016475684253 0.55263310928532383
3699 0.90130881778443339 0.59836353123563191 0.61545129321493264
3700 0.23632850569296177 0.13359618873816989 0.68128482684718095
3701 0.15536747463378361 0.67840778864750939 0.035749950913765795
3702 0.78825546104665933 0.53736569232173581 0.17197764175315217
3703 0.32708043298078571 0.2230930562054462 0.30814490167615433
3704 0.21958486253946791 0.50874331192192435 0.45286344852861793
3705 0.35982865441946538 0.14171195776573203 0.51611905448928264
3706 0.37187043280614601 0.52180904444848242 0.97076917150684028
3707 0.79575772832165814 0.20193180276118583 0.073823882179649469
3708 0.85404240347930827 0.66640137641465624 0.036824158590692616
3709 0.59236005098156908 0.92708316084901332 0.55375235007405599
3710 0.13942048200396059 0.36490320485370076 0.96694067777005288
3711 0.76940988791470755 0.83950349824865134 0.51575108763476196
3712 0.23647787880139537 0.58886329100980572 0.52537657437843521
3713 0.77506563676665652 0.67679053899624675 0.69653189773008739
3714 0.20338343623289162 0.48626573331579198 0.65989684987432562
3715 0.47772188382455982 0.75625640237768355 0.89535087138505509
3716 0.35155936944624044 0.46046773544938002 0.02924178710202403
3717 0.61127099140247243 0.87023354424440313 0.1656934225362969
3718 0.62477270047305533 0.70051189825830973 0.96615623340224155
3719 0.58117398299105627 0.32178854651865718 0.032300633860619397
3720 0.94018820907537615 0.51046891786858917 0.17246258080818619
3721 0.80592777233200019 0.22415772171059659 0.61387374274748396
3722 0.85729688579152719 0.33542744607920078 0.14815315435797136
3723 0.19367677815674805 0.57176371631769463 0.73426973110925375
3724 0.28855122805550165 0.5691085673388574 0.72491887017203871
3725 0.18559117352802282 0.44156432357263825 0.58781709320491315
3726 0.20259867843047005 0.53181802821599033 0.59436739739085087
3727 0.26702818773515874 0.57099995814291948 0.61433645362777189
3728 0.75210754941492042 0.36848190590263719 0.15255075819507236
3729 0.74725718733401525 0.4458743376248574 0.13119798973966695
3730 0.32806695047155648 0.83084709752699926 0.17555633033195037
3731 0.26207731166618953 0.68940964150745765 0.40886943783228347
3732 0.53698281192377795 0.94129796878101435 0.63955066756903467
3733 0.52477487615415841 0.48120319440759179 0.89817002964272663
3734 0.58106173074130796 0.5087836226533623 0.86134268577425943
3735 0.57873563144135398 0.83324923974418408 0.55584188169819315
3736 0.24585842747072764 0.880478135145358 0.48872194183937434
3737 0.61517066438945833 0.063142874149209466 0.10420408266761258
3738 0.64795378197808418 0.84137671114171619 0.76356142101880353
3739 0.62752653261211588 0.86072799138875666 0.43918998377084467
3740 0.17949041787153511 0.55131083842351292 0.77743205131526938
3741 0.090246310679523559 0.43099280847978338 0.54779189680524454
3742 0.10264697755636761 0.41440484541578415 0.84933132561982427
3743 0.7172657173633411 0.49778040149136271 0.22425412231876721
3744 0.22529416925267318 0.17129169896756782 0.30331187470629245
3745 0.27272040424221095 0.74733847519474694 0.50872598274947278
3746 0.3583872067489749 0.30936715707445539 0.96975727768527109
3747 0.14372501795874484 0.67533947597770194 0.89300985963747759
3748 0.9373048957971355 0.51680102646858417 0.58777779203837766
3749 0.4315686275658519 0.78132172457168736 0.035928957498950594
3750 0.078048415822636052 0.55955996376229622 0.75070971516929641
3751 0.85601553214621018 0.35164098989320758 0.71629978346901368
3752 0.7198680060542989 0.93380811618548576 0.91248767165696099
3753 0.28747725141358649 0.35433240570477997 0.91545745287333979
3754 0.62497885282575372 0.72836327122514677 0.86654219592552861
3755 0.60157249314636263 0.62847736251007225 0.87476005818190561
3756 0.31764439274266382 0.37928676550375201 0.3292711441019649
3757 0.73991681212968285 0.89538974683275696 0.73243606458661015
3758 0.45045922348621303 0.27802433133013649 0.53216866519630035
3759 0.35740114041721599 0.27595385628500929 0.50709850279249347
3760 0.55877858858358953 0.2562077457899547 0.97114485477549062
3761 0.49968974454962006 0.067601390937074304 0.8732483489271744
3762 0.36406757681130775 0.27686047025404859 0.078218503228552602
3763 0.48012920332811931 0.31235964988564668 0.91527319479679381
3764 0.32073535239280837 0.94365435366713835 0.22927744948995263
3765 0.26487524653053934 0.075928559650499161 0.92015177484988075
3766 0.64864764752936421 0.063674631187029512 0.38325978233625951
3767 0.81693098648892315 0.76645573098069109 0.31536031577001061
3768 0.21858749057646679 0.83048178447760679 0.79306897585380975
3769 0.24362483321065509 0.1380148998818371 0.47945718634478224
3770 0.30274367295362953 0.053189586458536435 0.26219712727508254
3771 0.80890166669711205 0.76731077190291275 0.13798053288232373
3772 0.58236286408753479 0.13361930590419849 0.62918259048794967
3773 0.33539140251711119 0.2983549057613557 0.91334251516560194
3774 0.20181426118614948 0.20090713967693996 0.63459326202960409
3775 0.52190873020584183 0.37913926639499412 0.029187152608743949
3776 0.25335861241479773 0.25320308510794659 0.42565795955518848
3777 0.52514708496769558 0.05345725316037124 0.79222309539612046
3778 0.060174683745081975 0.50795558543668995 0.26797449850294008
3779 0.18789090790314145 0.22690519482139335 0.81468794744677941
3780 0.42110964504591114 0.93868756282256072 0.86536369743001773
3781 0.44505849106834533 0.44323131007091832 0.96947157099366077
3782 0.12882462506985043 0.64077387648397166 0.96991740365409285
3783 0.80805467575897394 0.7678918219543307 0.74089092317311278
3784 0.46271106134367379 0.94317226803727194 0.083883510268612405
3785 0.4619740359300531 0.16300575569877163 0.21468077716079045
3786 0.31442408697606639 0.83212404134344364 0.033889201640100154
3787 0.91962031483546069 0.44660500197563718 0.28170267674350319
3788 0.35912726829786107 0.54907171688428713 0.028124820928551966
3789 0.21687221728983766 0.35429406660242785 0.46988922843464487
3790 0.26686094644546665 0.92007086366578217 0.91704913986697045
3791 0.67477720069026614 0.82151915751732085 0.37904618295552051
3792 0.71516137387075407 0.23049540323494938 0.30833408290557923
3793 0.7893013175292074 0.8097450464066257 0.566817501521237
3794 0.60719770028039854 0.14730316845007058 0.48469269936226128
3795 0.3280179062632777 0.83020918275368361 0.78237465826340424
3796 0.48958681909672913 0.55327904459410771 0.923398079348278
3797 0.83064199392905469 0.26368246627056036 0.17395467201536474
3798 0.55739177260117734 0.78000393638266274 0.71038337586762734
3799 0.65356667123160728 0.67203481913556229 0.2229116931667261
3800 0.59337528080128588 0.84758794226611922 0.24495378215301156
3801 0.80462956179702072 0.40354995171742036 0.02964526365603859
3802 0.35418324452765332 0.63525241912105324 0.96980553654145873
3803 0.28655649077603124 0.81228692881040687 0.92339328444682844
3804 0.3018894566474552 0.19343434380478411 0.84605692924906495
3805 0.77572016606755423 0.33868760862793496 0.89376097386306463
3806 0.67838690057172524 0.73165771561224091 0.43933249250786172
3807 0.41882812089177335 0.23205913027474381 0.029004655322681712
3808 0.52027018441813244 0.33827058190928977 0.96562460061736455
3809 0.37484291969806138 0.39869165337255741 0.90877499753964819
3810 0.40615485284079339 0.40999110954120649 0.86020314673738296
3811 0.47754524051848585 0.05936437870002987 0.21870107314679854
3812 0.37142064337938474 0.1624605797066549 0.32320235535527286
3813 0.56143550899767525 0.32842077805578773 0.8815472736001646
3814 0.83403457303573336 0.45791208275334511 0.80901435056465387
3815 0.8425939065291207 0.69940052437855615 0.14027694788947617
3816 0.3967262155693817 0.85171715477574039 0.62279155704381817
3817 0.91865976856532994 0.43953590383156177 0.97330206924140483
3818 0.86304298126043877 0.45479400387973257 0.43571978027130664
3819 0.85009054556578656 0.66007585327566487 0.96086326713392312
3820 0.16456094215282049 0.71867387545460848 0.47413273108593784
3821 0.15366116562040402 0.70570019741204204 0.84118450359895502
3822 0.81332544332070877 0.25730135776248858 0.65506015907056947
3823 0.20837205499081055 0.37361011603887911 0.64985394394842699
3824 0.73648483906331175 0.39705605491401752 0.24010734204547776
3825 0.70956579732479785 0.50380740506176136 0.68789291774249917
3826 0.34277326798914365 0.055618302151189215 0.71583110070710876
3827 0.38424848950986168 0.54234702256473555 0.86009596750967032
3828 0.31157141245941583 0.5528914365368397 0.96609719277491468
3829 0.15260039639374554 0.30369801451327066 0.137365027954092
3830 0.16575729102474426 0.45201463540831555 0.29805126387384895
3831 0.23224148020560087 0.85271634999638768 0.35485374327777203
3832 0.58381709231441026 0.94154630988036747 0.36561234002956972
3833 0.29818489198066855 0.81635355451998726 0.68158775943450822
3834 0.31032926141758826 0.055905092252295292 0.58791098786978113
3835 0.84555497416244085 0.31660760441395158 0.44330075179191897
3836 0.43256417033719685 0.85245445386398544 0.32052233079478165
3837 0.21714329633534979 0.61178134531667649 0.8711606511265354
3838 0.70614972500455819 0.18543313153366683 0.7949700182631616
3839 0.78917488165657335 0.3790992072553081 0.27965554858693392
3840 0.92960848071867364 0.53057393223275706 0.1334440367180689
3841 0.7152103243794542 0.77808516293895469 0.34576490662372261
3842 0.20412805609362514 0.79372382379347961 0.37560325042296622
3843 0.18888914603332085 0.59811220916464147 0.27890847128062979
3844 0.78830908287433998 0.81935017715295366 0.91542724191413749
3845 0.33136428933076156 0.2684211968180642 0.37687205411429237
3846 0.70026174869864111 0.057361681376843804 0.72703628858650382
3847 0.38583579855942479 0.30560096811130366 0.56603533788587757
3848 0.23277957316659204 0.44977228336062097 0.87231529867744784
3849 0.23297719557035385 0.4914290384400205 0.83882928914231136
3850 0.83680379346487843 0.71526444174349824 0.36559266841133564
3851 0.56534566311753642 0.86046576193177393 0.88291650526850551
3852 0.24584819812883821 0.11994853548626518 0.42731991175103418
3853 0.50959830189386612 0.060261483062202775 0.72138643256799451
3854 0.69485872657621739 0.8258880386836257 0.31685721698823277
3855 0.21700976249703788 0.82055762675559185 0.68283803865544446
3856 0.26869696550232997 0.24827494542226006 0.81061265560964291
3857 0.65258310195099545 0.16082112197322426 0.35870012975765769
3858 0.33966986820505907 0.058933357545793062 0.48904011650991436
3859 0.48551944708412564 0.12879235909465456 0.1175911690654262
3860 0.19470207306549331 0.47647044638333941 0.3800110065957244
3861 0.13471977605964669 0.34807630707319015 0.87207373849848313
3862 0.50111521388324687 0.74690486677001555 0.97035866803838966
3863 0.86234469201378061 0.34917921380559619 0.75608219084507788
3864 0.71902964459904539 0.051028408863065013 0.95148844067545646
3865 0.50881846463218361 0.13918584575576215 0.28785519554117417
3866 0.26050792825732322 0.11213723053217466 0.13098816197600296
3867 0.82377295145214913 0.52893542732756726 0.84544257613489138
3868 0.61890054340070411 0.3722840400120635 0.44346863649689222
3869 0.71216223097432763 0.71904403180908938 0.074007699539314672
3870 0.57665167590883115 0.053432200917714411 0.129970200082374
3871 0.94045175127929215 0.49880416278236367 0.72324213847720831
3872 0.38885128508463174 0.9455734474033346 0.11968993003977935
3873 0.51176822616477802 0.61384543839059935 0.036664300682167458
3874 0.94042469954706742 0.52031521939623582 0.81591978736411108
3875 0.48541179252288758 0.88107817345896922 0.58571038922132268
3876 0.5334967862044423 0.1476666263368262 0.3639632024216643
3877 0.94263961902318727 0.48865059183724419 0.65540733038870291
3878 0.10201264123063197 0.59460220236555084 0.1380339865219862
3879 0.89796645074548853 0.58033974798621857 0.18648456330085902
3880 0.91037617571434082 0.55864735250459951 0.75215830220046787
3881 0.39302091318920518 0.051626992593558865 0.2151539361577591
3882 0.75515149596272257 0.12390348918502678 0.66316906878962156
3883 0.20916469772206356 0.62489643559268304 0.33657707373233869
3884 0.46291317623557454 0.056912064147483475 0.10388010563945937
3885 0.25781620883631495 0.84458761896036505 0.20771181657391866
3886 0.52039571821171682 0.86143949330977931 0.62785731876176376
3887 0.41926658237553743 0.064859251700401271 0.29719631196988772
3888 0.44741867019071818 0.62665812405040022 0.92842316299692773
3889 0.59000410175892204 0.26788575839401052 0.084163816186275511
3890 0.13961775023043721 0.33243456222716616 0.82876397032260329
3891 0.83426878708504004 0.53521901049896747 0.31255770702483276
3892 0.13529233706443095 0.66444341028920451 0.084913529188647002
3893 0.69691476219708848 0.60340485984171766 0.91531095936994011
3894 0.21393982250383572 0.82946358682341637 0.63209187316609694
3895 0.62931240800100585 0.60542189111312517 0.91962482189514516
3896 0.66278906187025388 0.059285532552799343 0.25706432422776287
3897 0.68887706241252389 0.44148636256363605 0.14737571944404676
3898 0.23269957339633848 0.15379187719041082 0.16666083993068054
3899 0.78593409018284743 0.82877343633982836 0.77605325587445451
3900 0.50450973214934525 0.84568398264424194 0.74652846310284804
3901 0.80697071526691855 0.77969598108447769 0.61608977609732873
3902 0.55604805485933018 0.0555317845309415 0.84312279290765624
3903 0.27964905352408642 0.75265021677372212 0.26016000245387338
3904 0.93352199753300469 0.53309589524337608 0.3346933629023503
3905 0.7284743741490558 0.69050698494054985 0.92165245342079571
3906 0.19793374529725058 0.78421124289117272 0.25596102649709457
3907 0.13555971939992134 0.6629710325858259 0.26538779218817499
3908 0.86073295915818959 0.51629454175678702 0.19963877794369017
3909 0.84341866491393003 0.46529645161411914 0.69639636835460939
3910 0.55210797998126548 0.52275287611191879 0.091250640329903362
3911 0.62025624680410107 0.84681417331868891 0.52474153879199326
3912 0.75544453666034461 0.57861742953074813 0.57910265235733682
3913 0.2619958551633314 0.72301698613372101 0.89793489443034236
3914 0.19081132743013093 0.35790402089097273 0.58882836682614748
3915 0.40883073020848726 0.051877857995497906 0.7520205975758949
3916 0.27331382476451443 0.1215798388186483 0.25482768252218679
3917 0.71304521255419784 0.17061464170176435 0.26701402811507963
3918 0.87288210079728368 0.64410270236439615 0.86163915539445401
3919 0.34043721583240738 0.93634281728137192 0.34333921687627866
3920 0.80813647650094123 0.22187308687161825 0.1211561223376257
3921 0.059153756468148799 0.48498580431873611 0.74977322645250533
3922 0.44586101339457973 0.80656488800930559 0.86704707864139419
3923 0.49390811157181602 0.7449846326332451 0.84344833061367652
3924 0.69328276328049898 0.21751278445854372 0.41950213592160907
3925 0.29578906637165647 0.82939601531494678 0.41028538160185912
3926 0.44943104384306343 0.44596285130939561 0.030616953672902677
3927 0.24206757636816845 0.30601514757405757 0.76978460780009894
3928 0.3530340587811685 0.16831898679585475 0.16333625005267816
3929 0.30089603735181902 0.05770503972966242 0.20645426320107901
3930 0.58974283741269073 0.060458755654092013 0.31914796526126499
3931 0.77820824247151077 0.64568816781406979 0.028387444654779378
3932 0.26558196338153839 0.25635318672762042 0.2564966450057915
3933 0.70758921190036861 0.77779975692922232 0.17440837162447814
3934 0.48600283652973564 0.16128308316153167 0.42046899307264807
3935 0.12766008810313509 0.36300676694616918 0.75581164582123728
3936 0.78082972838190901 0.2877600339948948 0.76945130528906713
3937 0.72294429944767358 0.066234186845376547 0.39962148878030679
3938 0.096823816756352349 0.42667584794580926 0.31600980737591855
3939 0.67390429668764806 0.25692390268501658 0.38470948190649024
3940 0.22288112066444515 0.6605833529506614 0.55356373740418241
3941 0.81138384951668485 0.57279681324972176 0.65713180143382677
3942 0.60300161895905469 0.95132056875120097 0.10953481950069015
3943 0.51369292780598874 0.39087829851585315 0.071032733282180294
3944 0.24427286397186698 0.72561831893380935 0.58169649052660399
3945 0.088442053986716188 0.56404850288629005 0.89400698581451532
3946 0.33271476198412664 0.82138254177222192 0.11968615983306036
3947 0.40767982628640892 0.34228801198776249 0.074176537087293618
3948 0.28145136681802813 0.050880593722698091 0.83084288563842656
3949 0.59686693095865717 0.20350476379053989 0.37657859167543783
3950 0.57157619599919784 0.31174708770735365 0.36573300228120209
3951 0.22278991836915185 0.16111536091323023 0.93174073739320329
3952 0.71678359953881465 0.93782257182000373 0.56652327312110995
3953 0.33242925241928989 0.37874744375510316 0.46285202183860991
3954 0.16833750834479283 0.5627316170993365 0.11431192874554116
3955 0.1303083531713996 0.35088010376823953 0.28820746386137303
3956 0.68431011454482249 0.34237457508215147 0.16116055948180813
3957 0.30025238727993708 0.16214812929707625 0.41689213563135463
3958 0.81554286909010143 0.61787707376916035 0.31251343624964067
3959 0.72026179089284204 0.26200628013343996 0.029571827914192893
3960 0.61162048837426941 0.85953720575132753 0.71865227246477603
3961 0.28193413961447811 0.56631347003908672 0.92833586541338764
3962 0.59624374525345036 0.94972248309056473 0.47949430937158372
3963 0.67136916452202822 0.73758607499615225 0.91716154612574641
3964 0.66331912849649899 0.94600959713850041 0.49435777110239643
3965 0.12908932216031416 0.34276405689124573 0.39223496746526049
3966 0.21540637007273619 0.32569508729588975 0.39074190588057245
3967 0.67977692420936608 0.24362490030567638 0.52714584279133248
3968 0.2221342326007916 0.67043201098535832 0.037442210461112388
3969 0.30773901309560381 0.27925059829365162 0.84101262721637848
3970 0.3726819876542608 0.30551267085541928 0.85431042214003339
3971 0.80102958336776064 0.59996405990556378 0.73339743967227378
3972 0.18191123409780149 0.44160266320262781 0.53379312127968714
3973 0.29615785779896386 0.05954818479665467 0.4133056215202317
3974 0.31555804608012428 0.74295207399838625 0.69787714506812304
3975 0.89574399068589283 0.60566678031042054 0.77608901651750861
3976 0.37963599405303505 0.30451838260119879 0.14818116099376416
3977 0.76058825388914231 0.496230024776393 0.086949583672625105
3978 0.74135313028473038 0.27953813667607186 0.73979644569467551
3979 0.65299618452718922 0.94453786896502634 0.79357399107048243
3980 0.096762104066392352 0.43329470859895125 0.034505224567390046
3981 0.6429941796424099 0.94330013722119344 0.9218990918493748
3982 0.27065300855191143 0.073938842522051212 0.33858607045921324
3983 0.44075162140469809 0.05439007276923704 0.84548659921066016
3984 0.1646881309875465 0.72290880432041882 0.97044769537453901
3985 0.28247230288544689 0.15595997864244676 0.97546248214298836
3986 0.56736305456230851 0.068531554907261968 0.028711794553722331
3987 0.71221004204172356 0.17309763593469829 0.52383437681593481
3988 0.78616732277412182 0.82849682271210279 0.70590305578855783
3989 0.59922087402548252 0.052074119955472294 0.49927334671532736
3990 0.1721952530967841 0.4490678176282355 0.026933169640258065
3991 0.42983613569554352 0.86840187543404956 0.24153814465289003
3992 0.57888483598102813 0.045047562807325685 0.19699720341405919
3993 0.32486142291164555 0.82846063336189257 0.82336591980058493
3994 0.65724886812734584 0.051120149717566767 0.79752483915035921
3995 0.23243168766952965 0.30787886888401206 0.20357252019764802
3996 0.89478578564566802 0.59058985858190338 0.96855992062354845
3997 0.14422027505827351 0.68641946979325008 0.70324143748436085
3998 0.15536816217480989 0.54386645268894751 0.84403373677316862
3999 0.36906306935368849 0.068766059178780412 0.56416636461988268
4000 0.15830482035621679 0.51287695337820915 0.20974574805891588
4001 0.1093966642260127 0.4071021693757168 0.17848030119355104
4002 0.77249910497158081 0.15499918500357901 0.74186119473937151
4003 0.11942844891322714 0.63120366945592488 0.22569910063701248
4004 0.45174821303917734 0.28321440849675722 0.96726925467942115
4005 0.91547638849885005 0.56574639564940865 0.43514180895853588
4006 0.28988580555456084 0.24431536016557165 0.030532612237847378
4007 0.24407669534182147 0.88664274650356389 0.53837678846047421
4008 0.74168103518233996 0.26887640574627603 0.82955449238042855
4009 0.66937127511821837 0.82073779177140005 0.14166784366192248
4010 0.35632387123834852 0.053170203885787762 0.1422880727530505
4011 0.50106725320291512 0.055299883109780262 0.31700108410177869
4012 0.56219444015401498 0.055646370030503399 0.43811802508741038
4013 0.1229065767699911 0.62470642866477222 0.3966547294574031
4014 0.64913000524735398 0.3881901647504411 0.22715616597688476
4015 0.91093414522297078 0.42906660179504008 0.68517623622742929
4016 0.30941696912551342 0.22160066758916391 0.073867834659313583
4017 0.79186620793956197 0.81062847489640466 0.28692851296774663
4018 0.13334414922780155 0.66863151865907811 0.43884069158294459
4019 0.75596759532169033 0.71774875492282331 0.74235237305370427
4020 0.55727900631411387 0.94919669817408536 0.2971489865740326
4021 0.78940057749969095 0.59873578918081971 0.97024451507553844
4022 0.92784335575625365 0.46177136597416835 0.56172795547702692
4023 0.75482097998831277 0.24770931862220974 0.40960723316589703
4024 0.43022298408522169 0.14347464305857816 0.26586319198388386
4025 0.79771881754844742 0.44655578066697932 0.44158305373302115
4026 0.72568086269205656 0.05833546374879621 0.065427366080661548
4027 0.18324148955647332 0.75273613806298945 0.6780258926879642
4028 0.28562437107353023 0.49509351336530477 0.30641032452621514
4029 0.64813741195736252 0.58113663432787133 0.070566278052063516
4030 0.17288321295262826 0.55610075684439642 0.42682351870048896
4031 0.35377495226253552 0.61063580322900124 0.92515409256371761
4032 0.31678134347321918 0.66848776006884247 0.77006360568032983
4033 0.4430159130353204 0.74124129463701061 0.96770945235872519
4034 0.32801168079123449 0.39228383543083906 0.9711467761746394
4035 0.89873380285694215 0.5824414821278725 0.23517782436383944
4036 0.64495407000297567 0.46671465840566267 0.62845578590956519
4037 0.53717674476070476 0.14170200806947994 0.58293846815836092
4038 0.67416654558457079 0.1790353258454333 0.86280784327218263
4039 0.34043844028034931 0.053613584149850652 0.85957969965218961
4040 0.26907663056061132 0.24035200860222436 0.29194191053193524
4041 0.79421191506302757 0.34745311837498166 0.9355782282934676
4042 0.6086759855743854 0.85576332420814305 0.58738250740792353
4043 0.57691264732403424 0.75217659692565386 0.57907227988878363
4044 0.12310811316780856 0.63591528042071499 0.5029627422514612
4045 0.058484550227427122 0.52369798311464 0.21954719550997465
4046 0.16367428495160091 0.27485791260555348 0.72181026364352185
4047 0.13516068014670829 0.65843268370134422 0.81865195867109897
4048 0.15112089980835614 0.32279705757048144 0.029875403839472618
4049 0.23531001168032792 0.87350785111549567 0.58275789538519807
4050 0.11580347412455211 0.64053124573359788 0.85891529371025976
4051 0.41460350000140567 0.052942049757682706 0.71523426371978238
4052 0.45529488272433488 0.063081318183209681 0.63306201277512819
4053 0.63851661023393214 0.80562777959509857 0.64974296089547756
4054 0.75670569024284273 0.72906008662027522 0.65171421655491302
4055 0.17935631041224845 0.75067179150141949 0.20405856253896393
4056 0.27928568853810909 0.92641863207299879 0.42875082753100796
4057 0.72232904107676754 0.058739783575716499 0.55168892797947466
4058 0.48362613453900832 0.32928073728981322 0.41248959048321904
4059 0.3215051325582593 0.60573303478316332 0.029420262803764339
4060 0.36525130829583219 0.055502251053295551 0.090508954597671942
4061 0.75911838677752774 0.1316153234682885 0.158783698310177
4062 0.31177259712246036 0.069686168312165814 0.034833155311060925
4063 0.15428747849647109 0.31381606819583446 0.53103760739328809
4064 0.36052146850031624 0.17340076938054541 0.75755069995891244
4065 0.42087967300926077 0.19151454261297007 0.73344679114936928
4066 0.13244901839259426 0.34433435361601089 0.60361910435143795
4067 0.13929038384354939 0.66409372967968927 0.77863394120119034
4068 0.33594745824561473 0.16268329822779917 0.20566939615679927
4069 0.92991537707211724 0.52447187769726755 0.089813382132418337
4070 0.64570007922509076 0.12597634004129096 0.65456309406641222
4071 0.51984830648575719 0.62738446675884674 0.084280619579619118
4072 0.35538845594932128 0.7992681910649605 0.7082466010501075
4073 0.49338575672337126 0.047716490703649847 0.75529477893607766
4074 0.70819175591166439 0.79191835522520071 0.76240804113404226
4075 0.35361993210211062 0.30169130650456549 0.79838515365425133
4076 0.34508585287704951 0.38434856399934941 0.81621784422199739
4077 0.82704428470901759 0.41522044452241985 0.50908710180190941
4078 0.12400861319904387 0.64734047305821596 0.59844113044461356
4079 0.79879803076520683 0.79902555211451587 0.06607543806573421
4080 0.2054656548103059 0.19137101227511852 0.44266979282164104
4081 0.21099477522541932 0.36752693849065565 0.97091962043406399
4082 0.19458613392568538 0.20974485572070586 0.14137669632395566
4083 0.19634837976893654 0.42740525603434576 0.43357517595423323
4084 0.10124150240300686 0.5910320818026692 0.47478633641281753
4085 0.24912867543824435 0.25056160489036039 0.63862511535428523
4086 0.53888685151176974 0.94937180194663884 0.53009490560116812
4087 0.71906580248290153 0.94008926642358337 0.042501649058833427
4088 0.48168255544343141 0.33509487492081658 0.85730724685839654
4089 0.28799826487797248 0.95279439575272851 0.29972727332596799
4090 0.24707072106851313 0.30066972716553081 0.8795712058916586
4091 0.66704535747882743 0.94738901261841391 0.24942082296747045
4092 0.60703017885046062 0.74142216412533235 0.41211935122454096
4093 0.59033513629879775 0.14281146380043569 0.77019556224913177
4094 0.59553841041070399 0.70104455760180162 0.72666685208934323
4095 0.58161097560830122 0.39170079044227535 0.088049972793231984
4096 0.55036604282475043 0.17164134712874929 0.87737371570768663
4097 0.40410081992882463 0.86210599408104382 0.38922297618784246
4098 0.61777178314017756 0.25412043522724248 0.030668251548477774
4099 0.51728952387951954 0.50841209657796127 0.49794259846188016
4100 0.76589428192304243 0.70997247947883857 0.53618952089597582
4101 0.18284283028166537 0.24583799721514057 0.92498577967879225
4102 0.3532015836800167 0.9480387737978847 0.68562083308266308
4103 0.81859611068503679 0.25325017504225616 0.3309407526577241
4104 0.24355718321924161 0.68186611993133439 0.50301201351556191
4105 0.87684077998588561 0.36157283080261138 0.080642671644277797
4106 0.37934319197110966 0.20901321473498335 0.068812362979417674
4107 0.61525728475087182 0.85537798970146894 0.92058621204089697
4108 0.47734874137289934 0.93983352894206307 0.48345450789966643
4109 0.672155038538786 0.66502967423927895 0.02497175681151401
4110 0.1761876638832183 0.26129033810147906 0.6570682985999261
4111 0.21256181643081701 0.36691718869511869 0.80934613851584525
4112 0.20788218041478626 0.44059526279354166 0.80036649484882738
4113 0.75628111472413906 0.26118107813848451 0.67254071498214807
4114 0.73335550751156764 0.92957378500198418 0.093728871345882675
4115 0.31819916845805052 0.85286338416721874 0.25531272256353194
4116 0.45648562813275395 0.048257278569196635 0.58824843536061888
4117 0.4358462614728893 0.81042137816191839 0.47548599867495372
4118 0.38849930816911099 0.72734101093322123 0.6780507668299447
4119 0.13952041946174695 0.34265122666570896 0.91736603576298337
4120 0.80278721454462898 0.20787122814289258 0.77027938758462455
4121 0.40618127959217787 0.84952931648944852 0.9730357289305902
4122 0.60965185647740594 0.85340603812334437 0.62912552549258249
4123 0.73495106301453095 0.53197963778590396 0.91293830982641577
4124 0.46954055995635413 0.86699258106233268 0.70727966622158478
4125 0.80482303813783185 0.37678171875583766 0.8650588451154263
4126 0.20003560940950227 0.56958050859104603 0.16167108604384808
4127 0.20639323444339758 0.21291756449715321 0.69452775487209273
4128 0.5917199042808271 0.056497303915480739 0.92698998231788432
4129 0.15349362761605348 0.50905390017802121 0.89088055669038313
4130 0.29174422022624091 0.16212895114840858 0.31577291475522801
4131 0.51149360707970548 0.94575385461243422 0.91994215113172473
4132 0.060461196060427727 0.51450166456552504 0.038586672179346707
4133 0.55105703047460419 0.59872890783307608 0.9732273007973099
4134 0.14882879924667897 0.51842886878455396 0.2680998878061448
4135 0.090549489148846266 0.56977517532161859 0.80355963152732457
4136 0.75347480404365252 0.54450902483968378 0.82723240807587728
4137 0.069812792751546976 0.47907724505256288 0.38612297645051086
4138 0.18347314948692706 0.24388080230141351 0.24565935731678679
4139 0.28492401828354852 0.94385301195026128 0.78276775741527915
4140 0.92965384590720423 0.47215852179957796 0.48835336867242934
4141 0.51277659297692457 0.48839993411527921 0.97338909330810497
4142 0.46415361502507763 0.69919248791126276 0.02890081286016509
4143 0.4424509717795288 0.87833272415196917 0.54104518590188111
4144 0.24233120858798265 0.27362763799837897 0.68325579665586322
4145 0.29535026587407309 0.31900406587296926 0.713738062223086
4146 0.28873241557174817 0.60720183363668978 0.14703456850826091
4147 0.16698028154442901 0.42151882906292909 0.65685956301414083
4148 0.8331626466213915 0.74202347762249854 0.43421386211264662
4149 0.72981450068441478 0.56974991388153151 0.41890389009174717
4150 0.6321637110517131 0.52650014753612873 0.42697859336099686
4151 0.7237447323449786 0.52011835866532008 0.18572710772463216
4152 0.63209807784416094 0.5201137994234647 0.19444975808407433
4153 0.66043976908896596 0.059458964674101354 0.076322708578579951
4154 0.81908298508746835 0.76618680843262588 0.70608923017429004
4155 0.93629166961156873 0.47691437935925546 0.92086350434219555
4156 0.64501777941576888 0.50187592325578056 0.97457398201677592
4157 0.28943911099024699 0.47608089447925522 0.49593299188411993
4158 0.5691767358002181 0.83142383835480727 0.028099857045492654
4159 0.55247208941286896 0.1515527577003308 0.2591690151631198
4160 0.19430753596249756 0.53219190486374612 0.63191761611935204
4161 0.8170970025996479 0.7651741424780929 0.54550381095856115
4162 0.22452842517833799 0.83033501144096022 0.93271735935028477
4163 0.14918799509956179 0.50665233484055983 0.70815978651107814
4164 0.29459368780793393 0.17178511528282558 0.54178762682378734
4165 0.63364105884461364 0.80045874544171836 0.56679552508468456
4166 0.8609212854053736 0.53969975731734698 0.072586623541191095
4167 0.28551921156175036 0.80256660397512358 0.080303286576562063
4168 0.76033703253771745 0.14062966287015516 0.97163654172467606
4169 0.84802877536293342 0.31017185347149157 0.87321997497428883
4170 0.65601276858180169 0.77626577558509047 0.49189524524697714
4171 0.57003412021396815 0.14373224125023737 0.12310892176294197
4172 0.54619637889573003 0.05148476893803617 0.24237667383883554
4173 0.8310060171102589 0.27980097070024951 0.40232780550903902
4174 0.069081199551605438 0.46066290385429454 0.23504580468489333
4175 0.24716196983525551 0.43163783066431721 0.086601247538957662
4176 0.58629967904732172 0.17816511166734056 0.52456430515588837
4177 0.26736207133195522 0.066122149990313461 0.47346194560408239
4178 0.36782604037960098 0.85881846523342908 0.30178988029387316
4179 0.16497422112594642 0.71418600040716351 0.74198831253406605
4180 0.46592446040610669 0.2222244622051317 0.90868890822099935
4181 0.24647696806876662 0.66070084178917432 0.93363563328822763
4182 0.12698862248806989 0.3626524406153262 0.71103364441622907
4183 0.71404664991591249 0.36045822032097613 0.63319264374232487
4184 0.72321299950866946 0.40833012636239802 0.666477693912087
4185 0.61688531687247883 0.87693366143350704 0.11733331380479096
4186 0.83724587442156773 0.50666324578876476 0.24383599871459116
4187 0.94304540083584998 0.48061267538836017 0.031474064570673435
4188 0.33721800834420707 0.21334183969733489 0.91840989245282467
4189 0.76298751691706967 0.28980329299763585 0.2994131833784025
4190 0.75253458688928387 0.90016660245863866 0.59813807195449453
4191 0.71743188156062276 0.95246071767537044 0.4453217566893557
4192 0.59543684248287021 0.95416176987651791 0.15918696927114839
4193 0.59991823270473088 0.20576266801781687 0.061249493514034824
4194 0.41292370190121941 0.045824331509378501 0.40241066221443916
4195 0.56369930344981289 0.2135258134532563 0.92391749378968202
4196 0.7886544261389109 0.37355986344680869 0.97220214904920699
4197 0.40846347019382606 0.33629691870547129 0.93252588578993367
4198 0.23961737922967641 0.87706419009903469 0.39641143222714653
4199 0.33670689515990809 0.84024183116324991 0.88961815571918967
4200 0.77229504247721747 0.40265814508335812 0.40663885083699303
4201 0.38636588454564846 0.084829692484786778 0.96751046305101418
4202 0.74673212229090224 0.50303248711474169 0.46919743436597611
4203 0.21928640897463025 0.64349635223183288 0.59381414480282779
4204 0.32493257490254335 0.32159040993960242 0.026557920004691118
4205 0.53907303258223738 0.14089759920174838 0.5395714621033556
4206 0.62875539566276573 0.94808783050352852 0.57909768281852203
4207 0.85912120958298743 0.67420427736039223 0.6949442243824876
4208 0.8705894289970092 0.35039877648607221 0.92950839682844566
4209 0.28554764375279063 0.77107066710729477 0.97073570207772941
4210 0.82436983086052151 0.46363022639771378 0.058186517630970873
4211 0.71156203761481307 0.94116576874657298 0.35707493803938362
4212 0.89218974718873412 0.61208826017043505 0.51621625069385646
4213 0.27677795031912189 0.73514883155018496 0.62339644261531535
4214 0.14981670320794727 0.47618848023337873 0.16709549697059303
4215 0.86956179651829046 0.65201021368197365 0.56064973194830403
4216 0.089866029437146444 0.56797959115541274 0.69335716097619271
4217 0.21477108607261081 0.44212155351266325 0.93283525904757514
4218 0.79880746453854901 0.20160576016385226 0.42361751478405596
4219 0.33230749681666139 0.76298472517938531 0.35716149642335904
4220 0.92021135141588617 0.54994115819028921 0.65015342980487489
4221 0.7589923204706378 0.11695243596558602 0.58164725223774427
4222 0.55066120844376609 0.58124495282959376 0.9318501138611136
4223 0.5423122244984806 0.38242819228633729 0.22797220606353424
4224 0.23818431764535039 0.5160634000082629 0.050671372047423238
4225 0.89082571826710277 0.38084468754173334 0.36530318085519253
4226 0.28701405633453947 0.68789155908871047 0.96997604282101535
4227 0.27741409084636542 0.05272685471781742 0.62088328011412552
4228 0.84881565146499627 0.29218601286867263 0.72634686224936595
4229 0.25462185375496127 0.39000108971187153 0.78268189919202213
4230 0.15697982861367948 0.69777026898724781 0.16003436577036237
4231 0.78473333999270156 0.20481203815310961 0.032381335810216259
4232 0.93174746442991419 0.44486713512751835 0.21656139571254085
4233 0.90859590617478825 0.40937413381166626 0.43857052823133436
4234 0.17295657529177483 0.25857982609388036 0.50375465718778689
4235 0.2783629194046171 0.94051859416555517 0.20109918394290519
4236 0.80655944446559236 0.62840588950789 0.36115595920669336
4237 0.38791066676594937 0.062028425943360624 0.65005892647956443
4238 0.34894870384191506 0.94852394211855906 0.9272520970518382
4239 0.38993823529779786 0.87234936916633243 0.69929954305110453
4240 0.72257119651844648 0.6317100891628995 0.82240400718387363
4241 0.31479514662114083 0.20718796062777717 0.63282265338837007
4242 0.43033062119538767 0.42836603122526196 0.93321542946851499
4243 0.80663548870160806 0.20913454049128674 0.52737605880984995
4244 0.49147171809917528 0.64621358377747062 0.31960583604313597
4245 0.18846332124295337 0.39562746557951056 0.89589478738300132
4246 0.77216564631059537 0.39260814533394006 0.19543300504610325
4247 0.83805493634915618 0.71093055462640231 0.25058404039899174
4248 0.42477637989137645 0.92989061452467348 0.03621543684167388
4249 0.84318509451354318 0.52979695634839186 0.97042009131035478
4250 0.28092358269523388 0.4881349443067321 0.93410648885105108
4251 0.69811011098867082 0.27143060885197556 0.93485171107681231
4252 0.68265722698925235 0.12960285007143485 0.11349267262232364
4253 0.3228325754076195 0.94640308071669355 0.078926776418462311
4254 0.39407856673640856 0.13517638173466157 0.21161704298824716
4255 0.1680122585481677 0.73560105568613554 0.36974383117454518
4256 0.37250693922172717 0.86820740334983448 0.45837510503433254
4257 0.19145196870266382 0.41638425617555536 0.74802750770160742
4258 0.77848606715840352 0.56321950777983887 0.34231115210107149
4259 0.70638184482788036 0.55172914485375602 0.32326888524156833
4260 0.8092311120180059 0.24797426885762711 0.2602875478414643
4261 0.72033484565453909 0.52476226081466926 0.96919010535460437
4262 0.85610849905116682 0.51322481372547479 0.88050804499502644
4263 0.5463079346307308 0.87514582287637499 0.97171437151993811
4264 0.061334390257337008 0.48416999307636072 0.97113594673676162
4265 0.4046491308666883 0.94147044337672214 0.35926962182819489
4266 0.46282475182908556 0.77995323509231773 0.93438297208872312
4267 0.47854083082095866 0.26139280913089996 0.61824091353536925
4268 0.58576149921667064 0.13854834947753128 0.9696712023330708
4269 0.33989779780197288 0.056289168513294213 0.81177329260934494
4270 0.29337537327607899 0.81560998127905149 0.33068207320570414
4271 0.51702883771215913 0.64380524184559418 0.9368480891361578
4272 0.68584522447528695 0.86218275985897386 0.97228006375822118
4273 0.72082542536498306 0.95156075940842055 0.51607477669889301
4274 0.76261349312693483 0.87247038882545191 0.25442860901872016
4275 0.95334456584627414 0.50236678385835898 0.85945705139472672
4276 0.71214398618405272 0.81690454003622126 0.70997982528714743
4277 0.27133941709484066 0.93068538746627794 0.73341601766228748
4278 0.72102968050419891 0.058200284006531003 0.44751334450259755
4279 0.72396800096642844 0.065317796302651748 0.77141651919400755
4280 0.48411139720638652 0.94797470149444185 0.85904388025174716
4281 0.063028069929726344 0.47396847824743055 0.080979817362098847
4282 0.39704127090179253 0.31894621010507374 0.62242896080915988
4283 0.1969839844327447 0.64190910191397432 0.089971792204331283
4284 0.79953962157682124 0.63617044890172592 0.26300822292923803
4285 0.24467581148445661 0.11120567930418963 0.71863998376731208
4286 0.46113225162933524 0.12813028117589184 0.45771214909152408
4287 0.55588475178963093 0.94977552938048515 0.065036012905410209
4288 0.75529863848296952 0.29348290320812359 0.96915768860992024
4289 0.57014638426233377 0.77547009223052821 0.22016333559681148
4290 0.40481149668857014 0.081888755760158305 0.16740462769674305
4291 0.80247795177693437 0.20317424951911789 0.46215474767259729
4292 0.82075486681124776 0.42444958886207357 0.24805288608045939
4293 0.72840351864643882 0.9315332798662892 0.1931344289821802
4294 0.66656714483258128 0.24163222982269983 0.87236780307789574
4295 0.1686123414180794 0.56090133819718291 0.47996156638201576
4296 0.42171791179440715 0.85676977912657648 0.93288691512072441
4297 0.54449103391301135 0.12295442884796336 0.92965925356786461
4298 0.61597982952278063 0.29632531924782907 0.86310316703884771
4299 0.94292642721034381 0.48479995275015103 0.52052891447065675
4300 0.39750261054332625 0.85843468480983709 0.86725334059893588
4301 0.33198370547166361 0.67615884995582853 0.62809658700202153
4302 0.70126181075277527 0.82146601860564972 0.45664362626189486
4303 0.30835207732909986 0.33529373154363412 0.57764186092604186
4304 0.46069302023694175 0.851603338453359 0.027378395628691515
4305 0.42540715754117775 0.055855345141212258 0.073190931734280026
4306 0.78896035156359323 0.33734011960665999 0.32703292395692624
4307 0.77600573754100077 0.44419244879156333 0.22053476085016263
4308 0.76469884661528853 0.45983895509261563 0.17641254985172164
4309 0.29343068037011583 0.18915474472501806 0.23175739678802781
4310 0.53953007495166661 0.88418578470256748 0.21679637897848758
4311 0.43296857360524554 0.7691359887756648 0.1731618595696145
4312 0.76233380709858944 0.12458534502060196 0.82850711550581835
4313 0.91498791738965024 0.44665816942662512 0.87056951124257642
4314 0.14438037099509615 0.44175722298282827 0.91969965090275996
4315 0.42860273256325149 0.12669751354522005 0.6678446120549788
4316 0.6165358618690413 0.77450194894874724 0.9416734730044013
4317 0.55464126977436234 0.94479409742795539 0.73347565409351601
4318 0.59090167897593793 0.13804915304906296 0.5576431698354023
4319 0.077038902238747931 0.55522318154512829 0.17226174854414769
4320 0.6736666636010169 0.7565884288694994 0.31511587085358272
4321 0.77932881510338037 0.82434209219194821 0.2108106161825026
4322 0.19498076637961145 0.20415720418828753 0.53269505687123819
4323 0.19813803981083197 0.37636793707105121 0.50618141498556857
4324 0.087945335134745756 0.4313702432698639 0.12843523153329067
4325 0.78479015203163727 0.40035618943755569 0.70343148938489364
4326 0.054842396025306356 0.47815154401099741 0.50350649819775584
4327 0.507551026781629 0.053312714103649468 0.16737668328457894
4328 0.25659595341629315 0.91261083575429036 0.13034359227370479
4329 0.92654121285905344 0.53303840394016233 0.38070545085424801
4330 0.88821009022185249 0.60503387908170692 0.074003488874052267
4331 0.42737124431506368 0.94934400753602999 0.50700115054204775
4332 0.33788108330415029 0.94695802047224586 0.8483442658063961
4333 0.47265736391121743 0.15880846949717103 0.03095316933995252
4334 0.4956624354820004 0.13483439271745801 0.16935457022273639
4335 0.29196429401814522 0.19129358824519727 0.7420577564060844
4336 0.27348146730901701 0.042200504715741313 0.057336809842474405
4337 0.21260476867643355 0.81842817869195783 0.14145062097089742
4338 0.064284380101304273 0.49613329845076704 0.93258023558625269
4339 0.4973126217166341 0.41161705996765757 0.97386219132782847
4340 0.85460717109193818 0.308460793997131 0.21331393649352834
4341 0.38907995425782621 0.23945038965676241 0.97272811321957586
4342 0.54896841601248481 0.49984221353163116 0.93424843537245406
4343 0.55351384943339343 0.94891947521660203 0.44416323307673861
4344 0.26523853443617407 0.24573585888636468 0.9719534723500789
4345 0.190648009794538 0.64357567148359918 0.71011851039095553
4346 0.64887105801409151 0.94791711234350462 0.4253456857989773
4347 0.38303749841803508 0.83353586282982162 0.028665161814555123
4348 0.57441610904113527 0.059331140025280789 0.68881777080860396
4349 0.38384974178623155 0.80158389829050725 0.79168714989171707
4350 0.18278748496945599 0.75260031574339226 0.32075264452029706
4351 0.7971730119582362 0.62246215695170415 0.54278364710372884
4352 0.28343595921232639 0.048898678161622224 0.13433737879942259
4353 0.30853518459904949 0.1596983928640642 0.88998543347045578
4354 0.35056442419839973 0.39185460632773511 0.027428083095380144
4355 0.43158780478830144 0.18325377794155195 0.87090779006761465
4356 0.58794230761954513 0.95381436491991978 0.77077564657089259
4357 0.74169487198522344 0.72911829209940471 0.11210572522758849
4358 0.27856370858428553 0.61472986306156396 0.80626095643232276
4359 0.88286990165180446 0.36995861549868042 0.1793243608989421
4360 0.49589015638217182 0.51804703900681526 0.02842296580425694
4361 0.26152087772698684 0.76417559310273675 0.39978187757021855
4362 0.84132042672814189 0.2763056596327827 0.58719775029049626
4363 0.24964609616143535 0.59691191073700467 0.41347005587478497
4364 0.8080839196825762 0.2240070435371519 0.92629518393590615
4365 0.23369928752171398 0.5187265710285901 0.90743452107209266
4366 0.84825576250915358 0.54920643765967669 0.69728223940161627
4367 0.50449751713358415 0.85232817376795744 0.84769035479531274
4368 0.14799360032320202 0.46275066531844689 0.062697672738741522
4369 0.62098727873900383 0.63993265882501871 0.076112724063943191
4370 0.13993021560986393 0.65947955554898108 0.54635398911999089
4371 0.44850474889690495 0.2074984525409925 0.063196124378843047
4372 0.57735229240093267 0.71256514765476286 0.3533454219787639
4373 0.50119691360995244 0.13761972009516044 0.97178113325325122
4374 0.73676082331781811 0.75696538522245227 0.89427945763143413
4375 0.37407841893472665 0.05037944428224387 0.26585863957192779
4376 0.72850538435247036 0.37039700144688437 0.91803139227395192
4377 0.37311208743373003 0.84422733447463305 0.23391576375158629
4378 0.58842483381458666 0.20112821976814271 0.80485096772839038
4379 0.38222515334453327 0.94325714822717066 0.44322242251519434
4380 0.055878491296536839 0.50052607487447032 0.8612678057545069
4381 0.17051357621042684 0.55970154947990269 0.35150313066390237
4382 0.13170138451388966 0.33631642858925259 0.78656610873831545
4383 0.13502079425023283 0.52250202097419929 0.60358584425064776
4384 0.21398231194343423 0.34048457634002682 0.43205954380171158
4385 0.8453899854390875 0.28651668962432492 0.50397731708397442
4386 0.75534631876815339 0.88109747049812803 0.81347040106794755
4387 0.58084691836164959 0.28222838468968475 0.14818289397127815
4388 0.55931747321827285 0.23204934072426117 0.19413389742670881
4389 0.20441807254918196 0.18855026256516755 0.8525617878117433
4390 0.11456907424042193 0.59878900988990236 0.7644627021869902
4391 0.55734049534814212 0.78351470147334479 0.26319386356783375
4392 0.87456374744950882 0.349115535416194 0.61263234546648027
4393 0.8196031288451231 0.7340219088047335 0.96415926678383235
4394 0.54802998164167793 0.78817477981852146 0.52938718811352259
4395 0.14135251743091665 0.48097524424101534 0.12520620573821534
4396 0.32994791481525337 0.882224288438756 0.67253332472045135
4397 0.65931965914630231 0.10285616548631225 0.60753076764856551
4398 0.64460381887011919 0.39596749949081622 0.029314578721284137
4399 0.1937538964511662 0.4031657244104529 0.36331010324835805
4400 0.65863550138929194 0.94605065269652278 0.72039726313504748
4401 0.71385399007405104 0.82048974758077953 0.82929889830532
4402 0.49227145631613489 0.79130919121251242 0.14867524181424532
4403 0.49533520053062907 0.94354818715923305 0.2683310867290945
4404 0.17482372558595338 0.26377974156546602 0.085247269963026409
4405 0.60436808666759545 0.050124233540868694 0.27157859446218346
4406 0.55238157465141269 0.87089683979262855 0.3471504736418124
4407 0.86646769029647264 0.54651786864413421 0.61725569111022771
4408 0.66335751603405901 0.95407648593271543 0.17559315549810076
4409 0.50643772895317585 0.94641049337362648 0.78958399337493856
4410 0.21504956420338173 0.67587830153210671 0.30475718588100154
4411 0.8390756793021924 0.27922086797986934 0.75886610078801886
4412 0.24731705810928556 0.12204666327023923 0.55903205629956032
4413 0.6016530595383357 0.81275998934057292 0.13760323672899727
4414 0.5909759051371879 0.74935798181196112 0.10910767703653486
4415 0.27498038728790136 0.94235817569249103 0.87191512066265975
4416 0.72009154898248995 0.36436740417249064 0.43471563389446366
4417 0.59317332450842775 0.24807356181360357 0.46667565321660504
4418 0.67309313983087771 0.29127283768653017 0.45906931562594816
4419 0.89453840889383085 0.61568564384895008 0.27062476501451277
4420 0.3559428993253857 0.66570515539782449 0.026308573196770452
4421 0.22124878497809725 0.34653285600785644 0.92481611551339427
4422 0.33879697639959139 0.051376634094359531 0.76410370114753901
4423 0.57012741330778893 0.95418887503955352 0.66448552323830434
4424 0.40295625788214084 0.94173965635075607 0.32100481557948352
4425 0.38776520775726747 0.71046652599540172 0.97343456529535777
4426 0.560699932995261 0.86975013886765029 0.81073793387027626
4427 0.16823885067461475 0.59504582741628098 0.19758523190846117
4428 0.55545730993121889 0.45282196991626328 0.028171484062346229
4429 0.21209347893350869 0.66200607161573677 0.90299237658666576
4430 0.49714504774362067 0.73470304526471542 0.24028326480629988
4431 0.24869234874461429 0.44769701658474215 0.26691879599275947
4432 0.35289165031376529 0.89085160916909067 0.55684510506729223
4433 0.71719708820015826 0.81318895212233877 0.49897381260220336
4434 0.71870083649686622 0.59740732422887211 0.36934926545693703
4435 0.55712899122383941 0.1526227357473163 0.16996880020089714
4436 0.46919157057136657 0.14008983363109917 0.93549378563101782
4437 0.25956229657318242 0.072007800553180859 0.22794589532008697
4438 0.55838211212357192 0.94548335068699862 0.96257881163796677
4439 0.52460679826608436 0.15178769210964288 0.21270301061929203
4440 0.40778677760685683 0.6354489263235491 0.51336599193432386
4441 0.34107916302048169 0.73898424397190732 0.50430270052555692
4442 0.36867141172550205 0.70209008640542203 0.89725170079515426
4443 0.21444767572699402 0.66084870826696174 0.13983723680667295
4444 0.42490604228550732 0.052065953240555456 0.80239154172668681
4445 0.61302580161608033 0.14308788357591395 0.86110868637093452
4446 0.25568292024594053 0.50885476879049318 0.16326553710867997
4447 0.48699764049570965 0.66622523111435028 0.064440626608540469
4448 0.84581261211277026 0.71095676732983581 0.5811298775096958
4449 0.79201088954566079 0.70395752007777646 0.42889056823831928
4450 0.35887134622464173 0.7628117345445482 0.28717366373177355
4451 0.33774441073605282 0.24295511040187623 0.19319255589800213
4452 0.37710014004951076 0.32872022013800117 0.20670316899688587
4453 0.35656264418717454 0.93791619708798646 0.96783566425685208
4454 0.38881552624404953 0.8199911685545288 0.075348910145206116
4455 0.62765833639465907 0.77961182129257145 0.027130353477283101
4456 0.19948170913696286 0.77037062053265781 0.41292478009637579
4457 0.63828975873840355 0.054119684341778149 0.43598957237357844
4458 0.21962678386386089 0.84594842902848633 0.75456253000541107
4459 0.82470343796805323 0.40480477437173085 0.46457612339220516
4460 0.82873167306778261 0.47486436209687205 0.17346833784452603
4461 0.670476308407991 0.95376461779722355 0.84045396414701357
4462 0.86061966342889662 0.48168064336213462 0.7678727386567169
4463 0.47591066784913372 0.77273050603762106 0.44326214575539763
4464 0.75629009120082813 0.87539890150094291 0.55113513829305416
4465 0.75772542203101312 0.13705138704891651 0.074513586722733699
4466 0.48902296603900525 0.047864494662262037 0.071556134518910269
4467 0.71798102241918071 0.94848756724389716 0.61988824950580479
4468 0.095092040520779547 0.58457769715831476 0.53085963139229786
4469 0.27673249742602707 0.94335375789700471 0.34895051893500267
4470 0.1696676303746093 0.27888541808388301 0.17227703001190919
4471 0.72568894826182118 0.75082328808541687 0.028211444052400725
4472 0.82576267108889112 0.39808350415113269 0.31374692241314389
4473 0.098844594337757954 0.40323098970207683 0.92335548274002344
4474 0.85876118898295373 0.47908200102064041 0.029830582159420714
4475 0.22311964482295427 0.70134620488531185 0.18697448257180965
4476 0.42600899366982681 0.048734425325864299 0.49666467821020083
4477 0.14978595204502868 0.49631555085472079 0.97340075860357478
4478 0.63048612574290308 0.94833271268310271 0.322795906884001
4479 0.91734636541708914 0.53624162017243171 0.035842560090454348
4480 0.58259086788630399 0.28181309900517054 0.59328343160626196
4481 0.91721833788821672 0.43157566021123578 0.096536315405390635
4482 0.43167389852546301 0.51756554709668778 0.93903319358429471
4483 0.6940490354677753 0.64910265669650691 0.087494340397469283
4484 0.55633431668148348 0.75652393975028465 0.024971136555902038
4485 0.74102269845895063 0.85682359552452414 0.075222370845873257
4486 0.13747919658095134 0.53656845647935725 0.38706598883587223
4487 0.20277955963179684 0.19976075694676965 0.20318713145750503
4488 0.26408046470578356 0.47719728045604659 0.97268679878772057
4489 0.43076539990392992 0.13145832604702115 0.70820240203547824
4490 0.46652678977095258 0.20170840231117573 0.69405009791975691
4491 0.91457334713319938 0.4506898038329149 0.79157130367452122
4492 0.31152244510341942 0.75579372024735181 0.12778299389232831
4493 0.34388319878938639 0.73915307832409427 0.1717912499716073
4494 0.53268287757454558 0.34216913021470796 0.49453334662079679
4495 0.089403945901802825 0.55560359997405273 0.56760520096972444
4496 0.79405392520196538 0.79282267070618118 0.48895093559869313
4497 0.70274524602438959 0.13602661525866233 0.83172912621173956
4498 0.76313455829132093 0.28341879589548852 0.63326839268102997
4499 0.73128976296644932 0.74543593893213045 0.56630063714485501
4500 0.74815772090572097 0.90110163986198832 0.44484198604111957
4501 0.81738214365408934 0.41430365552372411 0.92289947469168476
4502 0.42612157597821271 0.94564086771330413 0.79184431319413551
4503 0.62401857812930706 0.053354435415120346 0.72344005316421678
4504 0.28094452147580762 0.95371575141330556 0.61768584871236953
4505 0.37134628325668145 0.055315311566843363 0.46161320178680104
4506 0.51665794406930687 0.86812956453439138 0.6685365644704786
4507 0.26071519854146358 0.073867485041339109 0.76016000508094783
4508 0.13270664717036326 0.34119020601983718 0.20939089895786561
4509 0.8638631038033685 0.52134605319052885 0.11991189715909463
4510 0.32480147199632925 0.23011352226519696 0.4518793323466917
4511 0.3718746528795519 0.30886923179832193 0.44444152326334441
4512 0.6349076744032256 0.73404891891333657 0.76667644443028526
4513 0.24577410525739818 0.23366871334387856 0.5270650370507679
4514 0.74264555938328825 0.35461278613335989 0.75254277799396296
4515 0.11909050477225983 0.35741264199777412 0.33906837033237075
4516 0.70659061416543556 0.053479861054412804 0.87621510211569931
4517 0.57226023897394751 0.75759710877212072 0.97245962561201871
4518 0.33859502375648526 0.11276995007224878 0.3894295682672746
4519 0.72159065708293768 0.74968147143365294 0.37982636387661844
4520 0.24726008774727495 0.70276726525946709 0.69698804577191453
4521 0.95172738424547576 0.49518182642205788 0.24268062889420505
4522 0.60482595927630822 0.13114086658480312 0.08271431782718304
4523 0.46136805458173286 0.7793560690371214 0.65973746861241755
4524 0.78412771640084744 0.31228884891409109 0.8112122888833565
4525 0.12796048330035098 0.34036787079125225 0.67099564785513166
4526 0.52694925119106062 0.30507539363321157 0.78991972205958594
4527 0.35442926675047715 0.04868866437078595 0.38765045606323018
4528 0.2005188049836768 0.19893744608009734 0.053337025253279713
4529 0.55540984754388933 0.8745196694781836 0.52222024771846431
4530 0.76217419078723259 0.70957585386232247 0.25411918564096353
4531 0.47037219541585407 0.81822010215308549 0.30092733459141757
4532 0.72206758623517175 0.94497466984786394 0.78209104163097953
4533 0.28863855600920801 0.75676074265221416 0.83004988167965355
4534 0.70913139650954293 0.45259817269867592 0.90024960602869508
4535 0.4526696794140877 0.28593124818440463 0.030302231484329974
4536 0.28663186976066751 0.17712717433835834 0.1489213622557434
4537 0.30761716416717244 0.28982895476782028 0.066865371319843894
4538 0.54319947242727495 0.15683565076338796 0.39646816160795012
4539 0.34396917569099439 0.64209956931241841 0.17793381307603479
4540 0.44955035108643498 0.86952354697923639 0.88538653805806189
4541 0.51306861221967526 0.047572026080465457 0.12728246168472118
4542 0.78922645700088689 0.1777678248000103 0.26730821365255758
4543 0.83221065249996895 0.58223270924526038 0.18360544533199069
4544 0.54069675939206074 0.45659117437628027 0.083008876404316478
4545 0.52763842777906034 0.047657147664087011 0.92308893676245907
4546 0.40435878653831819 0.054513690634047311 0.88221454288161028
4547 0.43533710587933883 0.95300700816899919 0.46182400158423836
4548 0.70566361732437277 0.16008683396937437 0.58772488940834622
4549 0.45260769167964271 0.94924609376873614 0.59027701099777918
4550 0.23944496686647082 0.52021764409477578 0.79891893770963818
4551 0.38834596608712713 0.78196521198826807 0.36245648961108701
4552 0.78211568539954668 0.84292472894421688 0.37390634242410709
4553 0.21122831957070665 0.8103117186858485 0.49061209373822651
4554 0.46785214649116802 0.59710216653113757 0.071829593946164685
4555 0.44580943763223585 0.51101907828279458 0.12263328180584225
4556 0.1602210114974485 0.47119652705701437 0.77639001617592063
4557 0.82281338024399076 0.24182040060730733 0.87341445674280671
4558 0.22265437542709293 0.2553836888292888 0.023910498901705674
4559 0.85467441618523399 0.46811266694375747 0.33307137473061527
4560 0.66862224085791444 0.39046731164120113 0.8376682698531972
4561 0.27235331158547671 0.94898080724731271 0.097328410900333978
4562 0.89976572859687254 0.40468629231889741 0.7630018023549695
4563 0.72670998685750832 0.93879979967065874 0.23556105284535042
4564 0.28422931602312074 0.04682988904063675 0.37901348016723091
4565 0.20148020332426916 0.20759363324238977 0.3393693720992973
4566 0.35977946669017141 0.69418197175292129 0.32745706990316692
4567 0.39302137511547736 0.9493077321513097 0.28582417615494116
4568 0.56323758048893513 0.1424640802461114 0.30221790108635133
4569 0.65792439513673462 0.053145706513932627 0.14792821387345031
4570 0.25963119129190165 0.89877828588543385 0.28188246916812587
4571 0.089945099205402029 0.56471290680239095 0.24604229718229204
4572 0.21504293420184881 0.66487999978115941 0.83000229436409245
4573 0.26800573696520896 0.042500220200397829 0.9580052047235228
4574 0.28189825707685967 0.033081137088659923 0.014831634454313632
4575 0.72422506671042841 0.95607773852276312 0.74006444353948841
4576 0.95342110193990048 0.49292689472523155 0.78531239049521873
4577 0.27205917078855046 0.047280190839884835 0.72453171544121742
4578 0.26677089796293441 0.96483881140234551 0.016080859592597779
4579 0.95884982628326754 0.49902991671456343 0.27750217650834319
4580 0.72146152126168062 0.96815571692854241 0.83984730240810179
4581 0.72698737143414238 0.054887331554775515 0.024398270086300029
4582 0.96852630348970847 0.50420807698132131 0.95027143491265109
4583 0.047615208487340938 0.49022877413166166 0.1175346947315322
4584 0.95579625147839753 0.4950914463041825 0.3589487492930879
4585 0.26997514562594366 0.046437331359463582 0.2973590383021712
4586 0.044791368078459112 0.50527459292951049 0.18691735443127314
4587 0.71863967000951956 0.040931442531391027 0.8025158796203018
4588 0.27546446690843995 0.94991073366216383 0.15808397775483585
4589 0.2656186645011539 0.96315446735516042 0.98058881443778878
4590 0.26420556353943458 0.94470271890326163 0.39325175714227212
4591 0.83179490025490199 0.77486031913175801 0.98283648717049654
4592 0.49880637615524698 0.028240318585892221 0.98210328333584795
4593 0.54994791234362506 0.97452257872184866 0.98503314713737811
4594 0.75155155037463228 0.9140396220212077 0.017767033100287467
4595 0.54472388213714718 0.025002685210547888 0.013349420149229629
4596 0.35318810382316862 0.03988975625233205 0.97909036434292362
4597 0.73098259881703731 0.96689408914864095 0.98436357043939238
4598 0.92364952614811136 0.41232088002355133 0.021979766400072355
4599 0.68455783474363874 0.95971331827545348 0.017950859167962241
4600 0.32622478540100802 0.9667289602345891 0.016083565233045237
4601 0.35651507044015868 0.037838953827542619 0.020489308483377152
4602 0.89101331112556748 0.63888539478373052 0.016812449233693232
4603 0.4053379463312542 0.96125769844703723 0.97797169360558378
4604 0.16107557108321516 0.74620683101346341 0.018480508639480597
4605 0.97045916011461975 0.50043630648060511 0.013992416807253577
4606 0.42253427176216968 0.040150509750805544 0.016858229537737055
4607 0.83715360875715761 0.24392622256821669 0.018886099529477018
4608 0.040508054828043642 0.51926496873109551 0.98665111239591852
4609 0.058797982687175933 0.46018427439493859 0.01972674954294595
4610 0.75798440688146218 0.91643604498718712 0.97979000025376006
4611 0.23149525820074016 0.89942117836224689 0.015744224642447575
4612 0.83469951643919271 0.24590886094288325 0.98002108186833692
4613 0.17263249268933656 0.22767198856914608 0.98133893211708334
4614 0.62517708604900324 0.029552306690051496 0.98328250565521957
4615 0.664985392037033 0.027932518015713722 0.013931688193335902
4616 0.45160025985268804 0.96772500178846199 0.016258229060839641
4617 0.90138667764843061 0.36050425107177109 0.98345210408763906
4618 0.66709582908093168 0.96877251210135717 0.98434491552939485
4619 0.1126009934080323 0.35433873277559241 0.020824730656040288
4620 0.80651899508740699 0.18272035197298844 0.98243008483026306
4621 0.12355291859029408 0.31114522227585351 0.98349097251998596
4622 0.76760673509748356 0.090586014481125271 0.014537795486516424
4623 0.14047411888549 0.27683180265461133 0.016851018016210119
4624 0.74574753302297347 0.078865788229655814 0.97876193341093953
4625 0.07123547588725046 0.41567353952020125 0.98427805047057926
4626 0.21800717125031846 0.85685491889988219 0.98200645732242142
4627 0.081660185873605046 0.59257743894823633 0.98286745146253762
4628 0.31464471411824246 0.96858164995035434 0.98011035117554202
4629 0.063709213295364511 0.56935493202268617 0.016267880039338583
4630 0.11900752438636317 0.3144352387958731 0.012839959113222131
4631 0.39424216831469733 0.96760718868309847 0.016627372037208651
4632 0.14411268345356795 0.27033917319911394 0.98569695672021407
4633 0.89003384778154693 0.35678605515565603 0.021839069892756597
4634 0.45806372578390914 0.96519744709433142 0.98330458488757255
4635 0.10597331820953088 0.64362609704493401 0.021913334481919677
4636 0.17551240496529943 0.22904545234400828 0.024235385286908839
4637 0.24774139928352812 0.91587794224763819 0.97907178316898835
4638 0.81500215187605252 0.18941347919514168 0.014233100601403455
4639 0.43395323483690135 0.027570606001362297 0.98625858205805528
4640 0.5688309025791769 0.025592970304784468 0.98352273921098476
4641 0.79596190556376822 0.84557969242285758 0.98279609720470673
4642 0.59563929820360806 0.97205197739488736 0.98353772045691679
4643 0.181314858637253 0.80420289008787516 0.98372618934930833
4644 0.88858607977309478 0.6481425629790758 0.97931505437530197
4645 0.9236663559935997 0.5865460143756418 0.019695671738157453
4646 0.87628199212683089 0.69225601283824933 0.015922658473213391
4647 0.73370643633730215 0.96768467842972883 0.016858451805799316
4648 0.59765922206392152 0.027049398199651679 0.014236104079663785
4649 0.19586411201135015 0.81424818565622703 0.021363209405254574
4650 0.09927174724163379 0.36246510395597609 0.98429796090714106
4651 0.85662774447649881 0.70885939967013301 0.97992887880958746
4652 0.68783611091103891 0.038988298582689457 0.98039497623745819
4653 0.24907774061865781 0.085046748185524018 0.016034690042177602
4654 0.032116641535818641 0.50480273484373239 0.015717454810649088
4655 0.87246674737283914 0.30402352287365542 0.98235749963798169
4656 0.9485927738030685 0.53826111934335397 0.015631662854327353
4657 0.7323770388830565 0.032613155167570719 0.98261300920932504
4658 0.26392230593389782 0.03457363652896097 0.98286434717626414
4659 0.94285784739552514 0.55201613604566535 0.9840860934563721
4660 0.48760767992197157 0.034172069874508486 0.018555123970106249
4661 0.78801948912234598 0.86121197935078198 0.01679701593148079
4662 0.62632561539874809 0.97005817078230905 0.017166341360216355
4663 0.49483226046665563 0.9711091339079394 0.018015184369647115
4664 0.20674342685762856 0.16178299546281788 0.98235574883952603
4665 0.87332963934268892 0.3013549211649833 0.016830148563999607
4666 0.3914740738741348 0.032712710756664071 0.98464040759212468
4667 0.78943617127172938 0.13672630368207633 0.017141787119963912
4668 0.51144476790194204 0.96235541575031014 0.98525245978191545
4669 0.96431605442401147 0.50300535299857629 0.98260604354364733
4670 0.84805404438225407 0.73491115749132296 0.020076985798906502
4671 0.12692926605173591 0.69619208849789949 0.014916613272698109
4672 0.30102902694722894 0.045416555609074122 0.97796747750793711
$EndNodes
$Elements
20726
1 4 2 1 1 2561 2923 2321 3596
2 4 2 1 1 3131 4188 2281 3677
3 4 2 1 1 2378 3545 2529 3993
4 4 2 1 1 594 2668 2792 3299
5 4 2 1 1 117 4669 2198 4659
6 4 2 1 1 820 2816 2630 3689
7 4 2 1 1 2650 3429 2884 2290
8 4 2 1 1 2378 2529 3545 2951
9 4 2 1 1 2152 2995 2676 4021
10 4 2 1 1 4565 2848 3744 1325
11 4 2 1 1 3228 4059 3262 2584
12 4 2 1 1 2420 3637 3386 4310
13 4 2 1 1 2676 2995 2152 3363
14 4 2 1 1 2323 3211 3210 4416
15 4 2 1 1 117 4669 4659 747
16 4 2 1 1 2683 3007 1383 3125
17 4 2 1 1 390 2552 3968 3701
18 4 2 1 1 3267 3894 3039 2649
19 4 2 1 1 2632 2388 2927 4099
20 4 2 1 1 2561 2321 2923 3936
21 4 2 1 1 767 3575 2720 4277
22 4 2 1 1 2833 2972 572 3771
23 4 2 1 1 2520 1768 3601 4201
24 4 2 1 1 1202 3201 3088 2547
25 4 2 1 1 2522 2281 3131 4188
26 4 2 1 1 204 4585 1477 1274
27 4 2 1 1 1055 3894 1053 3039
28 4 2 1 1 2336 2730 2971 4205
29 4 2 1 1 2914 3333 2328 3340
30 4 2 1 1 2949 3284 2850 4463
31 4 2 1 1 2331 3841 3054 2464
32 4 2 1 1 2854 1174 2598 3906
33 4 2 1 1 532 3397 3348 3339
34 4 2 1 1 1784 3846 3099 3583
35 4 2 1 1 375 3196 2571 3674
36 4 2 1 1 3386 3637 3287 4310
37 4 2 1 1 2924 3647 680 3815
38 4 2 1 1 1566 3682 3636 3989
39 4 2 1 1 2198 4669 2859 4659
40 4 2 1 1 196 4627 2040 4608
41 4 2 1 1 4452 3578 3110 2259
42 4 2 1 1 4202 2915 3274 2828
43 4 2 1 1 1784 3846 3583 253
44 4 2 1 1 3636 3682 2477 3989
45 4 2 1 1 4627 2040 4608 3315
46 4 2 1 1 2467 3085 2726 3141
47 4 2 1 1 2854 2598 1174 3885
48 4 2 1 1 2721 3300 1299 3774
49 4 2 1 1 532 3397 3339 576
50 4 2 1 1 2420 3386 2925 4310
51 4 2 1 1 1307 3153 3272 3664
52 4 2 1 1 2352 2560 2741 2335
53 4 2 1 1 643 3092 2895 4207
54 4 2 1 1 2017 2945 2681 3147
55 4 2 1 1 1448 2848 3744 3534
56 4 2 1 1 195 196 4627 2040
57 4 2 1 1 820 2630 2816 3666
58 4 2 1 1 1411 3139 2568 3319
59 4 2 1 1 2302 2970 2552 3954
60 4 2 1 1 261 4658 2165 4672
61 4 2 1 1 2535 4212 2929 4215
62 4 2 1 1 4029 2333 2898 2621
63 4 2 1 1 2352 2741 2560 3247
64 4 2 1 1 2360 2821 2580 2846
65 4 2 1 1 2568 3139 1411 3656
66 4 2 1 1 2315 3600 2667 3926
67 4 2 1 1 624 722 684 4552
68 4 2 1 1 2478 3478 3233 4078
69 4 2 1 1 4134 4571 3088 2462
70 4 2 1 1 816 2581 2921 3127
71 4 2 1 1 374 3196 375 3674
72 4 2 1 1 3463 3575 887 4277
73 4 2 1 1 2877 3069 2417 3467
74 4 2 1 1 2842 4042 3022 4122
75 4 2 1 1 2286 3196 3021 4166
76 4 2 1 1 1477 4585 204 3770
77 4 2 1 1 2790 2845 2345 3293
78 4 2 1 1 3300 4241 2565 2721
79 4 2 1 1 3021 3196 2286 3977
80 4 2 1 1 1960 2651 3787 4521
81 4 2 1 1 2492 2901 3033 3936
82 4 2 1 1 2538 3325 3118 3805
83 4 2 1 1 3036 4212 2535 4215
84 4 2 1 1 2410 2748 2846 2749
85 4 2 1 1 3022 4042 3356 4122
86 4 2 1 1 2345 2845 2790 3816
87 4 2 1 1 3137 3182 2382 3278
88 4 2 1 1 2571 3021 3196 4166
89 4 2 1 1 3021 3674 3196 3977
90 4 2 1 1 405 3163 3234 3385
91 4 2 1 1 2842 3684 3886 3732
92 4 2 1 1 2642 1634 2932 3986
93 4 2 1 1 2571 3196 3021 3674
94 4 2 1 1 2676 3362 3616 3134
95 4 2 1 1 2842 3886 3684 2309
96 4 2 1 1 1477 4585 3093 1274
97 4 2 1 1 3589 4121 2900 4453
98 4 2 1 1 575 643 3092 3339
99 4 2 1 1 3645 2609 1377 3396
100 4 2 1 1 2352 3247 2560 4406
101 4 2 1 1 4658 2165 4672 3623
102 4 2 1 1 2200 4672 4596 261
103 4 2 1 1 2552 3106 350 3262
104 4 2 1 1 1096 3253 2649 3267
105 4 2 1 1 2529 3545 3472 3993
106 4 2 1 1 2302 2552 3132 3954
107 4 2 1 1 2098 2704 2124 3460
108 4 2 1 1 3233 3478 1143 4078
109 4 2 1 1 428 367 2713 4224
110 4 2 1 1 1320 2980 2763 3185
111 4 2 1 1 3131 4188 3677 3252
112 4 2 1 1 2408 3291 3853 2703
113 4 2 1 1 2414 2778 3606 4024
114 4 2 1 1 338 3262 332 4059
115 4 2 1 1 4565 2848 1325 3020
116 4 2 1 1 918 3143 3164 4056
117 4 2 1 1 602 2833 2972 572
118 4 2 1 1 428 341 367 4224
119 4 2 1 1 4119 4101 4421 2985
120 4 2 1 1 3267 3894 2649 1096
121 4 2 1 1 261 4658 4672 1771
122 4 2 1 1 2380 4305 3031 4060
123 4 2 1 1 2400 4483 3021 2917
124 4 2 1 1 2676 3616 3362 2297
125 4 2 1 1 1395 3139 2658 3741
126 4 2 1 1 1120 2595 3439 3747
127 4 2 1 1 2324 3086 3002 3087
128 4 2 1 1 2529 2951 3472 3545
129 4 2 1 1 3093 4585 1477 3770
130 4 2 1 1 653 3566 574 740
131 4 2 1 1 2323 3211 4416 4418
132 4 2 1 1 3664 4412 2673 3318
133 4 2 1 1 2581 4424 816 4567
134 4 2 1 1 2721 1299 3300 3700
135 4 2 1 1 2763 2980 1320 3965
136 4 2 1 1 4403 2581 816 3689
137 4 2 1 1 1367 4324 3077 1368
138 4 2 1 1 2413 2618 3370 3503
139 4 2 1 1 2303 2809 2715 2979
140 4 2 1 1 2124 3460 2704 4477
141 4 2 1 1 1697 2634 1700 3023
142 4 2 1 1 2809 2911 2596 4167
143 4 2 1 1 1222 3457 3750 4216
144 4 2 1 1 2352 2560 2724 4406
145 4 2 1 1 2200 4672 261 2165
146 4 2 1 1 1677 1768 2520 4201
147 4 2 1 1 2552 3262 350 3968
148 4 2 1 1 2605 3142 2310 3867
149 4 2 1 1 1599 3081 3451 3766
150 4 2 1 1 1096 1057 3253 3267
151 4 2 1 1 2250 4672 3623 3012
152 4 2 1 1 4582 2028 4669 2859
153 4 2 1 1 2421 4453 3246 3589
154 4 2 1 1 2459 3164 3143 4056
155 4 2 1 1 1677 2520 3012 4201
156 4 2 1 1 591 2950 531 2593
157 4 2 1 1 3086 4257 3466 2891
158 4 2 1 1 1592 2655 4327 3213
159 4 2 1 1 1575 3023 3451 4011
160 4 2 1 1 3340 3548 1499 2751
161 4 2 1 1 2293 3176 2598 3903
162 4 2 1 1 3228 4059 2584 3788
163 4 2 1 1 2328 3340 3333 3998
164 4 2 1 1 2284 2798 3221 3851
165 4 2 1 1 2552 2692 2302 3132
166 4 2 1 1 3718 3285 4517 2610
167 4 2 1 1 2501 2334 2646 3658
168 4 2 1 1 405 4581 3385 3234
169 4 2 1 1 2334 2501 3140 3658
170 4 2 1 1 2744 2960 2382 3274
171 4 2 1 1 2949 2987 2850 3284
172 4 2 1 1 2335 2997 3284 3657
173 4 2 1 1 482 4648 3234 3986
174 4 2 1 1 1746 4585 3982 3694
175 4 2 1 1 4582 2028 88 4669
176 4 2 1 1 1599 3451 3081 3930
177 4 2 1 1 2400 4483 2917 4029
178 4 2 1 1 2355 2870 2656 3010
179 4 2 1 1 2605 2310 3142 2770
180 4 2 1 1 2522 3252 2830 4188
181 4 2 1 1 2845 3273 2790 3816
182 4 2 1 1 2726 3141 3085 3696
183 4 2 1 1 1184 2943 3618 3693
184 4 2 1 1 3300 4241 2721 2387
185 4 2 1 1 2932 1634 3067 4466
186 4 2 1 1 2670 3137 2382 3278
187 4 2 1 1 2315 2659 3600 3926
188 4 2 1 1 767 887 3575 4277
189 4 2 1 1 2293 3006 2598 3176
190 4 2 1 1 4524 3936 3033 2901
191 4 2 1 1 2028 7 88 4669
192 4 2 1 1 1383 1281 2683 3125
193 4 2 1 1 1844 3168 2635 3679
194 4 2 1 1 1394 2587 3139 3741
195 4 2 1 1 3022 3356 2377 4122
196 4 2 1 1 2478 2722 4203 3038
197 4 2 1 1 2758 3418 1782 4061
198 4 2 1 1 2320 2736 3621 3627
199 4 2 1 1 1394 3139 1395 3741
200 4 2 1 1 2583 3333 3340 3998
201 4 2 1 1 3429 2884 2290 3869
202 4 2 1 1 874 3026 2720 3240
203 4 2 1 1 2303 2715 2596 2943
204 4 2 1 1 4112 4257 3485 4229
205 4 2 1 1 2522 3773 2281 4188
206 4 2 1 1 1252 4635 4671 3701
207 4 2 1 1 2341 2987 2949 3284
208 4 2 1 1 3548 3340 1416 2914
209 4 2 1 1 2712 3414 2541 3572
210 4 2 1 1 1252 4635 34 4671
211 4 2 1 1 2331 3054 2645 2464
212 4 2 1 1 2303 2596 2715 2809
213 4 2 1 1 2615 3312 3077 4324
214 4 2 1 1 34 33 1252 4671
215 4 2 1 1 3785 2349 2671 2774
216 4 2 1 1 3727 2543 2927 3562
217 4 2 1 1 1390 3007 4066 3125
218 4 2 1 1 1202 1204 3088 3201
219 4 2 1 1 2639 1054 3039 3541
220 4 2 1 1 4413 2797 4009 2690
221 4 2 1 1 3566 3494 2956 2669
222 4 2 1 1 2580 2520 3131 3677
223 4 2 1 1 2658 3139 1395 3319
224 4 2 1 1 3694 4585 3093 3770
225 4 2 1 1 1010 4671 33 4604
226 4 2 1 1 2552 2692 3132 3588
227 4 2 1 1 821 2925 3549 3666
228 4 2 1 1 3180 3660 3432 2531
229 4 2 1 1 4451 2291 2805 4068
230 4 2 1 1 2524 2743 2279 3089
231 4 2 1 1 2374 2601 2952 3232
232 4 2 1 1 2467 3141 2726 3728
233 4 2 1 1 2261 3366 2975 4150
234 4 2 1 1 4290 3881 1688 2655
235 4 2 1 1 1410 1411 3139 3656
236 4 2 1 1 1010 4671 4604 3701
237 4 2 1 1 480 2861 3163 3385
238 4 2 1 1 2509 3284 2997 3657
239 4 2 1 1 577 2913 2727 3379
240 4 2 1 1 189 4589 2163 4637
241 4 2 1 1 2346 2785 2784 3755
242 4 2 1 1 821 2925 942 3549
243 4 2 1 1 3077 4324 1367 2615
244 4 2 1 1 1423 4101 2839 4119
245 4 2 1 1 3032 4534 2305 2687
246 4 2 1 1 1205 3088 3907 2547
247 4 2 1 1 3061 1932 1938 3391
248 4 2 1 1 3077 3312 1368 4324
249 4 2 1 1 4060 4010 1623 3031
250 4 2 1 1 2124 2704 3351 4477
251 4 2 1 1 2651 1960 4232 4521
252 4 2 1 1 2303 2979 2715 4443
253 4 2 1 1 4581 4026 3385 3234
254 4 2 1 1 1815 2923 2901 4411
255 4 2 1 1 1281 2683 3125 3426
256 4 2 1 1 2360 2846 2580 3983
257 4 2 1 1 1918 2901 1815 2923
258 4 2 1 1 3968 3262 2303 4283
259 4 2 1 1 2380 3031 4305 2542
260 4 2 1 1 4637 4589 2163 3246
261 4 2 1 1 1342 2587 4066 3272
262 4 2 1 1 3664 4412 3318 1405
263 4 2 1 1 2909 3109 3059 3947
264 4 2 1 1 3968 2303 3262 3028
265 4 2 1 1 4483 3021 2917 2300
266 4 2 1 1 2098 2124 2123 3460
267 4 2 1 1 1524 1734 3074 1663
268 4 2 1 1 2561 2426 2817 3978
269 4 2 1 1 2317 2803 4295 3712
270 4 2 1 1 4077 3384 3061 2629
271 4 2 1 1 2661 3088 1204 3201
272 4 2 1 1 3314 2679 3094 2451
273 4 2 1 1 4669 2859 2028 3817
274 4 2 1 1 1700 3023 2634 3316
275 4 2 1 1 2387 3350 2930 4315
276 4 2 1 1 581 3711 3326 4161
277 4 2 1 1 2284 3221 2728 3851
278 4 2 1 1 189 4589 4637 1260
279 4 2 1 1 120 4644 2217 4651
280 4 2 1 1 3535 3631 2837 3654
281 4 2 1 1 895 844 2812 3780
282 4 2 1 1 2310 3431 3814 2506
283 4 2 1 1 3131 4188 3252 2522
284 4 2 1 1 2888 3352 2889 4184
285 4 2 1 1 2796 2473 3648 4270
286 4 2 1 1 2594 3105 296 3669
287 4 2 1 1 3499 3648 2473 4270
288 4 2 1 1 3314 2679 2451 2906
289 4 2 1 1 2639 3039 1054 4027
290 4 2 1 1 2806 2315 3926 3251
291 4 2 1 1 4290 3881 4254 2936
292 4 2 1 1 3479 3362 3918 2514
293 4 2 1 1 1928 2572 1821 3721
294 4 2 1 1 1846 2635 3168 3649
295 4 2 1 1 1396 1395 3139 3319
296 4 2 1 1 2715 2979 2809 4492
297 4 2 1 1 2223 4121 3589 4453
298 4 2 1 1 942 873 2801 2925
299 4 2 1 1 2708 3684 3732 3886
300 4 2 1 1 2380 4060 3144 4305
301 4 2 1 1 2334 2501 3222 2745
302 4 2 1 1 3333 3340 2914 3742
303 4 2 1 1 1713 2566 3328 3080
304 4 2 1 1 2237 2867 4168 3358
305 4 2 1 1 811 2560 950 3568
306 4 2 1 1 2532 2868 2462 4000
307 4 2 1 1 2505 2824 3590 4107
308 4 2 1 1 2670 3278 2382 3279
309 4 2 1 1 465 2692 380 3106
310 4 2 1 1 2597 3454 2356 4270
311 4 2 1 1 4316 2057 4517 3718
312 4 2 1 1 3479 3918 3362 587
313 4 2 1 1 4137 3101 3100 3148
314 4 2 1 1 2841 3370 2618 3503
315 4 2 1 1 478 482 3234 3986
316 4 2 1 1 2923 3596 2561 3838
317 4 2 1 1 3156 3160 841 4502
318 4 2 1 1 1299 3300 3700 1384
319 4 2 1 1 4651 4644 2217 3819
320 4 2 1 1 811 2560 3568 3247
321 4 2 1 1 296 3105 2594 3500
322 4 2 1 1 3074 1734 1524 2739
323 4 2 1 1 3903 3454 2356 2597
324 4 2 1 1 1088 2954 2802 3040
325 4 2 1 1 3364 1809 4279 2858
326 4 2 1 1 3886 3684 3875 2708
327 4 2 1 1 4424 816 814 3127
328 4 2 1 1 3162 3613 2798 4426
329 4 2 1 1 570 680 3647 3815
330 4 2 1 1 3364 4279 1809 1808
331 4 2 1 1 1411 3100 2568 3374
332 4 2 1 1 886 3273 2790 3293
333 4 2 1 1 1566 3254 3682 3989
334 4 2 1 1 1012 2832 3138 3293
335 4 2 1 1 2333 2740 2621 4029
336 4 2 1 1 2845 3273 897 3293
337 4 2 1 1 942 936 873 2925
338 4 2 1 1 591 2950 2593 3638
339 4 2 1 1 2566 3080 1713 3437
340 4 2 1 1 3036 3280 2535 4212
341 4 2 1 1 3074 1734 4397 1663
342 4 2 1 1 1784 3099 1982 1989
343 4 2 1 1 333 338 332 4059
344 4 2 1 1 582 3339 3092 3975
345 4 2 1 1 1011 3472 2653 4139
346 4 2 1 1 2985 4101 1422 4119
347 4 2 1 1 4060 2563 2380 3115
348 4 2 1 1 4283 2715 3506 4443
349 4 2 1 1 3903 3454 2597 2714
350 4 2 1 1 2337 2672 2470 3358
351 4 2 1 1 2488 3034 3575 4239
352 4 2 1 1 2478 4203 3726 3038
353 4 2 1 1 2500 3162 2798 4426
354 4 2 1 1 3141 3696 2726 3728
355 4 2 1 1 1383 2683 1466 3007
356 4 2 1 1 1073 2597 3261 4350
357 4 2 1 1 3218 4494 2862 2971
358 4 2 1 1 2160 2178 3159 2680
359 4 2 1 1 2337 2470 2672 2772
360 4 2 1 1 2541 2341 3284 4108
361 4 2 1 1 2477 3682 3254 3989
362 4 2 1 1 120 4644 4651 705
363 4 2 1 1 2154 4651 3819 4393
364 4 2 1 1 1950 3310 3188 3624
365 4 2 1 1 1680 2834 3992 2808
366 4 2 1 1 2655 3811 1688 4327
367 4 2 1 1 2297 2676 3616 3905
368 4 2 1 1 3181 3282 2589 4200
369 4 2 1 1 4624 4652 3864 4657
370 4 2 1 1 2612 1571 2756 3367
371 4 2 1 1 3526 4295 2658 2559
372 4 2 1 1 4453 2164 3246 3589
373 4 2 1 1 4652 2161 268 4657
374 4 2 1 1 2161 12 268 4657
375 4 2 1 1 2519 2408 2703 3120
376 4 2 1 1 2587 3125 1392 4066
377 4 2 1 1 907 3401 2712 4331
378 4 2 1 1 1629 2642 3067 3737
379 4 2 1 1 2806 3926 2315 2667
380 4 2 1 1 3180 3432 3660 2415
381 4 2 1 1 4397 1734 3074 2739
382 4 2 1 1 895 2812 875 3480
383 4 2 1 1 2301 3923 4367 3611
384 4 2 1 1 2309 2759 2856 3886
385 4 2 1 1 2762 2374 3265 3076
386 4 2 1 1 2825 3159 2178 2680
387 4 2 1 1 2531 3180 2672 3432
388 4 2 1 1 2705 4572 3837 2468
389 4 2 1 1 2516 3785 3606 4439
390 4 2 1 1 2334 2501 2745 3140
391 4 2 1 1 2289 2952 2601 3232
392 4 2 1 1 1343 3534 3209 4487
393 4 2 1 1 3188 3310 1950 4218
394 4 2 1 1 1411 3656 3374 2568
395 4 2 1 1 4618 2052 4597 153
396 4 2 1 1 2571 3196 461 3259
397 4 2 1 1 2505 3590 2824 2886
398 4 2 1 1 3208 3928 4068 2936
399 4 2 1 1 2879 2865 3946 3027
400 4 2 1 1 2672 3180 2415 3432
401 4 2 1 1 2586 3479 739 3996
402 4 2 1 1 480 2861 3385 477
403 4 2 1 1 2535 2782 2915 3274
404 4 2 1 1 2491 3029 2699 4186
405 4 2 1 1 2374 2601 3232 3348
406 4 2 1 1 2426 2872 2643 3978
407 4 2 1 1 1571 1738 2612 3316
408 4 2 1 1 1466 3007 2683 3359
409 4 2 1 1 2305 3653 2641 4342
410 4 2 1 1 2526 3042 2999 3353
411 4 2 1 1 2692 3106 2302 4368
412 4 2 1 1 2758 2834 1528 3418
413 4 2 1 1 2669 2436 3566 3699
414 4 2 1 1 8 153 4597 2052
415 4 2 1 1 2602 3236 2430 3930
416 4 2 1 1 2628 3368 2724 2332
417 4 2 1 1 3632 2815 3400 605
418 4 2 1 1 2567 3860 3184 4381
419 4 2 1 1 2627 2815 2393 4519
420 4 2 1 1 4618 2052 3308 4597
421 4 2 1 1 2603 3410 2292 4568
422 4 2 1 1 942 2925 2801 3549
423 4 2 1 1 1307 3153 1308 3272
424 4 2 1 1 4316 2057 3718 2978
425 4 2 1 1 2642 2932 1634 3067
426 4 2 1 1 2507 2501 3515 2745
427 4 2 1 1 1088 2802 1135 3040
428 4 2 1 1 3010 4104 2656 2835
429 4 2 1 1 3664 4412 1405 1346
430 4 2 1 1 4397 1734 3080 1663
431 4 2 1 1 4429 3492 3837 2705
432 4 2 1 1 4390 3740 2573 2733
433 4 2 1 1 2380 3031 2542 3452
434 4 2 1 1 2448 2831 3089 3546
435 4 2 1 1 848 2824 3162 4461
436 4 2 1 1 2541 2955 2341 4108
437 4 2 1 1 2999 3042 2370 3353
438 4 2 1 1 4345 2933 2773 2639
439 4 2 1 1 2680 3159 2160 3285
440 4 2 1 1 547 581 3326 4161
441 4 2 1 1 2932 1634 4466 1522
442 4 2 1 1 1528 2834 2758 4569
443 4 2 1 1 2294 3286 3456 4531
444 4 2 1 1 2560 2741 2335 3568
445 4 2 1 1 3644 2598 2965 3903
446 4 2 1 1 2491 2699 3029 4284
447 4 2 1 1 1932 3391 3320 4392
448 4 2 1 1 3181 3235 2589 3282
449 4 2 1 1 2414 3024 2778 3812
450 4 2 1 1 4656 717 4645 4479
451 4 2 1 1 2331 2902 3841 2464
452 4 2 1 1 2681 2945 2017 3904
453 4 2 1 1 1592 2655 3213 4290
454 4 2 1 1 306 307 3035 3493
455 4 2 1 1 4656 717 13 4645
456 4 2 1 1 2299 3386 3287 4310
457 4 2 1 1 3664 4412 1346 2673
458 4 2 1 1 2963 4144 3202 4145
459 4 2 1 1 2307 2946 3671 3889
460 4 2 1 1 2369 2979 2715 4492
461 4 2 1 1 1595 2982 3563 4051
462 4 2 1 1 2992 2362 3459 4303
463 4 2 1 1 2599 4123 2843 3408
464 4 2 1 1 2448 3546 3089 3564
465 4 2 1 1 717 14 13 4645
466 4 2 1 1 2929 4212 634 4215
467 4 2 1 1 1138 3138 2832 3894
468 4 2 1 1 4646 495 4670 3708
469 4 2 1 1 1718 3012 2811 3765
470 4 2 1 1 2496 3235 3181 3282
471 4 2 1 1 306 3493 3035 3873
472 4 2 1 1 1224 2683 1225 3233
473 4 2 1 1 4582 2028 2859 1803
474 4 2 1 1 1726 3418 2834 3896
475 4 2 1 1 1881 3188 2810 3624
476 4 2 1 1 869 3407 2725 3500
477 4 2 1 1 1396 3139 1411 3319
478 4 2 1 1 2844 2692 1248 3132
479 4 2 1 1 2572 1821 3721 3822
480 4 2 1 1 2289 2601 2950 3232
481 4 2 1 1 1423 1422 4101 4119
482 4 2 1 1 3089 3546 2623 3564
483 4 2 1 1 2535 3193 2929 4212
484 4 2 1 1 2845 3293 897 4504
485 4 2 1 1 2459 3143 2916 4056
486 4 2 1 1 3233 3541 1143 2639
487 4 2 1 1 2408 3120 3650 4490
488 4 2 1 1 2747 2966 2455 3696
489 4 2 1 1 1120 3126 2595 3747
490 4 2 1 1 3080 1734 4397 2739
491 4 2 1 1 2410 2846 2821 2749
492 4 2 1 1 1394 1392 2587 3741
493 4 2 1 1 3015 3610 2654 4533
494 4 2 1 1 3754 3963 2284 3260
495 4 2 1 1 2342 3306 2821 4180
496 4 2 1 1 2476 2934 4118 4301
497 4 2 1 1 4646 495 16 4670
498 4 2 1 1 3566 3494 2669 740
499 4 2 1 1 2374 2593 3232 3616
500 4 2 1 1 2309 2878 2759 3875
501 4 2 1 1 2950 3348 531 2593
502 4 2 1 1 2642 3234 1542 3986
503 4 2 1 1 4077 3384 2629 2782
504 4 2 1 1 1411 3374 3656 1340
505 4 2 1 1 581 3793 3711 4161
506 4 2 1 1 2433 2443 3083 2720
507 4 2 1 1 2433 2443 2720 3034
508 4 2 1 1 4212 2929 662 3193
509 4 2 1 1 3668 495 4670 17
510 4 2 1 1 4137 3101 3148 4486
511 4 2 1 1 3202 4241 2963 2387
512 4 2 1 1 16 17 4670 495
513 4 2 1 1 2645 2780 2331 2464
514 4 2 1 1 2633 3535 2837 3654
515 4 2 1 1 2365 2576 3352 4325
516 4 2 1 1 1427 3295 2873 3779
517 4 2 1 1 4162 1033 1131 1256
518 4 2 1 1 2068 3285 2680 2160
519 4 2 1 1 3959 2494 3553 2861
520 4 2 1 1 2966 3959 476 4231
521 4 2 1 1 1763 4010 3115 4352
522 4 2 1 1 367 341 3106 4224
523 4 2 1 1 3208 4068 3928 2399
524 4 2 1 1 1038 1022 183 2751
525 4 2 1 1 2815 3279 2393 4519
526 4 2 1 1 1175 2854 1174 3885
527 4 2 1 1 3804 2370 3353 2999
528 4 2 1 1 3837 4572 2705 3492
529 4 2 1 1 2761 3047 2452 3823
530 4 2 1 1 1307 3272 1306 3664
531 4 2 1 1 2286 3141 3085 3449
532 4 2 1 1 2527 3301 3071 3553
533 4 2 1 1 2505 2886 2824 3752
534 4 2 1 1 2402 2572 2769 3598
535 4 2 1 1 2541 3572 3414 4256
536 4 2 1 1 2694 2701 2348 3178
537 4 2 1 1 2823 2488 3547 3900
538 4 2 1 1 2823 3547 2918 3900
539 4 2 1 1 2133 3678 4288 2867
540 4 2 1 1 2410 2748 4378 3525
541 4 2 1 1 2382 2744 3274 3542
542 4 2 1 1 2581 3456 3286 4531
543 4 2 1 1 2402 2769 2572 3327
544 4 2 1 1 2347 3571 2882 4000
545 4 2 1 1 2315 3059 3109 3947
546 4 2 1 1 1022 183 2751 3340
547 4 2 1 1 2552 3954 2970 4283
548 4 2 1 1 3131 3569 4355 2580
549 4 2 1 1 2913 3379 577 4247
550 4 2 1 1 4075 3856 2958 2731
551 4 2 1 1 2797 3933 2690 2959
552 4 2 1 1 2062 2641 2064 4133
553 4 2 1 1 3144 387 4062 3533
554 4 2 1 1 405 3163 3385 480
555 4 2 1 1 2889 3667 2887 3912
556 4 2 1 1 3384 3565 2887 2888
557 4 2 1 1 2710 2504 3420 2953
558 4 2 1 1 1195 2868 3216 4003
559 4 2 1 1 2430 3236 3081 3930
560 4 2 1 1 4505 3627 3621 2736
561 4 2 1 1 2285 2484 3538 3543
562 4 2 1 1 1306 3272 2761 3664
563 4 2 1 1 3153 3664 1311 4322
564 4 2 1 1 3986 3234 379 2642
565 4 2 1 1 2640 2805 2285 3932
566 4 2 1 1 3785 2349 2774 4334
567 4 2 1 1 3131 3569 2580 3677
568 4 2 1 1 2061 3158 3285 3718
569 4 2 1 1 1402 2587 3272 4063
570 4 2 1 1 390 2552 3701 383
571 4 2 1 1 2494 2966 2747 3696
572 4 2 1 1 1470 3560 215 4227
573 4 2 1 1 2830 3252 2192 3985
574 4 2 1 1 2338 3008 2564 3204
575 4 2 1 1 2886 3073 703 3752
576 4 2 1 1 816 3689 2581 4567
577 4 2 1 1 2874 3860 2567 4381
578 4 2 1 1 789 832 3547 4409
579 4 2 1 1 1104 2705 1103 3126
580 4 2 1 1 2133 3678 2867 2106
581 4 2 1 1 3684 4549 801 3401
582 4 2 1 1 379 3163 2642 3234
583 4 2 1 1 4403 2581 3689 3286
584 4 2 1 1 1484 2985 4613 3019
585 4 2 1 1 1575 3451 1576 4011
586 4 2 1 1 2507 2501 2745 3222
587 4 2 1 1 4451 2291 4068 2671
588 4 2 1 1 495 2753 4670 3708
589 4 2 1 1 897 3273 886 3293
590 4 2 1 1 4166 4479 3259 4330
591 4 2 1 1 2448 3089 2831 3608
592 4 2 1 1 2790 3273 2845 3293
593 4 2 1 1 3161 4570 2796 4089
594 4 2 1 1 428 2713 3228 4224
595 4 2 1 1 1470 3560 4227 3300
596 4 2 1 1 2160 3159 2155 3285
597 4 2 1 1 2108 2830 3252 2192
598 4 2 1 1 3379 3496 4247 2585
599 4 2 1 1 1437 2679 3094 3197
600 4 2 1 1 2304 2911 2809 4167
601 4 2 1 1 367 3106 2713 4224
602 4 2 1 1 3905 3134 2389 2676
603 4 2 1 1 2561 2817 3595 3978
604 4 2 1 1 2068 3285 2160 2159
605 4 2 1 1 2566 1562 2813 3636
606 4 2 1 1 4670 2753 495 3668
607 4 2 1 1 3869 2797 2290 3429
608 4 2 1 1 2765 3757 3988 639
609 4 2 1 1 2144 3252 3012 3985
610 4 2 1 1 334 2755 2946 3462
611 4 2 1 1 2532 4000 2462 4134
612 4 2 1 1 2707 3141 2455 4210
613 4 2 1 1 801 4549 3684 799
614 4 2 1 1 3181 3487 3282 4200
615 4 2 1 1 2568 3100 2376 4083
616 4 2 1 1 4618 3152 977 3308
617 4 2 1 1 2397 3830 2631 3938
618 4 2 1 1 2601 2374 2952 3655
619 4 2 1 1 380 3106 2692 3990
620 4 2 1 1 2670 4449 2815 3279
621 4 2 1 1 2541 2948 2712 3572
622 4 2 1 1 2514 3616 3362 2762
623 4 2 1 1 3202 4241 2387 2721
624 4 2 1 1 2155 3285 3159 3862
625 4 2 1 1 2053 3152 2203 3308
626 4 2 1 1 2295 2498 3695 3753
627 4 2 1 1 3215 3284 2341 4108
628 4 2 1 1 2756 3171 1572 3451
629 4 2 1 1 2529 2812 3780 4332
630 4 2 1 1 1601 2566 3636 1562
631 4 2 1 1 1299 3300 1384 1385
632 4 2 1 1 3092 3339 2617 3975
633 4 2 1 1 634 4212 3036 4215
634 4 2 1 1 2378 2529 4199 3610
635 4 2 1 1 2303 2584 2970 3262
636 4 2 1 1 4546 3677 3569 2811
637 4 2 1 1 4162 1131 1033 3075
638 4 2 1 1 2830 3773 2522 4188
639 4 2 1 1 2595 3460 2107 3782
640 4 2 1 1 3326 3711 2523 4161
641 4 2 1 1 2302 2552 4224 3106
642 4 2 1 1 4576 2770 696 3294
643 4 2 1 1 2355 2656 2919 3010
644 4 2 1 1 3869 2290 2797 3640
645 4 2 1 1 2128 2672 3070 3760
646 4 2 1 1 2303 3028 2584 3262
647 4 2 1 1 2057 2149 3355 4517
648 4 2 1 1 2930 3444 3128 3826
649 4 2 1 1 1241 3088 2661 3778
650 4 2 1 1 2337 2660 2867 3358
651 4 2 1 1 4290 3881 2936 1625
652 4 2 1 1 2573 2327 2954 3040
653 4 2 1 1 3596 2322 2561 3838
654 4 2 1 1 4576 2770 3294 4491
655 4 2 1 1 463 58 59 4633
656 4 2 1 1 4155 3479 699 2931
657 4 2 1 1 2488 3034 3240 3575
658 4 2 1 1 3379 4247 3496 565
659 4 2 1 1 2397 2661 3830 3938
660 4 2 1 1 1647 2754 211 3698
661 4 2 1 1 740 3212 2669 3699
662 4 2 1 1 2852 3950 3366 2975
663 4 2 1 1 3959 2494 2861 4231
664 4 2 1 1 822 2816 3334 3666
665 4 2 1 1 918 3164 3143 4379
666 4 2 1 1 4143 2541 2955 2341
667 4 2 1 1 757 2916 3143 4056
668 4 2 1 1 1943 3309 3238 3446
669 4 2 1 1 209 2736 1476 4177
670 4 2 1 1 950 2560 827 3832
671 4 2 1 1 2452 3047 2761 3914
672 4 2 1 1 900 2900 3675 3124
673 4 2 1 1 2865 2879 2521 3250
674 4 2 1 1 1700 3316 2634 4194
675 4 2 1 1 2740 3035 307 3493
676 4 2 1 1 2284 3244 3590 3963
677 4 2 1 1 686 3632 2815 4148
678 4 2 1 1 2709 3276 2433 3428
679 4 2 1 1 2892 4295 3526 2559
680 4 2 1 1 1823 2576 2872 3751
681 4 2 1 1 2692 2844 2302 3132
682 4 2 1 1 2598 2369 3006 4475
683 4 2 1 1 874 2720 889 3240
684 4 2 1 1 2334 3602 2777 3064
685 4 2 1 1 3158 3260 2610 3718
686 4 2 1 1 2586 2859 2373 3479
687 4 2 1 1 3366 3950 2852 2555
688 4 2 1 1 1683 1572 3171 3451
689 4 2 1 1 2062 3158 2641 4133
690 4 2 1 1 2575 2934 2927 3562
691 4 2 1 1 1459 2565 3318 3664
692 4 2 1 1 3685 4131 2957 2588
693 4 2 1 1 2529 3480 2812 4332
694 4 2 1 1 3428 2840 2411 4520
695 4 2 1 1 4077 3384 2782 2381
696 4 2 1 1 3717 2690 3386 4413
697 4 2 1 1 287 51 52 4615
698 4 2 1 1 4134 4571 2462 2532
699 4 2 1 1 1103 2705 3123 3126
700 4 2 1 1 3195 3787 2651 4521
701 4 2 1 1 2670 4449 3279 2382
702 4 2 1 1 1936 3061 2629 3475
703 4 2 1 1 1026 2711 3053 3435
704 4 2 1 1 2865 4328 770 4561
705 4 2 1 1 3406 1868 4169 1974
706 4 2 1 1 2572 1928 3327 3721
707 4 2 1 1 2053 3152 3308 4272
708 4 2 1 1 6 53 4581 2030
709 4 2 1 1 565 3379 2833 3496
710 4 2 1 1 2595 3126 1120 3984
711 4 2 1 1 877 2788 878 3214
712 4 2 1 1 3766 3937 2530 4457
713 4 2 1 1 2658 3526 2376 4295
714 4 2 1 1 3919 2916 944 4469
715 4 2 1 1 943 2741 810 2941
716 4 2 1 1 3103 3108 2662 4255
717 4 2 1 1 927 2816 3119 3764
718 4 2 1 1 1737 3937 3766 4457
719 4 2 1 1 2869 3934 3200 3107
720 4 2 1 1 2552 2692 3588 3106
721 4 2 1 1 1839 2810 3188 4103
722 4 2 1 1 1730 2719 3502 3081
723 4 2 1 1 3022 4042 2842 4206
724 4 2 1 1 4571 2462 2532 2868
725 4 2 1 1 1499 2751 183 3340
726 4 2 1 1 4571 2462 2868 4003
727 4 2 1 1 2355 3298 2870 3517
728 4 2 1 1 2575 2953 2710 3420
729 4 2 1 1 3161 4570 4089 2787
730 4 2 1 1 3270 3461 3946 4492
731 4 2 1 1 3061 1932 3391 3320
732 4 2 1 1 2124 2123 3460 4477
733 4 2 1 1 2462 4000 3571 4134
734 4 2 1 1 428 3228 341 4224
735 4 2 1 1 3144 387 3533 386
736 4 2 1 1 1222 1115 3457 4216
737 4 2 1 1 2539 3260 3158 3718
738 4 2 1 1 2285 3174 2484 3543
739 4 2 1 1 3757 639 3387 502
740 4 2 1 1 1184 2943 3693 1108
741 4 2 1 1 2742 3096 1263 4198
742 4 2 1 1 2935 3320 1855 3475
743 4 2 1 1 2492 2643 2872 3978
744 4 2 1 1 1596 1571 2612 3367
745 4 2 1 1 3270 3461 3271 3946
746 4 2 1 1 2569 2688 2899 3680
747 4 2 1 1 2691 3009 2322 2858
748 4 2 1 1 2877 2417 3431 3467
749 4 2 1 1 2602 3410 2603 4568
750 4 2 1 1 2147 2595 3264 3349
751 4 2 1 1 2384 3014 2942 3192
752 4 2 1 1 2799 2338 3521 3964
753 4 2 1 1 2332 2628 3368 3791
754 4 2 1 1 2535 3274 2915 4351
755 4 2 1 1 476 3959 2747 431
756 4 2 1 1 865 2588 3685 3981
757 4 2 1 1 1362 3295 1427 3779
758 4 2 1 1 1385 2565 1459 3774
759 4 2 1 1 1402 2587 4063 1394
760 4 2 1 1 1459 2565 1483 3318
761 4 2 1 1 2327 2709 2954 3625
762 4 2 1 1 2284 2798 3851 2824
763 4 2 1 1 2879 3946 2865 2521
764 4 2 1 1 1299 3300 1385 3774
765 4 2 1 1 2280 3118 3325 3805
766 4 2 1 1 1575 3023 3316 3451
767 4 2 1 1 4622 4581 53 2030
768 4 2 1 1 3216 4003 4427 3111
769 4 2 1 1 4345 2933 2639 2325
770 4 2 1 1 576 3339 2617 3397
771 4 2 1 1 3406 1868 1974 1866
772 4 2 1 1 3228 4059 3788 332
773 4 2 1 1 4622 4581 2030 3385
774 4 2 1 1 833 3156 4502 4409
775 4 2 1 1 2362 3241 3459 4303
776 4 2 1 1 3711 3793 2523 4161
777 4 2 1 1 2985 3710 2512 4119
778 4 2 1 1 2012 236 2758 3579
779 4 2 1 1 2380 3533 3396 4016
780 4 2 1 1 1729 2719 3081 3766
781 4 2 1 1 2311 2960 2744 3274
782 4 2 1 1 2867 3358 2660 4168
783 4 2 1 1 1823 2576 3751 1920
784 4 2 1 1 3428 2840 3276 2411
785 4 2 1 1 4345 2933 2325 2847
786 4 2 1 1 2837 2633 3654 2838
787 4 2 1 1 2890 4096 2772 4445
788 4 2 1 1 3103 2662 3495 4255
789 4 2 1 1 701 3591 3419 3638
790 4 2 1 1 2456 3609 3611 3922
791 4 2 1 1 511 2886 3591 3638
792 4 2 1 1 2391 2600 2614 3784
793 4 2 1 1 2355 2656 2870 3298
794 4 2 1 1 863 2588 4131 3685
795 4 2 1 1 2343 2717 4410 2714
796 4 2 1 1 1738 1596 1571 2612
797 4 2 1 1 2359 2730 2822 3433
798 4 2 1 1 4546 3677 2811 2520
799 4 2 1 1 2829 3324 2564 3642
800 4 2 1 1 4345 2933 2847 2773
801 4 2 1 1 576 2617 583 3397
802 4 2 1 1 2699 3029 2296 4186
803 4 2 1 1 3623 2165 232 4658
804 4 2 1 1 2306 2458 2825 4031
805 4 2 1 1 429 3375 2596 3786
806 4 2 1 1 2445 3553 2861 3959
807 4 2 1 1 686 551 3632 4148
808 4 2 1 1 1974 3406 1814 3481
809 4 2 1 1 2432 3414 2712 3572
810 4 2 1 1 4658 232 11 2165
811 4 2 1 1 2105 2599 3343 3511
812 4 2 1 1 953 2824 848 4461
813 4 2 1 1 3447 3288 3662 2577
814 4 2 1 1 2565 1385 3300 3774
815 4 2 1 1 2127 3070 2786 3760
816 4 2 1 1 2583 3340 3333 3742
817 4 2 1 1 1814 3406 2923 3481
818 4 2 1 1 565 3496 564 4247
819 4 2 1 1 2169 3122 3601 4201
820 4 2 1 1 2923 1815 4120 4411
821 4 2 1 1 2347 3052 3571 4000
822 4 2 1 1 1284 1468 185 4380
823 4 2 1 1 2413 2618 3269 3370
824 4 2 1 1 1057 3253 3267 3652
825 4 2 1 1 3178 3058 4171 2701
826 4 2 1 1 3396 3533 2508 4016
827 4 2 1 1 1752 3672 3290 3864
828 4 2 1 1 3892 3588 3701 2552
829 4 2 1 1 602 2833 572 681
830 4 2 1 1 2521 3730 2879 3946
831 4 2 1 1 2400 4483 4029 2897
832 4 2 1 1 1311 3664 1346 4322
833 4 2 1 1 3818 2312 3231 2686
834 4 2 1 1 4654 36 4 1262
835 4 2 1 1 4348 2408 2903 3853
836 4 2 1 1 1285 3396 3866 3115
837 4 2 1 1 2421 4453 3589 2900
838 4 2 1 1 2629 4022 1935 4299
839 4 2 1 1 2068 3285 2159 4133
840 4 2 1 1 2844 1248 2692 1030
841 4 2 1 1 1385 1483 2565 3300
842 4 2 1 1 1842 2635 1845 3412
843 4 2 1 1 2569 2899 2688 4375
844 4 2 1 1 2799 3008 2338 3964
845 4 2 1 1 2877 3069 2993 3971
846 4 2 1 1 2820 3958 2491 4284
847 4 2 1 1 2308 2967 2857 3473
848 4 2 1 1 943 2741 2941 3143
849 4 2 1 1 1809 2858 3364 4002
850 4 2 1 1 873 2801 2925 3305
851 4 2 1 1 2455 3141 2707 3692
852 4 2 1 1 2692 3106 465 3588
853 4 2 1 1 1310 2990 1303 4525
854 4 2 1 1 1356 1427 2873 3779
855 4 2 1 1 3003 4318 2273 3442
856 4 2 1 1 2705 1102 1103 3123
857 4 2 1 1 2884 2650 2290 4455
858 4 2 1 1 2762 3362 3134 3616
859 4 2 1 1 3209 3534 2640 4487
860 4 2 1 1 4577 3128 4285 2910
861 4 2 1 1 2561 2426 4002 2858
862 4 2 1 1 372 2596 3618 3968
863 4 2 1 1 2825 3828 2181 3802
864 4 2 1 1 2152 2676 2154 4021
865 4 2 1 1 2413 2618 3503 4020
866 4 2 1 1 3272 3664 3153 2362
867 4 2 1 1 1205 1202 3088 2547
868 4 2 1 1 383 350 2552 3106
869 4 2 1 1 2321 3595 2561 3596
870 4 2 1 1 2519 2408 3120 3650
871 4 2 1 1 2391 2614 3114 3187
872 4 2 1 1 1842 1845 2635 1844
873 4 2 1 1 2683 3233 1224 3359
874 4 2 1 1 2356 3261 2796 4570
875 4 2 1 1 2237 2867 3358 2134
876 4 2 1 1 1928 1821 1824 3721
877 4 2 1 1 2443 3575 3034 4239
878 4 2 1 1 841 3160 3156 4280
879 4 2 1 1 1846 2635 3649 1845
880 4 2 1 1 1738 2612 3316 4194
881 4 2 1 1 2580 3131 2520 4436
882 4 2 1 1 2816 820 836 3689
883 4 2 1 1 1246 3736 3095 4007
884 4 2 1 1 2012 237 1782 2758
885 4 2 1 1 4093 4378 2818 2749
886 4 2 1 1 2068 3285 4133 2680
887 4 2 1 1 3033 3863 2611 2901
888 4 2 1 1 2348 2758 2623 3145
889 4 2 1 1 3955 3938 4515 2631
890 4 2 1 1 2879 4328 3027 4337
891 4 2 1 1 4654 4629 36 1262
892 4 2 1 1 46 47 292 4601
893 4 2 1 1 2773 3723 2847 4345
894 4 2 1 1 4654 4629 1262 4132
895 4 2 1 1 4264 4608 2040 3315
896 4 2 1 1 2307 3671 3058 3889
897 4 2 1 1 2792 3299 2668 4509
898 4 2 1 1 2265 2915 2764 3912
899 4 2 1 1 3828 4488 4250 3166
900 4 2 1 1 2769 3346 2438 3550
901 4 2 1 1 2427 3853 3291 2703
902 4 2 1 1 430 2596 429 3375
903 4 2 1 1 1585 1688 3811 4327
904 4 2 1 1 3316 3876 3451 3023
905 4 2 1 1 1862 3168 2651 3584
906 4 2 1 1 2327 2954 2709 2573
907 4 2 1 1 863 2588 3685 865
908 4 2 1 1 2438 3550 3346 2495
909 4 2 1 1 1410 1411 1396 3139
910 4 2 1 1 1958 2651 3168 3787
911 4 2 1 1 2524 2831 3089 3448
912 4 2 1 1 2252 2953 2575 3420
913 4 2 1 1 1476 3852 2736 3973
914 4 2 1 1 1487 3100 2711 3435
915 4 2 1 1 770 4328 128 4561
916 4 2 1 1 2830 3985 2192 4344
917 4 2 1 1 2086 2674 2078 3166
918 4 2 1 1 196 1231 4627 4608
919 4 2 1 1 2408 3650 3491 4490
920 4 2 1 1 630 3280 3036 4212
921 4 2 1 1 2951 3790 1127 4162
922 4 2 1 1 594 2668 595 2792
923 4 2 1 1 2409 3370 3503 3800
924 4 2 1 1 2668 3647 2924 3815
925 4 2 1 1 2710 2504 2953 2907
926 4 2 1 1 2617 3142 583 3397
927 4 2 1 1 3410 3865 2292 4568
928 4 2 1 1 2337 2672 3358 4251
929 4 2 1 1 2473 2916 3919 2796
930 4 2 1 1 3785 2349 4334 2655
931 4 2 1 1 2473 2916 2796 3648
932 4 2 1 1 3517 3390 2591 3389
933 4 2 1 1 1231 4627 4608 3315
934 4 2 1 1 3033 3863 3467 2611
935 4 2 1 1 877 878 969 3214
936 4 2 1 1 3080 1554 1637 3427
937 4 2 1 1 2640 2399 3090 4451
938 4 2 1 1 2705 1103 1102 1101
939 4 2 1 1 612 3354 2752 4005
940 4 2 1 1 2335 3568 2997 3657
941 4 2 1 1 3817 2198 276 4669
942 4 2 1 1 2455 3141 3651 4210
943 4 2 1 1 2640 4309 2399 4451
944 4 2 1 1 1823 2872 2576 3498
945 4 2 1 1 386 3144 2996 3533
946 4 2 1 1 2198 7 276 4669
947 4 2 1 1 1397 2761 4066 3255
948 4 2 1 1 4412 1467 1462 1404
949 4 2 1 1 2610 3158 2346 3260
950 4 2 1 1 2311 2915 2828 3274
951 4 2 1 1 2409 3503 2801 3800
952 4 2 1 1 2143 3122 4201 3252
953 4 2 1 1 2519 2408 3650 2903
954 4 2 1 1 2610 2471 2876 3670
955 4 2 1 1 2397 2661 3518 3830
956 4 2 1 1 3372 2784 2270 3715
957 4 2 1 1 2522 2281 3773 3051
958 4 2 1 1 2673 3664 3153 4322
959 4 2 1 1 2376 3194 2658 4295
960 4 2 1 1 2078 2674 3322 4034
961 4 2 1 1 2923 3936 2901 4411
962 4 2 1 1 2610 2876 2471 3862
963 4 2 1 1 2810 3404 1882 3624
964 4 2 1 1 1601 2566 1562 1713
965 4 2 1 1 1205 3907 1085 2547
966 4 2 1 1 2620 3118 2538 3325
967 4 2 1 1 2435 3036 2887 4407
968 4 2 1 1 2722 3038 2478 4078
969 4 2 1 1 2317 3712 2892 3011
970 4 2 1 1 2198 2859 4669 3817
971 4 2 1 1 2598 2893 2369 4475
972 4 2 1 1 2634 3225 2451 3812
973 4 2 1 1 2341 2878 2949 4394
974 4 2 1 1 3389 3390 2459 3517
975 4 2 1 1 1246 3095 3736 3577
976 4 2 1 1 2592 3185 2350 3020
977 4 2 1 1 640 2886 3638 2593
978 4 2 1 1 3872 4253 868 3135
979 4 2 1 1 747 522 4582 2859
980 4 2 1 1 2951 1127 3123 4162
981 4 2 1 1 2943 3968 2303 4283
982 4 2 1 1 2365 3352 2576 2545
983 4 2 1 1 117 4669 747 7
984 4 2 1 1 2439 3505 3860 4083
985 4 2 1 1 3955 3151 2475 3622
986 4 2 1 1 3830 3955 3938 2977
987 4 2 1 1 3381 3382 2335 3390
988 4 2 1 1 1863 3309 1943 3446
989 4 2 1 1 2005 2719 243 3937
990 4 2 1 1 745 2 20 4647
991 4 2 1 1 2966 3959 4231 2494
992 4 2 1 1 2823 3160 3156 4502
993 4 2 1 1 1026 2711 1191 3053
994 4 2 1 1 3283 3057 3920 2894
995 4 2 1 1 1385 1483 1459 2565
996 4 2 1 1 4517 2057 2059 3718
997 4 2 1 1 1346 3664 2673 4322
998 4 2 1 1 1099 1135 2802 3821
999 4 2 1 1 1697 2634 3023 3225
1000 4 2 1 1 1271 2912 3342 3359
1001 4 2 1 1 4122 2309 2856 3886
1002 4 2 1 1 4031 2306 3373 3888
1003 4 2 1 1 4098 3522 2946 371
1004 4 2 1 1 2426 3130 2872 3978
1005 4 2 1 1 298 296 3105 3669
1006 4 2 1 1 1144 1126 1011 2653
1007 4 2 1 1 2496 3282 3181 3487
1008 4 2 1 1 4613 2241 3019 2985
1009 4 2 1 1 2103 2830 2192 4344
1010 4 2 1 1 2126 2127 2786 3760
1011 4 2 1 1 3290 3672 2660 3864
1012 4 2 1 1 2720 3026 874 4139
1013 4 2 1 1 2369 2879 3730 3946
1014 4 2 1 1 2271 3540 2567 4363
1015 4 2 1 1 3717 3386 2690 2299
1016 4 2 1 1 4647 4594 20 745
1017 4 2 1 1 830 2925 823 3289
1018 4 2 1 1 2441 4042 3022 4206
1019 4 2 1 1 4647 4594 745 4087
1020 4 2 1 1 3 28 1002 4578
1021 4 2 1 1 3892 3701 3588 1124
1022 4 2 1 1 2348 2894 3057 3283
1023 4 2 1 1 4570 3161 4115 2787
1024 4 2 1 1 3147 3168 1957 3679
1025 4 2 1 1 2348 3283 3057 3661
1026 4 2 1 1 2439 3100 3101 3148
1027 4 2 1 1 3479 739 3362 2586
1028 4 2 1 1 2483 3631 3535 3654
1029 4 2 1 1 4254 3928 2936 4068
1030 4 2 1 1 2623 2758 2348 4061
1031 4 2 1 1 2522 2281 3051 2619
1032 4 2 1 1 4316 2057 2978 3355
1033 4 2 1 1 653 3566 740 3494
1034 4 2 1 1 4578 4600 28 1002
1035 4 2 1 1 2847 3002 2324 3466
1036 4 2 1 1 1918 1815 1812 2923
1037 4 2 1 1 2692 2844 1030 4281
1038 4 2 1 1 1812 2923 1815 4120
1039 4 2 1 1 2765 3757 639 3387
1040 4 2 1 1 428 2713 420 3192
1041 4 2 1 1 3161 4570 2356 2796
1042 4 2 1 1 3054 2815 2627 4519
1043 4 2 1 1 3124 2213 2039 2145
1044 4 2 1 1 2815 3054 2331 4519
1045 4 2 1 1 1135 3040 2802 3821
1046 4 2 1 1 2682 2842 2309 4042
1047 4 2 1 1 372 2596 430 3618
1048 4 2 1 1 3674 3931 2917 2571
1049 4 2 1 1 4326 175 174 1465
1050 4 2 1 1 4578 4600 1002 2947
1051 4 2 1 1 1144 2653 1011 3472
1052 4 2 1 1 2572 1928 3557 3882
1053 4 2 1 1 2435 2887 3036 3567
1054 4 2 1 1 2436 3036 2887 3567
1055 4 2 1 1 3057 3283 2494 3661
1056 4 2 1 1 3955 3151 3622 1446
1057 4 2 1 1 3088 3201 2661 3518
1058 4 2 1 1 2307 2946 2755 3671
1059 4 2 1 1 4574 44 1514 4653
1060 4 2 1 1 653 3566 3494 2956
1061 4 2 1 1 2195 2220 2230 2791
1062 4 2 1 1 4574 44 4653 408
1063 4 2 1 1 1823 2576 1920 1921
1064 4 2 1 1 2315 2806 2667 3943
1065 4 2 1 1 4060 2563 3115 4010
1066 4 2 1 1 4574 4653 1514 4062
1067 4 2 1 1 2387 2625 2721 3700
1068 4 2 1 1 1700 2634 1697 4194
1069 4 2 1 1 523 2678 62 4069
1070 4 2 1 1 4653 2826 1514 4062
1071 4 2 1 1 803 3401 2955 4086
1072 4 2 1 1 62 2678 1977 4069
1073 4 2 1 1 2676 3819 2154 4021
1074 4 2 1 1 3078 2760 3353 4064
1075 4 2 1 1 2369 3027 2879 3946
1076 4 2 1 1 2596 2303 3968 3028
1077 4 2 1 1 1661 1566 3636 3989
1078 4 2 1 1 1427 4382 2873 3295
1079 4 2 1 1 1688 3811 2655 3881
1080 4 2 1 1 3316 3876 3023 2354
1081 4 2 1 1 2736 209 1531 4177
1082 4 2 1 1 2336 2330 4037 2971
1083 4 2 1 1 237 2758 1528 3418
1084 4 2 1 1 2350 3185 2592 3604
1085 4 2 1 1 2289 2950 2601 4074
1086 4 2 1 1 539 3050 2956 3494
1087 4 2 1 1 1017 2912 180 3359
1088 4 2 1 1 2143 3122 3252 2109
1089 4 2 1 1 2400 4483 2897 3021
1090 4 2 1 1 4604 1220 4649 32
1091 4 2 1 1 907 3401 4331 802
1092 4 2 1 1 2346 2784 2896 3755
1093 4 2 1 1 1220 32 31 4649
1094 4 2 1 1 2672 2337 2772 3180
1095 4 2 1 1 2494 3553 2861 3661
1096 4 2 1 1 2445 2861 3553 3661
1097 4 2 1 1 2820 2491 2358 4186
1098 4 2 1 1 2017 3147 2681 3787
1099 4 2 1 1 2147 2107 2595 3349
1100 4 2 1 1 2568 2376 3100 3319
1101 4 2 1 1 2310 2770 2605 3814
1102 4 2 1 1 2401 3424 3927 4145
1103 4 2 1 1 2006 1882 3404 3624
1104 4 2 1 1 4604 1220 3618 4649
1105 4 2 1 1 1108 2715 2943 3693
1106 4 2 1 1 2736 3852 1476 4177
1107 4 2 1 1 2269 3200 3868 4058
1108 4 2 1 1 3874 3142 621 2770
1109 4 2 1 1 3314 2679 2906 2403
1110 4 2 1 1 180 2912 1271 3359
1111 4 2 1 1 2176 4268 2672 3358
1112 4 2 1 1 2616 3491 3650 4490
1113 4 2 1 1 2650 2290 3105 2391
1114 4 2 1 1 1411 2568 3100 3319
1115 4 2 1 1 2391 2614 3187 3784
1116 4 2 1 1 1029 3577 2742 4056
1117 4 2 1 1 3202 3350 3444 2387
1118 4 2 1 1 2682 2309 3735 4042
1119 4 2 1 1 2341 2878 2682 4143
1120 4 2 1 1 1611 4444 1610 2846
1121 4 2 1 1 950 3256 2560 3832
1122 4 2 1 1 1472 3898 2609 4082
1123 4 2 1 1 2378 2529 3610 3993
1124 4 2 1 1 2208 4668 4593 4438
1125 4 2 1 1 3188 3310 2461 3624
1126 4 2 1 1 1736 1730 1534 3502
1127 4 2 1 1 1677 2811 1718 3012
1128 4 2 1 1 405 3163 480 479
1129 4 2 1 1 1844 2635 1842 3679
1130 4 2 1 1 2374 3076 2762 3616
1131 4 2 1 1 4668 2208 3124 4438
1132 4 2 1 1 2565 4085 2721 4241
1133 4 2 1 1 1611 4444 2846 3043
1134 4 2 1 1 1177 3261 2854 4570
1135 4 2 1 1 2930 3128 3444 2387
1136 4 2 1 1 1730 2719 3081 1729
1137 4 2 1 1 3404 3502 2006 3624
1138 4 2 1 1 2563 2380 3396 3179
1139 4 2 1 1 2461 3245 2719 3310
1140 4 2 1 1 3937 3245 3310 2719
1141 4 2 1 1 563 577 3379 4247
1142 4 2 1 1 2342 2821 3306 4096
1143 4 2 1 1 2341 2682 2955 4143
1144 4 2 1 1 2305 3032 3425 2429
1145 4 2 1 1 511 694 2886 3638
1146 4 2 1 1 2847 3723 2325 4345
1147 4 2 1 1 1928 1879 3327 3721
1148 4 2 1 1 703 3073 2886 3844
1149 4 2 1 1 827 3832 2560 3247
1150 4 2 1 1 3314 2679 2403 3094
1151 4 2 1 1 2387 2721 2625 3202
1152 4 2 1 1 4326 174 175 1013
1153 4 2 1 1 2488 2823 3612 3900
1154 4 2 1 1 1054 3267 3039 3541
1155 4 2 1 1 57 280 56 4607
1156 4 2 1 1 3547 4409 4502 2823
1157 4 2 1 1 2590 2919 2419 3731
1158 4 2 1 1 2336 2837 2971 3758
1159 4 2 1 1 2315 2659 2777 3600
1160 4 2 1 1 1595 1604 2982 4051
1161 4 2 1 1 2384 3192 2942 3530
1162 4 2 1 1 345 4347 344 2911
1163 4 2 1 1 2820 2358 3030 4186
1164 4 2 1 1 2538 3118 2853 3805
1165 4 2 1 1 2890 2772 3561 4445
1166 4 2 1 1 2391 2614 2600 3281
1167 4 2 1 1 1547 4581 3234 4026
1168 4 2 1 1 344 4347 345 432
1169 4 2 1 1 2753 2924 2497 3869
1170 4 2 1 1 2586 2373 2859 4249
1171 4 2 1 1 2105 2599 3511 2112
1172 4 2 1 1 3089 3448 2831 3608
1173 4 2 1 1 1689 1688 1625 3881
1174 4 2 1 1 3156 4409 2823 4502
1175 4 2 1 1 2946 370 371 3522
1176 4 2 1 1 2590 3108 3103 4255
1177 4 2 1 1 1225 3233 2683 3478
1178 4 2 1 1 3223 2668 3299 4509
1179 4 2 1 1 2634 3024 3225 3812
1180 4 2 1 1 2954 3276 2709 4179
1181 4 2 1 1 1356 1362 1427 3779
1182 4 2 1 1 2628 2937 2902 4519
1183 4 2 1 1 2441 3356 3022 4042
1184 4 2 1 1 1855 2935 3475 4385
1185 4 2 1 1 3826 4577 2910 3128
1186 4 2 1 1 3408 4376 3805 4501
1187 4 2 1 1 3846 3099 3583 2431
1188 4 2 1 1 1974 3406 3481 4557
1189 4 2 1 1 907 2712 3401 3686
1190 4 2 1 1 3718 2061 2076 3285
1191 4 2 1 1 4056 1263 1171 1170
1192 4 2 1 1 2369 2598 3006 3176
1193 4 2 1 1 2306 2825 3888 4031
1194 4 2 1 1 2780 2902 2331 2464
1195 4 2 1 1 2331 2670 2815 3279
1196 4 2 1 1 1821 2572 1928 3557
1197 4 2 1 1 4283 2715 4443 2303
1198 4 2 1 1 4668 4634 3124 2039
1199 4 2 1 1 1229 2832 1012 3293
1200 4 2 1 1 2913 2727 3379 4530
1201 4 2 1 1 4573 4672 3012 3623
1202 4 2 1 1 2039 157 156 4668
1203 4 2 1 1 4056 1171 1263 2742
1204 4 2 1 1 2686 2312 3231 4140
1205 4 2 1 1 2300 2924 2753 3869
1206 4 2 1 1 2482 4112 4229 4257
1207 4 2 1 1 1390 3007 3125 1383
1208 4 2 1 1 2840 2709 3276 4179
1209 4 2 1 1 2563 3396 2380 3115
1210 4 2 1 1 4155 3479 2931 2373
1211 4 2 1 1 2092 3363 2995 3497
1212 4 2 1 1 1663 1713 3080 3437
1213 4 2 1 1 2306 2695 2458 4031
1214 4 2 1 1 628 2686 3354 4005
1215 4 2 1 1 3595 3978 2817 2643
1216 4 2 1 1 2443 3575 3463 4277
1217 4 2 1 1 2853 3118 2538 3486
1218 4 2 1 1 1416 1417 2914 3340
1219 4 2 1 1 1138 3138 1012 2832
1220 4 2 1 1 2078 3166 2674 4034
1221 4 2 1 1 1073 3261 1164 4350
1222 4 2 1 1 4271 3796 3888 2784
1223 4 2 1 1 576 583 2617 3975
1224 4 2 1 1 2612 2756 1571 3316
1225 4 2 1 1 833 3156 4409 883
1226 4 2 1 1 2904 3745 3528 4441
1227 4 2 1 1 2176 2128 2190 2672
1228 4 2 1 1 4384 3656 3374 3048
1229 4 2 1 1 2640 2285 2805 3090
1230 4 2 1 1 2464 3001 2727 4530
1231 4 2 1 1 582 3339 3975 576
1232 4 2 1 1 1487 3100 4137 2711
1233 4 2 1 1 4011 3451 3930 2602
1234 4 2 1 1 3340 3998 2328 4135
1235 4 2 1 1 2433 2954 2709 3625
1236 4 2 1 1 416 368 2659 3206
1237 4 2 1 1 2336 2822 2730 3433
1238 4 2 1 1 379 479 3163 3234
1239 4 2 1 1 1735 2746 4592 3415
1240 4 2 1 1 3718 2076 2061 2059
1241 4 2 1 1 3549 3666 2925 4310
1242 4 2 1 1 2872 3130 2492 3978
1243 4 2 1 1 2561 2817 2426 2858
1244 4 2 1 1 2547 3201 3088 3518
1245 4 2 1 1 3447 3662 3288 2302
1246 4 2 1 1 455 3105 296 3500
1247 4 2 1 1 4668 4634 2039 157
1248 4 2 1 1 1108 2943 2715 3506
1249 4 2 1 1 2426 3557 2938 4113
1250 4 2 1 1 3659 4414 2690 2797
1251 4 2 1 1 2925 2801 3549 4310
1252 4 2 1 1 4588 2865 2879 4328
1253 4 2 1 1 2028 2859 1803 3817
1254 4 2 1 1 2011 3165 2623 3418
1255 4 2 1 1 1096 3894 2649 4049
1256 4 2 1 1 643 2895 3092 3339
1257 4 2 1 1 2380 2542 2996 3452
1258 4 2 1 1 763 998 130 4235
1259 4 2 1 1 4668 3124 2208 2039
1260 4 2 1 1 2599 4376 3408 4501
1261 4 2 1 1 532 3397 576 642
1262 4 2 1 1 2707 3977 3141 4210
1263 4 2 1 1 2078 2674 2074 3322
1264 4 2 1 1 2636 3018 2428 4556
1265 4 2 1 1 1999 4667 4622 3385
1266 4 2 1 1 851 3143 2941 4379
1267 4 2 1 1 2656 3010 2870 4104
1268 4 2 1 1 2433 2443 3034 3428
1269 4 2 1 1 2602 3023 3451 3876
1270 4 2 1 1 2817 3978 2426 2643
1271 4 2 1 1 3140 2659 3788 3206
1272 4 2 1 1 4464 2441 3952 2799
1273 4 2 1 1 2923 4120 3936 4411
1274 4 2 1 1 1999 4667 3385 1800
1275 4 2 1 1 1472 2609 3898 3866
1276 4 2 1 1 3140 2659 3206 2334
1277 4 2 1 1 4663 3037 282 3205
1278 4 2 1 1 2563 3115 4010 4352
1279 4 2 1 1 2017 1888 2945 3147
1280 4 2 1 1 2632 2388 4099 3218
1281 4 2 1 1 2723 2279 2555 4014
1282 4 2 1 1 4268 2238 4373 3415
1283 4 2 1 1 2368 3233 4160 4383
1284 4 2 1 1 2439 3148 3101 3860
1285 4 2 1 1 1138 3138 1149 1012
1286 4 2 1 1 2128 3070 2672 4268
1287 4 2 1 1 609 4393 3311 3134
1288 4 2 1 1 2790 3273 896 3676
1289 4 2 1 1 3267 3894 1096 1055
1290 4 2 1 1 421 2745 422 3140
1291 4 2 1 1 2580 2520 3313 4436
1292 4 2 1 1 1120 3439 1121 3747
1293 4 2 1 1 3231 2629 1936 4140
1294 4 2 1 1 3037 3205 753 4287
1295 4 2 1 1 583 3142 2617 3975
1296 4 2 1 1 1343 3209 1441 4487
1297 4 2 1 1 2614 3334 828 3872
1298 4 2 1 1 2599 3408 2843 4501
1299 4 2 1 1 1383 1391 1281 3125
1300 4 2 1 1 4588 2879 3250 4235
1301 4 2 1 1 1397 2761 3255 1304
1302 4 2 1 1 2286 3449 3021 3977
1303 4 2 1 1 4365 2288 3837 3129
1304 4 2 1 1 2401 3927 2958 4145
1305 4 2 1 1 2951 3803 3790 4162
1306 4 2 1 1 2309 2842 3886 4122
1307 4 2 1 1 1427 4382 3295 1351
1308 4 2 1 1 2602 2430 3451 3930
1309 4 2 1 1 2659 416 3206 3926
1310 4 2 1 1 2443 2720 3575 4277
1311 4 2 1 1 3541 4078 3233 1143
1312 4 2 1 1 2595 3349 2107 3460
1313 4 2 1 1 2599 4123 3408 4534
1314 4 2 1 1 1008 3872 2865 4253
1315 4 2 1 1 2715 2809 2596 4167
1316 4 2 1 1 2680 3323 2825 4482
1317 4 2 1 1 669 2681 3592 3195
1318 4 2 1 1 4409 787 4356 2918
1319 4 2 1 1 2326 3392 2498 2626
1320 4 2 1 1 3202 3350 2387 2963
1321 4 2 1 1 1640 3615 1742 3994
1322 4 2 1 1 653 3566 2956 574
1323 4 2 1 1 1241 2661 169 3778
1324 4 2 1 1 316 3926 3251 2806
1325 4 2 1 1 2492 3130 2872 4228
1326 4 2 1 1 2531 2687 3180 3660
1327 4 2 1 1 3092 3339 2895 3971
1328 4 2 1 1 2829 3256 948 3832
1329 4 2 1 1 2433 2709 2954 3276
1330 4 2 1 1 2713 3106 367 3990
1331 4 2 1 1 2854 2356 2597 3903
1332 4 2 1 1 3101 3860 3148 4486
1333 4 2 1 1 2996 351 2781 3807
1334 4 2 1 1 3986 379 3234 478
1335 4 2 1 1 2531 2687 3118 3180
1336 4 2 1 1 1741 211 1647 2754
1337 4 2 1 1 2580 2821 2360 4355
1338 4 2 1 1 1844 1957 3168 3679
1339 4 2 1 1 2299 3386 2925 3717
1340 4 2 1 1 664 2924 2753 3647
1341 4 2 1 1 2586 2843 2373 4249
1342 4 2 1 1 2339 2548 2973 3183
1343 4 2 1 1 4667 54 55 1800
1344 4 2 1 1 1320 1322 2980 3185
1345 4 2 1 1 2667 2487 3600 4544
1346 4 2 1 1 1823 2576 1921 3498
1347 4 2 1 1 2561 4002 2426 3130
1348 4 2 1 1 2293 2685 3176 3903
1349 4 2 1 1 1611 4444 3043 1608
1350 4 2 1 1 2751 2914 4556 2328
1351 4 2 1 1 4167 3170 3786 3375
1352 4 2 1 1 1611 4444 1608 1610
1353 4 2 1 1 4667 4638 1800 55
1354 4 2 1 1 3803 3136 2469 2875
1355 4 2 1 1 283 2692 3588 4132
1356 4 2 1 1 1310 4046 2990 4182
1357 4 2 1 1 1099 1135 1088 2802
1358 4 2 1 1 3865 2414 2779 3606
1359 4 2 1 1 739 3362 2586 3819
1360 4 2 1 1 4576 2770 4491 3874
1361 4 2 1 1 1640 3249 3615 3994
1362 4 2 1 1 2291 2671 2517 3785
1363 4 2 1 1 2752 3137 593 4005
1364 4 2 1 1 2902 3279 4519 2937
1365 4 2 1 1 830 2925 3289 4192
1366 4 2 1 1 4409 4356 787 786
1367 4 2 1 1 4167 3786 3170 2304
1368 4 2 1 1 2433 2443 3428 3083
1369 4 2 1 1 383 3106 2552 3588
1370 4 2 1 1 3663 587 585 3918
1371 4 2 1 1 2525 3732 2842 3886
1372 4 2 1 1 2559 3038 3712 4370
1373 4 2 1 1 1363 2698 3779 2999
1374 4 2 1 1 2384 3014 3192 4175
1375 4 2 1 1 2806 3775 313 3926
1376 4 2 1 1 2625 2401 3202 4127
1377 4 2 1 1 547 545 581 4161
1378 4 2 1 1 4667 4638 4231 1800
1379 4 2 1 1 306 308 3493 3873
1380 4 2 1 1 3472 3545 2653 3993
1381 4 2 1 1 2147 2595 2107 3782
1382 4 2 1 1 2631 2874 2397 4399
1383 4 2 1 1 2675 3995 3538 3537
1384 4 2 1 1 4163 3723 3018 2847
1385 4 2 1 1 1800 4667 3385 4231
1386 4 2 1 1 2500 3221 2798 3851
1387 4 2 1 1 2374 3232 2486 3616
1388 4 2 1 1 4384 3656 3048 3789
1389 4 2 1 1 2602 3451 3023 4011
1390 4 2 1 1 2552 2692 3106 2302
1391 4 2 1 1 1833 3835 2986 4385
1392 4 2 1 1 2315 3109 2777 3574
1393 4 2 1 1 3290 3321 1546 3864
1394 4 2 1 1 1968 4218 3155 4291
1395 4 2 1 1 2645 2331 2780 4236
1396 4 2 1 1 4666 262 263 2049
1397 4 2 1 1 3538 3995 2675 3104
1398 4 2 1 1 2238 3415 2746 4373
1399 4 2 1 1 4573 4672 3623 4658
1400 4 2 1 1 4662 3205 291 3500
1401 4 2 1 1 2011 1954 2623 3165
1402 4 2 1 1 3324 3400 2564 3642
1403 4 2 1 1 2478 3233 2933 2639
1404 4 2 1 1 2566 3080 3437 4397
1405 4 2 1 1 2302 2696 3288 3447
1406 4 2 1 1 2798 2500 3851 2824
1407 4 2 1 1 2143 3122 2109 2169
1408 4 2 1 1 2955 3401 2682 4086
1409 4 2 1 1 2614 3135 2600 3271
1410 4 2 1 1 4660 2932 281 3477
1411 4 2 1 1 2951 3123 3803 4162
1412 4 2 1 1 3407 2290 2684 4185
1413 4 2 1 1 2320 2736 3191 3621
1414 4 2 1 1 2507 2501 3222 3270
1415 4 2 1 1 2011 1782 3418 4061
1416 4 2 1 1 2369 2893 2715 2979
1417 4 2 1 1 2787 929 131 1006
1418 4 2 1 1 2393 2815 2627 3400
1419 4 2 1 1 2283 2874 2567 3518
1420 4 2 1 1 2092 2152 2995 3363
1421 4 2 1 1 1326 3020 2848 3955
1422 4 2 1 1 3929 4068 2936 3208
1423 4 2 1 1 3233 4078 3541 2478
1424 4 2 1 1 2579 3013 2396 3150
1425 4 2 1 1 2366 2576 4015 3909
1426 4 2 1 1 2176 4268 3358 2136
1427 4 2 1 1 4666 4596 262 2049
1428 4 2 1 1 4666 4639 2049 263
1429 4 2 1 1 1015 4588 4235 2879
1430 4 2 1 1 2525 3886 2842 4122
1431 4 2 1 1 316 3926 2806 313
1432 4 2 1 1 1138 3138 3894 1149
1433 4 2 1 1 4666 2049 3601 4201
1434 4 2 1 1 2366 4015 2576 3041
1435 4 2 1 1 2938 3557 2572 4113
1436 4 2 1 1 1326 2848 3622 3955
1437 4 2 1 1 3346 4548 3598 3580
1438 4 2 1 1 849 2790 896 3676
1439 4 2 1 1 4587 3994 3615 2691
1440 4 2 1 1 4666 4639 3601 2049
1441 4 2 1 1 2965 3903 2598 3906
1442 4 2 1 1 2343 2597 2939 3454
1443 4 2 1 1 848 2824 3685 2500
1444 4 2 1 1 4268 2238 3415 2142
1445 4 2 1 1 848 3162 2824 2500
1446 4 2 1 1 3140 2659 2334 3602
1447 4 2 1 1 2702 3600 2487 4544
1448 4 2 1 1 3598 4548 3346 2769
1449 4 2 1 1 2982 3291 2427 3853
1450 4 2 1 1 2699 3371 3029 4284
1451 4 2 1 1 2878 3735 4043 4394
1452 4 2 1 1 4351 2718 2436 2929
1453 4 2 1 1 2420 3666 3637 4310
1454 4 2 1 1 2990 3086 2351 3823
1455 4 2 1 1 2572 3327 1928 3882
1456 4 2 1 1 2739 2938 2431 3882
1457 4 2 1 1 390 2552 383 350
1458 4 2 1 1 1375 3312 3077 3646
1459 4 2 1 1 2493 2504 2953 3420
1460 4 2 1 1 2079 3808 2786 4004
1461 4 2 1 1 3036 3566 2436 3699
1462 4 2 1 1 4335 3469 2958 2401
1463 4 2 1 1 2671 2774 2517 3785
1464 4 2 1 1 2343 2597 3454 2714
1465 4 2 1 1 2564 3204 3739 2338
1466 4 2 1 1 1855 3320 3061 3475
1467 4 2 1 1 2306 3102 2785 3796
1468 4 2 1 1 2560 3568 2335 3657
1469 4 2 1 1 4335 2958 3469 2698
1470 4 2 1 1 2472 3444 2930 3826
1471 4 2 1 1 2344 2808 2834 2422
1472 4 2 1 1 3178 3058 2701 3889
1473 4 2 1 1 3927 2958 3469 2401
1474 4 2 1 1 2472 2910 2760 4064
1475 4 2 1 1 2760 2910 2370 4064
1476 4 2 1 1 2252 3087 2616 3420
1477 4 2 1 1 539 537 3050 3494
1478 4 2 1 1 4619 450 4048 4630
1479 4 2 1 1 1283 169 2661 3778
1480 4 2 1 1 3927 3469 2958 2698
1481 4 2 1 1 4666 4596 2049 4201
1482 4 2 1 1 2286 3141 3977 4210
1483 4 2 1 1 1392 3125 2587 3741
1484 4 2 1 1 3479 3362 739 606
1485 4 2 1 1 2337 3358 2867 4251
1486 4 2 1 1 3803 3136 2875 3589
1487 4 2 1 1 2629 3061 1935 4022
1488 4 2 1 1 640 2886 694 3638
1489 4 2 1 1 4060 2563 4010 3031
1490 4 2 1 1 452 4631 3275 4248
1491 4 2 1 1 2581 816 4424 3127
1492 4 2 1 1 1467 211 2754 3698
1493 4 2 1 1 947 3095 2712 4432
1494 4 2 1 1 1466 1372 3007 3359
1495 4 2 1 1 1777 4665 4607 3665
1496 4 2 1 1 2816 3250 934 3334
1497 4 2 1 1 2559 3712 2803 4370
1498 4 2 1 1 1026 3053 1235 3435
1499 4 2 1 1 2786 2171 4004 3122
1500 4 2 1 1 2597 1073 3229 4350
1501 4 2 1 1 2758 2834 2623 3145
1502 4 2 1 1 1362 2698 3295 3779
1503 4 2 1 1 2956 3050 539 3901
1504 4 2 1 1 2786 2171 3122 4373
1505 4 2 1 1 2252 2616 3087 4282
1506 4 2 1 1 386 2996 351 3533
1507 4 2 1 1 3466 4182 2891 4257
1508 4 2 1 1 4390 3723 2573 3740
1509 4 2 1 1 1936 2629 1935 4299
1510 4 2 1 1 3299 3840 4509 2792
1511 4 2 1 1 2464 2727 2913 4530
1512 4 2 1 1 2609 2508 3520 4016
1513 4 2 1 1 1029 2742 3577 3736
1514 4 2 1 1 419 3522 3163 4098
1515 4 2 1 1 2143 3122 2169 4201
1516 4 2 1 1 2950 3232 2601 3348
1517 4 2 1 1 1307 1311 3153 3664
1518 4 2 1 1 2600 2391 3037 3784
1519 4 2 1 1 4501 3556 4196 2791
1520 4 2 1 1 1291 3623 4573 3765
1521 4 2 1 1 2432 3414 3572 4256
1522 4 2 1 1 2378 4199 2529 2951
1523 4 2 1 1 1777 4665 3665 1988
1524 4 2 1 1 2026 3231 2589 3835
1525 4 2 1 1 332 341 3228 3262
1526 4 2 1 1 4501 4196 3556 2599
1527 4 2 1 1 2520 3601 3122 4201
1528 4 2 1 1 532 3397 642 3348
1529 4 2 1 1 2195 2791 2230 3380
1530 4 2 1 1 2368 4160 3230 4383
1531 4 2 1 1 2338 2799 3521 3911
1532 4 2 1 1 2294 3177 2685 4377
1533 4 2 1 1 2389 2505 3590 2978
1534 4 2 1 1 2552 3132 3954 4283
1535 4 2 1 1 2850 3284 2987 2509
1536 4 2 1 1 3826 4577 3128 1526
1537 4 2 1 1 2720 3240 3034 3575
1538 4 2 1 1 2853 3118 2466 3805
1539 4 2 1 1 1375 2771 3312 3646
1540 4 2 1 1 828 2614 3289 3334
1541 4 2 1 1 2410 2846 2748 3902
1542 4 2 1 1 2576 2872 2365 3498
1543 4 2 1 1 2713 3192 428 3228
1544 4 2 1 1 2882 4214 4000 4126
1545 4 2 1 1 2507 2501 2911 3515
1546 4 2 1 1 3320 3391 2545 4392
1547 4 2 1 1 2408 3291 2982 3853
1548 4 2 1 1 2712 3095 2432 3403
1549 4 2 1 1 2417 3971 3092 4366
1550 4 2 1 1 4571 2462 4003 3088
1551 4 2 1 1 1266 4613 2985 4632
1552 4 2 1 1 3202 4241 2721 4085
1553 4 2 1 1 1271 3342 1461 3359
1554 4 2 1 1 2463 2972 2833 3771
1555 4 2 1 1 2825 2181 3828 3706
1556 4 2 1 1 3261 3906 2854 2597
1557 4 2 1 1 4576 2770 3874 696
1558 4 2 1 1 4365 2288 3129 3961
1559 4 2 1 1 628 3354 612 4005
1560 4 2 1 1 3027 1181 4337 4328
1561 4 2 1 1 2530 3171 3245 3766
1562 4 2 1 1 3575 889 767 2720
1563 4 2 1 1 2564 2338 3739 4302
1564 4 2 1 1 1310 4182 2990 4525
1565 4 2 1 1 57 58 4665 1988
1566 4 2 1 1 3613 3628 2798 4426
1567 4 2 1 1 4600 2947 286 3275
1568 4 2 1 1 2610 2896 2346 4271
1569 4 2 1 1 2471 2896 2610 4271
1570 4 2 1 1 2599 2843 3556 4501
1571 4 2 1 1 864 4131 2588 4438
1572 4 2 1 1 4665 4633 1988 58
1573 4 2 1 1 2306 2504 2785 3102
1574 4 2 1 1 2500 2798 3162 2824
1575 4 2 1 1 1281 3125 1391 3426
1576 4 2 1 1 779 3152 3981 3308
1577 4 2 1 1 4488 3828 2087 3166
1578 4 2 1 1 352 351 2996 3807
1579 4 2 1 1 947 3686 3513 4432
1580 4 2 1 1 4665 4633 3665 1988
1581 4 2 1 1 2374 3348 3232 2593
1582 4 2 1 1 848 2824 880 3685
1583 4 2 1 1 2491 3891 3592 3958
1584 4 2 1 1 4671 4635 468 3701
1585 4 2 1 1 2872 2492 3751 4325
1586 4 2 1 1 3866 3179 4536 2563
1587 4 2 1 1 423 2755 4535 3807
1588 4 2 1 1 2784 3796 2785 4222
1589 4 2 1 1 2843 3408 2373 4501
1590 4 2 1 1 3718 4517 3285 2076
1591 4 2 1 1 3940 4370 3712 3038
1592 4 2 1 1 2955 3215 2341 4108
1593 4 2 1 1 1402 2587 1394 1392
1594 4 2 1 1 4155 3479 2373 2859
1595 4 2 1 1 2682 2309 2842 3684
1596 4 2 1 1 3617 4558 4636 4528
1597 4 2 1 1 577 2727 2913 4017
1598 4 2 1 1 3506 4337 1081 2893
1599 4 2 1 1 2419 3103 2590 3731
1600 4 2 1 1 406 4611 2947 4578
1601 4 2 1 1 4351 2718 2929 4100
1602 4 2 1 1 3196 461 375 2571
1603 4 2 1 1 3196 375 461 374
1604 4 2 1 1 2375 3240 3612 3034
1605 4 2 1 1 2906 2976 2403 3957
1606 4 2 1 1 1503 3312 3980 4281
1607 4 2 1 1 2600 3257 2391 3281
1608 4 2 1 1 2548 2339 3769 3627
1609 4 2 1 1 2549 3086 2990 3823
1610 4 2 1 1 3261 3906 2597 1073
1611 4 2 1 1 1282 3300 3128 3560
1612 4 2 1 1 3066 3871 1924 4015
1613 4 2 1 1 2769 3327 1879 3721
1614 4 2 1 1 3350 4315 2387 3631
1615 4 2 1 1 3027 1181 4328 3170
1616 4 2 1 1 4671 4635 34 468
1617 4 2 1 1 2886 3591 2824 3752
1618 4 2 1 1 1544 47 4601 4606
1619 4 2 1 1 2169 3601 3122 4373
1620 4 2 1 1 1674 3601 3313 2520
1621 4 2 1 1 3866 3179 2563 3396
1622 4 2 1 1 226 1290 4625 4650
1623 4 2 1 1 2925 3386 2510 3717
1624 4 2 1 1 820 2816 822 3666
1625 4 2 1 1 2434 3596 2923 3838
1626 4 2 1 1 2266 2452 3047 3823
1627 4 2 1 1 2252 2616 3292 3420
1628 4 2 1 1 1726 3418 3896 3000
1629 4 2 1 1 1164 3261 2939 4350
1630 4 2 1 1 2339 2548 3183 4510
1631 4 2 1 1 3809 3753 2490 3695
1632 4 2 1 1 209 1476 2736 3973
1633 4 2 1 1 2298 3029 2820 3586
1634 4 2 1 1 1000 2588 3152 4438
1635 4 2 1 1 428 420 336 3192
1636 4 2 1 1 4672 1548 4573 3012
1637 4 2 1 1 2286 3223 3021 3449
1638 4 2 1 1 4439 3811 2655 2964
1639 4 2 1 1 2164 3075 3246 3589
1640 4 2 1 1 873 2925 936 3305
1641 4 2 1 1 4505 3627 2736 3858
1642 4 2 1 1 2252 2493 2953 3420
1643 4 2 1 1 2618 2841 2444 3369
1644 4 2 1 1 1239 2661 1204 3201
1645 4 2 1 1 3435 4326 3319 3194
1646 4 2 1 1 2660 3321 2236 3358
1647 4 2 1 1 2435 3384 2887 3567
1648 4 2 1 1 2475 2977 3052 3151
1649 4 2 1 1 2697 3521 2338 3964
1650 4 2 1 1 1779 3041 3877 2775
1651 4 2 1 1 2854 2597 2356 3261
1652 4 2 1 1 1054 1051 1146 2639
1653 4 2 1 1 1319 1321 2763 3197
1654 4 2 1 1 2346 2784 2785 4222
1655 4 2 1 1 3193 3274 2744 3542
1656 4 2 1 1 388 3037 4248 4304
1657 4 2 1 1 2414 2779 2778 3024
1658 4 2 1 1 3644 2598 3903 2293
1659 4 2 1 1 685 3263 3324 4211
1660 4 2 1 1 2343 4350 2597 4410
1661 4 2 1 1 2579 3150 2396 3309
1662 4 2 1 1 2286 3651 3141 4210
1663 4 2 1 1 2045 4664 3623 231
1664 4 2 1 1 2761 2452 3255 3823
1665 4 2 1 1 2786 2127 2171 4373
1666 4 2 1 1 4573 3012 1548 3765
1667 4 2 1 1 2391 456 3257 4304
1668 4 2 1 1 2413 3269 3286 4391
1669 4 2 1 1 2468 2733 3539 3998
1670 4 2 1 1 2891 3466 2549 4182
1671 4 2 1 1 2795 2305 2641 2429
1672 4 2 1 1 2579 2396 3155 3309
1673 4 2 1 1 3658 3140 3602 2584
1674 4 2 1 1 4439 2655 3811 3785
1675 4 2 1 1 456 2391 3037 4304
1676 4 2 1 1 2601 2950 529 3899
1677 4 2 1 1 2216 4664 4613 3019
1678 4 2 1 1 3340 1499 3548 1416
1679 4 2 1 1 3051 3763 4197 2522
1680 4 2 1 1 2193 4664 2216 3019
1681 4 2 1 1 1422 3710 2985 4119
1682 4 2 1 1 2317 4104 3010 2835
1683 4 2 1 1 2548 3852 3769 4080
1684 4 2 1 1 231 230 2246 4664
1685 4 2 1 1 2420 2925 3666 4310
1686 4 2 1 1 1874 3147 1957 3679
1687 4 2 1 1 3339 3397 3348 3655
1688 4 2 1 1 3324 3642 2829 3791
1689 4 2 1 1 3128 3444 2910 3826
1690 4 2 1 1 2128 2190 2672 3760
1691 4 2 1 1 900 2900 3124 966
1692 4 2 1 1 687 3137 2670 3243
1693 4 2 1 1 2623 2834 2758 3418
1694 4 2 1 1 2045 4664 231 2246
1695 4 2 1 1 1075 3229 2965 3906
1696 4 2 1 1 296 3455 2594 3669
1697 4 2 1 1 3866 3179 3396 2609
1698 4 2 1 1 2565 3664 1459 3774
1699 4 2 1 1 2524 3154 2743 3792
1700 4 2 1 1 4621 2985 1482 3710
1701 4 2 1 1 1880 3155 1968 4218
1702 4 2 1 1 3133 1525 3519 3238
1703 4 2 1 1 2950 529 531 3348
1704 4 2 1 1 3874 621 3142 651
1705 4 2 1 1 2510 831 3289 4192
1706 4 2 1 1 1394 3139 2587 4063
1707 4 2 1 1 2126 2091 2127 3760
1708 4 2 1 1 2455 3141 3085 3651
1709 4 2 1 1 2910 3128 2625 3444
1710 4 2 1 1 1321 1320 1319 2763
1711 4 2 1 1 380 2692 3980 3990
1712 4 2 1 1 2193 4664 3019 3985
1713 4 2 1 1 1383 1466 1372 3007
1714 4 2 1 1 530 2601 529 3899
1715 4 2 1 1 416 368 329 2659
1716 4 2 1 1 3007 3125 2683 3230
1717 4 2 1 1 292 4606 4601 47
1718 4 2 1 1 183 1038 2751 3921
1719 4 2 1 1 2470 2337 3358 2660
1720 4 2 1 1 2351 3047 2761 3823
1721 4 2 1 1 2720 3034 2443 3575
1722 4 2 1 1 810 2941 2741 3568
1723 4 2 1 1 46 47 4601 1544
1724 4 2 1 1 2687 2738 2305 3734
1725 4 2 1 1 2074 2078 2086 2674
1726 4 2 1 1 3085 3449 2467 2706
1727 4 2 1 1 2524 3089 2279 3448
1728 4 2 1 1 3894 1096 1055 1148
1729 4 2 1 1 2162 2236 2660 3321
1730 4 2 1 1 3955 3151 1446 2977
1731 4 2 1 1 2865 3027 2879 4328
1732 4 2 1 1 2451 2906 2634 3812
1733 4 2 1 1 1400 2912 1271 3921
1734 4 2 1 1 2616 3004 2252 3292
1735 4 2 1 1 4384 3656 3789 2568
1736 4 2 1 1 2389 2505 2978 3073
1737 4 2 1 1 2440 3182 3137 3278
1738 4 2 1 1 4131 3675 846 2957
1739 4 2 1 1 4348 2408 3853 2703
1740 4 2 1 1 1074 2965 1075 3229
1741 4 2 1 1 874 3026 3240 4502
1742 4 2 1 1 908 2712 947 3095
1743 4 2 1 1 2338 3521 2697 3911
1744 4 2 1 1 1489 3042 2999 3948
1745 4 2 1 1 1758 4601 4062 3144
1746 4 2 1 1 933 3250 2816 3764
1747 4 2 1 1 2360 3025 2580 3569
1748 4 2 1 1 4131 846 3675 862
1749 4 2 1 1 1559 3328 1561 4052
1750 4 2 1 1 3228 3262 341 4224
1751 4 2 1 1 2106 2672 3678 3358
1752 4 2 1 1 628 2686 74 4140
1753 4 2 1 1 2466 2853 2867 4251
1754 4 2 1 1 3493 3552 2333 4428
1755 4 2 1 1 2508 2609 3520 3645
1756 4 2 1 1 3299 4509 3840 2550
1757 4 2 1 1 664 680 2924 3647
1758 4 2 1 1 2995 2843 4123 2297
1759 4 2 1 1 2266 2452 3823 4147
1760 4 2 1 1 2491 3029 2820 4284
1761 4 2 1 1 2610 2896 2471 3670
1762 4 2 1 1 4606 3144 4601 1544
1763 4 2 1 1 1397 2761 1304 1306
1764 4 2 1 1 2596 2303 3028 2809
1765 4 2 1 1 740 647 3212 3699
1766 4 2 1 1 1663 3437 3080 4397
1767 4 2 1 1 967 4663 4616 25
1768 4 2 1 1 1514 4062 2826 4336
1769 4 2 1 1 587 3362 588 3918
1770 4 2 1 1 348 3341 2747 3605
1771 4 2 1 1 2986 3835 2767 4385
1772 4 2 1 1 2736 3191 3621 4505
1773 4 2 1 1 2614 828 3187 3784
1774 4 2 1 1 4663 3205 24 753
1775 4 2 1 1 2280 2506 3032 4534
1776 4 2 1 1 1921 2576 1920 4015
1777 4 2 1 1 4663 24 25 753
1778 4 2 1 1 967 4663 25 753
1779 4 2 1 1 753 3037 4663 3205
1780 4 2 1 1 1960 2651 1958 3787
1781 4 2 1 1 2921 3286 3269 4531
1782 4 2 1 1 2882 4214 4126 3288
1783 4 2 1 1 2432 2712 3403 3572
1784 4 2 1 1 2376 3526 2568 4083
1785 4 2 1 1 169 2661 1239 3365
1786 4 2 1 1 2761 2928 2362 3047
1787 4 2 1 1 2795 2641 4156 2429
1788 4 2 1 1 821 936 942 2925
1789 4 2 1 1 1499 183 1268 3340
1790 4 2 1 1 2320 3957 3627 4510
1791 4 2 1 1 2564 2829 3642 3739
1792 4 2 1 1 2737 3254 1569 3367
1793 4 2 1 1 2343 2717 3883 4410
1794 4 2 1 1 1120 3782 2595 3984
1795 4 2 1 1 3205 774 4662 23
1796 4 2 1 1 2373 2843 2586 3398
1797 4 2 1 1 2607 3849 3539 4550
1798 4 2 1 1 623 3324 3400 3691
1799 4 2 1 1 493 4653 4062 2826
1800 4 2 1 1 2847 2324 3724 3018
1801 4 2 1 1 3160 3156 3611 2823
1802 4 2 1 1 1051 2639 1054 4027
1803 4 2 1 1 2332 3642 2829 3739
1804 4 2 1 1 2478 3541 3233 2639
1805 4 2 1 1 480 377 479 3163
1806 4 2 1 1 2886 3591 2453 2824
1807 4 2 1 1 3267 3894 1055 3039
1808 4 2 1 1 1291 4573 223 3765
1809 4 2 1 1 1954 1887 2623 3546
1810 4 2 1 1 3866 3179 2609 4536
1811 4 2 1 1 979 4662 4599 3500
1812 4 2 1 1 1884 3057 2894 3920
1813 4 2 1 1 380 465 485 2692
1814 4 2 1 1 1386 2698 2999 3438
1815 4 2 1 1 979 4662 3500 774
1816 4 2 1 1 774 23 22 4662
1817 4 2 1 1 4496 3326 581 3711
1818 4 2 1 1 4332 895 2812 3780
1819 4 2 1 1 1863 3309 3446 4243
1820 4 2 1 1 2826 387 3533 4062
1821 4 2 1 1 640 3844 2886 2593
1822 4 2 1 1 2315 2777 2659 3574
1823 4 2 1 1 2327 3040 2573 3199
1824 4 2 1 1 1618 2748 1614 3902
1825 4 2 1 1 774 3205 4662 3500
1826 4 2 1 1 2368 3233 2933 4160
1827 4 2 1 1 4659 118 117 718
1828 4 2 1 1 2102 2101 2677 4425
1829 4 2 1 1 1054 2639 1146 3541
1830 4 2 1 1 4332 2812 895 3480
1831 4 2 1 1 419 3522 4098 371
1832 4 2 1 1 2466 3118 2853 4251
1833 4 2 1 1 2518 3092 3971 4366
1834 4 2 1 1 347 2747 348 3341
1835 4 2 1 1 779 3152 3308 977
1836 4 2 1 1 2471 3372 2784 3888
1837 4 2 1 1 570 3647 2668 3815
1838 4 2 1 1 216 4577 1526 3128
1839 4 2 1 1 545 3793 581 4161
1840 4 2 1 1 2589 3231 2026 4233
1841 4 2 1 1 2786 3070 2127 4373
1842 4 2 1 1 2402 2572 2938 3327
1843 4 2 1 1 3231 1936 2629 3475
1844 4 2 1 1 2336 2737 3055 2822
1845 4 2 1 1 869 997 3407 3500
1846 4 2 1 1 2417 3092 3634 4366
1847 4 2 1 1 2438 3346 2769 3598
1848 4 2 1 1 2280 4125 3325 2506
1849 4 2 1 1 716 4661 4594 19
1850 4 2 1 1 1321 3185 2763 3197
1851 4 2 1 1 3099 1982 1989 4002
1852 4 2 1 1 2634 2612 2354 3337
1853 4 2 1 1 3937 3245 2719 3766
1854 4 2 1 1 2819 3409 2493 4526
1855 4 2 1 1 2230 4617 4655 2791
1856 4 2 1 1 3668 516 18 4661
1857 4 2 1 1 1216 3340 3198 4380
1858 4 2 1 1 19 18 516 4661
1859 4 2 1 1 1411 1412 3100 3374
1860 4 2 1 1 4496 581 3326 547
1861 4 2 1 1 628 3354 2686 4140
1862 4 2 1 1 375 2571 461 3931
1863 4 2 1 1 2304 3275 3135 4454
1864 4 2 1 1 2872 2643 2492 4325
1865 4 2 1 1 1342 2587 3272 1402
1866 4 2 1 1 3470 3207 2337 2853
1867 4 2 1 1 2522 3773 3746 4197
1868 4 2 1 1 687 3243 2670 3599
1869 4 2 1 1 2592 3185 2403 3604
1870 4 2 1 1 1088 1046 2954 3040
1871 4 2 1 1 2786 2079 3760 3808
1872 4 2 1 1 2514 3616 2762 3076
1873 4 2 1 1 2597 2356 3261 4270
1874 4 2 1 1 2641 3146 2064 4133
1875 4 2 1 1 3080 1637 1554 1638
1876 4 2 1 1 2106 2672 3358 2176
1877 4 2 1 1 2808 1681 2834 3896
1878 4 2 1 1 3506 1081 4337 1084
1879 4 2 1 1 2878 2274 3224 3361
1880 4 2 1 1 4166 4069 4479 4330
1881 4 2 1 1 623 3691 3400 4500
1882 4 2 1 1 3022 3304 2665 4190
1883 4 2 1 1 1880 3155 4218 3310
1884 4 2 1 1 1191 3053 2711 3501
1885 4 2 1 1 3761 4546 1672 3313
1886 4 2 1 1 4659 2198 2219 2859
1887 4 2 1 1 2614 3271 2600 3281
1888 4 2 1 1 2343 2939 2597 4350
1889 4 2 1 1 2602 2430 3236 3876
1890 4 2 1 1 4584 2017 2945 3904
1891 4 2 1 1 3658 3602 3140 2334
1892 4 2 1 1 889 2720 874 4139
1893 4 2 1 1 2661 3201 1239 3365
1894 4 2 1 1 1320 2763 1321 3185
1895 4 2 1 1 1335 2980 1322 3020
1896 4 2 1 1 822 2816 934 3334
1897 4 2 1 1 1288 3951 3019 3623
1898 4 2 1 1 1569 2737 1567 3254
1899 4 2 1 1 1388 2625 1298 3469
1900 4 2 1 1 4572 2802 2705 3492
1901 4 2 1 1 1791 3327 3074 2739
1902 4 2 1 1 863 2588 865 864
1903 4 2 1 1 2347 4508 4001 3217
1904 4 2 1 1 2282 2609 3520 4016
1905 4 2 1 1 2948 2460 3572 4117
1906 4 2 1 1 2298 3958 2820 4284
1907 4 2 1 1 709 2765 708 3214
1908 4 2 1 1 878 3214 2788 3335
1909 4 2 1 1 567 3496 2833 3815
1910 4 2 1 1 3131 4436 2580 2342
1911 4 2 1 1 2810 2353 3554 4103
1912 4 2 1 1 716 4661 19 516
1913 4 2 1 1 516 3455 4661 3668
1914 4 2 1 1 1353 1356 1427 2873
1915 4 2 1 1 3637 3666 2630 4310
1916 4 2 1 1 2346 2896 2610 3260
1917 4 2 1 1 1934 1855 3061 3475
1918 4 2 1 1 4572 2705 2802 3821
1919 4 2 1 1 1342 2587 1402 1392
1920 4 2 1 1 1634 2642 3067 1629
1921 4 2 1 1 3809 3753 3695 2498
1922 4 2 1 1 3435 4326 3194 174
1923 4 2 1 1 1614 2748 3777 3902
1924 4 2 1 1 2279 2743 2524 3154
1925 4 2 1 1 4143 4331 3401 2955
1926 4 2 1 1 2101 3136 2677 4425
1927 4 2 1 1 2315 2702 3600 4555
1928 4 2 1 1 2315 3600 2777 4555
1929 4 2 1 1 2786 4436 3070 4373
1930 4 2 1 1 3070 4436 2786 2342
1931 4 2 1 1 1329 4138 1343 4487
1932 4 2 1 1 701 511 3591 3638
1933 4 2 1 1 2665 2441 3022 3952
1934 4 2 1 1 1767 4660 4606 3477
1935 4 2 1 1 1573 1571 2756 3316
1936 4 2 1 1 1767 4660 3477 1522
1937 4 2 1 1 2882 4214 3288 2347
1938 4 2 1 1 1522 4595 49 4660
1939 4 2 1 1 2384 2713 2771 3662
1940 4 2 1 1 422 3140 2745 4420
1941 4 2 1 1 1862 2651 1959 3584
1942 4 2 1 1 49 4660 48 1522
1943 4 2 1 1 4384 3656 2568 3374
1944 4 2 1 1 4347 4248 2600 4304
1945 4 2 1 1 2850 3284 2509 3657
1946 4 2 1 1 69 3904 501 2681
1947 4 2 1 1 1561 4052 3328 4116
1948 4 2 1 1 2600 2391 3257 4304
1949 4 2 1 1 334 2755 3462 369
1950 4 2 1 1 3053 3501 1191 4013
1951 4 2 1 1 2761 3047 2362 3914
1952 4 2 1 1 2636 4182 3466 4257
1953 4 2 1 1 1124 1123 3588 3892
1954 4 2 1 1 386 352 351 2996
1955 4 2 1 1 2430 3245 3171 3766
1956 4 2 1 1 2617 3971 3339 3092
1957 4 2 1 1 836 927 2816 3119
1958 4 2 1 1 2876 3862 2610 4517
1959 4 2 1 1 490 4619 4048 2771
1960 4 2 1 1 2302 3662 3288 4395
1961 4 2 1 1 4492 3027 4167 2715
1962 4 2 1 1 3095 3403 2712 4432
1963 4 2 1 1 2576 2872 3751 4325
1964 4 2 1 1 2475 3151 3052 2675
1965 4 2 1 1 3284 2949 4117 4463
1966 4 2 1 1 558 557 559 2645
1967 4 2 1 1 502 4575 3387 3757
1968 4 2 1 1 3171 3766 2530 4457
1969 4 2 1 1 2820 3029 2491 4186
1970 4 2 1 1 2300 3307 2753 3931
1971 4 2 1 1 3388 2591 3389 3731
1972 4 2 1 1 4279 1982 1809 1807
1973 4 2 1 1 1610 3983 2846 4444
1974 4 2 1 1 1522 4595 4660 3986
1975 4 2 1 1 2811 3012 2520 3677
1976 4 2 1 1 2266 3230 2452 4147
1977 4 2 1 1 1085 3907 3229 2547
1978 4 2 1 1 2831 3165 3089 3546
1979 4 2 1 1 2351 3255 2990 3823
1980 4 2 1 1 2232 4196 3380 4288
1981 4 2 1 1 2098 3349 2704 3460
1982 4 2 1 1 2444 2841 2618 4478
1983 4 2 1 1 1889 2608 4208 3421
1984 4 2 1 1 2786 2171 2127 2126
1985 4 2 1 1 2539 3158 3260 3895
1986 4 2 1 1 4074 2952 4512 2776
1987 4 2 1 1 2328 2751 2733 3740
1988 4 2 1 1 4347 4248 4304 389
1989 4 2 1 1 2540 3234 3163 3385
1990 4 2 1 1 1209 3945 3198 4050
1991 4 2 1 1 2277 3301 2527 3553
1992 4 2 1 1 2368 2683 3233 4383
1993 4 2 1 1 2481 3055 2737 2822
1994 4 2 1 1 3100 3101 2376 4083
1995 4 2 1 1 4306 3554 2863 3487
1996 4 2 1 1 4279 1809 1982 2858
1997 4 2 1 1 2782 3567 3384 2629
1998 4 2 1 1 4119 4421 4101 2839
1999 4 2 1 1 4660 2932 1522 3986
2000 4 2 1 1 2831 3165 1861 4260
2001 4 2 1 1 3659 2690 4414 2511
2002 4 2 1 1 1306 2761 3272 4066
2003 4 2 1 1 4283 2715 2303 2943
2004 4 2 1 1 1000 2588 4438 864
2005 4 2 1 1 181 2912 1215 3921
2006 4 2 1 1 2352 2921 3269 4531
2007 4 2 1 1 3272 3459 3153 4063
2008 4 2 1 1 848 953 880 2824
2009 4 2 1 1 2360 2580 3025 3983
2010 4 2 1 1 1235 1026 1191 3053
2011 4 2 1 1 406 4600 4578 2947
2012 4 2 1 1 2306 2785 2784 3796
2013 4 2 1 1 2939 3261 2597 4350
2014 4 2 1 1 2986 2323 3835 3098
2015 4 2 1 1 1075 1073 1074 3229
2016 4 2 1 1 1522 2932 4660 3477
2017 4 2 1 1 3873 304 3169 3035
2018 4 2 1 1 3607 2983 2553 2293
2019 4 2 1 1 2829 948 3587 3832
2020 4 2 1 1 3712 3940 2803 4370
2021 4 2 1 1 2672 3678 3358 4251
2022 4 2 1 1 593 3137 2752 3542
2023 4 2 1 1 334 2755 369 370
2024 4 2 1 1 4271 3796 2784 4222
2025 4 2 1 1 3784 3135 867 4248
2026 4 2 1 1 2966 3317 2455 3696
2027 4 2 1 1 2560 2335 2724 3657
2028 4 2 1 1 2645 557 3054 3850
2029 4 2 1 1 2219 118 117 4659
2030 4 2 1 1 2756 2869 2359 4012
2031 4 2 1 1 2656 3820 3697 4553
2032 4 2 1 1 3470 3207 2853 1917
2033 4 2 1 1 1854 3085 2726 3722
2034 4 2 1 1 2399 2920 2640 3090
2035 4 2 1 1 2589 2015 3235 4233
2036 4 2 1 1 1120 3439 2595 3782
2037 4 2 1 1 1400 2912 3921 2636
2038 4 2 1 1 169 1493 1283 2661
2039 4 2 1 1 3804 2370 2999 3856
2040 4 2 1 1 4659 2198 117 2219
2041 4 2 1 1 2617 2310 3265 2793
2042 4 2 1 1 281 2932 4660 3986
2043 4 2 1 1 118 2219 3996 4659
2044 4 2 1 1 461 3196 426 3259
2045 4 2 1 1 3803 3136 3589 4209
2046 4 2 1 1 4659 2859 2219 3996
2047 4 2 1 1 1460 3175 176 3426
2048 4 2 1 1 2325 2709 2573 3724
2049 4 2 1 1 4365 2288 3961 2961
2050 4 2 1 1 539 653 537 3494
2051 4 2 1 1 1457 1320 1322 2980
2052 4 2 1 1 341 350 3106 3262
2053 4 2 1 1 2412 2589 3282 4200
2054 4 2 1 1 2702 3060 2315 4544
2055 4 2 1 1 2692 2302 2844 4368
2056 4 2 1 1 2761 3664 3272 2362
2057 4 2 1 1 2071 2641 2062 3497
2058 4 2 1 1 2301 2533 2918 4426
2059 4 2 1 1 2825 3828 3802 4031
2060 4 2 1 1 2976 3504 2318 4511
2061 4 2 1 1 1881 3188 3624 1950
2062 4 2 1 1 558 557 2645 3850
2063 4 2 1 1 4115 3510 3764 2394
2064 4 2 1 1 2561 2322 3595 2817
2065 4 2 1 1 3140 2659 3602 3788
2066 4 2 1 1 3675 4280 2957 3780
2067 4 2 1 1 3687 4183 3598 4498
2068 4 2 1 1 3525 3009 2691 3994
2069 4 2 1 1 2308 3239 2665 4499
2070 4 2 1 1 2332 3256 3368 3657
2071 4 2 1 1 1819 2872 3557 3130
2072 4 2 1 1 3216 2657 1095 4230
2073 4 2 1 1 2282 3520 2609 3523
2074 4 2 1 1 3807 4333 4371 2996
2075 4 2 1 1 1310 1303 1309 4525
2076 4 2 1 1 3051 3763 2522 2619
2077 4 2 1 1 2343 3108 3103 2590
2078 4 2 1 1 3435 4326 174 1286
2079 4 2 1 1 2773 3457 1115 4216
2080 4 2 1 1 2656 2355 2919 3453
2081 4 2 1 1 2589 3235 2015 3282
2082 4 2 1 1 1489 2999 1492 3948
2083 4 2 1 1 1596 2612 1738 4194
2084 4 2 1 1 1130 1224 1225 3233
2085 4 2 1 1 4115 3764 3510 2787
2086 4 2 1 1 3051 3763 2319 4197
2087 4 2 1 1 4204 417 2942 3192
2088 4 2 1 1 179 2683 1224 3359
2089 4 2 1 1 2738 3102 2319 3544
2090 4 2 1 1 1481 1431 1430 3898
2091 4 2 1 1 1457 1320 2980 3965
2092 4 2 1 1 4115 4178 4450 3456
2093 4 2 1 1 1194 2965 3907 4003
2094 4 2 1 1 2732 2359 2869 4012
2095 4 2 1 1 2932 4522 3067 2642
2096 4 2 1 1 3033 3863 2901 2492
2097 4 2 1 1 4573 1771 4658 224
2098 4 2 1 1 685 3635 3263 4211
2099 4 2 1 1 1282 3128 215 3560
2100 4 2 1 1 4658 11 224 1771
2101 4 2 1 1 261 4658 1771 11
2102 4 2 1 1 2101 2677 3136 3589
2103 4 2 1 1 3249 4516 3615 2570
2104 4 2 1 1 2770 2617 3576 2310
2105 4 2 1 1 2573 3724 2709 4032
2106 4 2 1 1 2478 4203 3541 2329
2107 4 2 1 1 669 3195 3592 4419
2108 4 2 1 1 4573 4672 4658 1771
2109 4 2 1 1 1149 3894 1096 4049
2110 4 2 1 1 3036 4407 3748 3699
2111 4 2 1 1 2690 3394 2480 2299
2112 4 2 1 1 2580 3761 3313 4546
2113 4 2 1 1 62 2678 523 4187
2114 4 2 1 1 2458 3828 2825 4031
2115 4 2 1 1 2442 3248 2258 3551
2116 4 2 1 1 2395 2998 2689 4074
2117 4 2 1 1 455 298 296 3105
2118 4 2 1 1 4005 593 592 3137
2119 4 2 1 1 3525 3596 2434 3838
2120 4 2 1 1 2351 2928 2761 3047
2121 4 2 1 1 2672 2772 2470 4195
2122 4 2 1 1 570 680 598 3647
2123 4 2 1 1 2252 2575 2953 3330
2124 4 2 1 1 4573 4658 3623 1515
2125 4 2 1 1 2602 3865 3410 4568
2126 4 2 1 1 2799 3008 3711 4433
2127 4 2 1 1 819 3666 3549 2630
2128 4 2 1 1 3085 3141 2286 3651
2129 4 2 1 1 819 3666 2630 820
2130 4 2 1 1 1239 169 1241 2661
2131 4 2 1 1 4619 450 4630 39
2132 4 2 1 1 703 641 2886 3752
2133 4 2 1 1 1489 1386 2999 3042
2134 4 2 1 1 4672 1548 3012 1762
2135 4 2 1 1 4005 592 593 599
2136 4 2 1 1 2325 2573 2709 4345
2137 4 2 1 1 4179 2709 4345 2840
2138 4 2 1 1 2280 2620 3118 2687
2139 4 2 1 1 2339 3627 2548 4510
2140 4 2 1 1 4464 2441 2799 3239
2141 4 2 1 1 4570 4115 3161 2356
2142 4 2 1 1 2617 3971 3092 3576
2143 4 2 1 1 1092 1174 2854 3906
2144 4 2 1 1 3914 2761 4066 3272
2145 4 2 1 1 4624 2161 4657 269
2146 4 2 1 1 3803 3136 4209 2469
2147 4 2 1 1 2232 2188 4196 4288
2148 4 2 1 1 2524 3089 2831 3165
2149 4 2 1 1 3129 3439 3460 2595
2150 4 2 1 1 2527 2333 2855 4095
2151 4 2 1 1 2773 2933 2368 3233
2152 4 2 1 1 1954 2623 3165 3546
2153 4 2 1 1 1241 3088 3778 1242
2154 4 2 1 1 1869 3413 2608 3421
2155 4 2 1 1 2373 3556 2843 4501
2156 4 2 1 1 2546 4029 2917 4483
2157 4 2 1 1 908 2712 3095 3414
2158 4 2 1 1 2347 4508 3217 2675
2159 4 2 1 1 4306 3554 3487 2353
2160 4 2 1 1 3641 3950 2852 4058
2161 4 2 1 1 3081 3451 2430 3930
2162 4 2 1 1 1622 4290 3031 4010
2163 4 2 1 1 2161 269 12 4657
2164 4 2 1 1 2321 2561 3978 3936
2165 4 2 1 1 2614 3187 828 3289
2166 4 2 1 1 3765 222 1279 3594
2167 4 2 1 1 4624 4652 4657 2161
2168 4 2 1 1 3429 3659 2797 4414
2169 4 2 1 1 1559 2903 3328 4052
2170 4 2 1 1 1861 3165 2831 3546
2171 4 2 1 1 2338 2564 3008 4302
2172 4 2 1 1 557 559 2645 3767
2173 4 2 1 1 567 565 2833 3496
2174 4 2 1 1 4212 662 2929 634
2175 4 2 1 1 1285 3115 3866 4352
2176 4 2 1 1 348 328 3341 3605
2177 4 2 1 1 4657 1770 260 12
2178 4 2 1 1 2797 3933 2959 2463
2179 4 2 1 1 2369 2893 2598 3532
2180 4 2 1 1 2347 3151 4001 4508
2181 4 2 1 1 1349 4046 1310 4182
2182 4 2 1 1 2448 3564 3089 3608
2183 4 2 1 1 2821 2342 4180 4355
2184 4 2 1 1 2804 3095 2432 3736
2185 4 2 1 1 4413 2797 2690 4414
2186 4 2 1 1 2932 4522 2307 3067
2187 4 2 1 1 2476 4118 3330 4523
2188 4 2 1 1 2362 3153 3272 3459
2189 4 2 1 1 1076 1194 2965 3907
2190 4 2 1 1 947 3513 3095 4432
2191 4 2 1 1 4264 2040 4608 2197
2192 4 2 1 1 2377 2765 2788 3377
2193 4 2 1 1 2355 3731 2919 4456
2194 4 2 1 1 2552 3588 3132 3892
2195 4 2 1 1 2596 3968 2303 2943
2196 4 2 1 1 1683 3451 3171 3766
2197 4 2 1 1 2524 3448 3154 4189
2198 4 2 1 1 4608 196 10 2197
2199 4 2 1 1 4608 2040 196 2197
2200 4 2 1 1 2410 4378 2748 2749
2201 4 2 1 1 4027 3276 2411 3855
2202 4 2 1 1 4628 2163 4589 3246
2203 4 2 1 1 2431 3099 2426 2858
2204 4 2 1 1 2799 2338 3008 4433
2205 4 2 1 1 2710 4032 3482 2693
2206 4 2 1 1 1400 2636 1350 4182
2207 4 2 1 1 3236 3876 2430 3949
2208 4 2 1 1 2335 3284 2997 3516
2209 4 2 1 1 2189 2677 3589 4121
2210 4 2 1 1 2987 4394 3911 4529
2211 4 2 1 1 2518 3634 3092 4366
2212 4 2 1 1 4628 2163 160 4589
2213 4 2 1 1 2335 3284 2850 3657
2214 4 2 1 1 2328 3539 2733 3998
2215 4 2 1 1 2402 2572 3598 3643
2216 4 2 1 1 379 478 479 3234
2217 4 2 1 1 2346 3260 3158 3895
2218 4 2 1 1 1036 4637 3075 3246
2219 4 2 1 1 3238 3446 3309 3987
2220 4 2 1 1 2906 3314 2272 3812
2221 4 2 1 1 1572 1573 2756 3451
2222 4 2 1 1 9 160 2163 4589
2223 4 2 1 1 2689 2998 2395 3757
2224 4 2 1 1 3765 1279 222 1497
2225 4 2 1 1 1772 45 5 4574
2226 4 2 1 1 2448 2944 2831 3797
2227 4 2 1 1 4060 2563 3031 2380
2228 4 2 1 1 2997 3284 2541 3516
2229 4 2 1 1 2336 2737 2822 3433
2230 4 2 1 1 1885 3707 3057 3920
2231 4 2 1 1 2980 3020 2350 3185
2232 4 2 1 1 2308 2665 3239 3356
2233 4 2 1 1 1650 3858 3458 4476
2234 4 2 1 1 1766 4574 4601 45
2235 4 2 1 1 2560 2724 3368 3657
2236 4 2 1 1 3028 2596 372 3968
2237 4 2 1 1 1194 3111 2965 4003
2238 4 2 1 1 1098 1100 2802 3545
2239 4 2 1 1 1766 4574 45 1772
2240 4 2 1 1 3919 944 2916 3143
2241 4 2 1 1 2147 3264 2191 3349
2242 4 2 1 1 2181 3828 3706 2088
2243 4 2 1 1 2181 3828 2088 2090
2244 4 2 1 1 2181 3828 2090 3802
2245 4 2 1 1 3754 3963 3260 2486
2246 4 2 1 1 405 4581 3234 404
2247 4 2 1 1 2304 3135 2865 3271
2248 4 2 1 1 2384 2771 2713 3530
2249 4 2 1 1 1174 2598 3532 3885
2250 4 2 1 1 2522 2281 2619 3131
2251 4 2 1 1 2387 2930 3350 3444
2252 4 2 1 1 1018 2683 178 3426
2253 4 2 1 1 2406 2577 2615 2347
2254 4 2 1 1 556 687 2670 3599
2255 4 2 1 1 2565 3300 1483 3318
2256 4 2 1 1 2384 3192 2713 4175
2257 4 2 1 1 2618 2921 3269 4406
2258 4 2 1 1 1411 1410 1340 3656
2259 4 2 1 1 2190 3432 2672 3760
2260 4 2 1 1 2331 2645 3850 4236
2261 4 2 1 1 3427 3080 1554 4348
2262 4 2 1 1 4482 2680 2551 3796
2263 4 2 1 1 2616 3350 2963 3631
2264 4 2 1 1 2368 3230 2683 4383
2265 4 2 1 1 2651 1960 1959 4232
2266 4 2 1 1 947 898 3513 3686
2267 4 2 1 1 2351 3002 3047 3823
2268 4 2 1 1 2593 3232 2950 3348
2269 4 2 1 1 4041 4288 3380 4196
2270 4 2 1 1 2669 2956 2313 3494
2271 4 2 1 1 2104 3343 3678 2085
2272 4 2 1 1 2601 3655 2952 4019
2273 4 2 1 1 2909 3762 3109 3947
2274 4 2 1 1 2765 3304 709 3445
2275 4 2 1 1 2410 4378 2260 2814
2276 4 2 1 1 2753 2924 664 4079
2277 4 2 1 1 3020 3955 1433 4515
2278 4 2 1 1 1889 2608 3421 1869
2279 4 2 1 1 1362 2698 1409 3295
2280 4 2 1 1 347 348 328 3341
2281 4 2 1 1 708 709 639 2765
2282 4 2 1 1 4492 3027 2715 2369
2283 4 2 1 1 2709 2573 2954 4179
2284 4 2 1 1 1735 2746 3415 1774
2285 4 2 1 1 4610 2052 4597 3308
2286 4 2 1 1 2705 3126 1104 3747
2287 4 2 1 1 2623 3418 2758 4061
2288 4 2 1 1 539 2956 653 3494
2289 4 2 1 1 1241 3088 1242 1204
2290 4 2 1 1 2395 2689 3738 4074
2291 4 2 1 1 2297 3616 3076 2486
2292 4 2 1 1 2491 3570 2699 4284
2293 4 2 1 1 2494 3317 2966 3696
2294 4 2 1 1 2965 1194 1078 3111
2295 4 2 1 1 1729 243 2719 3937
2296 4 2 1 1 1846 2635 1845 1844
2297 4 2 1 1 304 3169 3035 3422
2298 4 2 1 1 1174 3906 4055 2598
2299 4 2 1 1 1935 2629 1936 3061
2300 4 2 1 1 2587 3459 3272 4063
2301 4 2 1 1 1263 3096 2742 3453
2302 4 2 1 1 2798 3162 2453 3613
2303 4 2 1 1 4610 2052 124 4597
2304 4 2 1 1 3202 4085 2721 4144
2305 4 2 1 1 8 124 2052 4597
2306 4 2 1 1 1199 2868 4319 3216
2307 4 2 1 1 2714 2983 2553 2717
2308 4 2 1 1 2355 2742 3517 3925
2309 4 2 1 1 1209 1216 3198 4380
2310 4 2 1 1 1618 3249 2748 3902
2311 4 2 1 1 2349 2655 2671 4290
2312 4 2 1 1 1886 3707 1885 3920
2313 4 2 1 1 719 3008 2864 3711
2314 4 2 1 1 2311 2744 3193 3274
2315 4 2 1 1 2104 3678 2084 2085
2316 4 2 1 1 388 3037 453 4248
2317 4 2 1 1 1397 2761 1306 4066
2318 4 2 1 1 4605 13 4656 748
2319 4 2 1 1 1206 2804 3253 3697
2320 4 2 1 1 2411 4027 3190 4520
2321 4 2 1 1 2586 2373 3398 3479
2322 4 2 1 1 4380 3198 3945 2583
2323 4 2 1 1 3872 3784 828 2614
2324 4 2 1 1 2486 3232 2374 4240
2325 4 2 1 1 2584 3028 2303 3658
2326 4 2 1 1 1514 197 4574 4336
2327 4 2 1 1 2985 4119 2512 4421
2328 4 2 1 1 3761 2410 2821 4096
2329 4 2 1 1 662 3193 2929 3326
2330 4 2 1 1 2597 2939 3454 4270
2331 4 2 1 1 887 3575 3463 4102
2332 4 2 1 1 2831 3797 2944 4340
2333 4 2 1 1 2335 2741 3381 4097
2334 4 2 1 1 2430 3451 3081 3766
2335 4 2 1 1 1408 3769 3852 4080
2336 4 2 1 1 2737 2336 3055 3682
2337 4 2 1 1 3704 4030 3436 4363
2338 4 2 1 1 4588 770 4328 128
2339 4 2 1 1 2810 3554 3188 4103
2340 4 2 1 1 4579 2681 501 3195
2341 4 2 1 1 2952 4074 2289 2601
2342 4 2 1 1 2821 3306 2619 4180
2343 4 2 1 1 819 3666 820 821
2344 4 2 1 1 2618 3369 3269 3370
2345 4 2 1 1 3869 3429 2546 4483
2346 4 2 1 1 453 4631 4248 4616
2347 4 2 1 1 3365 3501 1020 4137
2348 4 2 1 1 2314 2895 3339 3971
2349 4 2 1 1 3809 2458 2674 4242
2350 4 2 1 1 4007 1246 3736 1253
2351 4 2 1 1 2403 3094 2679 3197
2352 4 2 1 1 1775 2642 1542 3986
2353 4 2 1 1 596 2765 709 3445
2354 4 2 1 1 2964 3811 2655 4327
2355 4 2 1 1 1291 1515 4573 3623
2356 4 2 1 1 3114 3187 2614 3289
2357 4 2 1 1 2188 3343 4196 4288
2358 4 2 1 1 4390 3740 2733 2751
2359 4 2 1 1 357 2707 3801 4210
2360 4 2 1 1 2812 2900 861 4238
2361 4 2 1 1 589 3134 2762 3362
2362 4 2 1 1 2882 4214 2347 4000
2363 4 2 1 1 1386 2698 3438 1373
2364 4 2 1 1 815 3127 2921 3247
2365 4 2 1 1 2952 3655 2314 4019
2366 4 2 1 1 3019 4664 3623 3985
2367 4 2 1 1 2038 2746 2238 3415
2368 4 2 1 1 2438 3581 3346 3598
2369 4 2 1 1 2925 3305 2299 3717
2370 4 2 1 1 2590 3103 3495 4255
2371 4 2 1 1 2096 2783 3349 4226
2372 4 2 1 1 396 4109 3559 2917
2373 4 2 1 1 1400 1371 1350 2636
2374 4 2 1 1 2288 2961 2695 3961
2375 4 2 1 1 4031 3373 2306 2695
2376 4 2 1 1 2216 4664 2246 230
2377 4 2 1 1 1098 3545 2802 3768
2378 4 2 1 1 2452 3125 3007 3230
2379 4 2 1 1 2748 2846 2749 3777
2380 4 2 1 1 436 3533 3617 487
2381 4 2 1 1 2189 2677 4121 2102
2382 4 2 1 1 3675 4280 3780 845
2383 4 2 1 1 2804 3253 2447 3528
2384 4 2 1 1 3195 4035 3219 4186
2385 4 2 1 1 2784 3715 2896 3923
2386 4 2 1 1 2292 3236 2603 4568
2387 4 2 1 1 2990 3255 2351 4110
2388 4 2 1 1 1862 1958 2651 3168
2389 4 2 1 1 3830 3955 2977 2475
2390 4 2 1 1 2310 3142 2617 3265
2391 4 2 1 1 2841 3369 2618 3370
2392 4 2 1 1 3103 3184 2567 4363
2393 4 2 1 1 3360 3403 2712 3572
2394 4 2 1 1 1622 4290 4010 1625
2395 4 2 1 1 2560 3368 3256 3657
2396 4 2 1 1 2522 3051 3773 4197
2397 4 2 1 1 2827 4092 2937 4372
2398 4 2 1 1 4027 1142 3855 1052
2399 4 2 1 1 2351 3086 4144 4145
2400 4 2 1 1 2335 2997 2941 3516
2401 4 2 1 1 3133 3437 3345 4318
2402 4 2 1 1 2674 3166 2086 3706
2403 4 2 1 1 597 2665 711 3793
2404 4 2 1 1 2320 2976 2906 3957
2405 4 2 1 1 3195 3219 2651 4186
2406 4 2 1 1 4489 3444 3350 2930
2407 4 2 1 1 2092 3718 3363 3497
2408 4 2 1 1 2301 3628 2533 4426
2409 4 2 1 1 2365 2991 4183 4498
2410 4 2 1 1 2830 3411 2116 3746
2411 4 2 1 1 2722 4370 3940 3038
2412 4 2 1 1 708 2765 639 3387
2413 4 2 1 1 1077 3906 2965 4055
2414 4 2 1 1 2402 2938 2572 3643
2415 4 2 1 1 3872 3784 2614 3135
2416 4 2 1 1 2346 2784 4222 4271
2417 4 2 1 1 2610 3285 3158 3718
2418 4 2 1 1 2379 3236 2743 2666
2419 4 2 1 1 1614 2748 1617 3777
2420 4 2 1 1 2064 2062 2071 2641
2421 4 2 1 1 3223 3299 2550 4509
2422 4 2 1 1 2818 2427 3291 2703
2423 4 2 1 1 896 2790 886 3273
2424 4 2 1 1 3428 2840 4520 2709
2425 4 2 1 1 3160 3611 3156 2456
2426 4 2 1 1 2279 3154 2524 3448
2427 4 2 1 1 3872 868 4253 1008
2428 4 2 1 1 3190 4027 2639 4520
2429 4 2 1 1 1415 1490 3100 3148
2430 4 2 1 1 2105 2599 2112 4196
2431 4 2 1 1 1961 2726 3317 3920
2432 4 2 1 1 2954 3040 1046 4179
2433 4 2 1 1 3761 2821 2410 2846
2434 4 2 1 1 2726 3085 2467 3722
2435 4 2 1 1 708 3214 2765 3387
2436 4 2 1 1 958 3414 3095 3577
2437 4 2 1 1 1036 3246 3075 3790
2438 4 2 1 1 816 2921 815 3127
2439 4 2 1 1 445 2947 4611 3375
2440 4 2 1 1 3163 3178 2540 3661
2441 4 2 1 1 2399 2920 3523 4536
2442 4 2 1 1 2793 2952 2255 4240
2443 4 2 1 1 4605 13 748 1
2444 4 2 1 1 674 3496 2699 3570
2445 4 2 1 1 564 3496 3570 4247
2446 4 2 1 1 3913 4181 3126 4429
2447 4 2 1 1 2522 2830 3746 3773
2448 4 2 1 1 2806 3059 2390 3943
2449 4 2 1 1 2470 2337 2660 3290
2450 4 2 1 1 2280 3118 2620 3325
2451 4 2 1 1 3106 341 3262 4224
2452 4 2 1 1 593 2752 3193 3542
2453 4 2 1 1 329 2659 368 3788
2454 4 2 1 1 2952 4019 3268 2776
2455 4 2 1 1 2625 3128 2387 3444
2456 4 2 1 1 456 3257 393 4158
2457 4 2 1 1 2802 3545 1100 2705
2458 4 2 1 1 2011 3418 2623 4061
2459 4 2 1 1 2812 861 2900 3675
2460 4 2 1 1 2437 2796 3648 4270
2461 4 2 1 1 2699 2296 3029 3371
2462 4 2 1 1 1288 3951 3623 1501
2463 4 2 1 1 1611 3043 2846 3777
2464 4 2 1 1 2821 3761 4096 2342
2465 4 2 1 1 1688 3881 1590 3811
2466 4 2 1 1 2941 2997 2541 3516
2467 4 2 1 1 2549 2990 4182 4525
2468 4 2 1 1 2654 3609 2693 4349
2469 4 2 1 1 2584 2303 3064 3658
2470 4 2 1 1 824 3334 3289 3666
2471 4 2 1 1 3391 3748 1939 4022
2472 4 2 1 1 1697 4194 2634 4527
2473 4 2 1 1 2417 3069 3971 4366
2474 4 2 1 1 3139 3741 3972 2658
2475 4 2 1 1 3929 4068 3208 3209
2476 4 2 1 1 2561 2322 2817 2858
2477 4 2 1 1 1390 3007 1383 1361
2478 4 2 1 1 2521 2865 3271 3946
2479 4 2 1 1 1933 3061 1855 3320
2480 4 2 1 1 3869 2546 3429 2884
2481 4 2 1 1 3760 2128 2127 3070
2482 4 2 1 1 2573 2733 4067 4390
2483 4 2 1 1 4655 2791 1986 3380
2484 4 2 1 1 2386 3945 3395 4338
2485 4 2 1 1 2563 3208 2936 3928
2486 4 2 1 1 2544 3304 2665 3356
2487 4 2 1 1 2576 2366 3041 2545
2488 4 2 1 1 2995 4123 3893 2297
2489 4 2 1 1 3391 3748 4022 2435
2490 4 2 1 1 3908 4035 4186 3219
2491 4 2 1 1 2932 4522 2642 3522
2492 4 2 1 1 4173 4218 1835 3098
2493 4 2 1 1 1808 2691 3364 4279
2494 4 2 1 1 2802 2954 2327 3040
2495 4 2 1 1 2426 2561 3130 3978
2496 4 2 1 1 1415 3148 3100 3965
2497 4 2 1 1 1125 1248 1030 2692
2498 4 2 1 1 2311 2744 2960 2729
2499 4 2 1 1 4656 4645 462 4479
2500 4 2 1 1 2575 2710 2953 3330
2501 4 2 1 1 2599 4123 4534 2429
2502 4 2 1 1 357 3196 2707 4210
2503 4 2 1 1 388 4248 389 4304
2504 4 2 1 1 2387 3202 2625 3444
2505 4 2 1 1 3368 2724 2332 3657
2506 4 2 1 1 1128 3198 1216 3340
2507 4 2 1 1 2355 3517 3389 3925
2508 4 2 1 1 3390 3516 2459 3517
2509 4 2 1 1 2108 2830 2192 2103
2510 4 2 1 1 2212 3355 3152 4272
2511 4 2 1 1 1470 3560 3300 1282
2512 4 2 1 1 2488 3612 3240 3034
2513 4 2 1 1 2791 3421 1912 4208
2514 4 2 1 1 2580 2360 3569 4355
2515 4 2 1 1 3249 4516 2570 3561
2516 4 2 1 1 3012 3252 2479 3985
2517 4 2 1 1 2751 3340 2328 4135
2518 4 2 1 1 4347 2304 2911 4454
2519 4 2 1 1 2690 2480 3717 2299
2520 4 2 1 1 3398 4123 2843 2297
2521 4 2 1 1 1242 3088 3778 4571
2522 4 2 1 1 2152 2215 2676 3363
2523 4 2 1 1 3144 387 386 492
2524 4 2 1 1 368 2659 3206 3788
2525 4 2 1 1 2365 3352 4184 4325
2526 4 2 1 1 719 660 3008 3711
2527 4 2 1 1 2408 2982 3563 3853
2528 4 2 1 1 4613 2241 2985 2034
2529 4 2 1 1 2365 4184 2643 4325
2530 4 2 1 1 3246 151 954 3790
2531 4 2 1 1 2739 2431 3583 3882
2532 4 2 1 1 2653 3545 1144 3768
2533 4 2 1 1 2804 3528 2447 3745
2534 4 2 1 1 2679 2906 2403 3957
2535 4 2 1 1 1986 4617 2791 4655
2536 4 2 1 1 4587 3994 2691 4279
2537 4 2 1 1 819 3666 821 3549
2538 4 2 1 1 502 4575 3757 700
2539 4 2 1 1 3026 3450 2720 3795
2540 4 2 1 1 1961 2726 3920 1853
2541 4 2 1 1 2458 3706 2825 3828
2542 4 2 1 1 2280 3805 3408 4376
2543 4 2 1 1 396 3559 4109 401
2544 4 2 1 1 2355 4361 3731 4456
2545 4 2 1 1 2126 2079 2786 4004
2546 4 2 1 1 733 73 2686 3464
2547 4 2 1 1 2084 3678 3432 2085
2548 4 2 1 1 3256 912 915 4343
2549 4 2 1 1 1021 1197 1242 4571
2550 4 2 1 1 3817 3421 3556 4155
2551 4 2 1 1 2796 2916 2437 3648
2552 4 2 1 1 4656 4645 13 462
2553 4 2 1 1 2725 2290 3407 4185
2554 4 2 1 1 4603 159 158 776
2555 4 2 1 1 2120 3124 2876 3402
2556 4 2 1 1 2608 3413 1869 4169
2557 4 2 1 1 3458 3858 2481 4476
2558 4 2 1 1 4306 3554 2353 4103
2559 4 2 1 1 3129 3439 2595 2766
2560 4 2 1 1 1835 4218 4173 1836
2561 4 2 1 1 3094 3093 3982 1438
2562 4 2 1 1 4656 4187 748 4479
2563 4 2 1 1 3103 3108 2343 3883
2564 4 2 1 1 2614 3114 2420 4402
2565 4 2 1 1 3040 4067 1046 4179
2566 4 2 1 1 2566 1562 1713 3328
2567 4 2 1 1 183 182 1038 3921
2568 4 2 1 1 2415 3180 2672 4195
2569 4 2 1 1 1224 178 1018 2683
2570 4 2 1 1 2538 3481 3406 4557
2571 4 2 1 1 2429 2599 3465 4534
2572 4 2 1 1 4250 3961 3828 2458
2573 4 2 1 1 711 2665 597 4190
2574 4 2 1 1 3371 3585 3029 4284
2575 4 2 1 1 4204 417 3192 427
2576 4 2 1 1 3216 1095 2657 3878
2577 4 2 1 1 4656 4605 748 4187
2578 4 2 1 1 1917 2853 1916 3207
2579 4 2 1 1 2705 3747 2468 3837
2580 4 2 1 1 3248 3332 2668 2300
2581 4 2 1 1 4575 4400 3757 3399
2582 4 2 1 1 405 3163 479 3234
2583 4 2 1 1 711 3793 2665 4464
2584 4 2 1 1 3134 743 3362 607
2585 4 2 1 1 2892 3712 3091 4157
2586 4 2 1 1 2420 3114 2614 3289
2587 4 2 1 1 1833 3098 2986 3835
2588 4 2 1 1 2260 3409 2819 4526
2589 4 2 1 1 2333 4428 2855 4544
2590 4 2 1 1 1514 4574 4062 4336
2591 4 2 1 1 2230 4617 2791 2220
2592 4 2 1 1 3132 3588 1123 3892
2593 4 2 1 1 2452 3725 3047 3914
2594 4 2 1 1 2389 2505 3073 2886
2595 4 2 1 1 357 3196 4210 4474
2596 4 2 1 1 2571 3708 461 3931
2597 4 2 1 1 2471 2784 3372 3715
2598 4 2 1 1 1398 2990 1310 4046
2599 4 2 1 1 2501 2911 2809 3270
2600 4 2 1 1 2666 3896 3000 3502
2601 4 2 1 1 2073 2081 3322 4004
2602 4 2 1 1 2304 2809 2911 4454
2603 4 2 1 1 2367 3824 4014 3743
2604 4 2 1 1 971 3335 3022 4467
2605 4 2 1 1 3071 3889 3719 4098
2606 4 2 1 1 273 274 4655 2230
2607 4 2 1 1 2855 2333 3552 4428
2608 4 2 1 1 1617 1614 1618 2748
2609 4 2 1 1 2475 2631 3296 3830
2610 4 2 1 1 3914 4066 2761 2452
2611 4 2 1 1 2317 2870 3011 3010
2612 4 2 1 1 3929 4068 3209 2569
2613 4 2 1 1 2037 4655 273 4612
2614 4 2 1 1 927 933 2816 3764
2615 4 2 1 1 2403 2976 2906 3845
2616 4 2 1 1 870 753 3205 4287
2617 4 2 1 1 2306 3796 2784 3888
2618 4 2 1 1 442 4581 4622 3385
2619 4 2 1 1 4380 3945 3198 1209
2620 4 2 1 1 2770 2605 3814 4491
2621 4 2 1 1 1808 2691 4279 1788
2622 4 2 1 1 3205 3500 774 4287
2623 4 2 1 1 2344 3084 2808 2422
2624 4 2 1 1 2518 2993 3069 3971
2625 4 2 1 1 2421 4453 2900 4238
2626 4 2 1 1 3086 4257 2891 3424
2627 4 2 1 1 2230 4617 2220 274
2628 4 2 1 1 3105 2290 2650 4455
2629 4 2 1 1 2634 2354 2612 3316
2630 4 2 1 1 197 1549 1772 4336
2631 4 2 1 1 2858 3846 1982 4279
2632 4 2 1 1 636 739 3479 3996
2633 4 2 1 1 2958 3202 2401 4145
2634 4 2 1 1 2331 2645 3054 3850
2635 4 2 1 1 2280 3408 4125 2506
2636 4 2 1 1 1470 3560 1282 215
2637 4 2 1 1 2899 3680 2688 4024
2638 4 2 1 1 2729 3258 2311 4100
2639 4 2 1 1 2421 2677 4296 3589
2640 4 2 1 1 4576 83 696 3874
2641 4 2 1 1 396 335 401 4109
2642 4 2 1 1 2772 2890 2470 4297
2643 4 2 1 1 2436 4215 3036 4351
2644 4 2 1 1 4662 23 22 291
2645 4 2 1 1 3039 3190 2639 2329
2646 4 2 1 1 4577 4285 4507 2910
2647 4 2 1 1 2037 4655 4612 3380
2648 4 2 1 1 1414 2763 3965 3374
2649 4 2 1 1 1933 1934 1855 3061
2650 4 2 1 1 2919 3010 2656 2835
2651 4 2 1 1 2230 2791 4655 3380
2652 4 2 1 1 3102 3544 2738 3733
2653 4 2 1 1 4250 3828 3961 2704
2654 4 2 1 1 1386 2999 3042 3438
2655 4 2 1 1 4271 3796 4222 2680
2656 4 2 1 1 1784 3846 253 1982
2657 4 2 1 1 2300 2917 3307 3931
2658 4 2 1 1 3437 3442 3345 4318
2659 4 2 1 1 2 21 295 4647
2660 4 2 1 1 2726 2894 2448 3283
2661 4 2 1 1 2834 3145 2758 2694
2662 4 2 1 1 3249 4516 3561 1748
2663 4 2 1 1 2990 4046 2891 4182
2664 4 2 1 1 2304 3271 2865 3946
2665 4 2 1 1 2596 3375 430 3618
2666 4 2 1 1 2373 3556 2859 4249
2667 4 2 1 1 955 770 127 4561
2668 4 2 1 1 1821 2572 3557 3822
2669 4 2 1 1 2567 3540 3103 4363
2670 4 2 1 1 4589 1036 1260 152
2671 4 2 1 1 2419 2919 2590 3495
2672 4 2 1 1 1736 3896 1534 1682
2673 4 2 1 1 1925 1924 3871 4015
2674 4 2 1 1 3525 3596 2322 4378
2675 4 2 1 1 2603 3236 2602 4568
2676 4 2 1 1 2587 2372 3125 3725
2677 4 2 1 1 1663 3074 3437 4397
2678 4 2 1 1 2026 2589 2015 3835
2679 4 2 1 1 3663 587 3918 3479
2680 4 2 1 1 1517 37 4 4654
2681 4 2 1 1 2865 3271 3135 3872
2682 4 2 1 1 3828 4488 2089 2098
2683 4 2 1 1 2427 2818 2749 4093
2684 4 2 1 1 2491 3592 3112 3958
2685 4 2 1 1 1236 1020 3501 4137
2686 4 2 1 1 2288 4181 3913 4429
2687 4 2 1 1 1489 1386 1387 2999
2688 4 2 1 1 2703 3427 2519 3673
2689 4 2 1 1 2086 3323 3781 2674
2690 4 2 1 1 4179 4345 2709 2573
2691 4 2 1 1 2921 2618 2413 4020
2692 4 2 1 1 1229 2832 3293 3463
2693 4 2 1 1 1281 178 1466 2683
2694 4 2 1 1 3419 3591 4580 4461
2695 4 2 1 1 669 2681 3195 501
2696 4 2 1 1 1099 2802 1100 2705
2697 4 2 1 1 651 3663 3142 3874
2698 4 2 1 1 2966 3959 2494 2747
2699 4 2 1 1 2427 2750 2749 2818
2700 4 2 1 1 3372 3373 2784 3888
2701 4 2 1 1 2357 3169 3035 3873
2702 4 2 1 1 3129 3439 2766 2386
2703 4 2 1 1 587 606 3362 3479
2704 4 2 1 1 1086 1195 1199 3216
2705 4 2 1 1 2740 2333 3493 3552
2706 4 2 1 1 3055 3458 2481 4476
2707 4 2 1 1 995 870 753 3205
2708 4 2 1 1 2663 2388 4099 2927
2709 4 2 1 1 3517 2591 3390 2460
2710 4 2 1 1 4654 161 4 1517
2711 4 2 1 1 380 2692 485 3980
2712 4 2 1 1 3457 3723 4345 2573
2713 4 2 1 1 2073 3322 2885 4004
2714 4 2 1 1 2026 1971 3231 3835
2715 4 2 1 1 836 3119 2816 3689
2716 4 2 1 1 2659 2315 3251 3926
2717 4 2 1 1 4654 161 1262 4
2718 4 2 1 1 2736 3627 2320 3957
2719 4 2 1 1 2376 3100 2711 3101
2720 4 2 1 1 1647 1741 2754 3458
2721 4 2 1 1 2378 3610 3015 4533
2722 4 2 1 1 1735 2746 1521 4592
2723 4 2 1 1 2465 2901 2611 3378
2724 4 2 1 1 2580 4436 3313 2342
2725 4 2 1 1 2357 3169 3873 4447
2726 4 2 1 1 4609 4654 37 1517
2727 4 2 1 1 3095 3736 2804 4007
2728 4 2 1 1 3059 2806 2424 3947
2729 4 2 1 1 2788 3387 877 4400
2730 4 2 1 1 2372 2587 3125 3741
2731 4 2 1 1 2278 2838 2837 3654
2732 4 2 1 1 3129 3439 2386 3460
2733 4 2 1 1 2824 3685 2588 3981
2734 4 2 1 1 2496 3063 3487 3181
2735 4 2 1 1 4143 2541 2341 2948
2736 4 2 1 1 2332 3256 2829 3368
2737 4 2 1 1 4166 4069 4509 3651
2738 4 2 1 1 1561 1655 4052 4116
2739 4 2 1 1 2564 3400 3324 3691
2740 4 2 1 1 2719 3624 2379 2461
2741 4 2 1 1 1266 1482 4621 2985
2742 4 2 1 1 2636 2428 2912 3921
2743 4 2 1 1 3023 2414 2602 4011
2744 4 2 1 1 242 1729 243 2719
2745 4 2 1 1 849 896 796 3676
2746 4 2 1 1 546 662 2929 3326
2747 4 2 1 1 2277 3553 2527 3692
2748 4 2 1 1 2359 2822 2613 4286
2749 4 2 1 1 2744 2311 3193 3326
2750 4 2 1 1 2806 2390 3059 3671
2751 4 2 1 1 2650 3114 3113 4414
2752 4 2 1 1 4609 4654 1517 4132
2753 4 2 1 1 2447 3528 2904 3745
2754 4 2 1 1 2601 529 2950 3348
2755 4 2 1 1 2598 3176 2854 3903
2756 4 2 1 1 2650 3114 4414 2290
2757 4 2 1 1 4166 4509 4069 2792
2758 4 2 1 1 2479 3012 2811 3677
2759 4 2 1 1 4079 3455 516 3668
2760 4 2 1 1 823 3289 2925 3666
2761 4 2 1 1 2745 3140 421 3206
2762 4 2 1 1 2190 2672 3432 3678
2763 4 2 1 1 2530 2732 2869 3171
2764 4 2 1 1 306 308 307 3493
2765 4 2 1 1 816 815 814 3127
2766 4 2 1 1 4579 3787 2681 3195
2767 4 2 1 1 548 2744 678 3193
2768 4 2 1 1 634 630 3036 4212
2769 4 2 1 1 3339 2617 3397 3655
2770 4 2 1 1 2257 3189 4146 4446
2771 4 2 1 1 3617 1505 43 4653
2772 4 2 1 1 2305 2738 2687 3660
2773 4 2 1 1 2086 3781 3323 2173
2774 4 2 1 1 1295 4577 4285 1469
2775 4 2 1 1 2761 3255 2452 4066
2776 4 2 1 1 3023 2602 2414 3410
2777 4 2 1 1 520 3073 3308 3752
2778 4 2 1 1 398 3257 361 4142
2779 4 2 1 1 611 2684 2972 3639
2780 4 2 1 1 1426 2800 3742 3395
2781 4 2 1 1 3590 3963 3244 4374
2782 4 2 1 1 259 3672 1752 3864
2783 4 2 1 1 4570 4115 2356 2854
2784 4 2 1 1 1371 3548 2636 3921
2785 4 2 1 1 639 709 596 2765
2786 4 2 1 1 3533 3396 3617 2826
2787 4 2 1 1 44 43 1505 4653
2788 4 2 1 1 3155 4218 2579 4291
2789 4 2 1 1 2412 3282 3487 4200
2790 4 2 1 1 1656 2903 3563 3853
2791 4 2 1 1 3908 4035 3219 3879
2792 4 2 1 1 278 2753 4670 3668
2793 4 2 1 1 2387 2930 3560 4237
2794 4 2 1 1 3872 3784 3135 853
2795 4 2 1 1 584 2762 3397 3918
2796 4 2 1 1 2184 3746 3411 4034
2797 4 2 1 1 2372 2587 3741 3972
2798 4 2 1 1 2409 2988 2841 3555
2799 4 2 1 1 2337 2853 3118 4251
2800 4 2 1 1 1371 2636 1400 3921
2801 4 2 1 1 2590 3103 2419 3495
2802 4 2 1 1 4271 3158 2610 3285
2803 4 2 1 1 1505 1514 44 4653
2804 4 2 1 1 2415 3306 3180 4195
2805 4 2 1 1 2530 3013 2579 3924
2806 4 2 1 1 2829 3368 3256 3832
2807 4 2 1 1 2861 3163 2540 3661
2808 4 2 1 1 2965 1078 1194 1076
2809 4 2 1 1 2691 3615 3249 3994
2810 4 2 1 1 4079 516 3455 616
2811 4 2 1 1 3099 3583 2431 3882
2812 4 2 1 1 2308 2665 2544 4499
2813 4 2 1 1 3099 2938 3557 3882
2814 4 2 1 1 789 832 790 3547
2815 4 2 1 1 2388 3218 4480 2971
2816 4 2 1 1 1291 1515 224 4573
2817 4 2 1 1 3564 2701 3145 2537
2818 4 2 1 1 4582 2028 1803 88
2819 4 2 1 1 2374 2486 3076 3616
2820 4 2 1 1 3231 2312 2629 4140
2821 4 2 1 1 3479 3663 2514 3918
2822 4 2 1 1 4278 1786 1969 3155
2823 4 2 1 1 2487 3910 2702 4544
2824 4 2 1 1 1811 2923 3364 3481
2825 4 2 1 1 1372 3342 3007 3359
2826 4 2 1 1 2663 4440 2404 3011
2827 4 2 1 1 2902 4519 3279 2331
2828 4 2 1 1 2596 3786 3375 4167
2829 4 2 1 1 3198 3998 3340 4135
2830 4 2 1 1 1505 2826 4653 3617
2831 4 2 1 1 2350 2980 2631 3020
2832 4 2 1 1 4278 1969 1786 2002
2833 4 2 1 1 1954 1887 2011 2623
2834 4 2 1 1 1683 1599 3451 3766
2835 4 2 1 1 2786 2171 2126 4004
2836 4 2 1 1 1578 1576 3930 4011
2837 4 2 1 1 1098 1100 1099 2802
2838 4 2 1 1 1564 2813 1562 3636
2839 4 2 1 1 1251 4469 1165 2796
2840 4 2 1 1 2886 3244 2453 3638
2841 4 2 1 1 2593 3244 2886 3638
2842 4 2 1 1 2431 3427 2703 3673
2843 4 2 1 1 2765 3214 709 3304
2844 4 2 1 1 2584 3064 2303 2970
2845 4 2 1 1 4653 1505 1514 2826
2846 4 2 1 1 2802 2954 1088 3768
2847 4 2 1 1 2575 2927 2543 3562
2848 4 2 1 1 2662 3108 1187 4255
2849 4 2 1 1 927 926 836 2816
2850 4 2 1 1 3662 2615 3288 4395
2851 4 2 1 1 4258 4259 2261 4434
2852 4 2 1 1 2589 3282 2015 3835
2853 4 2 1 1 3773 3809 4197 3051
2854 4 2 1 1 1367 1338 3077 3829
2855 4 2 1 1 2379 2719 3502 3624
2856 4 2 1 1 1437 3094 2679 3982
2857 4 2 1 1 2752 3354 2686 4005
2858 4 2 1 1 2710 3482 2907 2693
2859 4 2 1 1 1572 1574 1573 3451
2860 4 2 1 1 2493 2819 3597 3614
2861 4 2 1 1 2401 3202 2958 4335
2862 4 2 1 1 3407 3639 2684 4114
2863 4 2 1 1 2400 2897 2442 3021
2864 4 2 1 1 2666 3000 2379 3502
2865 4 2 1 1 2320 3621 2881 3627
2866 4 2 1 1 1078 1077 2965 4055
2867 4 2 1 1 4011 3930 3451 1576
2868 4 2 1 1 917 3164 918 4379
2869 4 2 1 1 1175 3510 2854 3885
2870 4 2 1 1 554 556 687 2670
2871 4 2 1 1 1658 3915 3826 4422
2872 4 2 1 1 2904 4440 2663 3011
2873 4 2 1 1 2096 3349 2191 4226
2874 4 2 1 1 2625 3128 2910 4285
2875 4 2 1 1 1808 2691 1788 4312
2876 4 2 1 1 1026 172 2711 3435
2877 4 2 1 1 3135 3784 2614 2600
2878 4 2 1 1 2919 3010 2419 3731
2879 4 2 1 1 4027 3276 3855 1142
2880 4 2 1 1 3760 2127 2128 2091
2881 4 2 1 1 733 3464 2686 4005
2882 4 2 1 1 193 2225 194 3782
2883 4 2 1 1 2436 3036 3567 4351
2884 4 2 1 1 2225 3782 193 3984
2885 4 2 1 1 2303 2970 3064 2696
2886 4 2 1 1 2144 3012 2250 3985
2887 4 2 1 1 2896 3221 2284 3754
2888 4 2 1 1 1165 4469 1251 1168
2889 4 2 1 1 2751 2914 2328 3340
2890 4 2 1 1 3581 3687 3097 3598
2891 4 2 1 1 674 564 3496 3570
2892 4 2 1 1 4026 234 233 1806
2893 4 2 1 1 2694 3178 2348 4252
2894 4 2 1 1 4579 67 68 2031
2895 4 2 1 1 2908 3544 2305 3660
2896 4 2 1 1 406 4611 4578 29
2897 4 2 1 1 2372 3725 2587 3972
2898 4 2 1 1 2552 3262 3968 4283
2899 4 2 1 1 2611 2901 2465 3033
2900 4 2 1 1 4026 233 234 1547
2901 4 2 1 1 1727 4457 4278 3937
2902 4 2 1 1 3202 4127 2401 4144
2903 4 2 1 1 4073 3853 1604 2982
2904 4 2 1 1 2733 2751 2328 4135
2905 4 2 1 1 2491 2820 2358 3891
2906 4 2 1 1 2781 3533 2996 4106
2907 4 2 1 1 3100 3148 1490 4137
2908 4 2 1 1 2283 3518 2567 2717
2909 4 2 1 1 2938 2991 2426 4113
2910 4 2 1 1 3391 3320 3384 3061
2911 4 2 1 1 1036 151 3246 3790
2912 4 2 1 1 2397 2631 3148 3938
2913 4 2 1 1 2440 3137 4005 4329
2914 4 2 1 1 67 2031 4579 4521
2915 4 2 1 1 125 4578 1002 2947
2916 4 2 1 1 3721 1821 1822 3822
2917 4 2 1 1 1088 1135 1046 3040
2918 4 2 1 1 1017 1215 181 2912
2919 4 2 1 1 4073 1604 3853 1642
2920 4 2 1 1 2947 3275 2304 3786
2921 4 2 1 1 383 4635 3588 3701
2922 4 2 1 1 1681 1726 2834 3896
2923 4 2 1 1 2331 2815 2670 3850
2924 4 2 1 1 2434 2923 3596 4008
2925 4 2 1 1 1395 2658 3319 4326
2926 4 2 1 1 1940 3405 3380 4208
2927 4 2 1 1 3039 3190 2411 4027
2928 4 2 1 1 2821 3761 2342 2580
2929 4 2 1 1 2383 2668 3248 3332
2930 4 2 1 1 2401 2625 3469 4127
2931 4 2 1 1 2633 4116 1645 3055
2932 4 2 1 1 4115 4178 3456 3119
2933 4 2 1 1 2581 2921 3836 4531
2934 4 2 1 1 398 3169 3257 4142
2935 4 2 1 1 3244 3963 2486 4374
2936 4 2 1 1 2389 2505 2886 3590
2937 4 2 1 1 1654 2736 1531 4505
2938 4 2 1 1 1783 2017 69 2681
2939 4 2 1 1 2625 3438 1388 4285
2940 4 2 1 1 4517 2059 2057 2149
2941 4 2 1 1 2297 3905 3616 2486
2942 4 2 1 1 1654 2736 1743 1531
2943 4 2 1 1 1844 1957 1846 3168
2944 4 2 1 1 2468 3198 2733 3998
2945 4 2 1 1 1549 4062 1772 4336
2946 4 2 1 1 1530 4587 4279 3994
2947 4 2 1 1 2285 3090 2640 3995
2948 4 2 1 1 3358 3678 2867 4251
2949 4 2 1 1 8 153 1004 4597
2950 4 2 1 1 2933 3233 2773 2639
2951 4 2 1 1 1271 2912 181 3921
2952 4 2 1 1 4252 4465 3661 3057
2953 4 2 1 1 4329 3904 4584 2945
2954 4 2 1 1 533 2895 643 3339
2955 4 2 1 1 315 313 2806 3775
2956 4 2 1 1 2377 2788 2765 3214
2957 4 2 1 1 2328 2751 3740 4556
2958 4 2 1 1 1854 2726 3085 3317
2959 4 2 1 1 1589 3225 3023 3887
2960 4 2 1 1 2711 3100 2376 3435
2961 4 2 1 1 2303 3658 2979 4146
2962 4 2 1 1 1130 1224 3233 3359
2963 4 2 1 1 1414 2763 3374 1318
2964 4 2 1 1 2975 3366 2852 4150
2965 4 2 1 1 1022 3340 2751 4135
2966 4 2 1 1 1585 3811 2964 4327
2967 4 2 1 1 2843 3556 2373 4249
2968 4 2 1 1 3244 3590 2886 2824
2969 4 2 1 1 2496 3063 3062 3487
2970 4 2 1 1 1080 3111 4230 4055
2971 4 2 1 1 2364 4075 3970 4076
2972 4 2 1 1 2616 4267 3631 4282
2973 4 2 1 1 4465 3661 3057 3707
2974 4 2 1 1 740 2669 3212 3494
2975 4 2 1 1 2867 4251 2853 2337
2976 4 2 1 1 4579 4521 3787 3195
2977 4 2 1 1 2350 2631 2980 4399
2978 4 2 1 1 4390 3740 2751 2428
2979 4 2 1 1 267 268 4652 2044
2980 4 2 1 1 2302 3447 4175 4224
2981 4 2 1 1 2947 4253 126 4561
2982 4 2 1 1 1920 2576 3066 4015
2983 4 2 1 1 2662 3108 3103 3883
2984 4 2 1 1 696 3294 2770 3880
2985 4 2 1 1 3094 3093 1438 3744
2986 4 2 1 1 2600 3135 3275 4454
2987 4 2 1 1 2903 3491 2408 3650
2988 4 2 1 1 3893 3076 2652 2486
2989 4 2 1 1 2666 2379 3081 3502
2990 4 2 1 1 1487 1413 3100 3435
2991 4 2 1 1 2901 2923 1918 3406
2992 4 2 1 1 2509 2987 2850 3739
2993 4 2 1 1 4393 3134 3362 2676
2994 4 2 1 1 4652 4657 1770 3864
2995 4 2 1 1 2890 2410 4096 4445
2996 4 2 1 1 2946 370 3522 2755
2997 4 2 1 1 2469 3126 3913 4181
2998 4 2 1 1 1534 3000 3896 3502
2999 4 2 1 1 1467 211 1269 2754
3000 4 2 1 1 3509 4031 2695 4442
3001 4 2 1 1 128 4328 1028 4561
3002 4 2 1 1 4652 4614 267 2044
3003 4 2 1 1 3134 3311 2676 4393
3004 4 2 1 1 1564 1563 1562 2813
3005 4 2 1 1 2314 3971 3339 2793
3006 4 2 1 1 2676 4021 2995 2297
3007 4 2 1 1 390 2552 350 3968
3008 4 2 1 1 2955 3401 802 4331
3009 4 2 1 1 2095 2783 3828 3349
3010 4 2 1 1 2026 2015 2589 4233
3011 4 2 1 1 1205 1202 1204 3088
3012 4 2 1 1 1573 3316 2756 3451
3013 4 2 1 1 1080 3111 1086 4230
3014 4 2 1 1 2896 2284 3221 2728
3015 4 2 1 1 4000 2534 4126 4214
3016 4 2 1 1 1022 2751 1038 4135
3017 4 2 1 1 3652 1060 2803 4370
3018 4 2 1 1 3257 3281 2600 3749
3019 4 2 1 1 4652 4657 268 1770
3020 4 2 1 1 4429 3492 2705 3913
3021 4 2 1 1 2932 4522 3522 2307
3022 4 2 1 1 317 329 3716 3926
3023 4 2 1 1 2162 4652 3321 3864
3024 4 2 1 1 2635 1845 4260 3649
3025 4 2 1 1 4561 1037 1212 126
3026 4 2 1 1 2627 3400 3324 3642
3027 4 2 1 1 2569 3680 2899 4254
3028 4 2 1 1 1934 3061 1936 3475
3029 4 2 1 1 2876 3124 2120 4263
3030 4 2 1 1 4652 4614 2044 3321
3031 4 2 1 1 3817 275 276 2041
3032 4 2 1 1 2675 3217 2406 4470
3033 4 2 1 1 2652 4123 3076 3893
3034 4 2 1 1 2377 2765 3173 3304
3035 4 2 1 1 2391 456 3205 4158
3036 4 2 1 1 1019 1246 3095 4007
3037 4 2 1 1 2305 3544 2738 3660
3038 4 2 1 1 660 3008 2799 4273
3039 4 2 1 1 1893 2853 1917 3470
3040 4 2 1 1 688 3379 2727 4321
3041 4 2 1 1 2440 3243 3137 4329
3042 4 2 1 1 4412 1462 1467 3698
3043 4 2 1 1 2770 2617 2310 3142
3044 4 2 1 1 2594 3455 296 4087
3045 4 2 1 1 487 2826 3533 3617
3046 4 2 1 1 674 2699 3496 3879
3047 4 2 1 1 966 4603 2900 4634
3048 4 2 1 1 4321 2833 681 3379
3049 4 2 1 1 548 2744 3193 3326
3050 4 2 1 1 1445 3151 3622 4508
3051 4 2 1 1 2370 3042 2760 3353
3052 4 2 1 1 453 4631 4616 26
3053 4 2 1 1 2025 3405 4364 3380
3054 4 2 1 1 2410 2260 2749 2821
3055 4 2 1 1 559 558 2645 3112
3056 4 2 1 1 3310 3188 4023 4218
3057 4 2 1 1 2451 2906 2679 4518
3058 4 2 1 1 724 4330 3259 4479
3059 4 2 1 1 3692 3383 2707 3605
3060 4 2 1 1 2302 4175 2713 4224
3061 4 2 1 1 1778 2605 1983 3874
3062 4 2 1 1 1234 3194 174 3435
3063 4 2 1 1 2798 3232 2289 4401
3064 4 2 1 1 2289 2689 2950 4074
3065 4 2 1 1 4509 4166 3651 2286
3066 4 2 1 1 2466 2867 2853 4364
3067 4 2 1 1 2555 3237 2974 3950
3068 4 2 1 1 511 3591 2886 3752
3069 4 2 1 1 2305 3544 2908 4342
3070 4 2 1 1 2383 2668 3223 3248
3071 4 2 1 1 2856 2525 3489 4122
3072 4 2 1 1 4166 4479 4069 2678
3073 4 2 1 1 3261 3906 1073 1186
3074 4 2 1 1 2431 3009 2858 3507
3075 4 2 1 1 2270 3015 3373 4442
3076 4 2 1 1 597 2665 3793 3901
3077 4 2 1 1 3817 275 2220 4617
3078 4 2 1 1 3817 4669 276 2028
3079 4 2 1 1 501 4579 69 2681
3080 4 2 1 1 2350 2592 3336 3604
3081 4 2 1 1 236 1541 2758 3579
3082 4 2 1 1 423 2755 3807 414
3083 4 2 1 1 1414 2763 1318 1320
3084 4 2 1 1 997 2594 3407 3500
3085 4 2 1 1 2576 3352 2366 2545
3086 4 2 1 1 265 266 1735 4640
3087 4 2 1 1 3598 3687 3097 4183
3088 4 2 1 1 3169 3257 2650 4484
3089 4 2 1 1 2623 3165 3089 2422
3090 4 2 1 1 2507 2911 3749 3515
3091 4 2 1 1 2640 2920 2399 4487
3092 4 2 1 1 2446 3253 2804 3528
3093 4 2 1 1 3512 1697 2634 4527
3094 4 2 1 1 429 472 3375 3786
3095 4 2 1 1 4660 447 4606 3477
3096 4 2 1 1 833 3156 883 841
3097 4 2 1 1 3419 3591 2453 3638
3098 4 2 1 1 3692 3383 3605 2527
3099 4 2 1 1 2507 2911 2501 3270
3100 4 2 1 1 2533 3613 3162 4426
3101 4 2 1 1 1417 2914 3340 3742
3102 4 2 1 1 1349 1398 1310 4046
3103 4 2 1 1 3120 3291 2408 2703
3104 4 2 1 1 4347 2304 4454 3275
3105 4 2 1 1 2507 2911 3270 4454
3106 4 2 1 1 4591 2035 4651 121
3107 4 2 1 1 430 429 472 3375
3108 4 2 1 1 2399 3928 3208 4536
3109 4 2 1 1 3169 2650 3257 3113
3110 4 2 1 1 4249 2114 2182 2131
3111 4 2 1 1 530 3783 2601 3899
3112 4 2 1 1 2409 2841 3370 3555
3113 4 2 1 1 1038 3750 2751 3921
3114 4 2 1 1 2625 2387 3128 3700
3115 4 2 1 1 3893 3076 2486 2297
3116 4 2 1 1 1959 2021 1964 4232
3117 4 2 1 1 2736 1531 209 1743
3118 4 2 1 1 294 54 55 4667
3119 4 2 1 1 2856 3489 4053 4122
3120 4 2 1 1 2307 2755 2946 3522
3121 4 2 1 1 2403 3314 2592 3604
3122 4 2 1 1 1487 4137 3100 1490
3123 4 2 1 1 2978 3073 2505 4272
3124 4 2 1 1 3050 3713 3494 4207
3125 4 2 1 1 2432 3095 2804 3403
3126 4 2 1 1 4651 120 121 2035
3127 4 2 1 1 1229 1138 1012 2832
3128 4 2 1 1 1522 2932 3477 4466
3129 4 2 1 1 2918 3547 2823 4409
3130 4 2 1 1 928 2787 3161 4089
3131 4 2 1 1 558 2645 3599 3850
3132 4 2 1 1 2295 3393 2498 3753
3133 4 2 1 1 2518 3494 3713 4207
3134 4 2 1 1 4351 2718 4100 2905
3135 4 2 1 1 2543 3847 4282 4303
3136 4 2 1 1 3144 387 492 4062
3137 4 2 1 1 1092 1174 1175 2854
3138 4 2 1 1 2466 3405 2853 3805
3139 4 2 1 1 2853 3405 2538 3805
3140 4 2 1 1 1448 2848 3534 1327
3141 4 2 1 1 2451 2634 2906 4518
3142 4 2 1 1 2890 3561 2410 4445
3143 4 2 1 1 4530 4284 2298 3585
3144 4 2 1 1 2450 2994 3713 4019
3145 4 2 1 1 2614 2420 3633 4402
3146 4 2 1 1 1737 3766 3171 4457
3147 4 2 1 1 2842 3335 3022 4206
3148 4 2 1 1 4530 2298 4284 2913
3149 4 2 1 1 2748 4093 2749 4378
3150 4 2 1 1 1098 1144 3545 3768
3151 4 2 1 1 1445 3151 1446 3622
3152 4 2 1 1 814 3127 815 3247
3153 4 2 1 1 3817 3421 4155 1912
3154 4 2 1 1 1437 1486 2679 3197
3155 4 2 1 1 4591 2035 4393 4651
3156 4 2 1 1 69 501 3904 735
3157 4 2 1 1 2522 3252 3122 4341
3158 4 2 1 1 2782 3274 2535 2312
3159 4 2 1 1 523 4187 2678 4479
3160 4 2 1 1 1971 3231 2767 3475
3161 4 2 1 1 4651 2217 120 2035
3162 4 2 1 1 2308 2967 3297 2544
3163 4 2 1 1 2594 4087 993 4114
3164 4 2 1 1 2820 3029 2298 4284
3165 4 2 1 1 1226 176 3175 3426
3166 4 2 1 1 421 403 422 2745
3167 4 2 1 1 2701 2794 3178 3889
3168 4 2 1 1 2887 3384 2435 3565
3169 4 2 1 1 2456 3156 3160 4280
3170 4 2 1 1 2854 2356 4570 3261
3171 4 2 1 1 1174 4055 3906 1077
3172 4 2 1 1 3088 3518 2661 4134
3173 4 2 1 1 4558 4636 4528 3005
3174 4 2 1 1 314 3552 410 3559
3175 4 2 1 1 3697 1063 1061 4553
3176 4 2 1 1 3512 2634 1697 3225
3177 4 2 1 1 4612 2205 4620 272
3178 4 2 1 1 2779 3024 2414 3410
3179 4 2 1 1 383 3588 2552 3701
3180 4 2 1 1 970 3335 971 4467
3181 4 2 1 1 4453 2164 3589 2223
3182 4 2 1 1 2745 2501 3515 4420
3183 4 2 1 1 2786 4373 3122 4436
3184 4 2 1 1 1983 2605 1927 4313
3185 4 2 1 1 2878 3360 4143 2948
3186 4 2 1 1 2810 1839 1841 4103
3187 4 2 1 1 2272 3174 3336 3756
3188 4 2 1 1 3236 3857 2974 3949
3189 4 2 1 1 757 3143 918 4056
3190 4 2 1 1 1629 3067 1634 1621
3191 4 2 1 1 2524 3154 3792 4189
3192 4 2 1 1 1432 3077 2807 4404
3193 4 2 1 1 2564 3324 2829 3691
3194 4 2 1 1 2428 2636 4163 3018
3195 4 2 1 1 1099 3821 2802 2705
3196 4 2 1 1 2498 3392 2326 3969
3197 4 2 1 1 2834 3418 2422 3896
3198 4 2 1 1 315 313 316 2806
3199 4 2 1 1 1779 3041 2775 2004
3200 4 2 1 1 2371 3014 3192 3574
3201 4 2 1 1 2556 3192 3014 3574
3202 4 2 1 1 1752 3290 1546 3864
3203 4 2 1 1 4510 2339 3759 3183
3204 4 2 1 1 2862 4417 3868 4418
3205 4 2 1 1 2585 3570 3496 4247
3206 4 2 1 1 2986 3835 2323 2767
3207 4 2 1 1 430 372 429 2596
3208 4 2 1 1 1559 1561 1655 4052
3209 4 2 1 1 2620 3325 2321 3614
3210 4 2 1 1 3059 2424 2806 3671
3211 4 2 1 1 1209 1132 3945 4050
3212 4 2 1 1 2640 2399 3209 4487
3213 4 2 1 1 2539 3893 3497 3895
3214 4 2 1 1 2507 2911 4454 3749
3215 4 2 1 1 2715 2979 2893 4443
3216 4 2 1 1 2205 272 271 4620
3217 4 2 1 1 3692 3341 2747 3553
3218 4 2 1 1 1572 1573 1571 2756
3219 4 2 1 1 2322 2818 2817 3507
3220 4 2 1 1 1167 2796 3261 4570
3221 4 2 1 1 317 3716 3251 3926
3222 4 2 1 1 143 3293 974 3463
3223 4 2 1 1 947 2712 3686 4432
3224 4 2 1 1 2417 3467 3069 3909
3225 4 2 1 1 640 641 694 2886
3226 4 2 1 1 3021 3248 2668 2300
3227 4 2 1 1 2328 2733 3539 3740
3228 4 2 1 1 2147 2191 2107 3349
3229 4 2 1 1 2351 4110 4085 4144
3230 4 2 1 1 2352 3836 2921 4531
3231 4 2 1 1 2649 3253 1096 4049
3232 4 2 1 1 388 453 389 4248
3233 4 2 1 1 3872 3784 853 828
3234 4 2 1 1 1307 1308 1306 3272
3235 4 2 1 1 3300 4241 2387 2716
3236 4 2 1 1 1713 3328 1560 3080
3237 4 2 1 1 2286 4166 3021 2668
3238 4 2 1 1 2017 1909 3147 3787
3239 4 2 1 1 4510 3759 2339 2881
3240 4 2 1 1 2639 3997 2773 4345
3241 4 2 1 1 641 703 2886 3844
3242 4 2 1 1 2516 3376 3865 4024
3243 4 2 1 1 4584 2017 3904 70
3244 4 2 1 1 831 830 3289 4192
3245 4 2 1 1 3026 3472 754 4139
3246 4 2 1 1 3155 3310 1969 4278
3247 4 2 1 1 2453 3244 2886 2824
3248 4 2 1 1 2144 2250 2244 3985
3249 4 2 1 1 878 2788 860 3335
3250 4 2 1 1 1461 3342 1372 3359
3251 4 2 1 1 2010 3418 239 3000
3252 4 2 1 1 2531 3660 3465 2687
3253 4 2 1 1 889 3240 2720 3575
3254 4 2 1 1 3438 3469 2698 4335
3255 4 2 1 1 4574 408 4653 4062
3256 4 2 1 1 2126 2786 2079 3760
3257 4 2 1 1 456 3037 2391 3205
3258 4 2 1 1 2827 4372 2937 2902
3259 4 2 1 1 2522 2619 3763 4180
3260 4 2 1 1 1435 3938 2977 1496
3261 4 2 1 1 3652 2803 1060 3697
3262 4 2 1 1 2846 3983 2360 4444
3263 4 2 1 1 2878 3360 2416 4143
3264 4 2 1 1 2708 2759 2416 3875
3265 4 2 1 1 2374 2601 3348 3655
3266 4 2 1 1 1596 1569 3367 3440
3267 4 2 1 1 2764 2915 2905 3912
3268 4 2 1 1 4612 2205 3423 4620
3269 4 2 1 1 873 3227 2801 3305
3270 4 2 1 1 3249 4516 1748 3615
3271 4 2 1 1 2760 2910 2472 4422
3272 4 2 1 1 2366 3877 2768 4015
3273 4 2 1 1 3021 3223 2668 3248
3274 4 2 1 1 2302 3288 2696 3954
3275 4 2 1 1 2690 2511 4413 4414
3276 4 2 1 1 2461 3188 2810 3554
3277 4 2 1 1 1461 180 1271 3359
3278 4 2 1 1 2333 2740 3493 2621
3279 4 2 1 1 3348 2762 3397 693
3280 4 2 1 1 1400 3342 2636 4182
3281 4 2 1 1 870 995 774 3205
3282 4 2 1 1 840 3160 3026 4502
3283 4 2 1 1 1010 2943 3701 3618
3284 4 2 1 1 2947 2304 3275 4253
3285 4 2 1 1 2413 3269 2921 3286
3286 4 2 1 1 1121 3439 2766 3747
3287 4 2 1 1 2493 3597 2819 4526
3288 4 2 1 1 3085 3141 2467 3449
3289 4 2 1 1 1346 3508 2673 4412
3290 4 2 1 1 3191 3337 3621 2612
3291 4 2 1 1 2347 3151 2880 4001
3292 4 2 1 1 2718 2956 2436 4448
3293 4 2 1 1 1500 2977 3151 4174
3294 4 2 1 1 3986 379 373 3522
3295 4 2 1 1 548 549 2744 4496
3296 4 2 1 1 2355 3389 3517 2591
3297 4 2 1 1 2710 2264 4032 2693
3298 4 2 1 1 1363 4389 2999 3779
3299 4 2 1 1 2436 2956 2718 3297
3300 4 2 1 1 2548 3048 3183 3776
3301 4 2 1 1 3959 2494 2747 3553
3302 4 2 1 1 2761 2351 3255 4110
3303 4 2 1 1 2531 3432 3678 2085
3304 4 2 1 1 2373 3408 3398 4262
3305 4 2 1 1 3135 3275 2304 4253
3306 4 2 1 1 2261 3366 2648 4259
3307 4 2 1 1 2982 3043 2427 3078
3308 4 2 1 1 2631 2397 3148 4399
3309 4 2 1 1 1460 3175 3426 3741
3310 4 2 1 1 1986 4208 3380 2791
3311 4 2 1 1 1113 2657 3892 1095
3312 4 2 1 1 2002 3310 3937 4278
3313 4 2 1 1 4249 2182 2114 3556
3314 4 2 1 1 2058 3363 3718 2978
3315 4 2 1 1 2475 2350 3296 2631
3316 4 2 1 1 2645 3054 557 3767
3317 4 2 1 1 1640 3249 1748 3615
3318 4 2 1 1 4085 4110 2721 4144
3319 4 2 1 1 4347 4248 389 3275
3320 4 2 1 1 3122 4373 3601 4436
3321 4 2 1 1 2538 3118 2620 3486
3322 4 2 1 1 2445 3178 3163 3661
3323 4 2 1 1 2757 3607 2553 2293
3324 4 2 1 1 2062 2641 3158 3497
3325 4 2 1 1 607 3134 589 3362
3326 4 2 1 1 2643 3597 2664 2267
3327 4 2 1 1 2515 3345 3437 3442
3328 4 2 1 1 1128 1209 1216 3198
3329 4 2 1 1 2333 3493 3910 2621
3330 4 2 1 1 2561 3364 2923 3838
3331 4 2 1 1 2497 2924 2753 4079
3332 4 2 1 1 2050 227 226 4650
3333 4 2 1 1 1335 3020 1433 4515
3334 4 2 1 1 584 2762 3918 586
3335 4 2 1 1 3198 3945 2766 4050
3336 4 2 1 1 3161 4115 3119 4178
3337 4 2 1 1 4625 2050 226 4650
3338 4 2 1 1 2573 4067 3457 4390
3339 4 2 1 1 2379 3000 2666 3917
3340 4 2 1 1 2207 4650 4621 227
3341 4 2 1 1 2362 3459 3272 3914
3342 4 2 1 1 2348 3145 2701 2694
3343 4 2 1 1 377 3163 2861 3959
3344 4 2 1 1 2108 2830 2103 4341
3345 4 2 1 1 2436 2887 2669 3667
3346 4 2 1 1 1586 3992 3157 4327
3347 4 2 1 1 3525 4093 2748 4378
3348 4 2 1 1 1854 3317 3085 4105
3349 4 2 1 1 2314 3713 2895 3971
3350 4 2 1 1 2929 3193 2311 3326
3351 4 2 1 1 665 3299 2792 3840
3352 4 2 1 1 810 808 2941 3568
3353 4 2 1 1 2967 4053 3173 3356
3354 4 2 1 1 2820 3030 3029 4186
3355 4 2 1 1 2665 3239 2523 4499
3356 4 2 1 1 2965 3906 2598 4055
3357 4 2 1 1 2388 4494 3218 2971
3358 4 2 1 1 4598 284 3068 4187
3359 4 2 1 1 2768 2366 3212 4220
3360 4 2 1 1 918 3143 851 4379
3361 4 2 1 1 1467 2754 4412 3698
3362 4 2 1 1 2311 2915 3274 4351
3363 4 2 1 1 131 3764 3510 4235
3364 4 2 1 1 654 3445 3304 3901
3365 4 2 1 1 2207 4650 227 2050
3366 4 2 1 1 1645 3999 2633 3055
3367 4 2 1 1 2910 2760 3042 4422
3368 4 2 1 1 2357 3113 2650 3169
3369 4 2 1 1 1647 3458 2754 3698
3370 4 2 1 1 1102 2951 3123 3545
3371 4 2 1 1 2592 2403 3185 4565
3372 4 2 1 1 820 822 2816 926
3373 4 2 1 1 739 3819 2586 3996
3374 4 2 1 1 2997 3657 3568 4343
3375 4 2 1 1 2845 3513 898 3686
3376 4 2 1 1 1886 3317 3707 3920
3377 4 2 1 1 1200 2662 2547 3108
3378 4 2 1 1 2050 4650 3149 3710
3379 4 2 1 1 3941 2993 3069 2518
3380 4 2 1 1 3695 2458 2961 4250
3381 4 2 1 1 778 126 2947 4253
3382 4 2 1 1 2987 3284 2341 2509
3383 4 2 1 1 627 4005 3137 4329
3384 4 2 1 1 2637 3628 3266 4512
3385 4 2 1 1 2636 3935 1350 4182
3386 4 2 1 1 2996 2781 351 3533
3387 4 2 1 1 3012 3623 2250 3985
3388 4 2 1 1 2357 3873 4071 4447
3389 4 2 1 1 314 2740 3552 3559
3390 4 2 1 1 2788 2377 4053 4122
3391 4 2 1 1 3401 4549 946 3686
3392 4 2 1 1 2365 2576 3498 2545
3393 4 2 1 1 1460 3175 3741 1276
3394 4 2 1 1 824 3289 823 3666
3395 4 2 1 1 877 860 878 2788
3396 4 2 1 1 2653 3450 3026 3795
3397 4 2 1 1 2266 3047 2452 3725
3398 4 2 1 1 394 3205 3105 3500
3399 4 2 1 1 970 3214 3335 4467
3400 4 2 1 1 1078 1077 1076 2965
3401 4 2 1 1 2407 3468 3489 4506
3402 4 2 1 1 461 2571 3259 3708
3403 4 2 1 1 2414 3023 3024 3225
3404 4 2 1 1 2160 2068 2178 2680
3405 4 2 1 1 2682 2878 2341 4529
3406 4 2 1 1 4625 2050 4650 3149
3407 4 2 1 1 4649 30 31 1032
3408 4 2 1 1 2152 2153 2092 2995
3409 4 2 1 1 4211 4478 760 3635
3410 4 2 1 1 31 1220 4649 1032
3411 4 2 1 1 2788 3468 2525 3489
3412 4 2 1 1 3062 4306 3839 4472
3413 4 2 1 1 1026 172 1236 2711
3414 4 2 1 1 2733 3199 2468 3539
3415 4 2 1 1 2370 2958 2698 3856
3416 4 2 1 1 946 4549 3401 800
3417 4 2 1 1 2206 2197 2242 4264
3418 4 2 1 1 2568 2376 3319 3526
3419 4 2 1 1 792 3203 2984 3547
3420 4 2 1 1 2736 3769 2548 3852
3421 4 2 1 1 2493 3409 2819 3614
3422 4 2 1 1 3047 3725 2992 3914
3423 4 2 1 1 2759 3816 3430 2363
3424 4 2 1 1 4649 4611 30 1032
3425 4 2 1 1 3050 535 2895 4207
3426 4 2 1 1 3208 1273 1471 201
3427 4 2 1 1 863 2588 864 4131
3428 4 2 1 1 2977 2532 4174 3778
3429 4 2 1 1 2351 3086 2990 4144
3430 4 2 1 1 4583 2844 1247 3582
3431 4 2 1 1 2282 2578 3014 3536
3432 4 2 1 1 2405 4031 3509 4442
3433 4 2 1 1 2284 2728 2896 3670
3434 4 2 1 1 2470 3561 2890 2772
3435 4 2 1 1 1180 4328 2879 4337
3436 4 2 1 1 529 532 2601 530
3437 4 2 1 1 2475 3052 2977 3830
3438 4 2 1 1 2491 2820 3891 3958
3439 4 2 1 1 2386 4365 4217 3443
3440 4 2 1 1 4386 524 2689 4532
3441 4 2 1 1 2678 2007 1977 4481
3442 4 2 1 1 2446 2804 3403 3528
3443 4 2 1 1 4163 3723 2847 2773
3444 4 2 1 1 4649 4611 1032 3375
3445 4 2 1 1 1939 2004 2775 3391
3446 4 2 1 1 2760 2370 3353 4064
3447 4 2 1 1 636 699 2859 3479
3448 4 2 1 1 4000 2534 4214 2880
3449 4 2 1 1 2405 2677 2875 3136
3450 4 2 1 1 627 3137 3243 4329
3451 4 2 1 1 1971 2020 3231 3475
3452 4 2 1 1 3048 3374 1316 3656
3453 4 2 1 1 785 3979 3514 4356
3454 4 2 1 1 2475 3052 3830 4431
3455 4 2 1 1 420 3192 2713 3530
3456 4 2 1 1 1184 4649 3618 1220
3457 4 2 1 1 3019 3623 4664 1288
3458 4 2 1 1 1345 2973 3769 4080
3459 4 2 1 1 2840 2639 4027 4520
3460 4 2 1 1 4027 3276 1142 2840
3461 4 2 1 1 2301 3611 2693 3923
3462 4 2 1 1 2451 2679 3512 4518
3463 4 2 1 1 2867 3423 2234 4168
3464 4 2 1 1 2338 3239 2799 3911
3465 4 2 1 1 3202 4241 4085 2963
3466 4 2 1 1 3026 2375 3240 4502
3467 4 2 1 1 2305 3733 3544 4342
3468 4 2 1 1 1585 1592 1688 4327
3469 4 2 1 1 2665 4190 711 4464
3470 4 2 1 1 2374 3616 2762 2593
3471 4 2 1 1 3783 2601 532 530
3472 4 2 1 1 4002 2426 3099 2858
3473 4 2 1 1 1961 2726 1853 1854
3474 4 2 1 1 1943 2001 3238 3309
3475 4 2 1 1 1218 3945 3439 4338
3476 4 2 1 1 4145 2324 3087 3086
3477 4 2 1 1 2260 2821 2410 4096
3478 4 2 1 1 2055 2978 2057 3355
3479 4 2 1 1 2379 3624 2810 2461
3480 4 2 1 1 2293 2714 2685 3903
3481 4 2 1 1 1241 3088 1204 2661
3482 4 2 1 1 1184 4649 1220 1032
3483 4 2 1 1 539 3050 538 3901
3484 4 2 1 1 2728 3221 2896 3923
3485 4 2 1 1 3272 3459 2587 3914
3486 4 2 1 1 3783 532 2601 3339
3487 4 2 1 1 3761 1672 4546 1613
3488 4 2 1 1 4443 4146 2303 2979
3489 4 2 1 1 1735 4592 1521 265
3490 4 2 1 1 2421 2677 3589 2875
3491 4 2 1 1 4046 1351 3295 2891
3492 4 2 1 1 1215 3750 1038 3921
3493 4 2 1 1 3632 686 605 551
3494 4 2 1 1 1849 3797 2831 4340
3495 4 2 1 1 430 4649 3618 3375
3496 4 2 1 1 1765 4648 4595 3986
3497 4 2 1 1 2622 2334 3222 4554
3498 4 2 1 1 1388 3438 2625 3469
3499 4 2 1 1 2790 2968 2345 3816
3500 4 2 1 1 2178 2825 2179 3159
3501 4 2 1 1 4155 3479 2859 699
3502 4 2 1 1 2262 3390 3389 2591
3503 4 2 1 1 1292 3396 4336 2826
3504 4 2 1 1 2683 3230 3125 4383
3505 4 2 1 1 1600 3254 2732 4012
3506 4 2 1 1 3525 4093 4378 2322
3507 4 2 1 1 3665 3317 2016 4105
3508 4 2 1 1 2811 3012 2479 3765
3509 4 2 1 1 2612 2634 3316 4194
3510 4 2 1 1 993 4087 90 4114
3511 4 2 1 1 2579 3155 2530 3310
3512 4 2 1 1 2289 2950 2689 4401
3513 4 2 1 1 2335 3381 3390 4097
3514 4 2 1 1 1853 3722 2726 3797
3515 4 2 1 1 1349 2891 4046 4182
3516 4 2 1 1 3564 2701 2537 2794
3517 4 2 1 1 2375 3240 2823 3612
3518 4 2 1 1 349 3163 377 3959
3519 4 2 1 1 2557 3032 3076 4136
3520 4 2 1 1 423 2755 414 369
3521 4 2 1 1 2808 2834 2422 3896
3522 4 2 1 1 3230 3725 3125 4383
3523 4 2 1 1 2515 3345 3133 3437
3524 4 2 1 1 2668 3332 2924 2300
3525 4 2 1 1 3692 3383 2527 3302
3526 4 2 1 1 2478 2933 3233 4160
3527 4 2 1 1 2393 2960 2744 2729
3528 4 2 1 1 4443 4146 2979 2361
3529 4 2 1 1 460 15 16 4646
3530 4 2 1 1 2754 3458 1741 3858
3531 4 2 1 1 833 3156 841 4502
3532 4 2 1 1 2388 3004 4267 4480
3533 4 2 1 1 1269 2754 211 4177
3534 4 2 1 1 4633 1896 3068 3665
3535 4 2 1 1 2147 3264 2595 3984
3536 4 2 1 1 2771 3646 2384 3662
3537 4 2 1 1 4633 1896 3665 1988
3538 4 2 1 1 2402 2938 2739 3327
3539 4 2 1 1 2903 3650 2519 3772
3540 4 2 1 1 2417 3069 2877 3971
3541 4 2 1 1 1861 4260 3165 4542
3542 4 2 1 1 2530 3171 2869 3245
3543 4 2 1 1 1311 1307 1346 3664
3544 4 2 1 1 999 4603 4453 2900
3545 4 2 1 1 2606 2961 3848 3849
3546 4 2 1 1 2305 3653 2795 2641
3547 4 2 1 1 2963 4085 3202 4144
3548 4 2 1 1 1613 3761 3983 4546
3549 4 2 1 1 4268 4373 2130 3070
3550 4 2 1 1 1368 3312 1379 4324
3551 4 2 1 1 2847 3724 3723 3018
3552 4 2 1 1 2846 3777 2748 3902
3553 4 2 1 1 2002 1969 3310 4278
3554 4 2 1 1 2360 3078 2760 3353
3555 4 2 1 1 3261 3906 1186 2854
3556 4 2 1 1 1113 2657 1095 3878
3557 4 2 1 1 1765 4648 3986 1542
3558 4 2 1 1 3496 3484 3379 2833
3559 4 2 1 1 2451 3512 2634 4518
3560 4 2 1 1 1374 2880 1502 1380
3561 4 2 1 1 647 3212 3699 4220
3562 4 2 1 1 2751 2914 3340 3548
3563 4 2 1 1 588 3362 2762 3918
3564 4 2 1 1 2504 2907 2785 3734
3565 4 2 1 1 993 997 2594 3407
3566 4 2 1 1 1785 249 3074 4057
3567 4 2 1 1 907 3401 802 946
3568 4 2 1 1 3002 3466 2847 3714
3569 4 2 1 1 50 51 4648 1542
3570 4 2 1 1 2544 3297 2956 4054
3571 4 2 1 1 2734 3581 3967 2495
3572 4 2 1 1 2596 2943 2715 3693
3573 4 2 1 1 2352 2335 2741 3381
3574 4 2 1 1 4657 269 12 2029
3575 4 2 1 1 4365 2288 2961 3837
3576 4 2 1 1 2693 2710 2638 3266
3577 4 2 1 1 2605 3663 3142 3867
3578 4 2 1 1 2549 3086 3002 3466
3579 4 2 1 1 3002 3086 2324 3466
3580 4 2 1 1 2768 3877 2366 4220
3581 4 2 1 1 2510 831 4192 3942
3582 4 2 1 1 2249 3252 4201 3012
3583 4 2 1 1 1992 3074 1791 3327
3584 4 2 1 1 1374 2880 3582 1502
3585 4 2 1 1 4615 4648 51 1542
3586 4 2 1 1 2745 3206 421 3873
3587 4 2 1 1 3187 828 3289 825
3588 4 2 1 1 2527 3301 2333 4095
3589 4 2 1 1 2745 3140 2501 4420
3590 4 2 1 1 2659 3716 329 3926
3591 4 2 1 1 1367 3217 2615 4001
3592 4 2 1 1 1697 3023 1589 3225
3593 4 2 1 1 2708 2416 2759 3816
3594 4 2 1 1 2354 3023 2634 3024
3595 4 2 1 1 2732 3254 1600 3989
3596 4 2 1 1 4615 4648 1542 3234
3597 4 2 1 1 2301 3156 3611 4367
3598 4 2 1 1 1823 1820 2872 3498
3599 4 2 1 1 4150 2404 2499 2852
3600 4 2 1 1 2634 3191 2612 3337
3601 4 2 1 1 2434 3525 2814 3596
3602 4 2 1 1 3046 3320 2438 3687
3603 4 2 1 1 1724 3870 1619 4569
3604 4 2 1 1 4000 2534 2880 2868
3605 4 2 1 1 2805 3932 2640 4309
3606 4 2 1 1 1596 3367 2612 3440
3607 4 2 1 1 2667 2855 4428 4544
3608 4 2 1 1 2081 3746 3322 4004
3609 4 2 1 1 3159 3285 2471 3862
3610 4 2 1 1 3102 3733 2785 3796
3611 4 2 1 1 4619 1378 1512 4048
3612 4 2 1 1 4648 1542 3234 3986
3613 4 2 1 1 2337 3118 2853 3486
3614 4 2 1 1 2834 3418 2623 2422
3615 4 2 1 1 2283 2874 3518 3830
3616 4 2 1 1 2523 3258 2729 4100
3617 4 2 1 1 4041 4288 4196 3343
3618 4 2 1 1 1586 1584 3992 4327
3619 4 2 1 1 2430 3857 3236 3949
3620 4 2 1 1 2303 3262 2970 4283
3621 4 2 1 1 2475 2350 2631 3020
3622 4 2 1 1 3257 3749 361 4142
3623 4 2 1 1 2288 2695 3509 4031
3624 4 2 1 1 597 2665 3304 4190
3625 4 2 1 1 792 890 3203 3547
3626 4 2 1 1 1386 3438 3042 4507
3627 4 2 1 1 3938 1283 2661 2977
3628 4 2 1 1 4319 4586 3582 2880
3629 4 2 1 1 2505 3308 3152 4272
3630 4 2 1 1 2381 3320 2935 3475
3631 4 2 1 1 2 21 4647 1005
3632 4 2 1 1 4252 4569 3737 3579
3633 4 2 1 1 2518 2895 4207 3713
3634 4 2 1 1 2316 2992 3091 3972
3635 4 2 1 1 2359 2869 2756 3934
3636 4 2 1 1 2263 2963 3202 4145
3637 4 2 1 1 2995 3363 2539 3497
3638 4 2 1 1 89 4647 1005 2
3639 4 2 1 1 1663 1713 1734 3080
3640 4 2 1 1 1500 2977 1446 3151
3641 4 2 1 1 4319 4586 2880 4045
3642 4 2 1 1 2293 2598 3006 3527
3643 4 2 1 1 3138 3894 1149 4049
3644 4 2 1 1 1724 3870 1620 1619
3645 4 2 1 1 2927 2632 4099 4440
3646 4 2 1 1 3809 3753 2498 3773
3647 4 2 1 1 4027 3276 2840 2411
3648 4 2 1 1 2366 2888 2887 3565
3649 4 2 1 1 387 2826 493 4062
3650 4 2 1 1 2270 3611 3609 3922
3651 4 2 1 1 3933 4321 2972 3394
3652 4 2 1 1 1878 3557 1928 3882
3653 4 2 1 1 2600 3037 2391 4304
3654 4 2 1 1 2867 3358 2106 3678
3655 4 2 1 1 2096 2095 2191 3349
3656 4 2 1 1 2860 4151 3743 4152
3657 4 2 1 1 2600 3271 3135 4454
3658 4 2 1 1 3419 4580 3591 701
3659 4 2 1 1 3692 3383 3302 2707
3660 4 2 1 1 851 943 810 2941
3661 4 2 1 1 74 628 73 2686
3662 4 2 1 1 2864 3711 3008 4433
3663 4 2 1 1 406 4600 2947 286
3664 4 2 1 1 6 53 404 4581
3665 4 2 1 1 1731 3133 1525 3519
3666 4 2 1 1 2627 2393 3642 4519
3667 4 2 1 1 1802 4620 3423 4168
3668 4 2 1 1 1079 2893 3532 4055
3669 4 2 1 1 2767 3231 1971 3835
3670 4 2 1 1 2386 3129 2704 4365
3671 4 2 1 1 2482 2873 3927 4111
3672 4 2 1 1 3818 2312 2686 3182
3673 4 2 1 1 2577 2578 2406 3536
3674 4 2 1 1 2846 2360 3043 4444
3675 4 2 1 1 496 651 621 3874
3676 4 2 1 1 1318 3048 2763 3374
3677 4 2 1 1 89 4647 4087 1005
3678 4 2 1 1 3931 3307 396 2917
3679 4 2 1 1 743 3819 4393 3362
3680 4 2 1 1 3161 4115 4178 2356
3681 4 2 1 1 2438 3346 3581 2495
3682 4 2 1 1 2139 2985 3411 4344
3683 4 2 1 1 2829 3256 2332 3739
3684 4 2 1 1 2768 3871 3066 4015
3685 4 2 1 1 840 3026 874 4502
3686 4 2 1 1 3428 3974 2709 4520
3687 4 2 1 1 4245 3443 3333 2800
3688 4 2 1 1 2471 2610 3285 4271
3689 4 2 1 1 2580 3983 3761 4546
3690 4 2 1 1 76 4022 3280 4299
3691 4 2 1 1 2087 3706 3166 3828
3692 4 2 1 1 2525 3489 3468 4506
3693 4 2 1 1 1435 3938 1496 1434
3694 4 2 1 1 2923 2321 3596 4008
3695 4 2 1 1 2706 4069 3651 4509
3696 4 2 1 1 897 896 886 3273
3697 4 2 1 1 4647 4599 1005 21
3698 4 2 1 1 4647 4599 4087 1005
3699 4 2 1 1 4602 706 4646 3708
3700 4 2 1 1 2609 3523 2920 4536
3701 4 2 1 1 674 2699 3879 4035
3702 4 2 1 1 3122 3601 2520 4436
3703 4 2 1 1 808 2941 2997 4547
3704 4 2 1 1 2720 3026 2375 3240
3705 4 2 1 1 2331 3850 2670 4236
3706 4 2 1 1 3346 3967 3581 2495
3707 4 2 1 1 1423 2839 1420 4119
3708 4 2 1 1 2597 3261 2939 4270
3709 4 2 1 1 2726 2944 2467 3728
3710 4 2 1 1 2572 3557 2938 3882
3711 4 2 1 1 4602 706 15 4646
3712 4 2 1 1 2649 3894 3138 4049
3713 4 2 1 1 2215 3311 2676 3363
3714 4 2 1 1 4245 3333 3443 3848
3715 4 2 1 1 2350 3185 3604 3966
3716 4 2 1 1 1189 3501 2662 4013
3717 4 2 1 1 2662 1187 3495 4255
3718 4 2 1 1 2352 3127 2741 3247
3719 4 2 1 1 3873 304 3035 306
3720 4 2 1 1 2592 3094 2403 4565
3721 4 2 1 1 4580 701 113 3591
3722 4 2 1 1 3256 912 4343 3204
3723 4 2 1 1 2318 3242 3183 3953
3724 4 2 1 1 2467 2944 2726 3722
3725 4 2 1 1 1434 1433 3955 4515
3726 4 2 1 1 2318 3504 3505 3953
3727 4 2 1 1 662 634 571 2929
3728 4 2 1 1 2162 3321 2660 3864
3729 4 2 1 1 296 3500 2594 4087
3730 4 2 1 1 3099 2426 4002 3130
3731 4 2 1 1 3595 4514 3978 2643
3732 4 2 1 1 2283 3296 2874 3830
3733 4 2 1 1 1881 2810 1882 3624
3734 4 2 1 1 4271 3158 3285 4133
3735 4 2 1 1 2417 3066 2768 3871
3736 4 2 1 1 2691 3364 2858 3838
3737 4 2 1 1 4581 1806 3385 4026
3738 4 2 1 1 2565 3300 2721 3774
3739 4 2 1 1 2639 2325 3190 4520
3740 4 2 1 1 549 550 548 2744
3741 4 2 1 1 3644 2598 2293 3527
3742 4 2 1 1 4319 4586 4045 1244
3743 4 2 1 1 182 1215 1038 3921
3744 4 2 1 1 1961 2726 1854 3317
3745 4 2 1 1 1868 3413 1867 1866
3746 4 2 1 1 877 860 2788 3468
3747 4 2 1 1 486 2996 386 3144
3748 4 2 1 1 4646 15 16 706
3749 4 2 1 1 577 2913 682 4017
3750 4 2 1 1 1561 2813 3328 1562
3751 4 2 1 1 1868 3413 1869 1867
3752 4 2 1 1 1400 2912 2636 3342
3753 4 2 1 1 2907 3734 2474 2785
3754 4 2 1 1 2378 2951 3803 4199
3755 4 2 1 1 2300 2753 3307 3869
3756 4 2 1 1 3086 4257 3424 2324
3757 4 2 1 1 1628 1624 1631 4305
3758 4 2 1 1 2807 3077 1432 3829
3759 4 2 1 1 3033 3863 2492 3467
3760 4 2 1 1 4646 4670 278 3708
3761 4 2 1 1 4646 4670 16 278
3762 4 2 1 1 591 528 531 2950
3763 4 2 1 1 3155 3310 2579 4218
3764 4 2 1 1 3817 3421 1912 2791
3765 4 2 1 1 1345 1315 2973 4080
3766 4 2 1 1 2625 3202 2721 4127
3767 4 2 1 1 1547 4581 4026 233
3768 4 2 1 1 1672 2520 3313 4546
3769 4 2 1 1 644 3212 3634 4207
3770 4 2 1 1 2535 3036 4215 4351
3771 4 2 1 1 517 4645 4602 14
3772 4 2 1 1 1981 1935 4022 4299
3773 4 2 1 1 517 4645 14 717
3774 4 2 1 1 2907 2474 3734 2255
3775 4 2 1 1 724 4645 4479 3259
3776 4 2 1 1 3094 3093 3744 4130
3777 4 2 1 1 2519 3080 3427 4348
3778 4 2 1 1 1023 4586 3582 4319
3779 4 2 1 1 2522 3122 3252 3131
3780 4 2 1 1 2718 2956 2544 3297
3781 4 2 1 1 1853 1852 3722 3797
3782 4 2 1 1 3644 3843 3229 3907
3783 4 2 1 1 2548 3769 2339 2973
3784 4 2 1 1 2399 3898 3209 4487
3785 4 2 1 1 2618 3247 2921 4406
3786 4 2 1 1 4390 3723 3740 2428
3787 4 2 1 1 1137 3083 2832 3463
3788 4 2 1 1 801 826 901 2682
3789 4 2 1 1 99 721 3691 4211
3790 4 2 1 1 120 4644 705 119
3791 4 2 1 1 3400 3691 2564 4500
3792 4 2 1 1 1589 1696 3225 3887
3793 4 2 1 1 1687 2834 1528 4569
3794 4 2 1 1 1298 3469 2625 4127
3795 4 2 1 1 2795 2641 3653 4156
3796 4 2 1 1 2807 3520 2609 3645
3797 4 2 1 1 2366 3041 3877 4015
3798 4 2 1 1 88 4582 747 522
3799 4 2 1 1 1870 2608 1869 4169
3800 4 2 1 1 2341 3284 2949 4117
3801 4 2 1 1 1299 2721 1302 4127
3802 4 2 1 1 2445 3163 2861 3661
3803 4 2 1 1 3809 3753 3773 2490
3804 4 2 1 1 1126 2653 1144 3768
3805 4 2 1 1 34 33 4671 468
3806 4 2 1 1 2047 4644 119 118
3807 4 2 1 1 2549 2990 3255 3823
3808 4 2 1 1 600 2972 3417 3771
3809 4 2 1 1 2978 3355 2055 4272
3810 4 2 1 1 2886 3073 2389 3844
3811 4 2 1 1 1658 1626 3915 4422
3812 4 2 1 1 2620 2321 3596 3614
3813 4 2 1 1 527 530 529 3899
3814 4 2 1 1 1414 2763 1320 3965
3815 4 2 1 1 3012 3252 2520 3677
3816 4 2 1 1 2315 3060 3059 3943
3817 4 2 1 1 2720 3083 2433 3450
3818 4 2 1 1 3071 3341 2527 3553
3819 4 2 1 1 1206 3253 1059 3697
3820 4 2 1 1 1362 1409 1427 3295
3821 4 2 1 1 1298 3700 2625 4285
3822 4 2 1 1 2928 3087 2543 3047
3823 4 2 1 1 2869 2756 3934 4538
3824 4 2 1 1 705 4644 4651 3819
3825 4 2 1 1 3755 2474 3734 2785
3826 4 2 1 1 1918 2923 1814 3406
3827 4 2 1 1 2464 2727 3001 3555
3828 4 2 1 1 1957 3168 3147 3787
3829 4 2 1 1 2357 3873 2621 4071
3830 4 2 1 1 2047 4644 118 3996
3831 4 2 1 1 2086 2074 2674 3781
3832 4 2 1 1 4046 1351 2891 1349
3833 4 2 1 1 486 2996 3144 3477
3834 4 2 1 1 215 3560 1536 4227
3835 4 2 1 1 2399 3209 3208 4068
3836 4 2 1 1 1079 2893 4055 1080
3837 4 2 1 1 2299 2925 3386 4310
3838 4 2 1 1 1694 3887 2899 4375
3839 4 2 1 1 4606 486 3144 3477
3840 4 2 1 1 3755 3734 2474 2255
3841 4 2 1 1 1596 1651 1569 3440
3842 4 2 1 1 525 2689 526 3899
3843 4 2 1 1 2874 3296 2631 3830
3844 4 2 1 1 2425 3592 3891 3958
3845 4 2 1 1 2218 4644 3996 3819
3846 4 2 1 1 4143 4331 2955 2541
3847 4 2 1 1 3346 3446 2495 3550
3848 4 2 1 1 1574 1572 1683 3451
3849 4 2 1 1 2409 3370 2841 3503
3850 4 2 1 1 436 3533 487 435
3851 4 2 1 1 422 2745 3515 4420
3852 4 2 1 1 2046 4643 4626 3490
3853 4 2 1 1 2672 3180 2531 4251
3854 4 2 1 1 2046 4643 3490 2228
3855 4 2 1 1 2708 4506 3886 3732
3856 4 2 1 1 2711 1236 3501 4137
3857 4 2 1 1 3232 3616 2593 4374
3858 4 2 1 1 2946 2307 3522 4193
3859 4 2 1 1 4481 4105 1877 3085
3860 4 2 1 1 2521 3271 2865 3872
3861 4 2 1 1 1525 3133 1719 3238
3862 4 2 1 1 3846 3099 2431 2858
3863 4 2 1 1 2381 2935 3688 2495
3864 4 2 1 1 3216 1095 3878 1114
3865 4 2 1 1 1882 3404 2810 3412
3866 4 2 1 1 3371 3484 2585 3496
3867 4 2 1 1 2287 3069 2877 3467
3868 4 2 1 1 192 191 2228 4643
3869 4 2 1 1 416 2659 329 3926
3870 4 2 1 1 1378 2771 3646 4048
3871 4 2 1 1 1432 1370 3077 4404
3872 4 2 1 1 2850 2987 2849 3739
3873 4 2 1 1 2191 3349 3264 4226
3874 4 2 1 1 4643 3490 2228 3984
3875 4 2 1 1 1724 3870 4569 3737
3876 4 2 1 1 2215 2154 2152 2676
3877 4 2 1 1 1054 1055 3039 3267
3878 4 2 1 1 936 3305 2925 4192
3879 4 2 1 1 2590 3731 4361 4456
3880 4 2 1 1 2869 3171 2430 3245
3881 4 2 1 1 2530 2579 3310 3924
3882 4 2 1 1 747 4659 718 2859
3883 4 2 1 1 2448 2831 3546 3797
3884 4 2 1 1 2366 3352 2576 3909
3885 4 2 1 1 2465 3117 2605 3814
3886 4 2 1 1 4606 486 3477 447
3887 4 2 1 1 1065 3820 2919 3453
3888 4 2 1 1 2510 831 3942 3187
3889 4 2 1 1 456 363 3257 4304
3890 4 2 1 1 2764 3667 2889 3912
3891 4 2 1 1 2408 3563 2903 3853
3892 4 2 1 1 1944 2986 4291 3309
3893 4 2 1 1 2301 2823 3156 4409
3894 4 2 1 1 2330 2837 3535 3631
3895 4 2 1 1 2377 3173 2765 3377
3896 4 2 1 1 3037 3784 2391 4287
3897 4 2 1 1 3159 4033 3372 4425
3898 4 2 1 1 2606 3848 2961 4365
3899 4 2 1 1 4481 1877 4105 1897
3900 4 2 1 1 927 933 926 2816
3901 4 2 1 1 2609 3524 2282 3523
3902 4 2 1 1 3937 3245 3766 2530
3903 4 2 1 1 1018 1225 1224 2683
3904 4 2 1 1 458 2753 278 3668
3905 4 2 1 1 2110 2055 2057 3355
3906 4 2 1 1 1578 3930 3072 4011
3907 4 2 1 1 2253 3172 2626 4076
3908 4 2 1 1 2366 2768 3909 4015
3909 4 2 1 1 2431 2858 3009 3846
3910 4 2 1 1 2773 2368 2847 4163
3911 4 2 1 1 2349 2671 2774 3578
3912 4 2 1 1 4643 3984 2228 192
3913 4 2 1 1 2629 2312 3231 4077
3914 4 2 1 1 2752 2382 3274 3542
3915 4 2 1 1 1230 3194 4084 4468
3916 4 2 1 1 2571 3021 2917 3674
3917 4 2 1 1 1078 2965 3111 4055
3918 4 2 1 1 2768 3066 2417 3909
3919 4 2 1 1 3805 4125 3408 4501
3920 4 2 1 1 2382 2960 2744 4449
3921 4 2 1 1 2722 3541 1056 4078
3922 4 2 1 1 1862 1958 1959 2651
3923 4 2 1 1 772 3164 3577 4056
3924 4 2 1 1 3470 3207 1917 3672
3925 4 2 1 1 2622 3222 4071 4554
3926 4 2 1 1 2464 2913 2727 4017
3927 4 2 1 1 2386 2704 3460 4477
3928 4 2 1 1 870 3205 774 4287
3929 4 2 1 1 1592 2655 1688 4327
3930 4 2 1 1 332 338 341 3262
3931 4 2 1 1 3134 3311 609 3844
3932 4 2 1 1 674 3570 2699 4035
3933 4 2 1 1 283 2692 4132 485
3934 4 2 1 1 1261 125 1037 2947
3935 4 2 1 1 125 1002 778 2947
3936 4 2 1 1 167 4045 3778 4174
3937 4 2 1 1 1426 2800 3395 1424
3938 4 2 1 1 1448 2848 1327 1325
3939 4 2 1 1 4464 2441 3239 2665
3940 4 2 1 1 2457 2993 3681 3825
3941 4 2 1 1 4134 2977 3830 2661
3942 4 2 1 1 3337 3621 3934 2613
3943 4 2 1 1 685 3324 3263 4552
3944 4 2 1 1 1810 1809 3364 4002
3945 4 2 1 1 1596 3440 2612 4194
3946 4 2 1 1 2833 3496 2383 3815
3947 4 2 1 1 2288 3492 2607 3837
3948 4 2 1 1 277 4636 3005 4623
3949 4 2 1 1 2437 2916 2796 3831
3950 4 2 1 1 1665 2732 3989 3519
3951 4 2 1 1 2414 3225 3024 3812
3952 4 2 1 1 2320 3627 2881 4510
3953 4 2 1 1 4618 2048 4642 3152
3954 4 2 1 1 3298 2870 3517 4441
3955 4 2 1 1 2450 2776 2998 4276
3956 4 2 1 1 2760 2472 3915 4422
3957 4 2 1 1 2560 3256 3368 3832
3958 4 2 1 1 2876 3670 2471 4266
3959 4 2 1 1 1223 1017 180 3359
3960 4 2 1 1 938 3037 753 4287
3961 4 2 1 1 2518 2895 3713 3971
3962 4 2 1 1 2576 1921 3041 4015
3963 4 2 1 1 2887 2669 3667 3941
3964 4 2 1 1 4488 2087 2089 2185
3965 4 2 1 1 2064 3146 2641 3653
3966 4 2 1 1 2679 3094 2451 3982
3967 4 2 1 1 2691 3009 2858 4279
3968 4 2 1 1 2004 3041 2775 3391
3969 4 2 1 1 1322 2980 3185 3020
3970 4 2 1 1 2428 3740 2751 4556
3971 4 2 1 1 2301 3900 2918 2533
3972 4 2 1 1 1661 3636 3133 3989
3973 4 2 1 1 2264 3626 3974 4118
3974 4 2 1 1 1363 4389 3779 1359
3975 4 2 1 1 2838 2536 3654 3683
3976 4 2 1 1 3931 396 3307 395
3977 4 2 1 1 928 3161 3119 4567
3978 4 2 1 1 4069 4166 2792 4330
3979 4 2 1 1 2759 2878 2416 3875
3980 4 2 1 1 3665 3317 4105 2455
3981 4 2 1 1 828 3289 824 3334
3982 4 2 1 1 2726 3283 2448 3728
3983 4 2 1 1 3496 3379 3484 2585
3984 4 2 1 1 2988 2841 3555 3854
3985 4 2 1 1 1449 3220 2839 4101
3986 4 2 1 1 1273 3209 1481 4437
3987 4 2 1 1 2650 3113 2391 3257
3988 4 2 1 1 1461 1399 1372 3342
3989 4 2 1 1 2609 3520 2807 3523
3990 4 2 1 1 2450 2998 2776 4019
3991 4 2 1 1 2981 4384 3789 4083
3992 4 2 1 1 567 568 3496 3815
3993 4 2 1 1 2738 3544 2305 3733
3994 4 2 1 1 2384 3646 3077 3662
3995 4 2 1 1 2638 2693 2264 2710
3996 4 2 1 1 3242 3759 3183 3953
3997 4 2 1 1 1966 2863 1837 4173
3998 4 2 1 1 2548 3048 2973 3183
3999 4 2 1 1 1356 3593 2873 3890
4000 4 2 1 1 1058 1056 2722 3652
4001 4 2 1 1 2351 3047 3002 3087
4002 4 2 1 1 1281 1466 1383 2683
4003 4 2 1 1 4270 3648 4219 3499
4004 4 2 1 1 1271 1399 1461 3342
4005 4 2 1 1 826 901 2682 3709
4006 4 2 1 1 3115 2380 4060 4062
4007 4 2 1 1 789 3547 2918 4409
4008 4 2 1 1 2864 3008 719 4500
4009 4 2 1 1 1286 4326 1475 3319
4010 4 2 1 1 524 2689 4532 3757
4011 4 2 1 1 2831 2944 2448 3608
4012 4 2 1 1 3674 3931 2571 375
4013 4 2 1 1 4243 2986 1944 3309
4014 4 2 1 1 2925 3717 4192 3305
4015 4 2 1 1 1435 3938 1434 3955
4016 4 2 1 1 2469 3913 3509 4181
4017 4 2 1 1 2380 3115 2826 4062
4018 4 2 1 1 3105 2290 2725 2391
4019 4 2 1 1 2350 3336 2592 3543
4020 4 2 1 1 822 926 934 2816
4021 4 2 1 1 2810 3188 2461 3624
4022 4 2 1 1 2325 3723 2573 4345
4023 4 2 1 1 2642 3737 1629 4153
4024 4 2 1 1 993 3407 2594 4114
4025 4 2 1 1 1076 2965 1074 3907
4026 4 2 1 1 4618 2048 154 4642
4027 4 2 1 1 3156 4367 2301 4426
4028 4 2 1 1 337 2781 351 3807
4029 4 2 1 1 3830 3955 2475 2631
4030 4 2 1 1 2198 2227 2859 3817
4031 4 2 1 1 577 561 682 2913
4032 4 2 1 1 2424 3059 2866 3671
4033 4 2 1 1 4305 3477 1544 3144
4034 4 2 1 1 2436 3297 2905 3912
4035 4 2 1 1 3885 4115 2854 3176
4036 4 2 1 1 1189 1188 3501 4013
4037 4 2 1 1 1357 3593 1356 3890
4038 4 2 1 1 3581 3687 3688 3097
4039 4 2 1 1 2208 4642 4438 4593
4040 4 2 1 1 2256 2729 2960 3806
4041 4 2 1 1 623 3400 3324 4552
4042 4 2 1 1 2782 2915 2489 2265
4043 4 2 1 1 3743 2562 4014 4152
4044 4 2 1 1 4305 1544 3477 1631
4045 4 2 1 1 4199 2378 2875 3803
4046 4 2 1 1 2612 3934 3621 4286
4047 4 2 1 1 1176 3885 2879 4235
4048 4 2 1 1 2818 3291 3120 2703
4049 4 2 1 1 2386 3351 2704 4477
4050 4 2 1 1 636 739 606 3479
4051 4 2 1 1 1439 3620 1332 4470
4052 4 2 1 1 1056 1155 1058 2722
4053 4 2 1 1 2842 3335 891 3732
4054 4 2 1 1 548 2744 3326 4496
4055 4 2 1 1 1478 2679 4564 3982
4056 4 2 1 1 685 3324 504 4211
4057 4 2 1 1 3430 3816 2968 2363
4058 4 2 1 1 1390 3007 1361 4066
4059 4 2 1 1 3746 3773 2490 4197
4060 4 2 1 1 2463 2959 2833 3933
4061 4 2 1 1 2833 2959 2340 3933
4062 4 2 1 1 2362 3047 2992 3914
4063 4 2 1 1 2811 3594 1718 3765
4064 4 2 1 1 3363 3718 2539 3497
4065 4 2 1 1 524 2689 3757 526
4066 4 2 1 1 933 934 2816 3250
4067 4 2 1 1 1740 3846 3009 4279
4068 4 2 1 1 1886 3317 1962 3707
4069 4 2 1 1 2482 2873 3295 3927
4070 4 2 1 1 2331 3841 2902 4519
4071 4 2 1 1 1811 3481 3364 4312
4072 4 2 1 1 4508 3622 3620 2675
4073 4 2 1 1 2325 2639 3190 2329
4074 4 2 1 1 2401 2990 2891 3086
4075 4 2 1 1 1621 3067 1634 4466
4076 4 2 1 1 3880 3975 590 3092
4077 4 2 1 1 1992 1791 1929 3327
4078 4 2 1 1 892 3026 840 3160
4079 4 2 1 1 701 694 511 3638
4080 4 2 1 1 683 578 3263 3767
4081 4 2 1 1 4642 2048 4438 3152
4082 4 2 1 1 912 3204 3962 4343
4083 4 2 1 1 2816 836 820 926
4084 4 2 1 1 2383 3484 3371 3496
4085 4 2 1 1 4241 2716 2565 3683
4086 4 2 1 1 2375 3026 2720 3795
4087 4 2 1 1 4046 1351 1349 1389
4088 4 2 1 1 678 548 550 2744
4089 4 2 1 1 4231 2494 2861 3707
4090 4 2 1 1 3805 4376 4041 4501
4091 4 2 1 1 1665 2732 3519 4457
4092 4 2 1 1 1176 3510 3885 4235
4093 4 2 1 1 2547 3229 1072 3108
4094 4 2 1 1 2486 2374 3076 4240
4095 4 2 1 1 3880 590 3975 650
4096 4 2 1 1 1887 1859 2894 3546
4097 4 2 1 1 2603 3876 3236 3949
4098 4 2 1 1 2814 3596 3525 4378
4099 4 2 1 1 2335 3390 3382 2499
4100 4 2 1 1 3826 4577 1526 1659
4101 4 2 1 1 2571 3021 4166 2668
4102 4 2 1 1 1375 1368 3077 3312
4103 4 2 1 1 2458 2695 3961 4031
4104 4 2 1 1 2956 3050 2313 3494
4105 4 2 1 1 3001 2464 2298 4530
4106 4 2 1 1 1189 3201 2662 3501
4107 4 2 1 1 2463 3640 2797 4009
4108 4 2 1 1 852 828 3334 3872
4109 4 2 1 1 4642 154 155 2048
4110 4 2 1 1 1881 3188 1950 1839
4111 4 2 1 1 2208 4642 4593 155
4112 4 2 1 1 1177 3261 4570 1167
4113 4 2 1 1 714 719 660 3008
4114 4 2 1 1 950 948 3256 3832
4115 4 2 1 1 2042 4641 4610 123
4116 4 2 1 1 2721 4110 1302 4127
4117 4 2 1 1 3654 3535 3619 2633
4118 4 2 1 1 1103 1104 1101 2705
4119 4 2 1 1 2325 2933 2639 2329
4120 4 2 1 1 3752 511 641 2886
4121 4 2 1 1 3379 3484 2585 4530
4122 4 2 1 1 1326 1325 2848 3020
4123 4 2 1 1 3674 3931 375 396
4124 4 2 1 1 3270 3946 2809 4492
4125 4 2 1 1 2912 3359 1017 4216
4126 4 2 1 1 349 3163 3959 4098
4127 4 2 1 1 2390 3060 3059 3471
4128 4 2 1 1 2409 2801 3503 4091
4129 4 2 1 1 3054 3263 578 3767
4130 4 2 1 1 2531 3678 3343 2085
4131 4 2 1 1 2751 3750 2428 3921
4132 4 2 1 1 2535 2915 2782 3567
4133 4 2 1 1 397 2753 3708 278
4134 4 2 1 1 1756 1546 3290 3321
4135 4 2 1 1 123 122 2201 4641
4136 4 2 1 1 2533 3628 3613 4426
4137 4 2 1 1 4575 3757 4532 3399
4138 4 2 1 1 281 2932 483 3477
4139 4 2 1 1 3421 3556 4155 2373
4140 4 2 1 1 1888 2945 3147 4225
4141 4 2 1 1 2042 4641 123 2201
4142 4 2 1 1 2547 1072 3229 1085
4143 4 2 1 1 4347 4248 3275 2600
4144 4 2 1 1 1879 3327 2769 4221
4145 4 2 1 1 1370 3646 3077 4404
4146 4 2 1 1 3752 641 511 695
4147 4 2 1 1 456 363 393 3257
4148 4 2 1 1 292 4606 47 447
4149 4 2 1 1 1108 1094 2943 3506
4150 4 2 1 1 3198 3340 2583 4380
4151 4 2 1 1 3173 3304 2765 3445
4152 4 2 1 1 3555 2841 3369 3854
4153 4 2 1 1 2742 3577 3164 4056
4154 4 2 1 1 3177 4377 3991 2816
4155 4 2 1 1 2996 3144 2380 3533
4156 4 2 1 1 2405 2875 2677 3372
4157 4 2 1 1 898 3273 2845 3686
4158 4 2 1 1 1108 2715 1084 3506
4159 4 2 1 1 4402 3113 3281 3114
4160 4 2 1 1 1409 2698 1373 3469
4161 4 2 1 1 4581 1806 4026 233
4162 4 2 1 1 2366 2887 2888 2889
4163 4 2 1 1 1571 1572 2756 4012
4164 4 2 1 1 433 371 419 4098
4165 4 2 1 1 2599 4041 4376 4501
4166 4 2 1 1 410 3552 3383 3559
4167 4 2 1 1 2609 3396 2508 4016
4168 4 2 1 1 2421 2875 3589 3803
4169 4 2 1 1 766 3639 3407 4114
4170 4 2 1 1 2340 2959 2690 3933
4171 4 2 1 1 2964 3992 1584 4327
4172 4 2 1 1 2214 4641 122 4591
4173 4 2 1 1 2894 1887 2623 4061
4174 4 2 1 1 2502 2308 3239 4165
4175 4 2 1 1 1559 1558 1557 2903
4176 4 2 1 1 1408 3852 3769 4177
4177 4 2 1 1 2518 2895 3092 4207
4178 4 2 1 1 2632 2927 3224 4440
4179 4 2 1 1 3324 3691 721 4211
4180 4 2 1 1 2921 2352 3269 4406
4181 4 2 1 1 918 3164 957 4056
4182 4 2 1 1 1351 3295 2891 3935
4183 4 2 1 1 841 3780 3160 4280
4184 4 2 1 1 3152 3308 2505 3981
4185 4 2 1 1 2742 2432 3517 4256
4186 4 2 1 1 312 2667 310 3926
4187 4 2 1 1 2214 4641 4591 3311
4188 4 2 1 1 3050 3494 537 4207
4189 4 2 1 1 2948 3360 2712 3572
4190 4 2 1 1 2633 2837 2336 2838
4191 4 2 1 1 2147 2595 3782 3984
4192 4 2 1 1 772 3577 137 4056
4193 4 2 1 1 2386 4217 4365 2704
4194 4 2 1 1 2513 3183 3048 3789
4195 4 2 1 1 2996 3533 2380 4106
4196 4 2 1 1 2380 2826 3396 3533
4197 4 2 1 1 2399 2920 3090 3523
4198 4 2 1 1 2920 2807 4082 4470
4199 4 2 1 1 1263 1110 3096 3453
4200 4 2 1 1 948 3256 2829 4346
4201 4 2 1 1 2201 3073 4641 3311
4202 4 2 1 1 2386 2704 3129 3460
4203 4 2 1 1 1571 2756 3367 4012
4204 4 2 1 1 3320 4362 1931 4392
4205 4 2 1 1 3991 3637 3177 2816
4206 4 2 1 1 2703 2519 3427 4348
4207 4 2 1 1 2923 3364 2434 3838
4208 4 2 1 1 2910 3438 2370 4335
4209 4 2 1 1 947 898 984 3513
4210 4 2 1 1 2815 3400 2393 3632
4211 4 2 1 1 571 2929 634 4215
4212 4 2 1 1 2239 4640 4614 266
4213 4 2 1 1 1355 1357 1356 3890
4214 4 2 1 1 4619 1378 4048 2771
4215 4 2 1 1 4393 3362 3134 743
4216 4 2 1 1 3007 3125 2452 4066
4217 4 2 1 1 2252 3004 2664 3292
4218 4 2 1 1 1225 2683 1018 3478
4219 4 2 1 1 1154 3123 4162 3126
4220 4 2 1 1 2995 3497 2539 3893
4221 4 2 1 1 2894 2623 3564 2348
4222 4 2 1 1 4243 1944 2986 1830
4223 4 2 1 1 801 2682 901 3684
4224 4 2 1 1 1346 2673 3508 4322
4225 4 2 1 1 2314 2993 3713 3971
4226 4 2 1 1 403 2745 421 3873
4227 4 2 1 1 2270 2654 3015 3610
4228 4 2 1 1 265 266 4640 2231
4229 4 2 1 1 1514 2826 1292 4336
4230 4 2 1 1 4451 4309 4068 2805
4231 4 2 1 1 1330 3622 4508 1445
4232 4 2 1 1 1905 2686 73 3464
4233 4 2 1 1 2920 3898 2399 4487
4234 4 2 1 1 4640 4592 2231 3415
4235 4 2 1 1 2736 3957 3191 3973
4236 4 2 1 1 2239 4640 266 2231
4237 4 2 1 1 3425 3032 2652 2429
4238 4 2 1 1 4640 4592 265 2231
4239 4 2 1 1 428 3192 336 3228
4240 4 2 1 1 2611 2465 3814 3033
4241 4 2 1 1 2391 3257 3113 3281
4242 4 2 1 1 2507 3113 3257 3281
4243 4 2 1 1 4041 4288 3343 2466
4244 4 2 1 1 2732 3171 2530 4457
4245 4 2 1 1 422 2745 403 4142
4246 4 2 1 1 733 73 628 2686
4247 4 2 1 1 2387 2721 3300 3700
4248 4 2 1 1 2705 3913 3126 4429
4249 4 2 1 1 1074 2965 3229 3907
4250 4 2 1 1 3182 3278 2440 3181
4251 4 2 1 1 2572 2991 2938 4113
4252 4 2 1 1 3176 4115 2854 3903
4253 4 2 1 1 2399 3523 3524 4536
4254 4 2 1 1 2434 2814 2620 3596
4255 4 2 1 1 3199 3539 2733 3740
4256 4 2 1 1 2545 3320 3046 3687
4257 4 2 1 1 2390 3059 3058 3471
4258 4 2 1 1 3099 2938 3882 2431
4259 4 2 1 1 2603 3236 2974 3949
4260 4 2 1 1 2681 3195 2491 3592
4261 4 2 1 1 733 2686 628 4005
4262 4 2 1 1 2732 2869 2359 3794
4263 4 2 1 1 1411 1340 1412 3374
4264 4 2 1 1 1784 3846 1982 3099
4265 4 2 1 1 1697 1700 1589 3023
4266 4 2 1 1 1677 1768 1673 2520
4267 4 2 1 1 2625 3438 2910 4335
4268 4 2 1 1 4211 760 4478 985
4269 4 2 1 1 2478 4160 3233 4383
4270 4 2 1 1 400 2740 307 3493
4271 4 2 1 1 966 4634 2900 3124
4272 4 2 1 1 1264 2787 131 132
4273 4 2 1 1 2913 3767 682 4017
4274 4 2 1 1 3692 3341 3553 2527
4275 4 2 1 1 2639 2933 2478 2329
4276 4 2 1 1 2525 2856 3886 4122
4277 4 2 1 1 1264 2787 132 4089
4278 4 2 1 1 2204 264 263 4639
4279 4 2 1 1 2103 2830 3746 4341
4280 4 2 1 1 792 2984 793 3468
4281 4 2 1 1 4579 2031 68 1783
4282 4 2 1 1 2917 3021 2400 3674
4283 4 2 1 1 2507 3281 3257 3749
4284 4 2 1 1 2302 3288 3954 4395
4285 4 2 1 1 4670 2753 278 3708
4286 4 2 1 1 3379 3484 4530 2340
4287 4 2 1 1 1889 1912 3421 4208
4288 4 2 1 1 4329 4584 3904 692
4289 4 2 1 1 2519 3120 2703 3673
4290 4 2 1 1 2501 2809 2646 3270
4291 4 2 1 1 2741 2941 2335 3568
4292 4 2 1 1 792 793 791 3468
4293 4 2 1 1 3652 3940 2447 3944
4294 4 2 1 1 2172 3808 2079 4004
4295 4 2 1 1 2698 3438 1373 3469
4296 4 2 1 1 3159 3372 2405 4425
4297 4 2 1 1 2563 3208 3928 4536
4298 4 2 1 1 490 4619 2771 293
4299 4 2 1 1 3188 3554 2863 4103
4300 4 2 1 1 1632 3115 1763 4060
4301 4 2 1 1 2873 3856 2698 3927
4302 4 2 1 1 2474 3044 3754 3755
4303 4 2 1 1 4143 4331 2541 2712
4304 4 2 1 1 2909 3059 2424 3947
4305 4 2 1 1 2946 3889 2307 4193
4306 4 2 1 1 2387 4315 2483 3631
4307 4 2 1 1 1791 3327 2739 3882
4308 4 2 1 1 982 99 3691 4211
4309 4 2 1 1 779 3752 3308 3981
4310 4 2 1 1 2472 2910 3444 3826
4311 4 2 1 1 3035 3873 3493 2621
4312 4 2 1 1 493 4653 2826 288
4313 4 2 1 1 4639 263 2204 2049
4314 4 2 1 1 4639 2049 2204 3601
4315 4 2 1 1 1808 2691 4312 3364
4316 4 2 1 1 535 3050 537 4207
4317 4 2 1 1 1736 3896 1682 4405
4318 4 2 1 1 849 3203 2790 3676
4319 4 2 1 1 405 4581 404 442
4320 4 2 1 1 3694 4130 3093 3982
4321 4 2 1 1 2535 3567 3036 4351
4322 4 2 1 1 1677 2811 3012 2520
4323 4 2 1 1 3150 2323 2579 4418
4324 4 2 1 1 2597 4350 3229 4410
4325 4 2 1 1 3095 3577 2432 3736
4326 4 2 1 1 2011 2623 1887 4061
4327 4 2 1 1 3156 2301 4409 4426
4328 4 2 1 1 1295 4577 1469 217
4329 4 2 1 1 4420 342 3028 2596
4330 4 2 1 1 2326 3856 2873 3927
4331 4 2 1 1 2642 3163 379 3522
4332 4 2 1 1 4639 4592 2204 264
4333 4 2 1 1 548 3193 662 3326
4334 4 2 1 1 2810 1841 1839 1881
4335 4 2 1 1 2495 2935 2986 2381
4336 4 2 1 1 2618 939 4020 3247
4337 4 2 1 1 3982 4585 205 1479
4338 4 2 1 1 2023 2791 1912 4208
4339 4 2 1 1 2634 3023 2354 3316
4340 4 2 1 1 2610 2471 3285 3862
4341 4 2 1 1 3157 3992 2964 4327
4342 4 2 1 1 2404 2499 2852 3603
4343 4 2 1 1 2981 4384 4083 3505
4344 4 2 1 1 2606 2961 3837 4365
4345 4 2 1 1 2155 3862 3159 4033
4346 4 2 1 1 2592 2403 3094 3314
4347 4 2 1 1 4639 4592 3601 2204
4348 4 2 1 1 3940 3944 2722 4203
4349 4 2 1 1 3406 1868 1866 3413
4350 4 2 1 1 2921 2413 2618 3269
4351 4 2 1 1 4581 52 6 1769
4352 4 2 1 1 1791 3074 250 2739
4353 4 2 1 1 1589 3887 3023 4011
4354 4 2 1 1 714 3008 660 4273
4355 4 2 1 1 3026 3160 2375 4502
4356 4 2 1 1 4041 4288 2466 3380
4357 4 2 1 1 4579 3787 4521 2031
4358 4 2 1 1 1648 3458 1650 3858
4359 4 2 1 1 3461 4492 2646 4493
4360 4 2 1 1 120 4644 119 2217
4361 4 2 1 1 2923 3406 2538 3481
4362 4 2 1 1 2458 3809 3102 4242
4363 4 2 1 1 2212 2055 3355 4272
4364 4 2 1 1 1959 3584 2651 4232
4365 4 2 1 1 3406 3413 1866 3378
4366 4 2 1 1 3985 2250 2045 3623
4367 4 2 1 1 735 69 70 3904
4368 4 2 1 1 2742 3164 2432 4256
4369 4 2 1 1 2927 2575 2476 2934
4370 4 2 1 1 3191 3973 3957 4518
4371 4 2 1 1 4615 4581 1769 52
4372 4 2 1 1 2949 2987 2341 4394
4373 4 2 1 1 2424 2909 2866 3059
4374 4 2 1 1 3071 3719 3341 4098
4375 4 2 1 1 2630 3666 3549 4310
4376 4 2 1 1 1856 1931 4362 4392
4377 4 2 1 1 2478 3727 4203 2329
4378 4 2 1 1 1298 2625 3700 4127
4379 4 2 1 1 2538 3406 3325 4125
4380 4 2 1 1 4664 2193 2045 3985
4381 4 2 1 1 2567 2874 2271 3860
4382 4 2 1 1 4615 4581 3234 1769
4383 4 2 1 1 596 639 2765 3988
4384 4 2 1 1 2841 3635 924 4478
4385 4 2 1 1 2642 3522 379 3986
4386 4 2 1 1 595 2792 2668 4330
4387 4 2 1 1 4236 2331 4434 3279
4388 4 2 1 1 520 3073 3752 703
4389 4 2 1 1 3408 2843 3398 4123
4390 4 2 1 1 1715 3074 249 4057
4391 4 2 1 1 3014 2942 2556 4537
4392 4 2 1 1 2688 3225 3887 3812
4393 4 2 1 1 2605 3117 2465 3413
4394 4 2 1 1 281 481 483 2932
4395 4 2 1 1 1104 1103 1118 3126
4396 4 2 1 1 2540 3163 2861 3385
4397 4 2 1 1 2393 2744 2960 4449
4398 4 2 1 1 2018 56 55 4638
4399 4 2 1 1 3133 3519 1731 3989
4400 4 2 1 1 2351 2761 3255 3823
4401 4 2 1 1 2892 3526 3972 2559
4402 4 2 1 1 3229 3843 3644 4410
4403 4 2 1 1 2341 4394 2987 4529
4404 4 2 1 1 2419 3103 2662 3495
4405 4 2 1 1 55 2018 4638 1800
4406 4 2 1 1 1065 3820 3453 1063
4407 4 2 1 1 1691 2569 3881 3929
4408 4 2 1 1 2018 4638 1800 4231
4409 4 2 1 1 2419 2662 3103 3184
4410 4 2 1 1 1649 3458 3055 4476
4411 4 2 1 1 2911 2596 2501 2809
4412 4 2 1 1 2701 2794 2348 3178
4413 4 2 1 1 2902 3841 2628 4519
4414 4 2 1 1 3077 2384 4404 3646
4415 4 2 1 1 2071 2064 2641 4156
4416 4 2 1 1 3141 2707 3302 3977
4417 4 2 1 1 1649 1650 3458 4476
4418 4 2 1 1 2668 2924 3647 2300
4419 4 2 1 1 1730 2719 1729 242
4420 4 2 1 1 159 160 978 4628
4421 4 2 1 1 2798 3244 3232 4401
4422 4 2 1 1 2292 2743 3236 2666
4423 4 2 1 1 2329 3267 3039 4213
4424 4 2 1 1 2766 3945 1132 4050
4425 4 2 1 1 2769 3446 3346 3550
4426 4 2 1 1 1809 1807 1808 4279
4427 4 2 1 1 476 3959 431 376
4428 4 2 1 1 2124 3351 2704 4488
4429 4 2 1 1 831 830 825 3289
4430 4 2 1 1 2006 1881 1882 3624
4431 4 2 1 1 4638 4607 2018 56
4432 4 2 1 1 596 2765 3445 3988
4433 4 2 1 1 740 2669 3566 3699
4434 4 2 1 1 2760 3353 3042 4269
4435 4 2 1 1 2550 3720 2962 2706
4436 4 2 1 1 739 657 3362 3819
4437 4 2 1 1 4137 3101 4486 2711
4438 4 2 1 1 2773 2847 2368 2933
4439 4 2 1 1 424 3206 421 3140
4440 4 2 1 1 2830 3252 2522 4341
4441 4 2 1 1 2426 2643 2872 4113
4442 4 2 1 1 427 3192 4204 4354
4443 4 2 1 1 3701 4283 3968 2943
4444 4 2 1 1 2231 2038 2238 3415
4445 4 2 1 1 2623 3089 3564 2422
4446 4 2 1 1 960 889 874 4139
4447 4 2 1 1 2351 4085 2963 4144
4448 4 2 1 1 2323 2767 3210 3211
4449 4 2 1 1 594 2792 665 3299
4450 4 2 1 1 339 4420 3028 4059
4451 4 2 1 1 2409 3441 2727 2340
4452 4 2 1 1 2248 2985 2207 3710
4453 4 2 1 1 678 3193 2744 3542
4454 4 2 1 1 2493 3409 2504 4526
4455 4 2 1 1 2318 3183 3048 3776
4456 4 2 1 1 2387 2963 3350 3631
4457 4 2 1 1 2138 3710 3351 4081
4458 4 2 1 1 2600 3275 4347 4454
4459 4 2 1 1 2577 3014 2578 3536
4460 4 2 1 1 2853 2867 3470 4364
4461 4 2 1 1 2005 3502 2719 3624
4462 4 2 1 1 1936 2033 2020 3231
4463 4 2 1 1 2499 4244 3382 4372
4464 4 2 1 1 4638 4607 4231 2018
4465 4 2 1 1 2620 2434 3486 4294
4466 4 2 1 1 3592 3243 3904 668
4467 4 2 1 1 2406 2347 3104 2577
4468 4 2 1 1 3092 644 590 3634
4469 4 2 1 1 3489 3573 3377 3960
4470 4 2 1 1 1852 2944 3722 3797
4471 4 2 1 1 943 2741 3143 4265
4472 4 2 1 1 2542 3144 3477 4305
4473 4 2 1 1 2110 2212 2055 3355
4474 4 2 1 1 2086 3323 2674 3706
4475 4 2 1 1 4577 4507 4285 1469
4476 4 2 1 1 1062 3697 2803 3820
4477 4 2 1 1 4427 4000 2534 4126
4478 4 2 1 1 2650 3113 2357 4414
4479 4 2 1 1 2618 939 3247 3832
4480 4 2 1 1 2103 3746 2094 4341
4481 4 2 1 1 1590 3376 3811 2899
4482 4 2 1 1 2419 3103 3731 4363
4483 4 2 1 1 2788 3335 2377 4122
4484 4 2 1 1 575 643 590 3092
4485 4 2 1 1 3162 3514 785 3979
4486 4 2 1 1 2704 3349 2098 3828
4487 4 2 1 1 1459 3318 1405 3664
4488 4 2 1 1 2267 2528 2991 3643
4489 4 2 1 1 3379 3484 2340 2833
4490 4 2 1 1 2596 3618 2943 3693
4491 4 2 1 1 400 2740 3493 3552
4492 4 2 1 1 3304 3445 2544 3901
4493 4 2 1 1 2401 2625 3202 4335
4494 4 2 1 1 2546 2917 3307 4483
4495 4 2 1 1 986 2947 976 3275
4496 4 2 1 1 1155 2722 1056 4078
4497 4 2 1 1 2303 3064 3658 4146
4498 4 2 1 1 4199 2875 2378 3610
4499 4 2 1 1 4158 394 456 3205
4500 4 2 1 1 2650 2357 3429 4414
4501 4 2 1 1 2906 3024 2634 3812
4502 4 2 1 1 2774 2671 2259 3578
4503 4 2 1 1 2549 2891 2990 3086
4504 4 2 1 1 355 2707 356 3605
4505 4 2 1 1 1010 2943 3618 1250
4506 4 2 1 1 3533 3617 3396 2508
4507 4 2 1 1 251 2739 1537 3583
4508 4 2 1 1 174 3194 1013 4326
4509 4 2 1 1 2377 3304 3173 3356
4510 4 2 1 1 2316 3526 2981 4323
4511 4 2 1 1 4465 3661 3707 2861
4512 4 2 1 1 3191 3621 3337 2320
4513 4 2 1 1 1936 2033 3231 4140
4514 4 2 1 1 1184 2943 1108 1250
4515 4 2 1 1 2434 4038 3486 4294
4516 4 2 1 1 851 943 2941 3143
4517 4 2 1 1 2372 3125 3725 4383
4518 4 2 1 1 2996 3807 2781 4106
4519 4 2 1 1 1791 251 1990 2739
4520 4 2 1 1 2797 3933 2463 4009
4521 4 2 1 1 1054 3039 1053 4027
4522 4 2 1 1 2401 3469 2625 4335
4523 4 2 1 1 3026 2653 3472 4139
4524 4 2 1 1 2605 2310 3814 3867
4525 4 2 1 1 2991 2643 2365 4184
4526 4 2 1 1 397 2753 278 458
4527 4 2 1 1 481 2932 281 3986
4528 4 2 1 1 2302 3312 2844 4368
4529 4 2 1 1 2473 2796 3161 4178
4530 4 2 1 1 3521 3952 904 4206
4531 4 2 1 1 2305 3653 4342 2908
4532 4 2 1 1 2495 3446 3309 4243
4533 4 2 1 1 2491 3958 3112 4284
4534 4 2 1 1 3789 3526 2568 4323
4535 4 2 1 1 190 189 2202 4637
4536 4 2 1 1 2303 2696 3064 4146
4537 4 2 1 1 2707 3383 356 3605
4538 4 2 1 1 2310 2617 3576 2793
4539 4 2 1 1 820 2630 819 4403
4540 4 2 1 1 4637 2163 189 2202
4541 4 2 1 1 2475 3830 3296 4431
4542 4 2 1 1 3395 2800 4129 4314
4543 4 2 1 1 2766 3439 2595 3747
4544 4 2 1 1 976 778 1002 2947
4545 4 2 1 1 1037 1232 1261 2947
4546 4 2 1 1 2983 3644 2462 3843
4547 4 2 1 1 1737 1527 3766 3937
4548 4 2 1 1 1751 2688 3225 3887
4549 4 2 1 1 2534 2880 2868 4319
4550 4 2 1 1 2913 2298 2464 4530
4551 4 2 1 1 2567 2271 3184 3860
4552 4 2 1 1 4077 3384 2381 3061
4553 4 2 1 1 1000 2588 864 865
4554 4 2 1 1 2277 2527 3301 3302
4555 4 2 1 1 2894 3057 1884 4061
4556 4 2 1 1 2597 2343 4410 2714
4557 4 2 1 1 2899 2516 3785 4024
4558 4 2 1 1 2229 3490 3075 4209
4559 4 2 1 1 1861 3165 1955 4542
4560 4 2 1 1 1715 3437 3074 4057
4561 4 2 1 1 2277 2527 3302 3692
4562 4 2 1 1 3256 912 3204 4346
4563 4 2 1 1 1802 270 271 4620
4564 4 2 1 1 2708 4506 3732 3676
4565 4 2 1 1 2631 3955 3020 4515
4566 4 2 1 1 4583 1247 164 3582
4567 4 2 1 1 1121 2766 1132 3747
4568 4 2 1 1 2353 4103 2810 4189
4569 4 2 1 1 1992 250 1791 3074
4570 4 2 1 1 2570 2337 3290 3672
4571 4 2 1 1 2282 3523 2578 3536
4572 4 2 1 1 4637 4626 2202 190
4573 4 2 1 1 570 2668 594 3815
4574 4 2 1 1 4637 4626 3075 2202
4575 4 2 1 1 2164 4637 3246 3075
4576 4 2 1 1 2992 3725 3091 3972
4577 4 2 1 1 2514 3616 3076 2297
4578 4 2 1 1 4158 456 394 393
4579 4 2 1 1 3617 1510 4636 42
4580 4 2 1 1 4096 4195 2342 4297
4581 4 2 1 1 2921 3127 2581 3836
4582 4 2 1 1 2352 3127 2921 3836
4583 4 2 1 1 2594 3407 2725 2290
4584 4 2 1 1 2628 2332 2724 4092
4585 4 2 1 1 1315 3048 2973 4080
4586 4 2 1 1 4620 2234 3423 4168
4587 4 2 1 1 2699 3371 2585 3496
4588 4 2 1 1 3316 3876 2354 2756
4589 4 2 1 1 1634 2642 1629 1775
4590 4 2 1 1 1283 3778 2661 2977
4591 4 2 1 1 1687 3157 2834 4569
4592 4 2 1 1 2420 2510 2925 3386
4593 4 2 1 1 1077 1079 1174 4055
4594 4 2 1 1 463 4598 3068 4633
4595 4 2 1 1 1849 2831 3797 3546
4596 4 2 1 1 3288 3662 2577 2615
4597 4 2 1 1 41 42 4636 1510
4598 4 2 1 1 1036 4637 1260 1233
4599 4 2 1 1 2420 2510 3386 3114
4600 4 2 1 1 3468 3489 2788 3960
4601 4 2 1 1 2699 2585 3371 4284
4602 4 2 1 1 2391 3114 2614 3281
4603 4 2 1 1 2053 3152 4272 2212
4604 4 2 1 1 2282 3179 2609 4016
4605 4 2 1 1 1267 4636 41 4623
4606 4 2 1 1 1510 3617 4636 4528
4607 4 2 1 1 2124 2704 2098 4488
4608 4 2 1 1 4505 4476 2481 3858
4609 4 2 1 1 3273 798 2708 4549
4610 4 2 1 1 2482 3295 2873 4382
4611 4 2 1 1 2468 3747 2705 3821
4612 4 2 1 1 2022 73 1905 2686
4613 4 2 1 1 4664 2045 2193 2246
4614 4 2 1 1 2946 3719 3889 4098
4615 4 2 1 1 1056 2722 3267 3541
4616 4 2 1 1 2932 1634 1522 3986
4617 4 2 1 1 2333 3910 3493 4544
4618 4 2 1 1 1054 1055 1053 3039
4619 4 2 1 1 2334 3602 3064 3658
4620 4 2 1 1 3152 3355 2505 4272
4621 4 2 1 1 1925 3871 2768 4015
4622 4 2 1 1 2274 2948 2460 3572
4623 4 2 1 1 2298 2780 2820 3958
4624 4 2 1 1 2349 2655 3213 4334
4625 4 2 1 1 1267 4636 4623 3005
4626 4 2 1 1 1837 2863 1840 3188
4627 4 2 1 1 573 600 3417 3771
4628 4 2 1 1 731 3417 2684 4114
4629 4 2 1 1 2686 2312 2752 3182
4630 4 2 1 1 2443 3083 2720 4277
4631 4 2 1 1 2919 3731 2590 4456
4632 4 2 1 1 2967 3297 2544 4054
4633 4 2 1 1 4464 660 712 659
4634 4 2 1 1 4464 712 660 2799
4635 4 2 1 1 2563 3396 3115 3866
4636 4 2 1 1 2724 3368 2628 3369
4637 4 2 1 1 2273 4480 3218 2971
4638 4 2 1 1 407 3275 2947 3786
4639 4 2 1 1 2479 3252 3012 3677
4640 4 2 1 1 2413 3286 3287 4391
4641 4 2 1 1 384 2932 3522 4333
4642 4 2 1 1 2631 2475 3020 3955
4643 4 2 1 1 1596 1653 3440 4194
4644 4 2 1 1 1751 3225 2688 3694
4645 4 2 1 1 1382 4636 3005 4528
4646 4 2 1 1 2784 2785 2474 3755
4647 4 2 1 1 2377 3377 2788 4053
4648 4 2 1 1 1120 1121 1119 3747
4649 4 2 1 1 2294 3456 2582 4531
4650 4 2 1 1 3728 3608 2944 4246
4651 4 2 1 1 455 394 3105 3500
4652 4 2 1 1 2381 3475 2935 4385
4653 4 2 1 1 1353 3890 2873 4382
4654 4 2 1 1 1439 1445 1330 4508
4655 4 2 1 1 4629 4635 35 1034
4656 4 2 1 1 1345 2973 1406 3769
4657 4 2 1 1 2716 2387 3560 4237
4658 4 2 1 1 2687 4298 3409 4560
4659 4 2 1 1 3089 3165 2623 3546
4660 4 2 1 1 3518 3088 3843 4134
4661 4 2 1 1 2531 3432 2672 3678
4662 4 2 1 1 609 4393 3134 743
4663 4 2 1 1 1852 1850 2944 3797
4664 4 2 1 1 2542 3144 4305 2380
4665 4 2 1 1 582 3339 576 575
4666 4 2 1 1 798 3676 896 3273
4667 4 2 1 1 34 35 4635 1034
4668 4 2 1 1 2527 3552 2855 2333
4669 4 2 1 1 1927 2605 3413 4313
4670 4 2 1 1 3078 3353 3079 4064
4671 4 2 1 1 785 784 3979 4356
4672 4 2 1 1 366 341 350 3106
4673 4 2 1 1 2599 2429 3465 3511
4674 4 2 1 1 588 589 2762 3362
4675 4 2 1 1 2518 3713 2993 3971
4676 4 2 1 1 550 2744 549 3632
4677 4 2 1 1 2441 3239 2665 3356
4678 4 2 1 1 1733 2746 3601 4592
4679 4 2 1 1 2753 3869 4471 3307
4680 4 2 1 1 2453 3162 2824 4461
4681 4 2 1 1 3125 2587 3914 4066
4682 4 2 1 1 2726 3085 3317 3696
4683 4 2 1 1 4629 4635 1034 3588
4684 4 2 1 1 1017 181 180 2912
4685 4 2 1 1 2887 3941 2366 4407
4686 4 2 1 1 1102 1145 2951 3545
4687 4 2 1 1 1252 4635 1034 34
4688 4 2 1 1 1124 4635 1252 3701
4689 4 2 1 1 625 2931 3479 3663
4690 4 2 1 1 724 4069 615 4330
4691 4 2 1 1 3651 4069 2678 4166
4692 4 2 1 1 3170 3375 2947 3786
4693 4 2 1 1 1545 4596 4666 4201
4694 4 2 1 1 2331 3054 2815 3850
4695 4 2 1 1 2053 3152 2212 2203
4696 4 2 1 1 3085 4105 3651 4481
4697 4 2 1 1 1062 1060 2803 3697
4698 4 2 1 1 2313 2956 3297 4054
4699 4 2 1 1 2108 2830 4341 3252
4700 4 2 1 1 3042 3353 2526 4269
4701 4 2 1 1 2921 3247 2618 4020
4702 4 2 1 1 892 874 840 3026
4703 4 2 1 1 2344 3145 2537 2422
4704 4 2 1 1 593 3193 678 3542
4705 4 2 1 1 1967 2015 3282 3835
4706 4 2 1 1 2589 3235 3181 3818
4707 4 2 1 1 1956 3165 2011 3418
4708 4 2 1 1 1285 3396 3115 1463
4709 4 2 1 1 4465 3661 2861 2540
4710 4 2 1 1 2369 2598 3885 3532
4711 4 2 1 1 2293 4539 3607 3189
4712 4 2 1 1 2218 4644 2047 3996
4713 4 2 1 1 2366 2768 3212 4366
4714 4 2 1 1 1124 4635 3701 3588
4715 4 2 1 1 2227 2219 2198 2859
4716 4 2 1 1 2740 3383 2400 2333
4717 4 2 1 1 641 2886 640 3844
4718 4 2 1 1 4123 4261 2843 2995
4719 4 2 1 1 2900 3589 2421 4296
4720 4 2 1 1 158 157 2210 4634
4721 4 2 1 1 2193 4664 2246 2216
4722 4 2 1 1 789 790 2918 3547
4723 4 2 1 1 3858 4476 1650 4505
4724 4 2 1 1 2516 3865 3606 4024
4725 4 2 1 1 1033 3075 4626 3490
4726 4 2 1 1 2349 3531 2774 4334
4727 4 2 1 1 1085 1202 1205 2547
4728 4 2 1 1 1730 2719 242 3502
4729 4 2 1 1 2351 2990 4110 4144
4730 4 2 1 1 2959 3248 2797 4357
4731 4 2 1 1 2715 2893 2369 4337
4732 4 2 1 1 2667 3775 2806 3926
4733 4 2 1 1 877 3468 2788 4400
4734 4 2 1 1 2444 2618 3587 4478
4735 4 2 1 1 1589 1695 3887 4011
4736 4 2 1 1 1941 2769 1879 3550
4737 4 2 1 1 1416 1268 1417 3340
4738 4 2 1 1 1893 1916 1917 2853
4739 4 2 1 1 4634 2039 2210 3124
4740 4 2 1 1 2375 3034 2720 3240
4741 4 2 1 1 1056 3267 2722 3652
4742 4 2 1 1 2359 3433 3254 3794
4743 4 2 1 1 2698 2958 2370 4335
4744 4 2 1 1 1660 1645 4116 3055
4745 4 2 1 1 526 2689 2998 3899
4746 4 2 1 1 1480 1467 2754 3508
4747 4 2 1 1 2957 2500 4367 4280
4748 4 2 1 1 2904 3528 2447 3529
4749 4 2 1 1 3033 3431 2506 3814
4750 4 2 1 1 1122 2844 1248 3132
4751 4 2 1 1 3763 4004 3808 2885
4752 4 2 1 1 3150 2767 3211 2381
4753 4 2 1 1 4634 2039 157 2210
4754 4 2 1 1 3595 3597 2819 3614
4755 4 2 1 1 2731 2958 4075 3079
4756 4 2 1 1 2609 2282 3524 3179
4757 4 2 1 1 4634 4603 2210 158
4758 4 2 1 1 2438 3320 3046 4362
4759 4 2 1 1 2627 3263 2444 3324
4760 4 2 1 1 4634 2210 2900 3124
4761 4 2 1 1 681 2833 565 3379
4762 4 2 1 1 2639 3190 3039 4027
4763 4 2 1 1 1013 174 1234 3194
4764 4 2 1 1 894 3335 2842 4206
4765 4 2 1 1 2611 3378 3863 4562
4766 4 2 1 1 498 3354 628 4140
4767 4 2 1 1 2448 2894 2726 3797
4768 4 2 1 1 3014 2556 2942 3192
4769 4 2 1 1 3122 3252 2520 4201
4770 4 2 1 1 2092 2995 2153 3497
4771 4 2 1 1 2347 3151 4508 2675
4772 4 2 1 1 1722 1537 251 2739
4773 4 2 1 1 4115 3176 4377 2685
4774 4 2 1 1 658 597 711 3793
4775 4 2 1 1 2769 2402 3598 4548
4776 4 2 1 1 2525 3335 2788 4122
4777 4 2 1 1 1241 1204 1239 2661
4778 4 2 1 1 1719 3238 3133 4057
4779 4 2 1 1 1649 1645 3055 3999
4780 4 2 1 1 2441 3521 2799 3911
4781 4 2 1 1 4634 4603 2900 2210
4782 4 2 1 1 1820 2872 3498 3822
4783 4 2 1 1 835 2842 891 3732
4784 4 2 1 1 4508 3620 3622 1330
4785 4 2 1 1 2293 2485 3006 3176
4786 4 2 1 1 4633 58 59 1799
4787 4 2 1 1 1684 3081 3766 1729
4788 4 2 1 1 2533 3082 3399 3738
4789 4 2 1 1 549 3632 2744 4496
4790 4 2 1 1 2005 243 1797 3937
4791 4 2 1 1 924 3635 760 4478
4792 4 2 1 1 2677 3372 4033 4425
4793 4 2 1 1 3009 3994 1740 4279
4794 4 2 1 1 2339 2754 3508 3769
4795 4 2 1 1 3652 3940 3944 2722
4796 4 2 1 1 2179 3159 2825 3802
4797 4 2 1 1 1814 2923 1811 3481
4798 4 2 1 1 688 3379 4321 679
4799 4 2 1 1 1062 2803 1160 3820
4800 4 2 1 1 2810 4103 3412 4189
4801 4 2 1 1 971 3022 3335 4206
4802 4 2 1 1 1537 2739 1637 3427
4803 4 2 1 1 3999 3698 2536 3458
4804 4 2 1 1 58 4633 1988 1799
4805 4 2 1 1 1475 1395 1396 3319
4806 4 2 1 1 3955 3938 1434 4515
4807 4 2 1 1 1944 2986 1830 1832
4808 4 2 1 1 1363 2698 1373 1362
4809 4 2 1 1 3529 3944 3940 4203
4810 4 2 1 1 2982 3078 2427 3291
4811 4 2 1 1 2348 3145 2623 3564
4812 4 2 1 1 2218 4644 2217 2047
4813 4 2 1 1 1854 2726 1853 3722
4814 4 2 1 1 176 1227 1226 3175
4815 4 2 1 1 2305 2795 2908 3660
4816 4 2 1 1 2875 3136 2677 3589
4817 4 2 1 1 2507 3113 3222 4447
4818 4 2 1 1 2829 982 3691 4211
4819 4 2 1 1 678 2744 550 3542
4820 4 2 1 1 384 3522 370 4333
4821 4 2 1 1 2694 3870 3737 4569
4822 4 2 1 1 2369 3730 2879 3885
4823 4 2 1 1 2985 3710 2248 4081
4824 4 2 1 1 2415 3763 2786 3808
4825 4 2 1 1 792 3547 2984 4317
4826 4 2 1 1 3196 4210 3977 2707
4827 4 2 1 1 3144 4060 2380 4062
4828 4 2 1 1 4633 1896 1988 1799
4829 4 2 1 1 2627 2444 3263 3841
4830 4 2 1 1 3592 3243 668 3599
4831 4 2 1 1 3977 4210 3196 2286
4832 4 2 1 1 1927 3413 2605 3378
4833 4 2 1 1 2809 3270 2911 4454
4834 4 2 1 1 3759 3241 3242 3183
4835 4 2 1 1 3095 2804 2446 4007
4836 4 2 1 1 4626 2229 3490 3075
4837 4 2 1 1 2977 1500 1498 4174
4838 4 2 1 1 3125 4383 3426 2683
4839 4 2 1 1 1318 3048 3374 1316
4840 4 2 1 1 2544 3304 3173 3445
4841 4 2 1 1 2709 4345 2840 4520
4842 4 2 1 1 871 856 869 3942
4843 4 2 1 1 2300 3307 2917 4483
4844 4 2 1 1 4633 1896 1799 3068
4845 4 2 1 1 3077 4404 2384 2807
4846 4 2 1 1 2669 3941 2887 4407
4847 4 2 1 1 2325 4345 2709 4520
4848 4 2 1 1 2501 2646 3222 3270
4849 4 2 1 1 2128 2091 2190 3760
4850 4 2 1 1 3251 3716 2659 3926
4851 4 2 1 1 3770 3929 4437 2569
4852 4 2 1 1 2983 3527 2462 3644
4853 4 2 1 1 1000 3152 2588 3981
4854 4 2 1 1 2289 2689 3613 4401
4855 4 2 1 1 1484 2985 3019 4101
4856 4 2 1 1 2311 2729 2960 3056
4857 4 2 1 1 775 154 155 4642
4858 4 2 1 1 1113 2657 3878 3132
4859 4 2 1 1 3113 3169 2507 3257
4860 4 2 1 1 1677 4596 4201 3012
4861 4 2 1 1 2607 3837 3492 4572
4862 4 2 1 1 2682 901 3684 3709
4863 4 2 1 1 2867 2106 3358 2134
4864 4 2 1 1 2470 2570 2337 3290
4865 4 2 1 1 3759 3242 3241 2922
4866 4 2 1 1 4317 790 792 3547
4867 4 2 1 1 533 643 575 3339
4868 4 2 1 1 2487 2621 4071 2622
4869 4 2 1 1 2602 3451 2430 3876
4870 4 2 1 1 2340 2959 2833 3484
4871 4 2 1 1 2379 2974 3236 3857
4872 4 2 1 1 2517 3084 2292 4159
4873 4 2 1 1 2695 2961 2458 3961
4874 4 2 1 1 2462 3843 3644 3907
4875 4 2 1 1 2668 3299 594 3815
4876 4 2 1 1 1084 3506 2715 4337
4877 4 2 1 1 1802 3423 3470 4168
4878 4 2 1 1 4615 482 4648 3234
4879 4 2 1 1 2992 2587 3725 3972
4880 4 2 1 1 2354 3337 2612 3934
4881 4 2 1 1 1335 1322 1324 3020
4882 4 2 1 1 1895 2015 3235 3282
4883 4 2 1 1 3037 2391 3205 4287
4884 4 2 1 1 4633 4598 1799 59
4885 4 2 1 1 176 175 1227 3175
4886 4 2 1 1 1663 3074 1715 3437
4887 4 2 1 1 2375 3609 3026 3993
4888 4 2 1 1 4046 1351 1389 3295
4889 4 2 1 1 2797 3248 2897 4483
4890 4 2 1 1 2491 3592 3195 4419
4891 4 2 1 1 2540 3178 3163 4522
4892 4 2 1 1 4633 4598 3068 1799
4893 4 2 1 1 2306 2504 3102 3827
4894 4 2 1 1 2400 3021 2442 3977
4895 4 2 1 1 2314 2952 2793 3655
4896 4 2 1 1 1590 3376 2899 1694
4897 4 2 1 1 334 4098 2946 371
4898 4 2 1 1 2839 3220 1449 3593
4899 4 2 1 1 424 3206 3140 3788
4900 4 2 1 1 2207 4632 4621 2985
4901 4 2 1 1 699 4582 2859 4155
4902 4 2 1 1 3229 3843 2547 3907
4903 4 2 1 1 2088 3706 2087 3828
4904 4 2 1 1 4317 792 790 791
4905 4 2 1 1 2207 4632 2985 2034
4906 4 2 1 1 2910 4064 3444 4335
4907 4 2 1 1 2763 3776 4384 3048
4908 4 2 1 1 1542 2642 1747 3234
4909 4 2 1 1 798 896 3676 796
4910 4 2 1 1 4451 4068 4309 2399
4911 4 2 1 1 2650 2357 3169 3422
4912 4 2 1 1 1167 2796 4570 1251
4913 4 2 1 1 1051 3997 2639 4027
4914 4 2 1 1 1981 1936 1935 4299
4915 4 2 1 1 1856 4362 3046 4392
4916 4 2 1 1 1121 1132 2766 3945
4917 4 2 1 1 229 228 2034 4632
4918 4 2 1 1 2589 2412 3282 3835
4919 4 2 1 1 1490 1487 1413 3100
4920 4 2 1 1 140 3095 762 3513
4921 4 2 1 1 2463 2833 2972 3933
4922 4 2 1 1 2187 3264 3490 4209
4923 4 2 1 1 2336 2838 2837 3758
4924 4 2 1 1 2690 2480 3394 3933
4925 4 2 1 1 2698 2370 3438 4335
4926 4 2 1 1 794 2984 3732 4423
4927 4 2 1 1 3378 3814 2605 4491
4928 4 2 1 1 2709 2264 2433 3625
4929 4 2 1 1 2628 2937 2332 4092
4930 4 2 1 1 2026 1971 1908 3231
4931 4 2 1 1 3742 2423 2800 3861
4932 4 2 1 1 2178 2181 2179 2825
4933 4 2 1 1 2719 2379 3857 2461
4934 4 2 1 1 2252 2493 2457 2953
4935 4 2 1 1 682 2913 561 3767
4936 4 2 1 1 3170 3693 3375 4167
4937 4 2 1 1 2470 2570 3290 3561
4938 4 2 1 1 895 875 2812 844
4939 4 2 1 1 1235 3435 3053 4084
4940 4 2 1 1 4122 2856 2309 2857
4941 4 2 1 1 3757 639 502 707
4942 4 2 1 1 860 3335 2788 4423
4943 4 2 1 1 4488 2087 3828 2089
4944 4 2 1 1 2691 3994 3009 4279
4945 4 2 1 1 3246 954 151 777
4946 4 2 1 1 2534 2657 4126 3954
4947 4 2 1 1 4139 2653 1126 3450
4948 4 2 1 1 383 366 350 3106
4949 4 2 1 1 2548 3627 3957 4510
4950 4 2 1 1 844 3675 2812 3780
4951 4 2 1 1 2134 2237 2236 3358
4952 4 2 1 1 4139 1126 2653 1011
4953 4 2 1 1 2349 3859 3531 4334
4954 4 2 1 1 1536 215 1714 3560
4955 4 2 1 1 4625 2050 3149 2206
4956 4 2 1 1 2386 2704 3351 4217
4957 4 2 1 1 989 2801 873 3227
4958 4 2 1 1 2605 2465 3378 3413
4959 4 2 1 1 2723 3839 3062 4306
4960 4 2 1 1 4632 4613 2034 229
4961 4 2 1 1 486 412 2996 3477
4962 4 2 1 1 1781 2945 3235 3464
4963 4 2 1 1 2336 2737 3433 3682
4964 4 2 1 1 407 3275 3786 466
4965 4 2 1 1 4632 4613 2985 2034
4966 4 2 1 1 2649 3039 3267 4213
4967 4 2 1 1 1565 2813 1564 3682
4968 4 2 1 1 2400 2442 3302 3977
4969 4 2 1 1 1615 2890 1708 3561
4970 4 2 1 1 2635 4260 4189 3448
4971 4 2 1 1 3049 3756 2874 4028
4972 4 2 1 1 4189 4260 2635 3412
4973 4 2 1 1 2719 3766 3245 3857
4974 4 2 1 1 2327 2954 2802 3625
4975 4 2 1 1 1029 2742 1171 4056
4976 4 2 1 1 2597 3644 2965 3903
4977 4 2 1 1 741 3311 3073 3844
4978 4 2 1 1 1044 3457 1048 4179
4979 4 2 1 1 3328 4052 3535 4116
4980 4 2 1 1 2508 3520 3005 4404
4981 4 2 1 1 2298 3585 3001 4530
4982 4 2 1 1 2441 2799 3239 3911
4983 4 2 1 1 2790 3203 849 4102
4984 4 2 1 1 3406 1868 3413 4169
4985 4 2 1 1 4528 1494 3617 3396
4986 4 2 1 1 3133 3636 3437 4318
4987 4 2 1 1 3763 3808 4004 2786
4988 4 2 1 1 2064 3653 2641 4156
4989 4 2 1 1 3674 3931 396 2917
4990 4 2 1 1 2353 3062 3487 4306
4991 4 2 1 1 798 2708 797 3676
4992 4 2 1 1 2648 4434 4259 2902
4993 4 2 1 1 3796 3888 4482 2680
4994 4 2 1 1 2751 2914 3548 4556
4995 4 2 1 1 2092 2058 3363 3718
4996 4 2 1 1 2309 3684 2682 3875
4997 4 2 1 1 4429 3492 3913 2288
4998 4 2 1 1 936 857 3305 4192
4999 4 2 1 1 2942 3192 417 3530
5000 4 2 1 1 2455 3085 3141 3696
5001 4 2 1 1 1791 1991 3327 3882
5002 4 2 1 1 2164 4637 3075 2202
5003 4 2 1 1 2301 3156 2823 3611
5004 4 2 1 1 2304 3170 2947 3786
5005 4 2 1 1 976 4631 4600 27
5006 4 2 1 1 1239 1204 1203 3201
5007 4 2 1 1 1184 3618 3375 3693
5008 4 2 1 1 1735 2746 1774 1521
5009 4 2 1 1 2348 2758 3145 2694
5010 4 2 1 1 2833 2959 2383 3484
5011 4 2 1 1 668 3243 580 3599
5012 4 2 1 1 3389 3517 2459 3925
5013 4 2 1 1 907 3401 946 3686
5014 4 2 1 1 2266 2452 3230 3725
5015 4 2 1 1 2649 3528 2926 3944
5016 4 2 1 1 1018 2683 3426 3478
5017 4 2 1 1 636 3479 2859 3996
5018 4 2 1 1 1386 2698 1373 1363
5019 4 2 1 1 3377 3387 2765 2788
5020 4 2 1 1 3377 3387 4276 2765
5021 4 2 1 1 2632 2927 2476 3224
5022 4 2 1 1 2918 4409 2301 4426
5023 4 2 1 1 625 514 2931 3663
5024 4 2 1 1 2667 3600 2487 4360
5025 4 2 1 1 27 26 773 4631
5026 4 2 1 1 2318 3048 3183 3789
5027 4 2 1 1 976 4631 27 773
5028 4 2 1 1 2534 2657 3954 3878
5029 4 2 1 1 2623 3145 2834 2422
5030 4 2 1 1 162 4281 1294 4132
5031 4 2 1 1 3194 2559 4084 4468
5032 4 2 1 1 1427 4382 1351 1353
5033 4 2 1 1 3128 3300 1282 3700
5034 4 2 1 1 2294 2582 2871 4531
5035 4 2 1 1 967 4631 26 4616
5036 4 2 1 1 1653 3440 3191 4505
5037 4 2 1 1 2920 2807 4470 2406
5038 4 2 1 1 3690 4472 3062 3839
5039 4 2 1 1 1577 1575 1576 4011
5040 4 2 1 1 1030 4132 2692 4281
5041 4 2 1 1 2465 3378 2611 3814
5042 4 2 1 1 3121 2579 2323 4418
5043 4 2 1 1 595 2668 570 3647
5044 4 2 1 1 795 2984 792 3203
5045 4 2 1 1 1567 1569 1651 2737
5046 4 2 1 1 2997 3284 3215 4108
5047 4 2 1 1 509 3294 696 3880
5048 4 2 1 1 967 4631 4616 4248
5049 4 2 1 1 2770 3142 621 3975
5050 4 2 1 1 1739 4194 1697 4527
5051 4 2 1 1 1167 2796 1251 1165
5052 4 2 1 1 2798 2453 3162 2824
5053 4 2 1 1 1867 1866 3413 3378
5054 4 2 1 1 2957 2500 4280 3685
5055 4 2 1 1 1924 3066 3294 3871
5056 4 2 1 1 2619 2821 4180 4355
5057 4 2 1 1 3084 4439 4159 2517
5058 4 2 1 1 683 3767 3263 4017
5059 4 2 1 1 2805 3090 4452 4451
5060 4 2 1 1 4631 773 3275 4248
5061 4 2 1 1 2634 2354 3024 3337
5062 4 2 1 1 2369 2879 3532 3885
5063 4 2 1 1 3180 3306 2415 3813
5064 4 2 1 1 2761 4085 2351 4110
5065 4 2 1 1 1970 1974 3481 4557
5066 4 2 1 1 4578 3 29 1261
5067 4 2 1 1 2419 4013 3184 4030
5068 4 2 1 1 337 346 351 2781
5069 4 2 1 1 2679 3197 1486 3852
5070 4 2 1 1 1929 3327 1879 4221
5071 4 2 1 1 1564 1565 1563 2813
5072 4 2 1 1 3229 2547 3843 4410
5073 4 2 1 1 3592 3243 3599 2425
5074 4 2 1 1 2192 3252 2144 3985
5075 4 2 1 1 2397 3860 2874 4381
5076 4 2 1 1 2408 3291 3120 4490
5077 4 2 1 1 3885 4115 3176 2394
5078 4 2 1 1 1121 2766 3439 3945
5079 4 2 1 1 2355 2919 3453 4456
5080 4 2 1 1 2973 3048 2513 3183
5081 4 2 1 1 4204 417 427 359
5082 4 2 1 1 2892 3972 3091 2559
5083 4 2 1 1 2423 3333 2914 3742
5084 4 2 1 1 1572 3171 2756 4012
5085 4 2 1 1 2292 3606 2517 4159
5086 4 2 1 1 3292 3597 4526 2818
5087 4 2 1 1 3005 3520 2384 4404
5088 4 2 1 1 3585 3371 2585 4284
5089 4 2 1 1 2898 2700 3897 4152
5090 4 2 1 1 1095 2657 3506 4230
5091 4 2 1 1 2252 2664 2493 3292
5092 4 2 1 1 2654 3610 3609 3993
5093 4 2 1 1 2674 2490 3322 4034
5094 4 2 1 1 3655 3265 2793 2617
5095 4 2 1 1 2894 2623 2348 4061
5096 4 2 1 1 2841 2409 3503 4091
5097 4 2 1 1 2373 2859 3556 4155
5098 4 2 1 1 587 606 588 3362
5099 4 2 1 1 4617 1801 2791 3817
5100 4 2 1 1 2498 3051 3773 3970
5101 4 2 1 1 2316 3459 2992 3972
5102 4 2 1 1 2992 3459 2587 3972
5103 4 2 1 1 2362 2992 3047 4303
5104 4 2 1 1 1065 3820 1063 1064
5105 4 2 1 1 2271 2591 3540 4363
5106 4 2 1 1 3026 3609 2529 3993
5107 4 2 1 1 1191 2711 1236 3501
5108 4 2 1 1 2251 3366 2648 2852
5109 4 2 1 1 2833 2959 2463 3332
5110 4 2 1 1 2383 2959 2833 3332
5111 4 2 1 1 4578 4611 1261 29
5112 4 2 1 1 458 3307 2753 4471
5113 4 2 1 1 2856 3489 3488 3798
5114 4 2 1 1 3796 4482 3888 2306
5115 4 2 1 1 384 2932 373 3522
5116 4 2 1 1 2825 4482 3888 2680
5117 4 2 1 1 782 785 784 3979
5118 4 2 1 1 1208 1104 3821 2705
5119 4 2 1 1 2952 3268 4019 2314
5120 4 2 1 1 924 2841 987 3635
5121 4 2 1 1 2439 3860 3101 4083
5122 4 2 1 1 1490 1272 1487 4137
5123 4 2 1 1 2578 3110 2883 4452
5124 4 2 1 1 947 2712 907 3686
5125 4 2 1 1 2956 3901 542 4448
5126 4 2 1 1 3592 3243 2425 3904
5127 4 2 1 1 386 486 412 2996
5128 4 2 1 1 2825 3888 4482 2306
5129 4 2 1 1 3184 4030 4013 4486
5130 4 2 1 1 3217 1439 1337 4470
5131 4 2 1 1 3071 2445 3889 4098
5132 4 2 1 1 2360 2821 2846 2749
5133 4 2 1 1 398 399 361 3257
5134 4 2 1 1 2589 3210 2412 3835
5135 4 2 1 1 3035 3493 2740 2621
5136 4 2 1 1 2282 3014 2578 3109
5137 4 2 1 1 3316 3876 2756 3451
5138 4 2 1 1 2912 3750 1215 3921
5139 4 2 1 1 2725 3407 2594 3500
5140 4 2 1 1 2540 3163 2642 4522
5141 4 2 1 1 4578 4611 2947 1261
5142 4 2 1 1 2422 3089 2743 3917
5143 4 2 1 1 2743 3089 2524 3917
5144 4 2 1 1 3117 4125 3408 2506
5145 4 2 1 1 3322 4004 3746 4197
5146 4 2 1 1 1065 3820 1064 2919
5147 4 2 1 1 3364 3838 2561 2858
5148 4 2 1 1 720 3691 623 4500
5149 4 2 1 1 3778 4134 2977 2532
5150 4 2 1 1 2301 2918 2823 4409
5151 4 2 1 1 2164 4637 2202 2163
5152 4 2 1 1 3493 3873 2487 2621
5153 4 2 1 1 2682 2341 2955 4529
5154 4 2 1 1 1962 3317 2966 3707
5155 4 2 1 1 2804 3403 3528 3745
5156 4 2 1 1 3239 4464 2665 2523
5157 4 2 1 1 2674 3322 2490 3809
5158 4 2 1 1 1833 1971 3835 4385
5159 4 2 1 1 80 2768 713 3877
5160 4 2 1 1 4623 1512 4630 40
5161 4 2 1 1 306 307 305 3035
5162 4 2 1 1 2341 2949 2948 4117
5163 4 2 1 1 1852 1851 1850 3797
5164 4 2 1 1 2343 3540 2717 2714
5165 4 2 1 1 2968 3816 2790 2363
5166 4 2 1 1 2332 2937 2628 3791
5167 4 2 1 1 3373 3827 3482 2907
5168 4 2 1 1 2465 3325 3406 4125
5169 4 2 1 1 3181 3182 2644 4025
5170 4 2 1 1 658 3793 711 4464
5171 4 2 1 1 1223 1017 3359 4216
5172 4 2 1 1 3168 3679 3147 4472
5173 4 2 1 1 2637 4094 3573 4512
5174 4 2 1 1 40 39 1512 4630
5175 4 2 1 1 1562 1560 1713 3328
5176 4 2 1 1 2548 3776 3183 4510
5177 4 2 1 1 3043 1611 1679 3777
5178 4 2 1 1 2762 3265 2514 3076
5179 4 2 1 1 2922 3242 3241 3459
5180 4 2 1 1 2740 2400 3383 3559
5181 4 2 1 1 807 834 3215 4343
5182 4 2 1 1 1025 3395 186 4380
5183 4 2 1 1 4351 2718 2905 2436
5184 4 2 1 1 3742 2800 2423 3333
5185 4 2 1 1 2330 3650 2903 3772
5186 4 2 1 1 634 3036 744 4215
5187 4 2 1 1 3026 3160 2529 3609
5188 4 2 1 1 313 312 310 3926
5189 4 2 1 1 2612 3191 2634 4194
5190 4 2 1 1 1266 4613 4632 229
5191 4 2 1 1 2995 3363 2676 3905
5192 4 2 1 1 2672 2531 3678 4251
5193 4 2 1 1 2409 3394 3441 2340
5194 4 2 1 1 2959 3332 3248 4357
5195 4 2 1 1 2288 2607 2695 2961
5196 4 2 1 1 1983 3874 2605 4275
5197 4 2 1 1 1879 3550 2769 3721
5198 4 2 1 1 2727 3379 2340 4321
5199 4 2 1 1 2676 3134 2389 3311
5200 4 2 1 1 2649 3944 2926 4213
5201 4 2 1 1 2178 3323 2825 2680
5202 4 2 1 1 898 3273 3686 838
5203 4 2 1 1 2434 2814 4038 4294
5204 4 2 1 1 794 2984 3676 3732
5205 4 2 1 1 2920 2807 2406 3523
5206 4 2 1 1 2620 2814 2434 4294
5207 4 2 1 1 2623 3165 2422 3418
5208 4 2 1 1 2662 3201 1189 2547
5209 4 2 1 1 2768 3212 646 4220
5210 4 2 1 1 2375 3160 3026 3609
5211 4 2 1 1 1342 2587 1392 4066
5212 4 2 1 1 2507 3222 2745 4447
5213 4 2 1 1 2609 3645 1365 4082
5214 4 2 1 1 162 4132 1030 4281
5215 4 2 1 1 3328 1557 3080 2903
5216 4 2 1 1 1983 4275 2605 4313
5217 4 2 1 1 1597 1643 1655 4116
5218 4 2 1 1 3893 3076 2297 4123
5219 4 2 1 1 2311 3258 2905 4100
5220 4 2 1 1 2172 2885 3808 4004
5221 4 2 1 1 2365 2643 2991 4113
5222 4 2 1 1 3216 4126 2657 4443
5223 4 2 1 1 2443 3034 4072 4239
5224 4 2 1 1 2775 2366 3877 4220
5225 4 2 1 1 3046 4362 3320 4392
5226 4 2 1 1 2581 3286 2921 4531
5227 4 2 1 1 3105 3205 394 4158
5228 4 2 1 1 1986 4208 2791 2023
5229 4 2 1 1 3728 3608 4246 2562
5230 4 2 1 1 891 2842 894 3335
5231 4 2 1 1 2899 3376 2516 4024
5232 4 2 1 1 877 859 860 3468
5233 4 2 1 1 1568 3254 1600 4012
5234 4 2 1 1 2583 3395 2800 4129
5235 4 2 1 1 3778 2977 4134 2661
5236 4 2 1 1 1478 2679 3982 1437
5237 4 2 1 1 3545 3993 4533 2653
5238 4 2 1 1 2407 3488 3900 4124
5239 4 2 1 1 1422 1482 2985 3710
5240 4 2 1 1 2845 3138 2345 3293
5241 4 2 1 1 1073 1186 1164 3261
5242 4 2 1 1 1060 3652 1058 4370
5243 4 2 1 1 1811 1873 3481 4312
5244 4 2 1 1 2657 4126 2696 4443
5245 4 2 1 1 1739 1700 1697 4194
5246 4 2 1 1 4623 1512 4048 4630
5247 4 2 1 1 1029 1171 2742 3736
5248 4 2 1 1 2530 2869 3013 3245
5249 4 2 1 1 2924 3332 2668 3815
5250 4 2 1 1 4044 4084 2559 4468
5251 4 2 1 1 4624 2660 4168 1805
5252 4 2 1 1 3866 1377 2609 3396
5253 4 2 1 1 2455 3692 2747 3696
5254 4 2 1 1 740 3566 750 3699
5255 4 2 1 1 1723 237 236 2758
5256 4 2 1 1 4619 4630 1512 39
5257 4 2 1 1 1882 1947 3404 3412
5258 4 2 1 1 2356 3161 2796 4178
5259 4 2 1 1 4619 4630 4048 1512
5260 4 2 1 1 1966 4173 3282 2863
5261 4 2 1 1 4429 3492 2288 3837
5262 4 2 1 1 296 297 3455 3669
5263 4 2 1 1 928 3119 3161 2787
5264 4 2 1 1 4325 3751 3066 3467
5265 4 2 1 1 1302 2721 1299 3774
5266 4 2 1 1 2806 3059 2315 3947
5267 4 2 1 1 4629 1034 35 1254
5268 4 2 1 1 3215 3284 2997 2509
5269 4 2 1 1 2673 3318 2565 3664
5270 4 2 1 1 2313 2956 2669 3667
5271 4 2 1 1 4277 4458 1139 3083
5272 4 2 1 1 1827 1855 2935 3320
5273 4 2 1 1 1406 1345 1315 2973
5274 4 2 1 1 4325 3066 3751 2576
5275 4 2 1 1 319 3169 304 3422
5276 4 2 1 1 2518 3713 3494 2313
5277 4 2 1 1 2910 3042 2760 2370
5278 4 2 1 1 2602 3236 2603 3876
5279 4 2 1 1 3369 3854 2628 4320
5280 4 2 1 1 2125 2825 2178 3323
5281 4 2 1 1 2289 3044 3628 4512
5282 4 2 1 1 2353 4103 4189 4306
5283 4 2 1 1 2491 2699 4035 4186
5284 4 2 1 1 2720 3450 3026 4139
5285 4 2 1 1 3747 3837 2705 4429
5286 4 2 1 1 2335 2850 2724 3657
5287 4 2 1 1 3058 3059 2866 3578
5288 4 2 1 1 3912 4351 2915 2905
5289 4 2 1 1 2179 2825 2181 3802
5290 4 2 1 1 2762 3265 2374 3397
5291 4 2 1 1 383 465 3106 3588
5292 4 2 1 1 3957 3973 2679 4518
5293 4 2 1 1 2339 3627 2881 3705
5294 4 2 1 1 2535 4215 2929 4351
5295 4 2 1 1 2106 2672 2176 2190
5296 4 2 1 1 3280 76 3748 4022
5297 4 2 1 1 2841 3503 2618 4478
5298 4 2 1 1 2105 3511 3343 2085
5299 4 2 1 1 1505 1292 1514 2826
5300 4 2 1 1 899 2845 4504 3513
5301 4 2 1 1 1840 3188 2863 4103
5302 4 2 1 1 2913 3958 4284 3112
5303 4 2 1 1 2750 3078 2427 2749
5304 4 2 1 1 4629 35 36 1254
5305 4 2 1 1 1944 2986 1832 4291
5306 4 2 1 1 2487 3910 2621 2622
5307 4 2 1 1 3161 4178 3119 4567
5308 4 2 1 1 2711 3053 2376 4030
5309 4 2 1 1 511 114 3591 3752
5310 4 2 1 1 282 3037 456 3205
5311 4 2 1 1 1986 1801 2023 2791
5312 4 2 1 1 349 419 3163 4098
5313 4 2 1 1 2353 2810 3554 2461
5314 4 2 1 1 4204 417 359 2942
5315 4 2 1 1 2644 3182 3181 3278
5316 4 2 1 1 2711 2376 3101 4030
5317 4 2 1 1 873 936 857 3305
5318 4 2 1 1 2266 3047 3002 3823
5319 4 2 1 1 2962 2550 2706 4460
5320 4 2 1 1 3322 2885 4004 4197
5321 4 2 1 1 2635 3679 3168 4472
5322 4 2 1 1 3096 4361 2355 4456
5323 4 2 1 1 2597 3903 2965 3906
5324 4 2 1 1 2573 3199 2733 3740
5325 4 2 1 1 2706 3449 2550 4509
5326 4 2 1 1 1593 3031 1622 3213
5327 4 2 1 1 2816 3637 2420 3666
5328 4 2 1 1 2630 3637 2816 3666
5329 4 2 1 1 2665 3022 2441 3356
5330 4 2 1 1 2925 3305 2801 2299
5331 4 2 1 1 933 934 926 2816
5332 4 2 1 1 2361 2882 3527 4427
5333 4 2 1 1 1299 1302 1300 4127
5334 4 2 1 1 2276 3222 2507 3113
5335 4 2 1 1 3826 4577 1659 2910
5336 4 2 1 1 2332 2829 3642 3791
5337 4 2 1 1 2739 2938 2402 4070
5338 4 2 1 1 1819 3557 2872 3822
5339 4 2 1 1 4625 3149 4650 1290
5340 4 2 1 1 1278 2679 1437 1486
5341 4 2 1 1 802 2955 803 3401
5342 4 2 1 1 3804 2370 3856 2731
5343 4 2 1 1 2877 3681 2287 3431
5344 4 2 1 1 2766 3198 2468 3998
5345 4 2 1 1 2190 3432 2084 3678
5346 4 2 1 1 1974 4169 3406 4557
5347 4 2 1 1 1939 2004 1779 2775
5348 4 2 1 1 2428 3723 3740 3018
5349 4 2 1 1 2316 2892 3526 3972
5350 4 2 1 1 2447 3940 3529 3944
5351 4 2 1 1 1636 3560 2716 4227
5352 4 2 1 1 2295 2961 3848 4365
5353 4 2 1 1 2903 3535 3328 4052
5354 4 2 1 1 1102 2951 1127 3123
5355 4 2 1 1 2614 3271 3281 3633
5356 4 2 1 1 925 987 2841 3416
5357 4 2 1 1 2505 3073 2886 3752
5358 4 2 1 1 2432 3164 2742 3577
5359 4 2 1 1 1345 3769 1408 4080
5360 4 2 1 1 2838 2536 3683 4164
5361 4 2 1 1 36 1262 4629 1254
5362 4 2 1 1 2574 3723 3018 3740
5363 4 2 1 1 2261 3487 3181 4200
5364 4 2 1 1 2445 3341 3553 3959
5365 4 2 1 1 2675 3104 2406 2347
5366 4 2 1 1 948 2829 951 4346
5367 4 2 1 1 928 3119 2787 3764
5368 4 2 1 1 586 588 2762 3918
5369 4 2 1 1 2873 3295 2698 3779
5370 4 2 1 1 2432 3403 3298 3572
5371 4 2 1 1 3699 4220 3212 4407
5372 4 2 1 1 476 3959 477 4231
5373 4 2 1 1 1576 3451 1599 3930
5374 4 2 1 1 3329 3488 3330 4523
5375 4 2 1 1 3173 3304 2544 3356
5376 4 2 1 1 1117 3123 1127 4162
5377 4 2 1 1 3353 3804 2999 2526
5378 4 2 1 1 1199 2868 1198 4319
5379 4 2 1 1 1660 2813 1565 3055
5380 4 2 1 1 2346 2896 2784 4271
5381 4 2 1 1 4629 1254 1262 4132
5382 4 2 1 1 2005 3937 3624 2719
5383 4 2 1 1 2672 3070 2470 4268
5384 4 2 1 1 2665 3304 2544 3901
5385 4 2 1 1 1254 4629 1034 3588
5386 4 2 1 1 4546 3677 2520 2580
5387 4 2 1 1 3470 3207 3672 2337
5388 4 2 1 1 1380 2880 3151 4001
5389 4 2 1 1 2365 4183 2991 4184
5390 4 2 1 1 2469 4226 4181 3509
5391 4 2 1 1 696 509 82 3294
5392 4 2 1 1 2813 3682 1565 3055
5393 4 2 1 1 3940 3038 4203 2722
5394 4 2 1 1 2743 3917 2379 2666
5395 4 2 1 1 2966 2018 1899 4231
5396 4 2 1 1 2550 3840 3299 3879
5397 4 2 1 1 1726 3896 1728 3000
5398 4 2 1 1 2663 3091 2454 3712
5399 4 2 1 1 424 3206 3788 368
5400 4 2 1 1 1908 2026 3231 4233
5401 4 2 1 1 1575 3316 1573 3451
5402 4 2 1 1 1286 1475 4326 1465
5403 4 2 1 1 1442 3209 3534 3916
5404 4 2 1 1 1394 1396 1395 3139
5405 4 2 1 1 349 419 377 3163
5406 4 2 1 1 2505 3752 2824 3981
5407 4 2 1 1 4583 4324 2844 3582
5408 4 2 1 1 1071 2939 3842 4255
5409 4 2 1 1 1254 4629 3588 4132
5410 4 2 1 1 2801 2925 2299 4310
5411 4 2 1 1 2351 2928 2963 4085
5412 4 2 1 1 2414 3410 2602 3865
5413 4 2 1 1 2499 2827 2256 4150
5414 4 2 1 1 2318 3048 3789 4384
5415 4 2 1 1 3886 3875 3684 2309
5416 4 2 1 1 954 3246 3790 4238
5417 4 2 1 1 2475 3296 3543 4431
5418 4 2 1 1 325 2781 3483 4204
5419 4 2 1 1 2858 3364 2691 4279
5420 4 2 1 1 2619 2522 3131 4180
5421 4 2 1 1 2470 3290 2660 3321
5422 4 2 1 1 807 3215 2997 4343
5423 4 2 1 1 4615 482 3234 287
5424 4 2 1 1 4572 3837 3539 2607
5425 4 2 1 1 159 160 4628 2043
5426 4 2 1 1 2311 3326 2744 2729
5427 4 2 1 1 2882 4126 4000 4427
5428 4 2 1 1 4375 1751 3887 2688
5429 4 2 1 1 354 3605 3383 4398
5430 4 2 1 1 2795 3465 2531 3660
5431 4 2 1 1 1039 3750 4135 1038
5432 4 2 1 1 1060 1160 1062 2803
5433 4 2 1 1 2686 3354 2752 2312
5434 4 2 1 1 1864 3863 3378 4562
5435 4 2 1 1 1936 3231 2020 3475
5436 4 2 1 1 1942 3446 3238 4057
5437 4 2 1 1 1136 3083 3276 3855
5438 4 2 1 1 2823 2918 2301 3900
5439 4 2 1 1 2384 3005 2942 3520
5440 4 2 1 1 2942 3005 2508 3520
5441 4 2 1 1 2043 4628 159 4453
5442 4 2 1 1 949 982 2829 4211
5443 4 2 1 1 4628 4589 1003 3246
5444 4 2 1 1 1568 3367 3254 4012
5445 4 2 1 1 1850 3797 1849 4340
5446 4 2 1 1 2966 2018 1777 1899
5447 4 2 1 1 2704 3349 3129 3460
5448 4 2 1 1 2347 2883 2882 3571
5449 4 2 1 1 1785 249 1992 3074
5450 4 2 1 1 2339 3627 2754 3769
5451 4 2 1 1 2651 3908 3303 4186
5452 4 2 1 1 3606 3785 2516 4024
5453 4 2 1 1 1656 2903 1558 3563
5454 4 2 1 1 2551 3544 3102 3733
5455 4 2 1 1 2644 4149 3182 3278
5456 4 2 1 1 2334 3064 2646 3658
5457 4 2 1 1 4664 1484 4613 3019
5458 4 2 1 1 2420 3386 3637 4402
5459 4 2 1 1 2370 2698 2999 3856
5460 4 2 1 1 1894 3235 2945 4225
5461 4 2 1 1 1409 3295 2698 3469
5462 4 2 1 1 2872 2365 3498 3822
5463 4 2 1 1 593 4005 612 2752
5464 4 2 1 1 511 694 641 2886
5465 4 2 1 1 2805 2647 2778 2291
5466 4 2 1 1 2189 2677 2102 2101
5467 4 2 1 1 2410 2260 4378 2749
5468 4 2 1 1 593 613 678 3193
5469 4 2 1 1 2316 3091 2892 3972
5470 4 2 1 1 2944 3797 1850 4340
5471 4 2 1 1 3107 2269 3950 4058
5472 4 2 1 1 2988 683 725 3263
5473 4 2 1 1 2594 2725 3105 2290
5474 4 2 1 1 540 537 3494 4207
5475 4 2 1 1 1582 2964 4172 3992
5476 4 2 1 1 985 4211 3587 4478
5477 4 2 1 1 849 3203 884 4102
5478 4 2 1 1 2576 3041 1921 3498
5479 4 2 1 1 4628 2043 3246 4453
5480 4 2 1 1 860 2788 3468 4423
5481 4 2 1 1 2293 3903 3644 2714
5482 4 2 1 1 2662 3184 2419 4013
5483 4 2 1 1 463 4598 4633 59
5484 4 2 1 1 4060 4010 3115 1763
5485 4 2 1 1 2396 3238 3155 3309
5486 4 2 1 1 2334 2659 3206 3600
5487 4 2 1 1 4628 4589 160 1003
5488 4 2 1 1 2988 3263 725 3635
5489 4 2 1 1 2469 4181 4226 3264
5490 4 2 1 1 2605 3814 3117 3867
5491 4 2 1 1 1349 1351 2891 3935
5492 4 2 1 1 2937 4372 2628 2902
5493 4 2 1 1 3697 1063 4553 3820
5494 4 2 1 1 2308 3356 3239 4165
5495 4 2 1 1 4467 3335 2377 3214
5496 4 2 1 1 1540 199 200 4352
5497 4 2 1 1 2645 3767 559 3112
5498 4 2 1 1 4467 2377 3335 3022
5499 4 2 1 1 2867 3470 3423 4168
5500 4 2 1 1 2302 3662 2713 4175
5501 4 2 1 1 2129 3264 4209 4226
5502 4 2 1 1 2683 3007 2368 3359
5503 4 2 1 1 3769 3852 2736 4177
5504 4 2 1 1 396 2917 3559 3674
5505 4 2 1 1 820 3689 2630 4403
5506 4 2 1 1 384 373 370 3522
5507 4 2 1 1 1981 4022 76 4299
5508 4 2 1 1 3210 3835 2767 2323
5509 4 2 1 1 1203 3365 3201 3501
5510 4 2 1 1 1660 1645 1597 4116
5511 4 2 1 1 1021 3778 167 4045
5512 4 2 1 1 2900 4121 3589 4296
5513 4 2 1 1 2134 2176 2106 3358
5514 4 2 1 1 428 367 420 2713
5515 4 2 1 1 2436 2929 2718 4448
5516 4 2 1 1 4346 915 948 3256
5517 4 2 1 1 1936 4140 2629 4299
5518 4 2 1 1 3623 231 232 2045
5519 4 2 1 1 139 3095 1246 3577
5520 4 2 1 1 2233 3380 3423 4288
5521 4 2 1 1 2627 3791 2444 3841
5522 4 2 1 1 4566 4551 2262 2582
5523 4 2 1 1 1694 3376 2899 3887
5524 4 2 1 1 2561 3364 2858 4002
5525 4 2 1 1 2305 3653 2908 2795
5526 4 2 1 1 2833 2383 3332 3815
5527 4 2 1 1 2428 3750 2912 3921
5528 4 2 1 1 2266 3823 3002 4147
5529 4 2 1 1 1861 1954 3165 3546
5530 4 2 1 1 989 2801 3227 4091
5531 4 2 1 1 2320 3191 2736 3957
5532 4 2 1 1 4346 948 915 951
5533 4 2 1 1 2848 2592 3543 3020
5534 4 2 1 1 2502 4043 2308 4165
5535 4 2 1 1 2572 2938 3327 3882
5536 4 2 1 1 2724 2352 3269 3382
5537 4 2 1 1 987 2841 3416 3635
5538 4 2 1 1 2802 1088 1098 3768
5539 4 2 1 1 2045 4664 3985 3623
5540 4 2 1 1 1855 3475 1937 4385
5541 4 2 1 1 209 1476 1473 4177
5542 4 2 1 1 3270 3281 2507 4454
5543 4 2 1 1 4150 2404 2852 4099
5544 4 2 1 1 2832 3083 1137 3855
5545 4 2 1 1 2767 3835 1971 4385
5546 4 2 1 1 3984 193 192 1009
5547 4 2 1 1 2796 1165 3261 3831
5548 4 2 1 1 291 3205 394 3500
5549 4 2 1 1 2102 2677 4033 4425
5550 4 2 1 1 1120 1118 3126 3747
5551 4 2 1 1 2403 3776 2763 3197
5552 4 2 1 1 2436 2718 2905 3297
5553 4 2 1 1 2250 4672 3012 2200
5554 4 2 1 1 3015 3373 2695 3482
5555 4 2 1 1 2139 3411 2985 4081
5556 4 2 1 1 2748 2427 2749 4093
5557 4 2 1 1 2241 3019 2985 4344
5558 4 2 1 1 2353 3487 2975 3554
5559 4 2 1 1 2095 2783 3349 2096
5560 4 2 1 1 1640 1748 1745 3615
5561 4 2 1 1 3443 4129 2800 4314
5562 4 2 1 1 2804 3697 1206 4553
5563 4 2 1 1 2813 2336 3682 3055
5564 4 2 1 1 2522 3763 2786 4180
5565 4 2 1 1 4424 4567 4178 3161
5566 4 2 1 1 1970 1974 1814 3481
5567 4 2 1 1 3763 4004 2885 4197
5568 4 2 1 1 4178 4567 4424 2581
5569 4 2 1 1 907 947 908 2712
5570 4 2 1 1 1189 3501 1203 3201
5571 4 2 1 1 3083 3833 2411 3855
5572 4 2 1 1 2941 2997 2335 3568
5573 4 2 1 1 2293 2685 2485 3176
5574 4 2 1 1 2594 2684 4114 3407
5575 4 2 1 1 898 3273 838 897
5576 4 2 1 1 1203 3501 1189 1237
5577 4 2 1 1 2573 4067 3040 4179
5578 4 2 1 1 1978 2962 3720 2706
5579 4 2 1 1 757 2916 944 3143
5580 4 2 1 1 2412 3210 2589 4200
5581 4 2 1 1 2577 3447 3288 4446
5582 4 2 1 1 2135 3363 3311 2215
5583 4 2 1 1 2995 3905 2676 2297
5584 4 2 1 1 877 859 3468 4400
5585 4 2 1 1 2894 3546 1859 3797
5586 4 2 1 1 2288 2607 2961 3837
5587 4 2 1 1 3675 3780 2957 4540
5588 4 2 1 1 3636 3133 1662 1661
5589 4 2 1 1 674 3496 677 3879
5590 4 2 1 1 4168 1805 2660 1985
5591 4 2 1 1 2742 4056 3925 4198
5592 4 2 1 1 357 356 2707 3674
5593 4 2 1 1 4302 3008 4433 2864
5594 4 2 1 1 4252 4061 2758 3579
5595 4 2 1 1 2376 3053 2711 3435
5596 4 2 1 1 646 3212 2768 3634
5597 4 2 1 1 2691 2322 3838 2858
5598 4 2 1 1 2721 4127 3202 4144
5599 4 2 1 1 1460 3175 1276 176
5600 4 2 1 1 2368 3007 2683 3230
5601 4 2 1 1 2159 2160 2155 3285
5602 4 2 1 1 458 2753 3668 4471
5603 4 2 1 1 1940 3405 4208 1870
5604 4 2 1 1 2544 2956 2718 3901
5605 4 2 1 1 1585 1583 2964 3811
5606 4 2 1 1 2471 3159 3372 3888
5607 4 2 1 1 2422 3896 3418 3000
5608 4 2 1 1 2395 3399 3082 3738
5609 4 2 1 1 972 4206 904 3952
5610 4 2 1 1 3525 3009 3994 2748
5611 4 2 1 1 2645 2298 2913 3958
5612 4 2 1 1 2645 2298 3958 2780
5613 4 2 1 1 3512 3694 1746 3982
5614 4 2 1 1 2875 3610 3116 4442
5615 4 2 1 1 3065 3024 3337 2906
5616 4 2 1 1 708 108 3214 3387
5617 4 2 1 1 2850 3657 2509 3739
5618 4 2 1 1 2332 3657 2850 3739
5619 4 2 1 1 3125 3426 4383 2372
5620 4 2 1 1 492 387 493 4062
5621 4 2 1 1 2950 529 3899 528
5622 4 2 1 1 1990 1791 2739 3882
5623 4 2 1 1 971 3335 894 4206
5624 4 2 1 1 2237 2867 2134 2234
5625 4 2 1 1 2771 3662 2713 4368
5626 4 2 1 1 2301 2533 2637 3900
5627 4 2 1 1 2581 3119 4178 4567
5628 4 2 1 1 2375 3612 3611 4349
5629 4 2 1 1 3623 4658 232 1515
5630 4 2 1 1 1484 1519 2985 4101
5631 4 2 1 1 2423 4111 4112 2626
5632 4 2 1 1 2514 3265 2762 3918
5633 4 2 1 1 3905 3134 2676 3616
5634 4 2 1 1 2433 2264 2709 3428
5635 4 2 1 1 3623 4664 1288 231
5636 4 2 1 1 1844 1874 1957 3679
5637 4 2 1 1 2646 2809 2501 3658
5638 4 2 1 1 2639 2840 3997 4345
5639 4 2 1 1 2472 3444 2910 4064
5640 4 2 1 1 649 2768 80 3871
5641 4 2 1 1 1925 80 2768 3871
5642 4 2 1 1 2477 3794 3433 4176
5643 4 2 1 1 3636 1662 3133 3437
5644 4 2 1 1 162 1294 161 4132
5645 4 2 1 1 327 3341 326 3719
5646 4 2 1 1 3480 3790 954 4415
5647 4 2 1 1 2350 2980 3185 3966
5648 4 2 1 1 1137 1140 3083 3463
5649 4 2 1 1 2741 3127 2352 3381
5650 4 2 1 1 3321 2142 3415 2239
5651 4 2 1 1 3039 3855 1107 4027
5652 4 2 1 1 3094 2451 3982 4130
5653 4 2 1 1 4302 4433 3008 2338
5654 4 2 1 1 3173 3377 2377 4053
5655 4 2 1 1 2495 2381 2986 3150
5656 4 2 1 1 3021 3223 2286 2668
5657 4 2 1 1 1559 3563 1558 2903
5658 4 2 1 1 2565 3318 2673 3683
5659 4 2 1 1 4375 3887 1751 1693
5660 4 2 1 1 1071 2939 4255 4350
5661 4 2 1 1 1438 3093 3982 1479
5662 4 2 1 1 2446 3360 3347 3528
5663 4 2 1 1 3092 644 3634 4207
5664 4 2 1 1 43 42 3617 489
5665 4 2 1 1 4137 3101 2711 3100
5666 4 2 1 1 351 2781 346 3533
5667 4 2 1 1 2913 3112 2645 3958
5668 4 2 1 1 400 314 2740 3552
5669 4 2 1 1 304 319 402 3169
5670 4 2 1 1 3585 2585 3371 3484
5671 4 2 1 1 2290 4009 2684 4185
5672 4 2 1 1 2677 2405 3372 4425
5673 4 2 1 1 490 3530 2771 4048
5674 4 2 1 1 2491 4035 3195 4186
5675 4 2 1 1 2355 3517 2870 2591
5676 4 2 1 1 2086 2173 2074 3781
5677 4 2 1 1 2747 3553 3341 3959
5678 4 2 1 1 2437 2916 3831 4198
5679 4 2 1 1 2189 2677 2101 3589
5680 4 2 1 1 2591 2262 3388 3389
5681 4 2 1 1 1542 1775 1747 2642
5682 4 2 1 1 1326 3622 2848 4138
5683 4 2 1 1 4468 1227 3194 3175
5684 4 2 1 1 1848 3649 3584 4340
5685 4 2 1 1 2024 1802 3423 3470
5686 4 2 1 1 2761 2362 3272 3914
5687 4 2 1 1 1354 3742 3890 2914
5688 4 2 1 1 1943 1863 1944 3309
5689 4 2 1 1 43 42 1287 3617
5690 4 2 1 1 2750 2818 2427 3291
5691 4 2 1 1 3866 2609 1377 1472
5692 4 2 1 1 2652 4123 3893 2429
5693 4 2 1 1 2832 3833 3083 3855
5694 4 2 1 1 523 2678 4069 4479
5695 4 2 1 1 2600 3281 3271 4454
5696 4 2 1 1 1351 3295 3935 4382
5697 4 2 1 1 1053 3039 1107 4027
5698 4 2 1 1 2359 2732 3254 4012
5699 4 2 1 1 2675 2406 3217 2347
5700 4 2 1 1 524 4575 3757 4532
5701 4 2 1 1 2766 3198 2583 3945
5702 4 2 1 1 1951 3310 2003 1950
5703 4 2 1 1 1674 2746 3313 3601
5704 4 2 1 1 3656 4063 1341 4234
5705 4 2 1 1 667 3112 3592 3599
5706 4 2 1 1 2336 2330 2971 2837
5707 4 2 1 1 2420 3334 2614 3633
5708 4 2 1 1 2614 3334 2521 3633
5709 4 2 1 1 3428 2840 2709 3276
5710 4 2 1 1 3747 2468 2766 4050
5711 4 2 1 1 4314 4338 2386 3395
5712 4 2 1 1 3617 1510 42 1287
5713 4 2 1 1 2305 3425 2641 2429
5714 4 2 1 1 1810 1809 1808 3364
5715 4 2 1 1 415 315 2806 3462
5716 4 2 1 1 3538 3571 2347 3052
5717 4 2 1 1 1442 3209 1343 3534
5718 4 2 1 1 289 30 31 4649
5719 4 2 1 1 1559 3563 2903 4052
5720 4 2 1 1 2362 3241 3153 3459
5721 4 2 1 1 3153 3241 2513 3459
5722 4 2 1 1 3617 4653 43 288
5723 4 2 1 1 3054 3767 2645 2464
5724 4 2 1 1 2327 2802 3040 4572
5725 4 2 1 1 49 50 474 4595
5726 4 2 1 1 3617 4636 459 42
5727 4 2 1 1 3322 3809 2674 4242
5728 4 2 1 1 3131 3569 3677 2281
5729 4 2 1 1 1781 2945 1894 3235
5730 4 2 1 1 2087 2086 2078 3166
5731 4 2 1 1 4619 39 38 293
5732 4 2 1 1 1951 3310 3937 2003
5733 4 2 1 1 2040 4627 195 2224
5734 4 2 1 1 2344 2834 2808 3992
5735 4 2 1 1 3212 4220 2366 4407
5736 4 2 1 1 2452 3125 3914 4066
5737 4 2 1 1 2470 3321 2660 3358
5738 4 2 1 1 1500 1447 1446 2977
5739 4 2 1 1 1944 3309 1863 4243
5740 4 2 1 1 2762 3134 589 2593
5741 4 2 1 1 844 3675 3780 845
5742 4 2 1 1 2116 2830 2103 4344
5743 4 2 1 1 795 792 890 3203
5744 4 2 1 1 4624 2660 1805 3864
5745 4 2 1 1 687 580 3243 3599
5746 4 2 1 1 2635 4260 1845 3412
5747 4 2 1 1 3655 3265 2617 3397
5748 4 2 1 1 2357 3113 3659 4414
5749 4 2 1 1 2965 3229 2597 3906
5750 4 2 1 1 1136 1142 1052 3855
5751 4 2 1 1 1136 3276 1142 3855
5752 4 2 1 1 1582 2964 3992 1584
5753 4 2 1 1 1340 1316 3374 3656
5754 4 2 1 1 272 273 1776 4612
5755 4 2 1 1 3804 2370 2731 3353
5756 4 2 1 1 3122 3131 2520 3252
5757 4 2 1 1 2669 3699 3212 4407
5758 4 2 1 1 2803 1160 3820 4044
5759 4 2 1 1 944 2916 757 4469
5760 4 2 1 1 1980 259 1805 3864
5761 4 2 1 1 3131 3569 2281 4355
5762 4 2 1 1 2521 3271 2614 3633
5763 4 2 1 1 194 195 4627 2224
5764 4 2 1 1 1967 1838 2015 3835
5765 4 2 1 1 3453 1263 1171 2742
5766 4 2 1 1 2244 2193 2192 3985
5767 4 2 1 1 1305 1306 2761 3664
5768 4 2 1 1 2684 3417 731 2972
5769 4 2 1 1 4627 194 2224 3782
5770 4 2 1 1 235 3579 2014 4026
5771 4 2 1 1 2980 3020 1335 4515
5772 4 2 1 1 315 2806 3462 3775
5773 4 2 1 1 3489 3798 3573 3960
5774 4 2 1 1 3149 3315 2386 4338
5775 4 2 1 1 3028 3262 339 4059
5776 4 2 1 1 2261 2975 3487 4200
5777 4 2 1 1 239 3418 1726 3000
5778 4 2 1 1 2140 4627 2224 3782
5779 4 2 1 1 2399 3523 3090 3524
5780 4 2 1 1 2672 2470 3070 4195
5781 4 2 1 1 2971 3003 2330 4037
5782 4 2 1 1 1409 1362 1373 2698
5783 4 2 1 1 2484 3174 2647 3756
5784 4 2 1 1 2608 4125 3805 4501
5785 4 2 1 1 2823 3240 2488 3612
5786 4 2 1 1 4626 190 191 2046
5787 4 2 1 1 396 3559 439 3674
5788 4 2 1 1 1674 3313 1672 2520
5789 4 2 1 1 4403 2413 2630 3549
5790 4 2 1 1 2761 2928 2351 4085
5791 4 2 1 1 1033 4643 3490 4626
5792 4 2 1 1 2952 4074 2601 4019
5793 4 2 1 1 2796 2356 4178 4270
5794 4 2 1 1 2870 3298 2656 3745
5795 4 2 1 1 734 2753 495 3708
5796 4 2 1 1 2598 2854 3176 3885
5797 4 2 1 1 799 2708 798 4549
5798 4 2 1 1 2400 3674 3021 3977
5799 4 2 1 1 597 3304 2665 3901
5800 4 2 1 1 3525 4093 2322 3009
5801 4 2 1 1 699 4582 4155 87
5802 4 2 1 1 2784 2896 2471 4271
5803 4 2 1 1 2207 4632 2034 228
5804 4 2 1 1 2345 3138 2832 3293
5805 4 2 1 1 2046 4626 190 2202
5806 4 2 1 1 3676 3732 2984 4506
5807 4 2 1 1 871 869 997 3407
5808 4 2 1 1 1122 3582 2844 3878
5809 4 2 1 1 3355 3670 4316 2876
5810 4 2 1 1 4123 4261 2995 2429
5811 4 2 1 1 1356 2873 1353 3890
5812 4 2 1 1 2806 2315 3059 3943
5813 4 2 1 1 1227 3194 3175 4326
5814 4 2 1 1 2986 3150 2579 3309
5815 4 2 1 1 589 693 586 2762
5816 4 2 1 1 2507 3749 3257 4142
5817 4 2 1 1 2329 3039 3190 4213
5818 4 2 1 1 2432 3095 2712 3414
5819 4 2 1 1 2988 683 3263 4017
5820 4 2 1 1 2549 3255 2990 4525
5821 4 2 1 1 1033 4643 4626 191
5822 4 2 1 1 823 830 936 2925
5823 4 2 1 1 3457 3723 2428 2773
5824 4 2 1 1 3675 4280 845 846
5825 4 2 1 1 2572 3327 2769 3721
5826 4 2 1 1 4145 2324 3086 3424
5827 4 2 1 1 41 42 459 4636
5828 4 2 1 1 357 356 355 2707
5829 4 2 1 1 4626 2229 3075 2202
5830 4 2 1 1 2302 4224 2552 2970
5831 4 2 1 1 3250 3334 2816 3177
5832 4 2 1 1 2264 3329 3330 4118
5833 4 2 1 1 1092 2854 1186 3906
5834 4 2 1 1 1074 1076 1075 2965
5835 4 2 1 1 3100 3319 2376 3435
5836 4 2 1 1 2535 2929 3193 4351
5837 4 2 1 1 2090 2783 2096 3802
5838 4 2 1 1 1358 3861 3593 3890
5839 4 2 1 1 4626 2229 2202 2046
5840 4 2 1 1 2288 3961 2695 4031
5841 4 2 1 1 1767 4660 1522 48
5842 4 2 1 1 1709 3290 3561 4128
5843 4 2 1 1 1789 3219 66 3720
5844 4 2 1 1 2510 831 3187 3289
5845 4 2 1 1 4264 225 4625 2206
5846 4 2 1 1 1971 3475 2767 4385
5847 4 2 1 1 336 3228 3192 3716
5848 4 2 1 1 2359 2613 3934 4286
5849 4 2 1 1 4584 692 70 3904
5850 4 2 1 1 3404 3412 1947 4542
5851 4 2 1 1 4143 3686 3401 2712
5852 4 2 1 1 2206 226 225 4625
5853 4 2 1 1 637 3783 530 3899
5854 4 2 1 1 1368 1379 1508 4324
5855 4 2 1 1 3685 4280 906 2500
5856 4 2 1 1 1222 3457 1134 3750
5857 4 2 1 1 644 645 3212 4207
5858 4 2 1 1 2751 3750 1038 4135
5859 4 2 1 1 966 4603 4634 158
5860 4 2 1 1 3013 2579 3924 4418
5861 4 2 1 1 2267 3507 3120 3673
5862 4 2 1 1 3406 4125 2538 4169
5863 4 2 1 1 2702 2700 3060 4544
5864 4 2 1 1 3505 3604 3504 3966
5865 4 2 1 1 2832 3138 2345 3629
5866 4 2 1 1 1622 3031 4290 3213
5867 4 2 1 1 1467 4412 2754 3508
5868 4 2 1 1 2468 3198 2766 4050
5869 4 2 1 1 2357 2621 3873 3035
5870 4 2 1 1 2420 3289 2614 3334
5871 4 2 1 1 3453 1171 1263 1228
5872 4 2 1 1 2433 3034 2720 3795
5873 4 2 1 1 2375 2720 3034 3795
5874 4 2 1 1 2651 1959 1960 1958
5875 4 2 1 1 1659 3826 2910 4422
5876 4 2 1 1 4534 3408 2506 2557
5877 4 2 1 1 2726 3696 3283 3728
5878 4 2 1 1 62 1977 2678 1804
5879 4 2 1 1 3814 4462 2770 4491
5880 4 2 1 1 924 925 2841 3503
5881 4 2 1 1 2628 3369 2444 3854
5882 4 2 1 1 2628 2444 3841 3854
5883 4 2 1 1 565 681 567 2833
5884 4 2 1 1 4439 3084 4388 2517
5885 4 2 1 1 1837 2863 3188 4173
5886 4 2 1 1 2116 3411 2830 4344
5887 4 2 1 1 2583 2800 3333 4129
5888 4 2 1 1 2153 2995 2152 4021
5889 4 2 1 1 2411 3083 3276 3428
5890 4 2 1 1 2866 3059 3058 3671
5891 4 2 1 1 1126 3450 2653 3768
5892 4 2 1 1 2784 2471 2896 3715
5893 4 2 1 1 493 4653 288 408
5894 4 2 1 1 2370 4064 2910 4335
5895 4 2 1 1 4618 775 977 3152
5896 4 2 1 1 1044 4067 3457 4179
5897 4 2 1 1 383 465 366 3106
5898 4 2 1 1 2900 861 4238 999
5899 4 2 1 1 3955 3151 2977 2475
5900 4 2 1 1 2461 3310 2719 3624
5901 4 2 1 1 3083 3450 2720 4277
5902 4 2 1 1 1326 1328 3622 4138
5903 4 2 1 1 310 2667 312 4428
5904 4 2 1 1 781 4575 961 110
5905 4 2 1 1 1227 3194 4326 1013
5906 4 2 1 1 2521 2614 3271 3872
5907 4 2 1 1 2833 3771 567 3815
5908 4 2 1 1 1154 3123 3126 1103
5909 4 2 1 1 3425 3733 4342 2785
5910 4 2 1 1 2155 3159 2117 4033
5911 4 2 1 1 1026 1236 1191 2711
5912 4 2 1 1 2676 3819 3362 4393
5913 4 2 1 1 2272 2647 3174 3756
5914 4 2 1 1 1507 3149 4264 4625
5915 4 2 1 1 3084 4439 2344 2808
5916 4 2 1 1 4026 3579 2014 4465
5917 4 2 1 1 1561 2813 1562 1563
5918 4 2 1 1 2719 3245 2461 3857
5919 4 2 1 1 4252 4061 3579 3057
5920 4 2 1 1 2427 3078 3043 2749
5921 4 2 1 1 1359 3779 3593 4389
5922 4 2 1 1 2501 2646 2334 3222
5923 4 2 1 1 4189 4306 3839 2723
5924 4 2 1 1 3155 2001 3309 3238
5925 4 2 1 1 3216 4427 4003 2868
5926 4 2 1 1 799 3684 2708 4549
5927 4 2 1 1 2707 3302 2400 3383
5928 4 2 1 1 2518 3634 3212 4207
5929 4 2 1 1 958 3414 3577 909
5930 4 2 1 1 1251 4089 2796 4570
5931 4 2 1 1 2459 2742 3164 4056
5932 4 2 1 1 82 3294 509 3871
5933 4 2 1 1 2054 3311 3073 2201
5934 4 2 1 1 2986 3098 2579 2323
5935 4 2 1 1 2955 3215 803 4086
5936 4 2 1 1 2016 2966 1962 3317
5937 4 2 1 1 2650 3114 2290 2391
5938 4 2 1 1 2361 4126 3216 4443
5939 4 2 1 1 2356 2796 3261 4270
5940 4 2 1 1 4625 3149 4264 2206
5941 4 2 1 1 1379 3312 4281 4324
5942 4 2 1 1 3281 3113 2276 2507
5943 4 2 1 1 4534 2506 3408 2280
5944 4 2 1 1 1234 3435 1235 4084
5945 4 2 1 1 2011 1956 1954 3165
5946 4 2 1 1 4561 1037 126 2947
5947 4 2 1 1 3697 1063 3820 1062
5948 4 2 1 1 1677 4596 3012 1762
5949 4 2 1 1 2302 2970 2696 3447
5950 4 2 1 1 2653 3472 1144 3545
5951 4 2 1 1 2369 2879 4337 3532
5952 4 2 1 1 1985 2660 3470 3672
5953 4 2 1 1 2413 3286 2630 3287
5954 4 2 1 1 948 949 2829 3587
5955 4 2 1 1 2881 3627 2481 3705
5956 4 2 1 1 2139 2241 2985 4344
5957 4 2 1 1 2721 3774 1302 4110
5958 4 2 1 1 3307 2546 2884 4109
5959 4 2 1 1 2703 3427 2431 4503
5960 4 2 1 1 2444 3368 2618 3369
5961 4 2 1 1 2192 2108 2144 3252
5962 4 2 1 1 1736 3896 4405 2666
5963 4 2 1 1 1346 1404 3508 4412
5964 4 2 1 1 1700 1575 3023 3316
5965 4 2 1 1 3072 3930 2602 4011
5966 4 2 1 1 2421 2677 2875 3116
5967 4 2 1 1 2546 3307 3869 4483
5968 4 2 1 1 2410 2814 3525 4378
5969 4 2 1 1 4271 3285 3159 2680
5970 4 2 1 1 1019 1253 1246 4007
5971 4 2 1 1 1547 4581 233 1769
5972 4 2 1 1 2811 4039 3569 4546
5973 4 2 1 1 2277 3301 2794 3956
5974 4 2 1 1 1974 1918 1814 3406
5975 4 2 1 1 2569 3916 3770 2688
5976 4 2 1 1 1968 3155 3309 4291
5977 4 2 1 1 1727 4457 3937 1737
5978 4 2 1 1 3142 3265 2310 3867
5979 4 2 1 1 2531 3432 2795 3660
5980 4 2 1 1 2628 2444 3791 3841
5981 4 2 1 1 2375 3611 3609 4349
5982 4 2 1 1 577 561 2913 4247
5983 4 2 1 1 3273 2708 798 3676
5984 4 2 1 1 1020 3365 1203 3501
5985 4 2 1 1 520 4610 3308 3073
5986 4 2 1 1 2481 2881 3705 2822
5987 4 2 1 1 4403 2630 2413 3286
5988 4 2 1 1 2444 3369 2841 3854
5989 4 2 1 1 2518 3971 3069 4366
5990 4 2 1 1 2360 3043 2760 3078
5991 4 2 1 1 1413 3319 3100 3435
5992 4 2 1 1 2481 2737 3440 4286
5993 4 2 1 1 2726 2944 2448 3797
5994 4 2 1 1 2581 3119 3456 4178
5995 4 2 1 1 2614 2521 3334 3872
5996 4 2 1 1 2442 2897 2400 2898
5997 4 2 1 1 3037 2600 3784 4248
5998 4 2 1 1 403 421 311 3873
5999 4 2 1 1 2910 3444 2625 4335
6000 4 2 1 1 2036 193 192 3984
6001 4 2 1 1 4483 3021 2300 3248
6002 4 2 1 1 2427 2703 2818 4093
6003 4 2 1 1 3817 3421 2791 3556
6004 4 2 1 1 4189 3839 4306 2635
6005 4 2 1 1 3540 3883 2343 2717
6006 4 2 1 1 2423 4112 3849 2626
6007 4 2 1 1 2366 3041 2775 3877
6008 4 2 1 1 649 646 2768 3634
6009 4 2 1 1 2543 3002 3087 3562
6010 4 2 1 1 2860 3586 3799 4152
6011 4 2 1 1 2658 3194 2376 3319
6012 4 2 1 1 2292 2603 2779 3410
6013 4 2 1 1 2518 2895 3971 3092
6014 4 2 1 1 2837 4282 2388 3847
6015 4 2 1 1 593 592 3137 3542
6016 4 2 1 1 2635 3839 3448 4189
6017 4 2 1 1 887 3463 888 4102
6018 4 2 1 1 2903 2519 3080 3772
6019 4 2 1 1 622 720 623 4500
6020 4 2 1 1 2538 2620 3325 4008
6021 4 2 1 1 3939 2353 3554 2461
6022 4 2 1 1 3176 4115 3903 2685
6023 4 2 1 1 2301 4367 3923 3221
6024 4 2 1 1 2428 3750 2751 4390
6025 4 2 1 1 4298 3306 3180 3813
6026 4 2 1 1 4271 3159 3285 2471
6027 4 2 1 1 1131 1036 3075 3790
6028 4 2 1 1 461 426 3196 374
6029 4 2 1 1 2036 192 2228 3984
6030 4 2 1 1 2809 3946 3270 4454
6031 4 2 1 1 2679 2403 3197 3957
6032 4 2 1 1 2642 3163 2540 3234
6033 4 2 1 1 3083 1105 1136 3276
6034 4 2 1 1 497 2775 3877 4220
6035 4 2 1 1 2397 3365 2661 3938
6036 4 2 1 1 1381 4001 3151 4508
6037 4 2 1 1 3430 4118 2476 4523
6038 4 2 1 1 2913 4284 3958 2298
6039 4 2 1 1 407 3275 466 286
6040 4 2 1 1 2610 3260 2896 3670
6041 4 2 1 1 3502 3896 1736 2666
6042 4 2 1 1 924 3503 2841 4478
6043 4 2 1 1 4650 1290 3149 3710
6044 4 2 1 1 4616 453 3037 4248
6045 4 2 1 1 2355 3010 2919 3731
6046 4 2 1 1 3613 4386 4401 2689
6047 4 2 1 1 4038 2772 2814 4445
6048 4 2 1 1 4252 4061 3057 2348
6049 4 2 1 1 3369 3269 4372 2724
6050 4 2 1 1 2894 2623 1887 3546
6051 4 2 1 1 3025 2360 3983 4444
6052 4 2 1 1 2699 3570 2585 4284
6053 4 2 1 1 925 3416 2841 4091
6054 4 2 1 1 4444 3915 1606 1607
6055 4 2 1 1 2229 2187 3490 4209
6056 4 2 1 1 4405 3930 1736 2666
6057 4 2 1 1 2138 2247 3710 4081
6058 4 2 1 1 589 693 2762 2593
6059 4 2 1 1 2753 3307 458 3931
6060 4 2 1 1 2369 3176 3730 3885
6061 4 2 1 1 2250 4672 2200 2165
6062 4 2 1 1 105 972 104 3952
6063 4 2 1 1 2447 3253 2804 3697
6064 4 2 1 1 2917 3559 2546 4109
6065 4 2 1 1 1590 2899 3811 3881
6066 4 2 1 1 270 269 2199 4624
6067 4 2 1 1 3288 3447 2696 4446
6068 4 2 1 1 2873 3593 1356 3779
6069 4 2 1 1 3139 3972 3741 2587
6070 4 2 1 1 593 612 4005 599
6071 4 2 1 1 2135 3363 2215 2148
6072 4 2 1 1 2005 3624 3937 1951
6073 4 2 1 1 1934 1935 1936 3061
6074 4 2 1 1 2307 3859 3067 4171
6075 4 2 1 1 2252 2476 2632 2927
6076 4 2 1 1 1200 2662 3108 1187
6077 4 2 1 1 2943 3506 1094 3892
6078 4 2 1 1 2453 3638 3244 4401
6079 4 2 1 1 2912 1222 1215 3750
6080 4 2 1 1 2593 3244 3638 4401
6081 4 2 1 1 1347 3007 3342 4525
6082 4 2 1 1 2441 3952 3521 4206
6083 4 2 1 1 4321 2833 3379 2340
6084 4 2 1 1 2778 2779 2414 3606
6085 4 2 1 1 1120 1257 3439 3782
6086 4 2 1 1 2582 3381 3499 4551
6087 4 2 1 1 3060 3943 2315 4544
6088 4 2 1 1 3355 3670 2876 2588
6089 4 2 1 1 1694 2899 1690 4375
6090 4 2 1 1 1568 1570 3367 4012
6091 4 2 1 1 4624 2161 269 2199
6092 4 2 1 1 577 688 2727 4017
6093 4 2 1 1 3483 2781 337 3807
6094 4 2 1 1 407 3275 286 2947
6095 4 2 1 1 2723 3062 2353 4306
6096 4 2 1 1 2348 3283 2794 3564
6097 4 2 1 1 2723 2353 4189 4306
6098 4 2 1 1 537 540 535 4207
6099 4 2 1 1 2327 3625 2654 4032
6100 4 2 1 1 3256 3568 3657 4343
6101 4 2 1 1 2884 3422 302 4109
6102 4 2 1 1 2355 3453 3096 4456
6103 4 2 1 1 2752 3274 2382 3182
6104 4 2 1 1 3007 3255 2452 4147
6105 4 2 1 1 3617 4636 4558 459
6106 4 2 1 1 2318 3183 3776 4510
6107 4 2 1 1 2573 3040 2954 4179
6108 4 2 1 1 2357 3035 4369 2621
6109 4 2 1 1 301 2884 302 4109
6110 4 2 1 1 1027 3790 2951 4415
6111 4 2 1 1 1227 3194 1013 1230
6112 4 2 1 1 2476 2274 2926 3361
6113 4 2 1 1 4624 2199 270 4168
6114 4 2 1 1 3846 3099 2858 1982
6115 4 2 1 1 1423 1449 2839 4101
6116 4 2 1 1 2336 2330 2837 3535
6117 4 2 1 1 1010 2943 1250 1173
6118 4 2 1 1 2860 3371 3743 4151
6119 4 2 1 1 2833 3484 2383 3496
6120 4 2 1 1 2930 3128 2387 3560
6121 4 2 1 1 1232 2947 1240 3375
6122 4 2 1 1 2386 3395 4129 4314
6123 4 2 1 1 1819 2872 1820 3822
6124 4 2 1 1 339 3262 338 4059
6125 4 2 1 1 4624 4657 2029 269
6126 4 2 1 1 3260 3718 2539 3963
6127 4 2 1 1 2354 2612 2756 3934
6128 4 2 1 1 3168 3584 1862 3649
6129 4 2 1 1 3457 3997 1048 4179
6130 4 2 1 1 2229 3589 4209 3075
6131 4 2 1 1 3547 4502 4409 832
6132 4 2 1 1 3216 1095 1114 1192
6133 4 2 1 1 3121 3924 2579 4418
6134 4 2 1 1 780 90 993 4087
6135 4 2 1 1 2379 3792 2974 2461
6136 4 2 1 1 1507 3149 4625 1290
6137 4 2 1 1 2730 4494 3758 2971
6138 4 2 1 1 2821 3761 2580 2846
6139 4 2 1 1 2605 3378 2465 3814
6140 4 2 1 1 2400 3302 2707 3977
6141 4 2 1 1 4444 1606 3915 3043
6142 4 2 1 1 2642 3067 3737 4522
6143 4 2 1 1 2895 3050 2450 4154
6144 4 2 1 1 2623 3564 3145 2422
6145 4 2 1 1 938 3784 3037 4287
6146 4 2 1 1 1580 3376 3072 4172
6147 4 2 1 1 2481 3440 3621 4286
6148 4 2 1 1 1028 1181 1265 4328
6149 4 2 1 1 426 3259 3196 4474
6150 4 2 1 1 2606 3539 2607 3849
6151 4 2 1 1 1547 4581 1769 3234
6152 4 2 1 1 603 2924 573 3417
6153 4 2 1 1 2415 2672 3432 3760
6154 4 2 1 1 3964 980 3008 3204
6155 4 2 1 1 3535 4052 3619 4116
6156 4 2 1 1 910 2697 903 4086
6157 4 2 1 1 1072 1200 1085 2547
6158 4 2 1 1 3253 3652 1059 3697
6159 4 2 1 1 3408 3805 2280 4125
6160 4 2 1 1 2874 3518 2397 4381
6161 4 2 1 1 3245 3766 2430 3857
6162 4 2 1 1 2485 2685 2294 3177
6163 4 2 1 1 4624 2660 3864 2162
6164 4 2 1 1 167 3778 1498 4174
6165 4 2 1 1 4623 40 41 1267
6166 4 2 1 1 4641 3073 518 3311
6167 4 2 1 1 1382 4636 4528 1510
6168 4 2 1 1 1861 2831 1849 3546
6169 4 2 1 1 1878 1821 1928 3557
6170 4 2 1 1 1752 1546 259 3864
6171 4 2 1 1 2357 3659 3429 4414
6172 4 2 1 1 501 749 68 4579
6173 4 2 1 1 2863 3282 2496 3487
6174 4 2 1 1 2412 3282 2863 3487
6175 4 2 1 1 2307 2866 3058 3671
6176 4 2 1 1 2757 4566 4450 2714
6177 4 2 1 1 2885 4197 3322 4242
6178 4 2 1 1 3525 3009 2322 2691
6179 4 2 1 1 2854 2598 3903 3906
6180 4 2 1 1 2336 3682 3433 4205
6181 4 2 1 1 2481 2881 3621 3627
6182 4 2 1 1 3095 2446 2804 3403
6183 4 2 1 1 2961 3695 2503 2458
6184 4 2 1 1 1625 4010 2936 4290
6185 4 2 1 1 2716 3560 1636 4237
6186 4 2 1 1 4189 4103 2635 4306
6187 4 2 1 1 1653 3191 3440 4194
6188 4 2 1 1 1868 3413 4169 1869
6189 4 2 1 1 2839 3593 2423 4090
6190 4 2 1 1 2402 3772 3003 4397
6191 4 2 1 1 2347 4001 2880 4214
6192 4 2 1 1 2736 3627 2548 3769
6193 4 2 1 1 4144 4110 4127 2990
6194 4 2 1 1 894 2842 835 3684
6195 4 2 1 1 3654 3619 3535 2483
6196 4 2 1 1 2627 3642 3324 3791
6197 4 2 1 1 1850 1849 3797 1851
6198 4 2 1 1 1787 242 2005 3502
6199 4 2 1 1 2712 3414 908 4331
6200 4 2 1 1 325 2781 4204 346
6201 4 2 1 1 617 495 2753 3668
6202 4 2 1 1 4623 1512 40 1267
6203 4 2 1 1 3008 3204 980 4191
6204 4 2 1 1 4623 4630 450 40
6205 4 2 1 1 3256 3739 2829 4346
6206 4 2 1 1 3374 3966 2763 3965
6207 4 2 1 1 680 3771 2924 3815
6208 4 2 1 1 2455 3317 3085 3696
6209 4 2 1 1 4638 56 55 448
6210 4 2 1 1 1723 1528 237 2758
6211 4 2 1 1 2649 3253 3528 3944
6212 4 2 1 1 3153 3664 2673 2362
6213 4 2 1 1 2330 3535 3491 3631
6214 4 2 1 1 3337 3934 3621 2612
6215 4 2 1 1 3256 3568 4343 950
6216 4 2 1 1 3313 2520 2580 4546
6217 4 2 1 1 2074 3322 2674 3781
6218 4 2 1 1 1968 3155 2001 3309
6219 4 2 1 1 3133 2477 3636 4318
6220 4 2 1 1 1990 1991 1791 3882
6221 4 2 1 1 2706 3840 1798 4069
6222 4 2 1 1 283 2692 485 465
6223 4 2 1 1 194 195 1031 4627
6224 4 2 1 1 330 3228 336 3716
6225 4 2 1 1 4623 1267 3005 4048
6226 4 2 1 1 1820 1819 1818 2872
6227 4 2 1 1 2997 2509 3657 4343
6228 4 2 1 1 749 4579 501 3195
6229 4 2 1 1 589 586 588 2762
6230 4 2 1 1 3647 2668 2300 2571
6231 4 2 1 1 231 230 4664 1288
6232 4 2 1 1 2740 3552 3383 2333
6233 4 2 1 1 2431 2938 2739 4070
6234 4 2 1 1 2438 3687 3320 3688
6235 4 2 1 1 2650 2357 3422 3429
6236 4 2 1 1 2360 3078 2750 2749
6237 4 2 1 1 2766 2468 3837 3998
6238 4 2 1 1 3503 4020 2618 4478
6239 4 2 1 1 1916 3207 2853 3481
6240 4 2 1 1 3493 3873 308 4360
6241 4 2 1 1 2376 3704 3526 4083
6242 4 2 1 1 2630 2413 3287 4310
6243 4 2 1 1 2005 2006 3502 3624
6244 4 2 1 1 2302 2696 2970 3954
6245 4 2 1 1 654 709 3304 3445
6246 4 2 1 1 3022 2377 3304 4467
6247 4 2 1 1 1081 3532 2893 4337
6248 4 2 1 1 2350 3020 3543 2592
6249 4 2 1 1 2890 3561 1615 3902
6250 4 2 1 1 3039 3629 3190 4213
6251 4 2 1 1 2341 3215 2955 4529
6252 4 2 1 1 509 3871 3294 3880
6253 4 2 1 1 1141 4277 3450 4458
6254 4 2 1 1 2466 3423 2867 4364
6255 4 2 1 1 2312 3818 3231 4459
6256 4 2 1 1 703 695 641 3752
6257 4 2 1 1 311 3206 409 4360
6258 4 2 1 1 891 835 894 2842
6259 4 2 1 1 1483 3318 3300 4227
6260 4 2 1 1 3498 1856 1822 3046
6261 4 2 1 1 2638 2488 3900 4124
6262 4 2 1 1 2837 2388 4282 4267
6263 4 2 1 1 4485 4087 2594 4114
6264 4 2 1 1 3015 3509 2695 4442
6265 4 2 1 1 2284 2896 3260 3670
6266 4 2 1 1 2379 2666 3081 3236
6267 4 2 1 1 2296 3303 3908 4186
6268 4 2 1 1 1551 3583 3427 3846
6269 4 2 1 1 3171 3451 2430 3766
6270 4 2 1 1 3080 3427 1637 2739
6271 4 2 1 1 2794 3301 3071 3471
6272 4 2 1 1 811 2741 3247 3568
6273 4 2 1 1 2330 2903 3328 3772
6274 4 2 1 1 987 924 925 2841
6275 4 2 1 1 3868 4417 2269 4418
6276 4 2 1 1 2697 910 3215 4086
6277 4 2 1 1 1218 3439 3315 4338
6278 4 2 1 1 1051 3997 1050 2639
6279 4 2 1 1 2046 2229 2187 3490
6280 4 2 1 1 3513 3686 2845 4432
6281 4 2 1 1 3770 3929 2569 1691
6282 4 2 1 1 2253 2907 2710 3482
6283 4 2 1 1 2635 4103 3679 4306
6284 4 2 1 1 2872 2426 3557 3130
6285 4 2 1 1 1401 1271 181 3921
6286 4 2 1 1 3090 3104 2406 3995
6287 4 2 1 1 1680 2834 2808 1681
6288 4 2 1 1 2359 3254 2732 3794
6289 4 2 1 1 810 943 812 2741
6290 4 2 1 1 426 3259 4474 4479
6291 4 2 1 1 1206 3253 2804 4007
6292 4 2 1 1 2678 1977 2007 1804
6293 4 2 1 1 2755 370 3522 4333
6294 4 2 1 1 498 628 74 4140
6295 4 2 1 1 2367 2723 3030 3690
6296 4 2 1 1 2628 2444 3368 3791
6297 4 2 1 1 1636 1536 3560 4227
6298 4 2 1 1 1072 3108 1200 2547
6299 4 2 1 1 3525 2322 3596 3838
6300 4 2 1 1 1049 1142 2840 4027
6301 4 2 1 1 2564 2829 3739 4346
6302 4 2 1 1 2748 2410 3249 3525
6303 4 2 1 1 2420 3334 2816 3666
6304 4 2 1 1 1267 4636 1510 41
6305 4 2 1 1 2530 3310 3245 3924
6306 4 2 1 1 401 3559 4109 3035
6307 4 2 1 1 2578 3523 2406 3536
6308 4 2 1 1 2831 2944 2449 4340
6309 4 2 1 1 2432 3577 2742 3736
6310 4 2 1 1 2715 3506 2893 4337
6311 4 2 1 1 2508 3396 2609 3645
6312 4 2 1 1 2336 2813 3682 4205
6313 4 2 1 1 2869 3934 3107 4538
6314 4 2 1 1 1580 3376 4172 1581
6315 4 2 1 1 2846 3761 2580 3983
6316 4 2 1 1 2603 3410 2602 3876
6317 4 2 1 1 2409 2727 3441 4274
6318 4 2 1 1 2714 2757 2553 2293
6319 4 2 1 1 778 126 125 2947
6320 4 2 1 1 3533 3617 2508 4006
6321 4 2 1 1 2362 3153 3241 4513
6322 4 2 1 1 617 3668 2753 4079
6323 4 2 1 1 1680 1598 2808 4172
6324 4 2 1 1 3937 3245 2530 3310
6325 4 2 1 1 3215 4086 2955 4529
6326 4 2 1 1 1726 1528 2834 3418
6327 4 2 1 1 2364 3970 3810 4076
6328 4 2 1 1 3377 3489 2788 4053
6329 4 2 1 1 245 2002 244 4278
6330 4 2 1 1 2420 2510 3114 3289
6331 4 2 1 1 2067 3781 3323 4141
6332 4 2 1 1 2742 2459 3517 3925
6333 4 2 1 1 2285 2805 3174 3932
6334 4 2 1 1 2535 3567 2782 2629
6335 4 2 1 1 327 326 323 3719
6336 4 2 1 1 3141 3302 2707 3692
6337 4 2 1 1 1829 2935 1855 4385
6338 4 2 1 1 1438 3093 1479 1485
6339 4 2 1 1 2606 2607 2961 3849
6340 4 2 1 1 1493 2661 3365 3938
6341 4 2 1 1 3498 1822 1856 1972
6342 4 2 1 1 2726 2448 2944 3728
6343 4 2 1 1 753 3205 24 995
6344 4 2 1 1 162 1294 4281 1509
6345 4 2 1 1 570 595 594 2668
6346 4 2 1 1 2695 3015 2288 3509
6347 4 2 1 1 3807 4333 414 2755
6348 4 2 1 1 1941 1879 2769 4221
6349 4 2 1 1 2742 3298 2355 3517
6350 4 2 1 1 2414 3865 3376 4024
6351 4 2 1 1 3272 3914 2587 4066
6352 4 2 1 1 1365 1377 2609 1472
6353 4 2 1 1 3194 3435 1234 4084
6354 4 2 1 1 2835 3053 2419 4030
6355 4 2 1 1 637 530 527 3899
6356 4 2 1 1 2471 3372 3159 4033
6357 4 2 1 1 3084 2422 2743 2666
6358 4 2 1 1 2813 3636 1564 3682
6359 4 2 1 1 2538 3486 2620 4008
6360 4 2 1 1 3592 3599 3112 3958
6361 4 2 1 1 907 2712 908 4331
6362 4 2 1 1 2745 3222 2334 4554
6363 4 2 1 1 567 566 565 3496
6364 4 2 1 1 3245 3310 2461 3924
6365 4 2 1 1 2810 3412 3404 3792
6366 4 2 1 1 3404 3412 2524 3792
6367 4 2 1 1 4265 3381 4097 2473
6368 4 2 1 1 677 3496 3299 3879
6369 4 2 1 1 970 3214 878 3335
6370 4 2 1 1 2703 3507 2431 3673
6371 4 2 1 1 688 3379 679 577
6372 4 2 1 1 4485 4087 4114 737
6373 4 2 1 1 3475 2381 2767 4385
6374 4 2 1 1 2783 3136 2405 3509
6375 4 2 1 1 1724 3579 3737 4569
6376 4 2 1 1 3205 4662 291 23
6377 4 2 1 1 1239 3201 1203 3365
6378 4 2 1 1 1665 2732 4457 1600
6379 4 2 1 1 2360 2760 3025 3353
6380 4 2 1 1 3411 3746 2490 4034
6381 4 2 1 1 430 4649 3375 289
6382 4 2 1 1 3658 2809 2979 2646
6383 4 2 1 1 2618 3368 2444 3587
6384 4 2 1 1 3260 3670 2610 4316
6385 4 2 1 1 63 3840 515 4069
6386 4 2 1 1 2434 3596 2620 4008
6387 4 2 1 1 2942 3014 2384 3520
6388 4 2 1 1 2992 3725 2587 3914
6389 4 2 1 1 995 24 23 3205
6390 4 2 1 1 1984 3207 4312 3615
6391 4 2 1 1 2543 2927 2922 3091
6392 4 2 1 1 2620 3486 2434 4008
6393 4 2 1 1 3283 3920 3057 2494
6394 4 2 1 1 2668 2383 3299 3815
6395 4 2 1 1 307 400 314 2740
6396 4 2 1 1 2330 3003 3650 3772
6397 4 2 1 1 100 101 768 4191
6398 4 2 1 1 3658 2979 2809 2303
6399 4 2 1 1 2675 2406 3104 3995
6400 4 2 1 1 3564 2701 2794 2348
6401 4 2 1 1 2714 2983 2717 3644
6402 4 2 1 1 2414 3865 2602 4011
6403 4 2 1 1 2368 3233 2683 3359
6404 4 2 1 1 100 4191 768 3691
6405 4 2 1 1 2042 4641 2201 3073
6406 4 2 1 1 2350 3296 2874 3756
6407 4 2 1 1 2543 2266 3002 3562
6408 4 2 1 1 3133 3636 2477 3989
6409 4 2 1 1 740 633 647 3699
6410 4 2 1 1 2668 3332 2383 3815
6411 4 2 1 1 2252 3004 2616 4282
6412 4 2 1 1 2313 3297 2967 4054
6413 4 2 1 1 1622 4290 1625 1592
6414 4 2 1 1 3187 828 825 937
6415 4 2 1 1 2446 3253 3528 2649
6416 4 2 1 1 2583 3198 2766 3998
6417 4 2 1 1 2054 3311 2201 2135
6418 4 2 1 1 2468 3747 3821 4050
6419 4 2 1 1 438 4633 3068 3665
6420 4 2 1 1 1977 4069 2678 4481
6421 4 2 1 1 2223 2211 2164 3589
6422 4 2 1 1 2215 2154 2676 4393
6423 4 2 1 1 2823 2301 3612 3900
6424 4 2 1 1 93 94 990 4293
6425 4 2 1 1 2671 3578 2909 3976
6426 4 2 1 1 2808 3992 1680 4172
6427 4 2 1 1 763 4588 3250 4235
6428 4 2 1 1 2672 2470 3358 4268
6429 4 2 1 1 1462 3318 1270 3834
6430 4 2 1 1 2730 4176 2971 4205
6431 4 2 1 1 2395 4074 3573 4276
6432 4 2 1 1 2803 3820 2656 2835
6433 4 2 1 1 3083 1105 1139 1136
6434 4 2 1 1 1528 2758 1723 4569
6435 4 2 1 1 2739 3427 1537 3583
6436 4 2 1 1 669 671 3195 4419
6437 4 2 1 1 1255 131 3510 4235
6438 4 2 1 1 2482 4111 3927 4229
6439 4 2 1 1 4403 2581 3286 2921
6440 4 2 1 1 4622 53 54 1999
6441 4 2 1 1 3839 4306 2635 4472
6442 4 2 1 1 2803 2656 4104 2835
6443 4 2 1 1 2496 2863 3487 4306
6444 4 2 1 1 1718 2811 1539 3594
6445 4 2 1 1 2385 3753 3773 4090
6446 4 2 1 1 2360 3079 3078 3353
6447 4 2 1 1 1121 1132 1119 3747
6448 4 2 1 1 1691 2569 3770 4375
6449 4 2 1 1 699 4582 87 522
6450 4 2 1 1 4618 2048 3152 2203
6451 4 2 1 1 1395 3319 1475 4326
6452 4 2 1 1 2956 3566 2436 4448
6453 4 2 1 1 3748 78 728 2775
6454 4 2 1 1 1336 2807 3829 4082
6455 4 2 1 1 2802 3492 2378 2705
6456 4 2 1 1 2295 2836 3695 4250
6457 4 2 1 1 4622 53 1999 2030
6458 4 2 1 1 1327 1326 1325 2848
6459 4 2 1 1 2095 2783 2096 2090
6460 4 2 1 1 419 3522 371 379
6461 4 2 1 1 2388 2543 3847 4282
6462 4 2 1 1 2523 3793 2665 4499
6463 4 2 1 1 2533 3738 3399 3979
6464 4 2 1 1 1218 1214 3945 4338
6465 4 2 1 1 3613 4386 2689 3419
6466 4 2 1 1 2369 3176 3006 4493
6467 4 2 1 1 2663 2927 4099 4440
6468 4 2 1 1 660 2799 3008 3711
6469 4 2 1 1 3939 2353 2461 2974
6470 4 2 1 1 1604 3853 1595 2982
6471 4 2 1 1 78 497 2775 3877
6472 4 2 1 1 1300 1302 4110 4127
6473 4 2 1 1 2945 2681 3147 4559
6474 4 2 1 1 2678 3651 3068 4481
6475 4 2 1 1 1359 1356 3593 3779
6476 4 2 1 1 1604 1595 3853 1656
6477 4 2 1 1 2689 3899 2950 4074
6478 4 2 1 1 609 3311 741 3844
6479 4 2 1 1 645 3494 3212 4207
6480 4 2 1 1 4535 4371 2424 3807
6481 4 2 1 1 2300 2924 3869 4357
6482 4 2 1 1 2284 3670 3260 4316
6483 4 2 1 1 1055 1057 1096 3267
6484 4 2 1 1 3846 1721 254 4279
6485 4 2 1 1 2370 2999 2698 3438
6486 4 2 1 1 2938 2739 3327 3882
6487 4 2 1 1 3399 3738 2689 3979
6488 4 2 1 1 3580 3598 2402 4548
6489 4 2 1 1 2326 3927 2873 4111
6490 4 2 1 1 3709 3735 2441 4042
6491 4 2 1 1 1697 3225 1698 3512
6492 4 2 1 1 3084 4439 2808 4159
6493 4 2 1 1 2998 2776 4074 4276
6494 4 2 1 1 3046 3498 2365 3822
6495 4 2 1 1 331 333 332 3788
6496 4 2 1 1 2366 2775 3041 3565
6497 4 2 1 1 2486 3616 3232 4374
6498 4 2 1 1 2625 3469 3438 4335
6499 4 2 1 1 4480 3643 3003 3580
6500 4 2 1 1 2885 2319 4197 4242
6501 4 2 1 1 2264 4349 2654 2693
6502 4 2 1 1 2760 2360 3025 4444
6503 4 2 1 1 2256 2827 2499 4092
6504 4 2 1 1 2276 2507 3222 3270
6505 4 2 1 1 679 563 577 3379
6506 4 2 1 1 3239 4464 2523 3711
6507 4 2 1 1 1740 1721 3846 4279
6508 4 2 1 1 2444 2627 3324 3791
6509 4 2 1 1 1336 3829 1334 4082
6510 4 2 1 1 2841 2444 3635 4478
6511 4 2 1 1 2748 2749 2427 3777
6512 4 2 1 1 2878 4043 3735 2309
6513 4 2 1 1 2023 1912 1889 4208
6514 4 2 1 1 546 548 662 3326
6515 4 2 1 1 3563 1595 3853 2982
6516 4 2 1 1 2345 2969 2968 3833
6517 4 2 1 1 4427 2534 4000 2868
6518 4 2 1 1 2339 3508 2973 3769
6519 4 2 1 1 3126 3490 1154 3984
6520 4 2 1 1 3179 3524 2609 4536
6521 4 2 1 1 2712 3403 3360 4432
6522 4 2 1 1 2304 3946 2809 4454
6523 4 2 1 1 2320 2613 2976 4510
6524 4 2 1 1 2726 2494 3317 3920
6525 4 2 1 1 2054 3311 2135 2978
6526 4 2 1 1 2970 2552 3262 4224
6527 4 2 1 1 2527 2855 3071 4095
6528 4 2 1 1 3258 4170 3239 4433
6529 4 2 1 1 1288 3951 1501 1518
6530 4 2 1 1 2752 3274 3193 3542
6531 4 2 1 1 2007 2678 1804 4187
6532 4 2 1 1 3670 3715 2471 4266
6533 4 2 1 1 2307 3889 3178 4193
6534 4 2 1 1 1187 2662 3495 4013
6535 4 2 1 1 3321 2142 2239 2235
6536 4 2 1 1 2397 4137 3148 4486
6537 4 2 1 1 539 574 653 2956
6538 4 2 1 1 2427 3078 2750 3291
6539 4 2 1 1 2285 3104 3090 3995
6540 4 2 1 1 1995 1925 80 2768
6541 4 2 1 1 1346 1459 1405 3664
6542 4 2 1 1 442 4667 3385 4622
6543 4 2 1 1 3746 3411 3773 2830
6544 4 2 1 1 789 790 787 2918
6545 4 2 1 1 2413 3503 3370 3800
6546 4 2 1 1 2155 2160 2117 3159
6547 4 2 1 1 1920 3066 2576 3751
6548 4 2 1 1 2717 3644 2983 3843
6549 4 2 1 1 423 2755 369 4535
6550 4 2 1 1 304 303 3422 3035
6551 4 2 1 1 2594 3500 997 4087
6552 4 2 1 1 2664 3004 2267 3292
6553 4 2 1 1 3933 4321 3394 2340
6554 4 2 1 1 2510 3187 3114 3289
6555 4 2 1 1 4021 4261 2153 2995
6556 4 2 1 1 958 3095 139 3577
6557 4 2 1 1 2444 3324 3263 4211
6558 4 2 1 1 3680 4024 2899 4254
6559 4 2 1 1 2393 2960 2729 3806
6560 4 2 1 1 1810 4002 3364 4120
6561 4 2 1 1 2452 3255 3007 4066
6562 4 2 1 1 407 2947 445 3375
6563 4 2 1 1 899 2845 3513 898
6564 4 2 1 1 442 4667 4622 54
6565 4 2 1 1 2221 2791 2122 3556
6566 4 2 1 1 734 3647 2753 3708
6567 4 2 1 1 1107 3039 1053 3894
6568 4 2 1 1 2887 2889 2366 3941
6569 4 2 1 1 1347 3007 4525 1361
6570 4 2 1 1 3573 4074 2776 4276
6571 4 2 1 1 2315 2659 3251 3574
6572 4 2 1 1 1586 1686 3157 3992
6573 4 2 1 1 2425 3599 3592 3958
6574 4 2 1 1 2405 3136 2783 3802
6575 4 2 1 1 2748 1627 3009 3994
6576 4 2 1 1 2682 2878 2309 3875
6577 4 2 1 1 2337 3180 2672 4251
6578 4 2 1 1 1879 1826 3550 3721
6579 4 2 1 1 2329 3944 3267 4213
6580 4 2 1 1 986 778 976 2947
6581 4 2 1 1 1240 1232 1037 2947
6582 4 2 1 1 740 3212 645 3494
6583 4 2 1 1 2703 3120 3507 3673
6584 4 2 1 1 2775 2366 4220 4407
6585 4 2 1 1 4126 4443 4146 2696
6586 4 2 1 1 2376 3053 3435 4084
6587 4 2 1 1 1611 2846 1612 3902
6588 4 2 1 1 3106 3262 2552 4224
6589 4 2 1 1 2415 2672 3760 4195
6590 4 2 1 1 1823 1972 1820 3498
6591 4 2 1 1 3321 2142 2136 4268
6592 4 2 1 1 2030 1999 4622 3385
6593 4 2 1 1 3563 3853 1595 1656
6594 4 2 1 1 3256 912 4346 915
6595 4 2 1 1 228 227 2207 4621
6596 4 2 1 1 1307 1311 1308 3153
6597 4 2 1 1 1627 1617 2748 3630
6598 4 2 1 1 2398 3174 2805 3932
6599 4 2 1 1 2681 2358 3147 4559
6600 4 2 1 1 2865 3027 2304 3946
6601 4 2 1 1 627 3137 687 3243
6602 4 2 1 1 327 3341 3719 4098
6603 4 2 1 1 2220 2791 2221 3817
6604 4 2 1 1 2088 2087 2089 3828
6605 4 2 1 1 3089 3165 2524 3917
6606 4 2 1 1 2422 3165 3089 3917
6607 4 2 1 1 2380 3396 3179 4016
6608 4 2 1 1 2531 2687 4376 3118
6609 4 2 1 1 342 3515 2596 4420
6610 4 2 1 1 3061 1932 3320 1933
6611 4 2 1 1 2153 3497 2995 4261
6612 4 2 1 1 1852 3722 2944 4359
6613 4 2 1 1 2111 2112 2105 3511
6614 4 2 1 1 2271 2874 3505 3860
6615 4 2 1 1 2835 2419 3436 4030
6616 4 2 1 1 2611 3431 3033 3814
6617 4 2 1 1 4376 2687 2531 3465
6618 4 2 1 1 4516 3672 1975 3207
6619 4 2 1 1 3178 3058 3889 2307
6620 4 2 1 1 3613 4386 3419 2453
6621 4 2 1 1 2648 2827 2499 4150
6622 4 2 1 1 2423 3593 3392 4090
6623 4 2 1 1 2594 2684 3407 2290
6624 4 2 1 1 482 287 478 3234
6625 4 2 1 1 1033 3075 3490 4162
6626 4 2 1 1 2382 3279 2960 4449
6627 4 2 1 1 2579 3013 3150 4418
6628 4 2 1 1 4619 2771 293 3980
6629 4 2 1 1 2383 3223 2668 3299
6630 4 2 1 1 4621 4632 1266 2985
6631 4 2 1 1 901 894 835 3684
6632 4 2 1 1 2479 3252 2830 3985
6633 4 2 1 1 2423 3333 2800 4245
6634 4 2 1 1 2636 4163 3466 3342
6635 4 2 1 1 2642 4153 2540 4522
6636 4 2 1 1 2207 4650 2050 3710
6637 4 2 1 1 952 906 4280 2500
6638 4 2 1 1 2411 2840 4027 4520
6639 4 2 1 1 2459 3925 2742 4056
6640 4 2 1 1 4021 2153 4261 2115
6641 4 2 1 1 2636 4163 3018 3466
6642 4 2 1 1 2707 3196 357 3674
6643 4 2 1 1 3007 1361 3255 4525
6644 4 2 1 1 1039 3750 1038 1040
6645 4 2 1 1 2038 2240 2746 3601
6646 4 2 1 1 2388 2927 2922 2543
6647 4 2 1 1 2667 2315 3943 4544
6648 4 2 1 1 2747 3553 2494 3696
6649 4 2 1 1 2748 3009 1627 3630
6650 4 2 1 1 2190 2080 3432 3760
6651 4 2 1 1 2428 4163 2636 2912
6652 4 2 1 1 3292 3650 3120 4490
6653 4 2 1 1 1634 2642 1775 3986
6654 4 2 1 1 1276 3175 3741 4326
6655 4 2 1 1 637 2998 3783 3899
6656 4 2 1 1 4535 4371 3807 2755
6657 4 2 1 1 2753 3647 2924 2300
6658 4 2 1 1 2494 3057 3661 3707
6659 4 2 1 1 2207 4650 3710 4621
6660 4 2 1 1 2410 3761 2846 3902
6661 4 2 1 1 1058 2722 1155 4370
6662 4 2 1 1 3595 4514 2643 3614
6663 4 2 1 1 3644 3903 2597 2714
6664 4 2 1 1 3761 1708 1615 2890
6665 4 2 1 1 2636 4163 3342 2912
6666 4 2 1 1 2953 3268 2457 4094
6667 4 2 1 1 2298 4259 2780 2902
6668 4 2 1 1 2834 3157 1732 3992
6669 4 2 1 1 1967 3835 3282 4173
6670 4 2 1 1 3239 4464 3711 2799
6671 4 2 1 1 2681 3592 2491 3891
6672 4 2 1 1 2584 3064 2970 2371
6673 4 2 1 1 2956 2436 2669 3667
6674 4 2 1 1 3981 959 779 3752
6675 4 2 1 1 2335 2941 2741 4097
6676 4 2 1 1 998 3764 131 4235
6677 4 2 1 1 2017 2681 1783 3787
6678 4 2 1 1 3761 1708 2890 4545
6679 4 2 1 1 1118 1104 3126 3747
6680 4 2 1 1 2701 3531 3058 4171
6681 4 2 1 1 1706 1615 1708 3561
6682 4 2 1 1 4089 1006 928 2787
6683 4 2 1 1 3228 3602 2371 3716
6684 4 2 1 1 3287 3386 2789 3637
6685 4 2 1 1 2319 3102 2738 3810
6686 4 2 1 1 1680 1582 1598 4172
6687 4 2 1 1 4485 4087 737 3455
6688 4 2 1 1 2307 3058 3531 4171
6689 4 2 1 1 1152 1096 1057 3253
6690 4 2 1 1 1225 1143 3233 3478
6691 4 2 1 1 3267 3944 2649 4213
6692 4 2 1 1 3099 1982 4002 2858
6693 4 2 1 1 2701 2694 2344 4435
6694 4 2 1 1 301 2884 299 4455
6695 4 2 1 1 3255 4147 3007 4525
6696 4 2 1 1 3621 3934 2613 4286
6697 4 2 1 1 2661 3201 2397 3518
6698 4 2 1 1 3450 4277 3083 4458
6699 4 2 1 1 2312 2782 3211 4077
6700 4 2 1 1 2682 2309 2878 3735
6701 4 2 1 1 2770 2617 3142 3975
6702 4 2 1 1 2770 2617 3975 3576
6703 4 2 1 1 2856 4043 3224 2309
6704 4 2 1 1 1012 143 1229 3293
6705 4 2 1 1 301 302 2884 4455
6706 4 2 1 1 898 3273 897 2845
6707 4 2 1 1 2500 4280 3156 4367
6708 4 2 1 1 1095 3506 2657 3892
6709 4 2 1 1 1789 3219 2962 4232
6710 4 2 1 1 1949 2009 3000 3404
6711 4 2 1 1 2423 3333 3849 4112
6712 4 2 1 1 3280 4022 2629 4299
6713 4 2 1 1 1167 2796 1165 3261
6714 4 2 1 1 2894 3546 2448 3564
6715 4 2 1 1 2520 3601 3313 4436
6716 4 2 1 1 2302 3132 2844 3954
6717 4 2 1 1 2381 2734 3688 2265
6718 4 2 1 1 801 826 2682 4086
6719 4 2 1 1 2294 2485 3177 4311
6720 4 2 1 1 2451 3225 2634 3512
6721 4 2 1 1 2800 3443 3333 4129
6722 4 2 1 1 2423 3848 3333 4245
6723 4 2 1 1 2309 3875 2759 3886
6724 4 2 1 1 2759 3875 2708 3886
6725 4 2 1 1 3981 779 959 964
6726 4 2 1 1 2582 3499 3381 3836
6727 4 2 1 1 1367 3217 1337 3829
6728 4 2 1 1 2649 3267 3253 3944
6729 4 2 1 1 2345 2926 4213 2649
6730 4 2 1 1 2394 2816 4377 3177
6731 4 2 1 1 2546 3307 2917 4109
6732 4 2 1 1 2909 2424 3762 3947
6733 4 2 1 1 2866 2307 3531 3859
6734 4 2 1 1 3138 3629 2832 3894
6735 4 2 1 1 2494 3661 2861 3707
6736 4 2 1 1 2641 3425 2305 4342
6737 4 2 1 1 4202 2915 2828 2489
6738 4 2 1 1 654 596 709 3445
6739 4 2 1 1 3046 3320 2545 4392
6740 4 2 1 1 3168 3839 2635 4472
6741 4 2 1 1 2527 3071 3301 4095
6742 4 2 1 1 2306 2784 2785 2907
6743 4 2 1 1 345 2911 344 3515
6744 4 2 1 1 356 3383 2707 3674
6745 4 2 1 1 4621 4632 228 1266
6746 4 2 1 1 3941 2993 2518 2313
6747 4 2 1 1 3133 3437 1662 4057
6748 4 2 1 1 3912 4351 2905 2436
6749 4 2 1 1 1145 3472 2951 3545
6750 4 2 1 1 2308 3356 2967 2544
6751 4 2 1 1 2207 2985 4621 3710
6752 4 2 1 1 1931 1932 3320 4392
6753 4 2 1 1 175 1227 3175 4326
6754 4 2 1 1 1172 1246 1253 3736
6755 4 2 1 1 696 82 4576 3294
6756 4 2 1 1 4138 3932 2848 3534
6757 4 2 1 1 2460 3516 3390 3517
6758 4 2 1 1 3341 3605 328 4398
6759 4 2 1 1 2791 3380 2195 4196
6760 4 2 1 1 3655 3265 3397 2374
6761 4 2 1 1 872 3227 873 3305
6762 4 2 1 1 2742 3925 3096 4198
6763 4 2 1 1 3210 3211 2644 4416
6764 4 2 1 1 1358 2839 1449 3593
6765 4 2 1 1 2062 2064 2063 4133
6766 4 2 1 1 2336 2330 3535 4037
6767 4 2 1 1 2233 3380 4288 2232
6768 4 2 1 1 2808 2964 2516 4439
6769 4 2 1 1 1494 3396 2826 3617
6770 4 2 1 1 2507 3257 3169 4142
6771 4 2 1 1 1176 3532 2879 3885
6772 4 2 1 1 3670 4266 2876 2392
6773 4 2 1 1 4558 4636 3005 277
6774 4 2 1 1 3214 3304 2377 4467
6775 4 2 1 1 2462 3644 2965 3907
6776 4 2 1 1 4620 270 271 2051
6777 4 2 1 1 2369 3006 2979 4493
6778 4 2 1 1 413 354 3383 4398
6779 4 2 1 1 355 357 2707 3801
6780 4 2 1 1 2523 3239 3711 4433
6781 4 2 1 1 1277 2880 4045 4174
6782 4 2 1 1 2421 2677 3116 4296
6783 4 2 1 1 4620 270 2051 4168
6784 4 2 1 1 2887 3667 2889 3941
6785 4 2 1 1 822 3334 824 3666
6786 4 2 1 1 2756 3171 2869 4012
6787 4 2 1 1 1718 1548 3012 3765
6788 4 2 1 1 2941 2459 4256 4379
6789 4 2 1 1 2295 3695 2836 3753
6790 4 2 1 1 1867 1927 3378 3413
6791 4 2 1 1 1354 3742 2914 1417
6792 4 2 1 1 2399 2640 3209 4309
6793 4 2 1 1 2086 3166 2087 3706
6794 4 2 1 1 2419 3731 3010 4363
6795 4 2 1 1 2656 3298 2355 3453
6796 4 2 1 1 1039 3750 1040 4390
6797 4 2 1 1 740 750 633 3699
6798 4 2 1 1 2308 3473 2857 4043
6799 4 2 1 1 2260 2819 3409 4298
6800 4 2 1 1 925 2841 3503 4091
6801 4 2 1 1 602 2833 681 4321
6802 4 2 1 1 271 4620 2051 2205
6803 4 2 1 1 2292 3865 3606 4159
6804 4 2 1 1 1360 1449 3220 3593
6805 4 2 1 1 3706 2458 2825 4482
6806 4 2 1 1 302 3422 2884 4455
6807 4 2 1 1 1539 3594 2811 4039
6808 4 2 1 1 1788 2691 3615 4312
6809 4 2 1 1 4565 2848 3020 2592
6810 4 2 1 1 2405 3372 3159 3888
6811 4 2 1 1 4620 2234 4168 2051
6812 4 2 1 1 1629 3067 1621 3737
6813 4 2 1 1 4403 2581 2921 816
6814 4 2 1 1 2681 3787 3147 2358
6815 4 2 1 1 2799 3711 3239 4433
6816 4 2 1 1 3061 1932 1933 1938
6817 4 2 1 1 3117 3867 3814 2506
6818 4 2 1 1 2327 3040 3199 4572
6819 4 2 1 1 2288 2695 2607 3015
6820 4 2 1 1 2985 3411 4421 4081
6821 4 2 1 1 4620 2234 2051 2205
6822 4 2 1 1 2428 3018 3740 4556
6823 4 2 1 1 2991 3598 4183 4498
6824 4 2 1 1 419 3522 379 3163
6825 4 2 1 1 1850 1852 2944 4359
6826 4 2 1 1 3027 1181 3170 3693
6827 4 2 1 1 4668 157 156 752
6828 4 2 1 1 4203 3541 3267 2722
6829 4 2 1 1 983 98 99 4211
6830 4 2 1 1 2869 3171 2732 4012
6831 4 2 1 1 3929 4068 2569 2936
6832 4 2 1 1 1367 4001 2615 4324
6833 4 2 1 1 2521 3334 3250 3177
6834 4 2 1 1 3525 4093 3009 2748
6835 4 2 1 1 3004 3277 3003 3643
6836 4 2 1 1 2714 2983 3644 2293
6837 4 2 1 1 258 1794 257 4516
6838 4 2 1 1 4485 4087 3455 2594
6839 4 2 1 1 1107 3855 3039 3894
6840 4 2 1 1 2339 3508 2754 4164
6841 4 2 1 1 4653 2826 288 3617
6842 4 2 1 1 938 753 870 4287
6843 4 2 1 1 2725 869 3500 4287
6844 4 2 1 1 521 4087 737 4114
6845 4 2 1 1 3632 2815 605 686
6846 4 2 1 1 910 2697 3962 911
6847 4 2 1 1 2859 3479 2586 3996
6848 4 2 1 1 1208 3821 1099 2705
6849 4 2 1 1 2416 3347 2845 4432
6850 4 2 1 1 2444 3263 3635 4211
6851 4 2 1 1 2394 3119 2816 3764
6852 4 2 1 1 3187 2391 3784 4287
6853 4 2 1 1 2490 3695 2836 4034
6854 4 2 1 1 939 3247 815 4020
6855 4 2 1 1 210 1531 209 4177
6856 4 2 1 1 3465 3660 2305 2687
6857 4 2 1 1 2964 3811 1583 4172
6858 4 2 1 1 615 4069 2792 4330
6859 4 2 1 1 1614 1611 1612 3902
6860 4 2 1 1 1445 3151 4508 1381
6861 4 2 1 1 2692 4281 3980 4368
6862 4 2 1 1 2425 2681 3592 3904
6863 4 2 1 1 4370 3652 3940 2803
6864 4 2 1 1 1036 1233 1131 3075
6865 4 2 1 1 2634 3024 3023 3225
6866 4 2 1 1 843 845 3780 4280
6867 4 2 1 1 3555 3369 2841 3370
6868 4 2 1 1 1419 3742 2800 3861
6869 4 2 1 1 2977 3052 2532 4134
6870 4 2 1 1 2631 2350 2874 4399
6871 4 2 1 1 3614 3431 2287 2255
6872 4 2 1 1 1099 1208 1135 3821
6873 4 2 1 1 2407 2984 3468 4506
6874 4 2 1 1 2478 2722 3541 4203
6875 4 2 1 1 1145 2951 3472 4415
6876 4 2 1 1 3061 3475 2381 4077
6877 4 2 1 1 3463 3575 2443 4102
6878 4 2 1 1 1244 166 4586 4045
6879 4 2 1 1 2557 2514 4262 3867
6880 4 2 1 1 2054 3311 2978 3073
6881 4 2 1 1 2257 4146 2696 4446
6882 4 2 1 1 3338 3876 3410 2603
6883 4 2 1 1 500 66 3219 3720
6884 4 2 1 1 2311 3326 2729 4100
6885 4 2 1 1 1445 3151 1381 1446
6886 4 2 1 1 3353 3569 2731 3804
6887 4 2 1 1 260 1805 259 3864
6888 4 2 1 1 1289 39 38 4619
6889 4 2 1 1 2315 3060 2702 3110
6890 4 2 1 1 831 825 3187 3289
6891 4 2 1 1 2859 3817 3556 4155
6892 4 2 1 1 2640 3090 2920 3995
6893 4 2 1 1 2346 2785 3425 4222
6894 4 2 1 1 2215 2676 3311 4393
6895 4 2 1 1 1380 3151 2880 4174
6896 4 2 1 1 4203 3267 3541 2329
6897 4 2 1 1 1137 1140 1139 3083
6898 4 2 1 1 2395 3387 3757 4276
6899 4 2 1 1 3626 2709 3724 4032
6900 4 2 1 1 3718 3260 4316 3963
6901 4 2 1 1 3135 3784 2600 4248
6902 4 2 1 1 2795 2305 3465 3660
6903 4 2 1 1 2397 3201 2661 3365
6904 4 2 1 1 3164 4256 2459 4379
6905 4 2 1 1 3269 3382 2352 4531
6906 4 2 1 1 718 2859 4659 3996
6907 4 2 1 1 2660 3321 3290 3864
6908 4 2 1 1 2266 2992 3047 3725
6909 4 2 1 1 2551 3102 3544 4242
6910 4 2 1 1 2319 3544 3102 4242
6911 4 2 1 1 4061 3057 2013 3579
6912 4 2 1 1 2684 4009 3017 4185
6913 4 2 1 1 2245 3149 3351 3710
6914 4 2 1 1 2650 3114 2391 3113
6915 4 2 1 1 2325 3626 2709 3724
6916 4 2 1 1 2970 3064 2696 3447
6917 4 2 1 1 971 891 894 3335
6918 4 2 1 1 664 617 2753 4079
6919 4 2 1 1 2056 3363 2978 2135
6920 4 2 1 1 2288 3509 3913 4181
6921 4 2 1 1 2508 4404 3005 4528
6922 4 2 1 1 3191 3337 2634 4518
6923 4 2 1 1 4583 1030 2844 4281
6924 4 2 1 1 2252 2543 2575 2927
6925 4 2 1 1 1590 3376 1694 1581
6926 4 2 1 1 3015 3492 2288 3913
6927 4 2 1 1 1512 39 1289 4619
6928 4 2 1 1 3140 3658 2501 4059
6929 4 2 1 1 3939 2353 2974 2975
6930 4 2 1 1 4061 2013 3057 1884
6931 4 2 1 1 2248 3710 2247 4081
6932 4 2 1 1 2170 3511 2795 4156
6933 4 2 1 1 3150 2767 2381 2986
6934 4 2 1 1 1055 1053 3894 1148
6935 4 2 1 1 2406 2615 2577 3536
6936 4 2 1 1 577 563 561 4247
6937 4 2 1 1 273 274 1986 4655
6938 4 2 1 1 2330 3491 3650 4267
6939 4 2 1 1 2964 4327 2655 4334
6940 4 2 1 1 623 624 3400 4552
6941 4 2 1 1 713 2768 646 4220
6942 4 2 1 1 2348 3057 2894 4061
6943 4 2 1 1 3533 4006 2508 4016
6944 4 2 1 1 1751 1693 1692 4375
6945 4 2 1 1 2985 4421 3411 2385
6946 4 2 1 1 4588 770 128 956
6947 4 2 1 1 1289 4619 38 3980
6948 4 2 1 1 1448 2848 1325 3744
6949 4 2 1 1 2456 3160 3780 4280
6950 4 2 1 1 2413 3286 2921 4403
6951 4 2 1 1 3940 4203 3038 2454
6952 4 2 1 1 1360 1359 3593 4389
6953 4 2 1 1 1840 1837 1966 2863
6954 4 2 1 1 2323 3150 3211 4418
6955 4 2 1 1 2356 3903 2854 4115
6956 4 2 1 1 2268 2994 3573 4094
6957 4 2 1 1 1822 3498 3046 3822
6958 4 2 1 1 3375 3693 2596 4167
6959 4 2 1 1 2025 4612 3380 3423
6960 4 2 1 1 3112 3570 562 4419
6961 4 2 1 1 1233 4626 3075 4637
6962 4 2 1 1 664 2753 734 3647
6963 4 2 1 1 3531 3859 2307 4171
6964 4 2 1 1 213 1462 1270 3834
6965 4 2 1 1 2594 3105 2725 3500
6966 4 2 1 1 4594 296 3455 4087
6967 4 2 1 1 815 3247 2921 4020
6968 4 2 1 1 2381 3211 2782 4077
6969 4 2 1 1 4509 3840 4069 2792
6970 4 2 1 1 2653 3545 2802 4533
6971 4 2 1 1 2609 3179 3396 4016
6972 4 2 1 1 3093 3770 1477 3916
6973 4 2 1 1 1289 2771 4619 3980
6974 4 2 1 1 1688 1590 3881 1689
6975 4 2 1 1 2567 3518 2874 4381
6976 4 2 1 1 2701 2344 2694 3145
6977 4 2 1 1 4509 4069 3840 2706
6978 4 2 1 1 2411 3974 3428 4520
6979 4 2 1 1 1924 3294 1790 3871
6980 4 2 1 1 1386 2698 1363 2999
6981 4 2 1 1 2642 3234 2540 4153
6982 4 2 1 1 2373 3479 2931 4262
6983 4 2 1 1 1663 1524 1715 3074
6984 4 2 1 1 4076 2626 4229 2326
6985 4 2 1 1 3299 3840 666 3879
6986 4 2 1 1 1012 3293 3138 4504
6987 4 2 1 1 3289 3334 2420 3666
6988 4 2 1 1 2405 3373 3888 4031
6989 4 2 1 1 2716 3318 2565 3683
6990 4 2 1 1 2536 3318 2716 3683
6991 4 2 1 1 2490 3695 2674 3809
6992 4 2 1 1 1836 3188 1950 4218
6993 4 2 1 1 2290 3640 2684 4009
6994 4 2 1 1 1600 3254 1568 3989
6995 4 2 1 1 2478 3478 3038 4383
6996 4 2 1 1 801 802 803 3401
6997 4 2 1 1 3315 4627 3782 1031
6998 4 2 1 1 2412 3487 2863 3554
6999 4 2 1 1 2587 3725 3125 3914
7000 4 2 1 1 2622 2258 2621 3659
7001 4 2 1 1 2806 3251 316 3483
7002 4 2 1 1 2942 3005 2384 3530
7003 4 2 1 1 2796 3831 2916 4469
7004 4 2 1 1 2401 3086 2891 3424
7005 4 2 1 1 2734 3688 3581 2495
7006 4 2 1 1 1659 3826 4422 1658
7007 4 2 1 1 3602 3716 3228 3788
7008 4 2 1 1 2875 3015 2378 3610
7009 4 2 1 1 2921 3247 2352 4406
7010 4 2 1 1 3023 3225 2414 3887
7011 4 2 1 1 2366 2889 2888 3352
7012 4 2 1 1 4265 4097 3381 2741
7013 4 2 1 1 2657 3954 3132 4283
7014 4 2 1 1 1648 1741 3458 3858
7015 4 2 1 1 1961 3317 1886 3920
7016 4 2 1 1 2491 3195 2681 2358
7017 4 2 1 1 3328 1557 2903 1559
7018 4 2 1 1 1551 3846 3427 4503
7019 4 2 1 1 2802 1098 1088 1099
7020 4 2 1 1 664 2924 603 4079
7021 4 2 1 1 4619 1378 2771 1289
7022 4 2 1 1 3964 980 3204 913
7023 4 2 1 1 3273 3676 2790 2363
7024 4 2 1 1 1674 3313 2746 4545
7025 4 2 1 1 1165 3831 2796 4469
7026 4 2 1 1 4619 1378 1289 1512
7027 4 2 1 1 3007 3255 1361 4066
7028 4 2 1 1 2393 3400 2627 3642
7029 4 2 1 1 3053 2711 3501 4486
7030 4 2 1 1 2431 3009 2703 4503
7031 4 2 1 1 315 3462 322 3775
7032 4 2 1 1 2384 3077 2807 3536
7033 4 2 1 1 2170 2795 3511 2085
7034 4 2 1 1 2363 3430 2759 4523
7035 4 2 1 1 597 654 3304 3901
7036 4 2 1 1 2424 2806 3671 4535
7037 4 2 1 1 573 3417 2924 3771
7038 4 2 1 1 1125 3588 2692 4132
7039 4 2 1 1 2715 2893 3506 4443
7040 4 2 1 1 1855 1829 1827 2935
7041 4 2 1 1 3645 1377 2609 1365
7042 4 2 1 1 1422 1423 1420 4119
7043 4 2 1 1 3746 3773 3411 2490
7044 4 2 1 1 2278 2838 3654 3683
7045 4 2 1 1 2854 3510 1177 4570
7046 4 2 1 1 2203 154 153 4618
7047 4 2 1 1 1395 3741 2658 4326
7048 4 2 1 1 681 572 567 2833
7049 4 2 1 1 2629 3475 3061 4077
7050 4 2 1 1 1237 1020 1203 3501
7051 4 2 1 1 2486 3754 3044 3755
7052 4 2 1 1 1041 2733 1042 4135
7053 4 2 1 1 2302 3447 3662 4175
7054 4 2 1 1 2320 3191 3957 4518
7055 4 2 1 1 3148 3365 4137 2397
7056 4 2 1 1 3524 3928 2671 4451
7057 4 2 1 1 2359 3254 2737 3367
7058 4 2 1 1 3338 3876 2603 3107
7059 4 2 1 1 1582 1680 3992 4172
7060 4 2 1 1 2595 3129 2766 4429
7061 4 2 1 1 2017 1909 1888 3147
7062 4 2 1 1 2373 3117 3408 4262
7063 4 2 1 1 3280 3748 76 510
7064 4 2 1 1 3277 3650 3003 3772
7065 4 2 1 1 4123 2429 2995 3893
7066 4 2 1 1 2320 3621 3337 2613
7067 4 2 1 1 664 603 2924 680
7068 4 2 1 1 3092 644 4207 643
7069 4 2 1 1 1902 1864 3378 4562
7070 4 2 1 1 1559 3563 4052 1594
7071 4 2 1 1 4123 4261 2429 2599
7072 4 2 1 1 20 19 4594 285
7073 4 2 1 1 2372 3725 3091 3726
7074 4 2 1 1 1177 2854 1175 3510
7075 4 2 1 1 2495 2986 2935 4243
7076 4 2 1 1 2985 2385 3411 4344
7077 4 2 1 1 3257 3749 2600 4304
7078 4 2 1 1 3136 2097 3802 4425
7079 4 2 1 1 1710 1748 3561 4516
7080 4 2 1 1 1827 3320 2935 4362
7081 4 2 1 1 4618 2052 153 2203
7082 4 2 1 1 4618 4642 775 3152
7083 4 2 1 1 3448 3649 2635 4260
7084 4 2 1 1 2355 3096 2742 3925
7085 4 2 1 1 2816 2394 3250 3177
7086 4 2 1 1 2272 3024 2906 3812
7087 4 2 1 1 2607 2288 3015 3492
7088 4 2 1 1 2358 3839 3168 4472
7089 4 2 1 1 2730 3433 3794 4176
7090 4 2 1 1 2360 3079 3226 3476
7091 4 2 1 1 3043 3078 2982 3915
7092 4 2 1 1 1418 3742 3861 3890
7093 4 2 1 1 2370 3042 2999 3438
7094 4 2 1 1 1385 1384 1483 3300
7095 4 2 1 1 2487 3600 2702 2622
7096 4 2 1 1 550 3542 2744 4148
7097 4 2 1 1 1710 3561 3290 4516
7098 4 2 1 1 3354 4140 498 4299
7099 4 2 1 1 1134 3750 3457 4390
7100 4 2 1 1 2135 3363 2978 3311
7101 4 2 1 1 1325 1440 3744 4565
7102 4 2 1 1 2822 3621 2613 4286
7103 4 2 1 1 2329 3267 3944 4203
7104 4 2 1 1 1408 3769 1407 4177
7105 4 2 1 1 4618 4597 1004 153
7106 4 2 1 1 3938 1283 2977 1496
7107 4 2 1 1 2795 3432 2531 2085
7108 4 2 1 1 1803 3817 2859 4155
7109 4 2 1 1 3061 3320 2381 3475
7110 4 2 1 1 2359 3367 2737 4286
7111 4 2 1 1 3136 2097 4425 2099
7112 4 2 1 1 771 3591 114 3752
7113 4 2 1 1 2722 3944 3267 4203
7114 4 2 1 1 891 3732 3335 4423
7115 4 2 1 1 2431 3507 2817 3673
7116 4 2 1 1 2346 3425 2785 3755
7117 4 2 1 1 2034 2207 2248 2985
7118 4 2 1 1 779 3152 977 964
7119 4 2 1 1 1586 1584 1686 3992
7120 4 2 1 1 2421 3116 2875 4199
7121 4 2 1 1 3511 2599 2429 4261
7122 4 2 1 1 2753 4471 3869 2497
7123 4 2 1 1 1357 1359 1356 3593
7124 4 2 1 1 2609 3524 3523 4536
7125 4 2 1 1 556 580 687 3599
7126 4 2 1 1 2331 2670 3279 4236
7127 4 2 1 1 4618 4642 154 775
7128 4 2 1 1 2326 4229 4111 2626
7129 4 2 1 1 2348 3178 2794 3661
7130 4 2 1 1 2445 2794 3178 3661
7131 4 2 1 1 3139 3319 2658 3526
7132 4 2 1 1 310 3926 2667 4360
7133 4 2 1 1 2279 3448 3089 3608
7134 4 2 1 1 3922 3611 4367 3923
7135 4 2 1 1 2679 2451 3512 3982
7136 4 2 1 1 1081 3506 2893 4230
7137 4 2 1 1 3501 4013 3053 4486
7138 4 2 1 1 3136 2097 2099 4226
7139 4 2 1 1 2772 2470 4195 4297
7140 4 2 1 1 2510 3386 3114 4413
7141 4 2 1 1 2751 3548 1499 3921
7142 4 2 1 1 2415 2738 3544 3660
7143 4 2 1 1 2270 3609 2654 3610
7144 4 2 1 1 1773 3415 3321 4128
7145 4 2 1 1 1754 4422 1659 4507
7146 4 2 1 1 2153 2196 3497 4261
7147 4 2 1 1 3509 4181 2783 4226
7148 4 2 1 1 3322 4197 3809 4242
7149 4 2 1 1 4277 1139 4458 1141
7150 4 2 1 1 1127 3790 1131 4162
7151 4 2 1 1 4641 715 3073 4610
7152 4 2 1 1 2359 3254 3367 4012
7153 4 2 1 1 3078 4064 3079 4065
7154 4 2 1 1 910 2697 911 903
7155 4 2 1 1 1041 2733 4135 4390
7156 4 2 1 1 1580 3376 1581 1579
7157 4 2 1 1 2583 3340 3198 3998
7158 4 2 1 1 2883 2484 2983 4431
7159 4 2 1 1 1293 1464 187 4338
7160 4 2 1 1 713 3877 2768 4220
7161 4 2 1 1 2517 3606 2291 3785
7162 4 2 1 1 2187 3264 4209 2129
7163 4 2 1 1 1422 1482 1266 2985
7164 4 2 1 1 1037 1240 2947 3170
7165 4 2 1 1 2728 3922 3715 2392
7166 4 2 1 1 2343 3454 3388 4566
7167 4 2 1 1 2785 3796 3733 4342
7168 4 2 1 1 2363 2968 3430 4523
7169 4 2 1 1 3117 3814 2465 2506
7170 4 2 1 1 2203 3152 4618 3308
7171 4 2 1 1 3423 3470 2867 4364
7172 4 2 1 1 3323 3706 2825 4482
7173 4 2 1 1 2536 2716 3654 3683
7174 4 2 1 1 2630 3549 819 4403
7175 4 2 1 1 3762 3179 4016 4106
7176 4 2 1 1 924 922 3503 4478
7177 4 2 1 1 2508 3645 3520 4404
7178 4 2 1 1 1568 1569 3254 3367
7179 4 2 1 1 2546 3559 2917 4029
7180 4 2 1 1 2005 1797 1951 3937
7181 4 2 1 1 3425 3733 2785 3734
7182 4 2 1 1 582 575 590 3092
7183 4 2 1 1 3464 3818 3235 4233
7184 4 2 1 1 1718 3594 222 3765
7185 4 2 1 1 2290 2650 3429 4414
7186 4 2 1 1 4579 3787 2031 1783
7187 4 2 1 1 1941 3446 2769 3550
7188 4 2 1 1 2415 3760 2786 4195
7189 4 2 1 1 3322 3746 2077 4034
7190 4 2 1 1 2834 2694 2758 4569
7191 4 2 1 1 2403 3197 3185 4565
7192 4 2 1 1 2586 3398 2843 2297
7193 4 2 1 1 3414 4547 2541 4379
7194 4 2 1 1 2720 4139 767 4277
7195 4 2 1 1 809 2997 808 3568
7196 4 2 1 1 1180 2879 3532 4337
7197 4 2 1 1 2859 3556 2227 4249
7198 4 2 1 1 1358 2839 3593 3861
7199 4 2 1 1 3235 3464 2440 3818
7200 4 2 1 1 1178 3510 2787 4570
7201 4 2 1 1 780 89 90 4087
7202 4 2 1 1 1305 1307 1306 3664
7203 4 2 1 1 4617 274 275 2220
7204 4 2 1 1 4342 3425 2785 4222
7205 4 2 1 1 2372 3091 3725 3972
7206 4 2 1 1 626 3280 630 4212
7207 4 2 1 1 2475 2350 3020 3543
7208 4 2 1 1 1697 1589 1696 3225
7209 4 2 1 1 2724 3269 2352 4406
7210 4 2 1 1 3071 3719 4398 3341
7211 4 2 1 1 2104 3678 3343 4288
7212 4 2 1 1 2947 3375 407 3786
7213 4 2 1 1 2359 2730 3433 3794
7214 4 2 1 1 2759 2416 2878 3361
7215 4 2 1 1 2245 3351 2138 3710
7216 4 2 1 1 3147 1909 1957 3787
7217 4 2 1 1 2390 3671 2946 3889
7218 4 2 1 1 3046 3498 1856 4392
7219 4 2 1 1 2490 2836 3695 3753
7220 4 2 1 1 2546 4109 3559 3035
7221 4 2 1 1 2705 2468 3821 4572
7222 4 2 1 1 4340 4359 2944 3584
7223 4 2 1 1 725 3263 685 3635
7224 4 2 1 1 3309 3446 2495 3987
7225 4 2 1 1 3399 3979 783 4356
7226 4 2 1 1 2610 3862 3285 4517
7227 4 2 1 1 461 4602 3708 3259
7228 4 2 1 1 2726 2494 3920 3283
7229 4 2 1 1 2313 3713 3494 3050
7230 4 2 1 1 1113 2657 3132 3892
7231 4 2 1 1 2605 2770 3874 4491
7232 4 2 1 1 4132 1125 1030 2692
7233 4 2 1 1 2407 3489 3468 3960
7234 4 2 1 1 3263 3324 2627 4552
7235 4 2 1 1 2884 3669 299 4455
7236 4 2 1 1 867 3135 3275 4248
7237 4 2 1 1 2705 3747 1104 3821
7238 4 2 1 1 2841 2988 2409 3416
7239 4 2 1 1 2945 3464 1781 4329
7240 4 2 1 1 4289 3386 2789 3287
7241 4 2 1 1 1354 3742 1417 1418
7242 4 2 1 1 8 124 4597 746
7243 4 2 1 1 1590 1690 2899 3881
7244 4 2 1 1 2526 3569 3353 3804
7245 4 2 1 1 311 3206 4360 3873
7246 4 2 1 1 2337 2772 3180 4294
7247 4 2 1 1 713 80 649 2768
7248 4 2 1 1 2366 3069 2889 3352
7249 4 2 1 1 2594 2684 2290 4485
7250 4 2 1 1 2230 4617 274 4655
7251 4 2 1 1 451 282 456 3205
7252 4 2 1 1 3817 2220 275 2041
7253 4 2 1 1 1559 3563 1594 1558
7254 4 2 1 1 3836 3456 4531 2582
7255 4 2 1 1 1953 3546 1849 3797
7256 4 2 1 1 2415 2786 3306 4195
7257 4 2 1 1 1415 3100 1412 3965
7258 4 2 1 1 916 3414 4379 4547
7259 4 2 1 1 2864 4302 3008 4500
7260 4 2 1 1 3008 4302 2564 4500
7261 4 2 1 1 1567 3254 2737 3682
7262 4 2 1 1 291 451 394 3205
7263 4 2 1 1 4132 1030 1125 1249
7264 4 2 1 1 1718 223 1548 3765
7265 4 2 1 1 3534 3932 2848 4040
7266 4 2 1 1 3148 3365 2397 3938
7267 4 2 1 1 3270 3946 3271 4454
7268 4 2 1 1 1828 2935 4243 3550
7269 4 2 1 1 2541 2948 3572 4117
7270 4 2 1 1 2746 3415 1774 4545
7271 4 2 1 1 2706 3720 1978 3840
7272 4 2 1 1 2410 3761 2890 4096
7273 4 2 1 1 2569 3881 2899 4375
7274 4 2 1 1 524 2689 526 525
7275 4 2 1 1 2021 66 3219 4521
7276 4 2 1 1 2381 3211 2734 2265
7277 4 2 1 1 1297 1388 3438 4285
7278 4 2 1 1 1459 1483 1405 3318
7279 4 2 1 1 2260 3306 2821 4096
7280 4 2 1 1 2568 3319 3139 3526
7281 4 2 1 1 1659 4422 2910 4507
7282 4 2 1 1 1314 3656 1341 4234
7283 4 2 1 1 2545 3320 3687 3688
7284 4 2 1 1 2879 3885 2394 4235
7285 4 2 1 1 2394 2816 3250 3764
7286 4 2 1 1 1859 2894 3797 3920
7287 4 2 1 1 2541 3284 2997 4108
7288 4 2 1 1 3675 4280 846 2957
7289 4 2 1 1 2823 3160 2375 3611
7290 4 2 1 1 3697 1063 1062 1061
7291 4 2 1 1 4030 4295 2835 3053
7292 4 2 1 1 3223 2383 3551 3702
7293 4 2 1 1 3255 3823 2452 4147
7294 4 2 1 1 3715 4266 3670 2392
7295 4 2 1 1 3122 3252 2109 4341
7296 4 2 1 1 3204 3256 2509 4343
7297 4 2 1 1 2252 3292 2493 3420
7298 4 2 1 1 511 113 701 3591
7299 4 2 1 1 310 4360 2667 4428
7300 4 2 1 1 2220 4617 2791 3817
7301 4 2 1 1 132 2787 1006 4089
7302 4 2 1 1 1171 3453 2742 3736
7303 4 2 1 1 4030 2835 4295 3436
7304 4 2 1 1 3057 3707 1885 4465
7305 4 2 1 1 2423 3393 2839 4090
7306 4 2 1 1 1544 1631 1767 3477
7307 4 2 1 1 2320 3337 3191 4518
7308 4 2 1 1 424 3206 368 421
7309 4 2 1 1 1986 4617 4655 274
7310 4 2 1 1 584 3397 3142 3918
7311 4 2 1 1 439 3559 3383 3674
7312 4 2 1 1 728 2775 742 3748
7313 4 2 1 1 4647 2 20 295
7314 4 2 1 1 2331 3279 2815 4519
7315 4 2 1 1 3050 2895 535 4154
7316 4 2 1 1 900 1001 966 3124
7317 4 2 1 1 4034 2674 3695 3166
7318 4 2 1 1 2459 2916 3925 4056
7319 4 2 1 1 588 607 589 3362
7320 4 2 1 1 3139 3526 2658 3972
7321 4 2 1 1 3498 1822 1820 3822
7322 4 2 1 1 2420 2510 3289 2925
7323 4 2 1 1 1439 1337 4470 1332
7324 4 2 1 1 3770 3929 1691 1755
7325 4 2 1 1 4340 4359 3584 1963
7326 4 2 1 1 2809 2979 2646 4492
7327 4 2 1 1 34 35 467 4635
7328 4 2 1 1 808 2997 2941 3568
7329 4 2 1 1 2924 3417 603 4079
7330 4 2 1 1 2763 3185 2980 3966
7331 4 2 1 1 1222 1115 1134 3457
7332 4 2 1 1 1267 3646 3005 4048
7333 4 2 1 1 1411 3100 1413 3319
7334 4 2 1 1 903 2697 3521 3709
7335 4 2 1 1 3235 3818 2440 3181
7336 4 2 1 1 595 2668 3647 4330
7337 4 2 1 1 536 538 3050 3445
7338 4 2 1 1 4583 1504 3582 164
7339 4 2 1 1 2789 2624 4289 4430
7340 4 2 1 1 2414 3024 3023 3410
7341 4 2 1 1 2354 3023 3024 3410
7342 4 2 1 1 2308 3297 2905 4499
7343 4 2 1 1 1749 3858 1650 4505
7344 4 2 1 1 952 4280 3156 2500
7345 4 2 1 1 2221 2220 2195 2791
7346 4 2 1 1 4252 4061 2348 2758
7347 4 2 1 1 1020 1236 171 4137
7348 4 2 1 1 1859 3797 1853 3920
7349 4 2 1 1 2807 2384 3520 4404
7350 4 2 1 1 2980 3965 2763 3966
7351 4 2 1 1 2488 3547 3900 4124
7352 4 2 1 1 2991 4183 3598 2528
7353 4 2 1 1 2882 3571 2462 4000
7354 4 2 1 1 2365 3046 3687 2545
7355 4 2 1 1 2301 2637 2533 3628
7356 4 2 1 1 2917 3021 2571 2300
7357 4 2 1 1 2403 3185 2763 3966
7358 4 2 1 1 2788 3214 2377 3335
7359 4 2 1 1 972 4206 3952 3022
7360 4 2 1 1 1897 2032 1977 4481
7361 4 2 1 1 761 3952 105 4467
7362 4 2 1 1 3831 4198 2916 4469
7363 4 2 1 1 3807 4333 2996 352
7364 4 2 1 1 2984 3203 795 3676
7365 4 2 1 1 3137 3243 2440 3278
7366 4 2 1 1 2670 3243 3137 3278
7367 4 2 1 1 2765 3214 2788 3387
7368 4 2 1 1 2993 3713 2518 2313
7369 4 2 1 1 2811 3677 3569 4353
7370 4 2 1 1 2507 2745 3515 4142
7371 4 2 1 1 3166 3695 2836 4250
7372 4 2 1 1 699 4582 522 2859
7373 4 2 1 1 2411 3190 3039 3629
7374 4 2 1 1 2166 4141 3323 2680
7375 4 2 1 1 2287 2877 3431 3467
7376 4 2 1 1 2478 3541 2639 2329
7377 4 2 1 1 2136 3358 3321 4268
7378 4 2 1 1 2781 4006 3533 4016
7379 4 2 1 1 685 722 3324 4552
7380 4 2 1 1 381 2771 3530 3990
7381 4 2 1 1 2095 2783 2090 3828
7382 4 2 1 1 2341 2948 2878 4143
7383 4 2 1 1 3267 3652 3253 3944
7384 4 2 1 1 1434 1335 1433 4515
7385 4 2 1 1 967 26 25 4616
7386 4 2 1 1 687 3137 592 2670
7387 4 2 1 1 3307 2884 2546 3869
7388 4 2 1 1 1902 3378 4491 4562
7389 4 2 1 1 2379 2719 3081 3502
7390 4 2 1 1 4672 1762 3012 4596
7391 4 2 1 1 1785 4057 3074 4221
7392 4 2 1 1 2345 2968 2790 4396
7393 4 2 1 1 1575 1589 3023 4011
7394 4 2 1 1 3986 373 379 385
7395 4 2 1 1 1744 3512 1746 3982
7396 4 2 1 1 1756 3321 3290 4128
7397 4 2 1 1 2057 2149 2110 3355
7398 4 2 1 1 2894 3283 2726 3920
7399 4 2 1 1 3526 3972 3139 4323
7400 4 2 1 1 2570 4038 2772 2337
7401 4 2 1 1 2436 2956 3297 3667
7402 4 2 1 1 1575 1573 1574 3451
7403 4 2 1 1 3414 4547 850 4331
7404 4 2 1 1 1901 2758 1782 4061
7405 4 2 1 1 741 518 3073 3311
7406 4 2 1 1 1019 1246 139 3095
7407 4 2 1 1 4034 3695 2674 2490
7408 4 2 1 1 3348 2762 693 2593
7409 4 2 1 1 799 798 2708 797
7410 4 2 1 1 2379 3081 2719 3857
7411 4 2 1 1 3372 2270 2784 3373
7412 4 2 1 1 4386 524 4532 507
7413 4 2 1 1 2400 2917 3559 4029
7414 4 2 1 1 3339 3655 2314 2793
7415 4 2 1 1 967 4663 753 3037
7416 4 2 1 1 2762 3918 3362 2514
7417 4 2 1 1 2009 3000 3404 4542
7418 4 2 1 1 162 1249 1030 4132
7419 4 2 1 1 2411 3276 3083 3855
7420 4 2 1 1 2661 3778 3088 4134
7421 4 2 1 1 3420 2263 2616 3292
7422 4 2 1 1 4583 1030 4281 163
7423 4 2 1 1 2379 2743 3237 3792
7424 4 2 1 1 3178 3058 2307 4171
7425 4 2 1 1 2701 3178 2694 4171
7426 4 2 1 1 3406 4169 2538 4557
7427 4 2 1 1 1622 4290 1592 3213
7428 4 2 1 1 2947 3170 1240 3375
7429 4 2 1 1 4096 4195 4297 2772
7430 4 2 1 1 3497 3895 3893 2429
7431 4 2 1 1 967 4631 4248 773
7432 4 2 1 1 3420 2616 2263 3087
7433 4 2 1 1 4297 4096 2772 2890
7434 4 2 1 1 754 3472 3026 4332
7435 4 2 1 1 3713 2994 3268 4019
7436 4 2 1 1 2676 3311 2389 3363
7437 4 2 1 1 2715 2369 3027 4337
7438 4 2 1 1 2831 2449 2944 3608
7439 4 2 1 1 3762 3179 4106 2909
7440 4 2 1 1 3473 3297 2967 2764
7441 4 2 1 1 962 148 754 3472
7442 4 2 1 1 2344 2834 3157 2694
7443 4 2 1 1 2836 3695 3166 4034
7444 4 2 1 1 3157 2694 2834 4569
7445 4 2 1 1 2584 3658 3140 4059
7446 4 2 1 1 2421 3246 3075 3589
7447 4 2 1 1 2349 2866 3531 3859
7448 4 2 1 1 1651 2737 3440 4476
7449 4 2 1 1 1107 1053 1148 3894
7450 4 2 1 1 4616 4663 282 25
7451 4 2 1 1 2340 2690 3394 3933
7452 4 2 1 1 2471 3159 3888 4271
7453 4 2 1 1 357 365 425 4474
7454 4 2 1 1 487 2826 387 3533
7455 4 2 1 1 3391 3384 3320 2545
7456 4 2 1 1 439 3383 356 3674
7457 4 2 1 1 1648 1649 1650 3458
7458 4 2 1 1 1932 1933 1931 3320
7459 4 2 1 1 2294 3287 3286 4430
7460 4 2 1 1 4505 4476 1652 3440
7461 4 2 1 1 2638 3329 2488 4124
7462 4 2 1 1 924 987 760 3635
7463 4 2 1 1 2981 4384 3505 2318
7464 4 2 1 1 2829 3587 3368 3832
7465 4 2 1 1 1665 2732 1600 3989
7466 4 2 1 1 1856 3498 1973 4392
7467 4 2 1 1 3417 2972 2463 3771
7468 4 2 1 1 1480 1467 1269 2754
7469 4 2 1 1 4386 591 3638 2950
7470 4 2 1 1 2916 3919 2796 4469
7471 4 2 1 1 1326 2848 1327 4138
7472 4 2 1 1 2929 4215 2436 4351
7473 4 2 1 1 2613 3107 3338 4058
7474 4 2 1 1 3770 3929 1755 4437
7475 4 2 1 1 3836 3456 2582 4178
7476 4 2 1 1 3620 3622 1330 4138
7477 4 2 1 1 1930 1927 3413 4313
7478 4 2 1 1 277 4636 4623 41
7479 4 2 1 1 3545 4533 3993 2378
7480 4 2 1 1 2502 3239 2308 3258
7481 4 2 1 1 1652 4476 4505 1650
7482 4 2 1 1 797 3684 799 835
7483 4 2 1 1 1694 1590 1690 2899
7484 4 2 1 1 2297 3893 3905 2486
7485 4 2 1 1 1543 4614 3321 3415
7486 4 2 1 1 493 4653 408 4062
7487 4 2 1 1 664 617 495 2753
7488 4 2 1 1 2277 3696 3141 3728
7489 4 2 1 1 326 3719 3341 4398
7490 4 2 1 1 578 3054 684 3263
7491 4 2 1 1 1951 3310 1950 3624
7492 4 2 1 1 2710 3485 2574 3724
7493 4 2 1 1 2817 2431 3673 2426
7494 4 2 1 1 1116 2773 1115 4216
7495 4 2 1 1 2352 2724 2560 2335
7496 4 2 1 1 3836 3456 4178 2581
7497 4 2 1 1 3482 4032 2710 4358
7498 4 2 1 1 1719 1525 1731 3133
7499 4 2 1 1 4196 2188 2105 3343
7500 4 2 1 1 1567 3682 2737 4476
7501 4 2 1 1 476 4607 2966 4231
7502 4 2 1 1 1174 3532 1176 3885
7503 4 2 1 1 3836 3456 2581 4531
7504 4 2 1 1 1143 1091 3541 4078
7505 4 2 1 1 967 4616 3037 4248
7506 4 2 1 1 2992 3459 2362 3914
7507 4 2 1 1 2587 3459 2992 3914
7508 4 2 1 1 4535 4371 2755 3671
7509 4 2 1 1 1942 3446 4057 4221
7510 4 2 1 1 2271 2567 3184 4363
7511 4 2 1 1 2383 3371 3702 4543
7512 4 2 1 1 2680 3888 3159 4271
7513 4 2 1 1 2527 3383 3605 4398
7514 4 2 1 1 2873 3392 2558 3856
7515 4 2 1 1 2551 3544 3733 4342
7516 4 2 1 1 525 2689 3899 4386
7517 4 2 1 1 253 3583 1550 3846
7518 4 2 1 1 1828 2935 3550 1827
7519 4 2 1 1 2472 2760 3078 4064
7520 4 2 1 1 3015 3610 2875 4442
7521 4 2 1 1 2405 2875 3372 4442
7522 4 2 1 1 2524 3165 2831 4260
7523 4 2 1 1 1924 3294 3066 4562
7524 4 2 1 1 2569 3680 3916 2688
7525 4 2 1 1 4089 928 1006 764
7526 4 2 1 1 1277 2880 4174 1380
7527 4 2 1 1 150 954 3790 4415
7528 4 2 1 1 613 2752 612 4212
7529 4 2 1 1 2410 2890 3761 3902
7530 4 2 1 1 812 2741 943 4265
7531 4 2 1 1 4143 2541 2948 2712
7532 4 2 1 1 4400 3757 3399 2395
7533 4 2 1 1 1367 1368 1508 4324
7534 4 2 1 1 1025 3945 3395 4380
7535 4 2 1 1 404 52 6 4581
7536 4 2 1 1 1503 3312 4281 1379
7537 4 2 1 1 797 3684 2708 799
7538 4 2 1 1 1941 1879 1826 3550
7539 4 2 1 1 2416 2708 3273 3816
7540 4 2 1 1 4143 4331 2712 3401
7541 4 2 1 1 3292 3597 2818 2267
7542 4 2 1 1 1889 2608 1869 1870
7543 4 2 1 1 452 4600 286 3275
7544 4 2 1 1 4047 1135 3821 3040
7545 4 2 1 1 1168 4198 3831 4469
7546 4 2 1 1 2270 2693 2654 3609
7547 4 2 1 1 2452 3125 3230 3725
7548 4 2 1 1 710 105 3952 4467
7549 4 2 1 1 1298 4285 1296 3700
7550 4 2 1 1 3789 3526 4323 2981
7551 4 2 1 1 967 4631 773 26
7552 4 2 1 1 2430 2756 2869 4538
7553 4 2 1 1 1076 1074 1201 3907
7554 4 2 1 1 2557 2514 3867 3076
7555 4 2 1 1 2534 2844 4395 3582
7556 4 2 1 1 2720 3450 2433 3795
7557 4 2 1 1 2808 2344 2964 4439
7558 4 2 1 1 1370 1375 3077 3646
7559 4 2 1 1 1839 3188 1840 4103
7560 4 2 1 1 1568 1569 1567 3254
7561 4 2 1 1 2551 3733 3102 3796
7562 4 2 1 1 2447 3697 2804 3745
7563 4 2 1 1 2782 3211 2381 2265
7564 4 2 1 1 954 3790 3480 4238
7565 4 2 1 1 4189 2635 4103 3412
7566 4 2 1 1 2431 2703 3009 3507
7567 4 2 1 1 2999 3042 2526 3948
7568 4 2 1 1 2311 3193 2929 4351
7569 4 2 1 1 896 849 886 2790
7570 4 2 1 1 3915 4073 2982 3043
7571 4 2 1 1 4615 51 52 1761
7572 4 2 1 1 3298 3572 3403 4441
7573 4 2 1 1 2265 2889 2887 3912
7574 4 2 1 1 1340 1316 1318 3374
7575 4 2 1 1 3027 1181 3693 4337
7576 4 2 1 1 2595 2766 3747 4429
7577 4 2 1 1 1703 3072 3930 4405
7578 4 2 1 1 1677 1545 1768 4201
7579 4 2 1 1 3298 3517 3572 4441
7580 4 2 1 1 2662 3184 4013 4486
7581 4 2 1 1 622 623 3400 4500
7582 4 2 1 1 3216 1095 1192 4230
7583 4 2 1 1 2289 3044 2798 3628
7584 4 2 1 1 2529 3780 3160 4332
7585 4 2 1 1 492 4601 4062 443
7586 4 2 1 1 52 1769 4615 1761
7587 4 2 1 1 3621 4286 2822 2481
7588 4 2 1 1 4047 3821 1135 1045
7589 4 2 1 1 2122 3556 2791 4196
7590 4 2 1 1 2827 4434 2648 2902
7591 4 2 1 1 1761 4615 51 1542
7592 4 2 1 1 3543 3756 2484 3296
7593 4 2 1 1 2384 2771 3530 4048
7594 4 2 1 1 2769 3446 1941 4221
7595 4 2 1 1 842 3160 3780 4332
7596 4 2 1 1 2729 4170 3258 4433
7597 4 2 1 1 2369 4337 2879 3027
7598 4 2 1 1 2146 2900 2210 3124
7599 4 2 1 1 2737 2822 4286 2481
7600 4 2 1 1 4615 1761 1769 3234
7601 4 2 1 1 4615 1542 1761 3234
7602 4 2 1 1 2452 3125 3725 3914
7603 4 2 1 1 2977 3830 3052 4134
7604 4 2 1 1 327 3719 323 4098
7605 4 2 1 1 1709 3290 1710 3561
7606 4 2 1 1 958 3414 908 3095
7607 4 2 1 1 3205 24 23 451
7608 4 2 1 1 1127 1102 1145 2951
7609 4 2 1 1 2298 3029 3585 4284
7610 4 2 1 1 3071 3341 2445 4098
7611 4 2 1 1 1076 1201 1194 3907
7612 4 2 1 1 267 266 2239 4614
7613 4 2 1 1 2510 3289 2925 4192
7614 4 2 1 1 420 2713 367 3990
7615 4 2 1 1 2807 2406 3829 4470
7616 4 2 1 1 3384 3567 2435 2629
7617 4 2 1 1 958 3414 909 908
7618 4 2 1 1 2758 3579 1541 4569
7619 4 2 1 1 4145 2324 3424 2735
7620 4 2 1 1 2857 3356 2308 4165
7621 4 2 1 1 1585 1688 1583 3811
7622 4 2 1 1 869 2725 3942 4287
7623 4 2 1 1 2467 3141 3728 3729
7624 4 2 1 1 787 2918 790 4317
7625 4 2 1 1 2433 3625 2653 3768
7626 4 2 1 1 2278 2837 3631 3654
7627 4 2 1 1 2806 2390 3462 3775
7628 4 2 1 1 3180 3306 2772 4195
7629 4 2 1 1 1811 3364 2923 4120
7630 4 2 1 1 955 126 4253 4561
7631 4 2 1 1 3192 420 417 3530
7632 4 2 1 1 2239 2044 267 4614
7633 4 2 1 1 3129 3349 2595 3460
7634 4 2 1 1 3727 2543 3562 2266
7635 4 2 1 1 2495 3150 2986 3309
7636 4 2 1 1 2861 3163 2445 3959
7637 4 2 1 1 1137 2832 1229 3463
7638 4 2 1 1 1700 1575 1589 3023
7639 4 2 1 1 2523 2665 3793 4464
7640 4 2 1 1 2184 2077 3746 4034
7641 4 2 1 1 2239 4640 2231 3415
7642 4 2 1 1 2558 3779 2999 4389
7643 4 2 1 1 1480 2754 1269 3769
7644 4 2 1 1 1480 3508 2754 3769
7645 4 2 1 1 558 3599 2645 3112
7646 4 2 1 1 2547 4381 2662 3201
7647 4 2 1 1 2416 2845 3686 4432
7648 4 2 1 1 4484 3257 398 3169
7649 4 2 1 1 3192 3716 3574 4354
7650 4 2 1 1 406 445 407 2947
7651 4 2 1 1 2308 2665 3356 2544
7652 4 2 1 1 2111 3511 2105 2085
7653 4 2 1 1 2520 3252 3131 3677
7654 4 2 1 1 844 3675 845 861
7655 4 2 1 1 4484 398 3257 399
7656 4 2 1 1 491 3530 3005 4558
7657 4 2 1 1 1346 3508 1403 4322
7658 4 2 1 1 2628 3368 2444 3369
7659 4 2 1 1 3747 2766 2468 3837
7660 4 2 1 1 1635 1657 2930 3560
7661 4 2 1 1 1543 4640 266 4614
7662 4 2 1 1 2336 3433 2730 4205
7663 4 2 1 1 2277 3141 3302 3729
7664 4 2 1 1 2239 2044 4614 3321
7665 4 2 1 1 1715 1524 249 3074
7666 4 2 1 1 2814 3306 4096 2772
7667 4 2 1 1 2233 3380 2232 2037
7668 4 2 1 1 2409 2940 3800 2299
7669 4 2 1 1 2630 3549 2413 4310
7670 4 2 1 1 2330 3491 2903 3650
7671 4 2 1 1 1316 1315 3048 4234
7672 4 2 1 1 2727 4017 688 4274
7673 4 2 1 1 1693 3887 1694 4375
7674 4 2 1 1 2946 370 2755 334
7675 4 2 1 1 1341 3656 3139 4063
7676 4 2 1 1 2991 3598 2572 3643
7677 4 2 1 1 3147 1957 1909 1874
7678 4 2 1 1 607 743 609 3134
7679 4 2 1 1 1081 1082 3506 4230
7680 4 2 1 1 2860 2959 3484 3551
7681 4 2 1 1 2920 3898 1430 4082
7682 4 2 1 1 2985 3019 2385 4344
7683 4 2 1 1 2475 2350 3543 3296
7684 4 2 1 1 801 3401 2682 3684
7685 4 2 1 1 346 3533 2781 4006
7686 4 2 1 1 2962 3303 2651 3908
7687 4 2 1 1 2398 3932 3534 4040
7688 4 2 1 1 3694 4130 3982 2451
7689 4 2 1 1 2339 2838 3357 4164
7690 4 2 1 1 2171 3122 2180 4004
7691 4 2 1 1 3314 3336 2592 3604
7692 4 2 1 1 2925 821 823 3666
7693 4 2 1 1 1247 2844 1122 3582
7694 4 2 1 1 3204 2509 3962 4343
7695 4 2 1 1 3773 4197 3809 2490
7696 4 2 1 1 2300 3869 3307 4483
7697 4 2 1 1 4465 4231 3707 1800
7698 4 2 1 1 970 878 971 3335
7699 4 2 1 1 3128 1657 2930 3826
7700 4 2 1 1 2002 3310 2003 3937
7701 4 2 1 1 1316 3048 3656 4234
7702 4 2 1 1 1424 2800 3395 4473
7703 4 2 1 1 2479 4344 2830 2385
7704 4 2 1 1 674 3879 675 4035
7705 4 2 1 1 2153 2152 2132 4021
7706 4 2 1 1 1128 3198 3340 4135
7707 4 2 1 1 3003 3772 2566 4397
7708 4 2 1 1 3763 4004 4197 2522
7709 4 2 1 1 3069 3909 3467 4325
7710 4 2 1 1 3488 3798 2407 3900
7711 4 2 1 1 924 922 925 3503
7712 4 2 1 1 2817 2322 3595 3597
7713 4 2 1 1 2442 3021 2897 3248
7714 4 2 1 1 4114 90 521 4087
7715 4 2 1 1 1686 1732 3157 3992
7716 4 2 1 1 2402 3003 3277 3643
7717 4 2 1 1 2753 2497 3668 4471
7718 4 2 1 1 1304 2761 3255 4110
7719 4 2 1 1 2403 2976 3776 3957
7720 4 2 1 1 1066 2919 3495 4456
7721 4 2 1 1 1354 3742 1418 3890
7722 4 2 1 1 4614 2239 3321 3415
7723 4 2 1 1 2419 3010 3436 4363
7724 4 2 1 1 2752 3137 2382 3542
7725 4 2 1 1 2750 3078 2360 3079
7726 4 2 1 1 2432 3298 3517 3572
7727 4 2 1 1 325 2781 346 337
7728 4 2 1 1 3268 4512 4094 2953
7729 4 2 1 1 2345 2790 3293 4396
7730 4 2 1 1 1880 3155 3310 1969
7731 4 2 1 1 3716 3602 3574 2659
7732 4 2 1 1 2494 3707 3317 3920
7733 4 2 1 1 2770 3814 2310 4462
7734 4 2 1 1 1467 3508 1404 4412
7735 4 2 1 1 2365 3498 3046 2545
7736 4 2 1 1 2345 3347 2926 2649
7737 4 2 1 1 2453 3591 3419 4461
7738 4 2 1 1 3564 2701 2348 3145
7739 4 2 1 1 2508 3617 3396 4528
7740 4 2 1 1 2609 3898 2920 4082
7741 4 2 1 1 4613 229 230 2216
7742 4 2 1 1 4114 521 90 732
7743 4 2 1 1 986 2947 3275 4253
7744 4 2 1 1 783 3399 3082 4400
7745 4 2 1 1 492 4601 443 292
7746 4 2 1 1 1010 2943 1173 3701
7747 4 2 1 1 1036 4637 1233 3075
7748 4 2 1 1 2641 3497 2071 4156
7749 4 2 1 1 2651 4186 3303 4292
7750 4 2 1 1 1197 2868 4003 4571
7751 4 2 1 1 2382 3137 2752 3182
7752 4 2 1 1 2390 3059 3060 3943
7753 4 2 1 1 3981 3685 880 2824
7754 4 2 1 1 488 293 490 2771
7755 4 2 1 1 975 2697 911 3964
7756 4 2 1 1 2368 2933 2847 3714
7757 4 2 1 1 3083 3428 2411 3833
7758 4 2 1 1 2863 3679 1843 4103
7759 4 2 1 1 713 649 646 2768
7760 4 2 1 1 618 3417 731 4114
7761 4 2 1 1 2319 3102 3809 4242
7762 4 2 1 1 2151 3152 2212 3355
7763 4 2 1 1 40 39 4630 450
7764 4 2 1 1 2885 3322 2073 3781
7765 4 2 1 1 1462 3698 3318 3834
7766 4 2 1 1 1427 4382 1353 2873
7767 4 2 1 1 4020 2413 4403 3549
7768 4 2 1 1 4587 1742 256 3615
7769 4 2 1 1 2620 2321 3325 4008
7770 4 2 1 1 3388 3731 3389 4361
7771 4 2 1 1 2981 4384 2318 3789
7772 4 2 1 1 382 2942 417 3530
7773 4 2 1 1 2462 3527 2882 4427
7774 4 2 1 1 862 845 846 3675
7775 4 2 1 1 625 652 514 3663
7776 4 2 1 1 2136 2236 3321 3358
7777 4 2 1 1 3321 2142 4268 3415
7778 4 2 1 1 2865 956 4588 3250
7779 4 2 1 1 1264 1178 2787 4570
7780 4 2 1 1 1681 1680 1598 2808
7781 4 2 1 1 2572 3598 2991 4498
7782 4 2 1 1 3075 3803 3589 4209
7783 4 2 1 1 2092 2060 3718 3497
7784 4 2 1 1 2775 3699 742 3748
7785 4 2 1 1 2667 3943 2855 4544
7786 4 2 1 1 2707 3196 3674 3977
7787 4 2 1 1 3187 828 937 3784
7788 4 2 1 1 2885 3781 2073 4339
7789 4 2 1 1 568 3299 3496 3815
7790 4 2 1 1 2997 3215 807 4108
7791 4 2 1 1 3981 880 3685 865
7792 4 2 1 1 2296 3908 2699 4186
7793 4 2 1 1 405 4581 442 3385
7794 4 2 1 1 584 583 3142 3397
7795 4 2 1 1 2960 3279 2382 4149
7796 4 2 1 1 2398 3534 3744 4040
7797 4 2 1 1 492 4601 292 3144
7798 4 2 1 1 3461 3270 2646 4492
7799 4 2 1 1 2402 3580 3003 3643
7800 4 2 1 1 2140 4627 3782 3315
7801 4 2 1 1 3082 3399 783 4356
7802 4 2 1 1 2630 3637 3286 3991
7803 4 2 1 1 523 4069 724 4479
7804 4 2 1 1 3002 2549 3466 4147
7805 4 2 1 1 1948 3404 1947 4542
7806 4 2 1 1 875 3480 2812 4238
7807 4 2 1 1 512 3416 2988 3635
7808 4 2 1 1 3133 3345 2477 4318
7809 4 2 1 1 2703 3630 1556 4503
7810 4 2 1 1 2525 2984 3732 4506
7811 4 2 1 1 2666 1736 3081 3930
7812 4 2 1 1 4664 1484 3019 1288
7813 4 2 1 1 2294 3286 3637 3991
7814 4 2 1 1 4613 2034 229 2216
7815 4 2 1 1 1269 3769 2754 4177
7816 4 2 1 1 4668 3124 752 4438
7817 4 2 1 1 585 584 3142 3918
7818 4 2 1 1 3375 3618 2596 3693
7819 4 2 1 1 3933 4321 2340 2833
7820 4 2 1 1 2634 3024 2906 3337
7821 4 2 1 1 2496 3487 3062 4306
7822 4 2 1 1 844 3675 861 2812
7823 4 2 1 1 2876 3124 2392 3402
7824 4 2 1 1 1253 2804 3736 4007
7825 4 2 1 1 2755 3462 369 4535
7826 4 2 1 1 2763 3185 2403 3197
7827 4 2 1 1 1908 1906 2026 4233
7828 4 2 1 1 2697 3709 903 4086
7829 4 2 1 1 490 4619 293 450
7830 4 2 1 1 2391 456 4158 3257
7831 4 2 1 1 2563 3928 2936 4290
7832 4 2 1 1 4664 1484 1288 230
7833 4 2 1 1 2918 3547 790 4317
7834 4 2 1 1 3647 2668 2571 4330
7835 4 2 1 1 1858 1815 1918 2901
7836 4 2 1 1 2630 3689 2816 3991
7837 4 2 1 1 1071 3842 1069 4255
7838 4 2 1 1 2566 1562 3328 2813
7839 4 2 1 1 1363 2698 1362 3779
7840 4 2 1 1 696 2770 621 3880
7841 4 2 1 1 1025 1214 186 3395
7842 4 2 1 1 2502 2987 2949 4394
7843 4 2 1 1 4613 2241 2034 2216
7844 4 2 1 1 2819 3614 3409 4560
7845 4 2 1 1 1579 1578 3072 4011
7846 4 2 1 1 4613 2241 2216 3019
7847 4 2 1 1 2508 3005 2942 4558
7848 4 2 1 1 567 568 566 3496
7849 4 2 1 1 1266 1484 1519 2985
7850 4 2 1 1 2083 2085 2084 3432
7851 4 2 1 1 1647 1648 1741 3458
7852 4 2 1 1 272 273 4612 2037
7853 4 2 1 1 2890 3561 2470 4128
7854 4 2 1 1 1400 1350 1348 4182
7855 4 2 1 1 2431 3846 3009 4503
7856 4 2 1 1 2037 4655 3380 2230
7857 4 2 1 1 2653 3625 2433 3795
7858 4 2 1 1 637 534 3783 3988
7859 4 2 1 1 2702 2315 3110 4555
7860 4 2 1 1 4612 2205 272 2037
7861 4 2 1 1 875 2812 861 4238
7862 4 2 1 1 1867 1930 1927 3413
7863 4 2 1 1 928 2787 929 3764
7864 4 2 1 1 2438 3581 3688 2495
7865 4 2 1 1 498 4140 74 4299
7866 4 2 1 1 778 955 126 4253
7867 4 2 1 1 339 4420 4059 340
7868 4 2 1 1 2630 3287 3286 3637
7869 4 2 1 1 1306 1304 1305 2761
7870 4 2 1 1 2579 3098 2986 4291
7871 4 2 1 1 4587 3994 1742 3615
7872 4 2 1 1 1708 3561 2890 4128
7873 4 2 1 1 3265 3397 2762 3918
7874 4 2 1 1 3373 3827 2907 2306
7875 4 2 1 1 2655 4327 3213 4334
7876 4 2 1 1 2899 3887 3376 4024
7877 4 2 1 1 495 734 664 2753
7878 4 2 1 1 2317 2892 3712 4295
7879 4 2 1 1 2409 3394 2940 2299
7880 4 2 1 1 2481 3621 2881 2822
7881 4 2 1 1 2037 4655 2230 273
7882 4 2 1 1 2355 2742 3096 3453
7883 4 2 1 1 413 3383 3552 4398
7884 4 2 1 1 1818 3130 1816 4228
7885 4 2 1 1 2748 3249 2410 3902
7886 4 2 1 1 311 3206 3873 421
7887 4 2 1 1 4612 4620 1987 272
7888 4 2 1 1 4171 2694 2701 4435
7889 4 2 1 1 2764 2905 3056 3473
7890 4 2 1 1 2233 4612 3423 3380
7891 4 2 1 1 2371 3192 2713 3228
7892 4 2 1 1 1364 1430 3898 4082
7893 4 2 1 1 1580 3376 1579 3072
7894 4 2 1 1 430 4649 289 471
7895 4 2 1 1 2998 707 637 3988
7896 4 2 1 1 203 1755 202 4437
7897 4 2 1 1 2439 3965 2980 3966
7898 4 2 1 1 2497 3869 2924 4357
7899 4 2 1 1 415 322 315 3462
7900 4 2 1 1 2466 3405 3380 4364
7901 4 2 1 1 3097 4036 2528 4183
7902 4 2 1 1 2125 2181 2178 2825
7903 4 2 1 1 2803 3652 2447 3697
7904 4 2 1 1 2465 3033 3325 2506
7905 4 2 1 1 834 3962 3215 4343
7906 4 2 1 1 2445 3341 3071 3553
7907 4 2 1 1 2361 4230 3111 4475
7908 4 2 1 1 2716 3300 2565 3318
7909 4 2 1 1 2306 2784 3373 3888
7910 4 2 1 1 3219 3908 2651 4186
7911 4 2 1 1 2583 3998 2766 4129
7912 4 2 1 1 2375 3034 3612 4349
7913 4 2 1 1 2677 3136 2405 4425
7914 4 2 1 1 3102 3810 2503 3827
7915 4 2 1 1 2315 4544 3600 2702
7916 4 2 1 1 2090 2783 3802 3828
7917 4 2 1 1 3138 3293 2845 4504
7918 4 2 1 1 3371 3496 2699 4543
7919 4 2 1 1 334 4098 371 433
7920 4 2 1 1 2912 1222 3750 4216
7921 4 2 1 1 3032 2506 2557 4534
7922 4 2 1 1 854 828 853 3784
7923 4 2 1 1 3474 3297 2764 2967
7924 4 2 1 1 334 4098 433 323
7925 4 2 1 1 2469 3264 3126 4181
7926 4 2 1 1 3600 4544 2315 2667
7927 4 2 1 1 2433 2653 3450 3768
7928 4 2 1 1 2904 2274 3528 3529
7929 4 2 1 1 448 4607 4231 4638
7930 4 2 1 1 4038 2814 2772 4294
7931 4 2 1 1 3462 3671 2806 4535
7932 4 2 1 1 2442 2898 2400 3302
7933 4 2 1 1 3596 2561 2322 3595
7934 4 2 1 1 3746 4004 2522 4197
7935 4 2 1 1 2737 3055 2481 4476
7936 4 2 1 1 3199 4067 3040 2573
7937 4 2 1 1 2360 3353 3025 3569
7938 4 2 1 1 2441 3022 3952 4206
7939 4 2 1 1 2407 3900 3547 4124
7940 4 2 1 1 1567 1588 3682 4476
7941 4 2 1 1 50 51 482 4648
7942 4 2 1 1 1450 3220 1449 4101
7943 4 2 1 1 1636 2716 3619 3834
7944 4 2 1 1 1101 1104 1208 2705
7945 4 2 1 1 1907 3231 2686 4233
7946 4 2 1 1 1895 3282 3235 4225
7947 4 2 1 1 1665 1731 3519 3989
7948 4 2 1 1 2546 2884 3422 3429
7949 4 2 1 1 396 358 375 3674
7950 4 2 1 1 1173 2943 1094 3892
7951 4 2 1 1 2520 3252 3012 4201
7952 4 2 1 1 1124 4635 3588 1034
7953 4 2 1 1 1942 1943 3238 3446
7954 4 2 1 1 2408 3563 2982 4489
7955 4 2 1 1 2114 3556 2843 4249
7956 4 2 1 1 747 718 522 2859
7957 4 2 1 1 2282 3014 3520 3536
7958 4 2 1 1 523 724 4069 697
7959 4 2 1 1 2327 2709 3625 4032
7960 4 2 1 1 2298 2820 2780 4259
7961 4 2 1 1 2363 4239 2790 2968
7962 4 2 1 1 3999 2536 3698 3834
7963 4 2 1 1 4611 29 30 1232
7964 4 2 1 1 2007 4105 3068 1896
7965 4 2 1 1 2967 2857 4053 3356
7966 4 2 1 1 2276 3271 3270 3461
7967 4 2 1 1 1233 4626 4637 190
7968 4 2 1 1 814 815 813 3247
7969 4 2 1 1 2713 3530 2771 3990
7970 4 2 1 1 357 425 3196 4474
7971 4 2 1 1 2777 3110 2315 4555
7972 4 2 1 1 2462 2983 2882 3527
7973 4 2 1 1 1703 3072 4405 1580
7974 4 2 1 1 611 2684 3639 508
7975 4 2 1 1 1477 3916 3770 4437
7976 4 2 1 1 2508 3396 3645 4528
7977 4 2 1 1 4611 1261 29 1232
7978 4 2 1 1 3855 3629 3833 2411
7979 4 2 1 1 2725 3187 4287 2391
7980 4 2 1 1 2606 2961 2607 3837
7981 4 2 1 1 2865 3872 3135 4253
7982 4 2 1 1 941 2801 989 4091
7983 4 2 1 1 3354 2312 2686 4140
7984 4 2 1 1 4013 4030 3053 4486
7985 4 2 1 1 2031 1960 1958 3787
7986 4 2 1 1 664 598 680 3647
7987 4 2 1 1 2276 2507 3270 3281
7988 4 2 1 1 842 3780 895 4332
7989 4 2 1 1 2734 3967 3150 2495
7990 4 2 1 1 2302 3954 2844 4395
7991 4 2 1 1 30 4611 1232 1032
7992 4 2 1 1 2098 2107 3349 3460
7993 4 2 1 1 3062 3366 2353 3487
7994 4 2 1 1 2925 823 821 936
7995 4 2 1 1 3050 3445 538 3901
7996 4 2 1 1 2658 3319 2376 3526
7997 4 2 1 1 3506 2657 4283 4443
7998 4 2 1 1 2777 2334 2659 3602
7999 4 2 1 1 2777 2659 2334 3600
8000 4 2 1 1 2706 2550 3720 3840
8001 4 2 1 1 1833 2986 3098 4291
8002 4 2 1 1 2843 2995 4021 2297
8003 4 2 1 1 167 1277 4045 4174
8004 4 2 1 1 1518 1453 3019 3951
8005 4 2 1 1 2463 2684 3417 3640
8006 4 2 1 1 2920 3898 2609 4536
8007 4 2 1 1 2403 3094 3197 4565
8008 4 2 1 1 2382 2960 2828 3274
8009 4 2 1 1 2287 2643 2493 2664
8010 4 2 1 1 1920 3066 1924 4015
8011 4 2 1 1 311 3206 421 409
8012 4 2 1 1 2448 3283 2894 3564
8013 4 2 1 1 4611 1232 1032 3375
8014 4 2 1 1 685 722 504 3324
8015 4 2 1 1 4611 2947 1232 3375
8016 4 2 1 1 2912 1222 4216 1017
8017 4 2 1 1 2479 3623 3012 3985
8018 4 2 1 1 2330 2971 2837 4267
8019 4 2 1 1 832 789 833 4409
8020 4 2 1 1 2383 3496 3371 4543
8021 4 2 1 1 794 2984 795 3676
8022 4 2 1 1 299 2884 301 4471
8023 4 2 1 1 1315 2973 3048 4234
8024 4 2 1 1 2569 2899 3881 4254
8025 4 2 1 1 2667 3926 3600 4360
8026 4 2 1 1 949 951 948 2829
8027 4 2 1 1 1749 1650 1652 4505
8028 4 2 1 1 464 3801 3068 4474
8029 4 2 1 1 2783 2096 3802 4226
8030 4 2 1 1 2395 3738 3082 3960
8031 4 2 1 1 1116 2773 4216 3233
8032 4 2 1 1 766 3017 3407 3639
8033 4 2 1 1 4611 1261 1232 2947
8034 4 2 1 1 2886 3244 2593 4374
8035 4 2 1 1 2818 4378 4093 2322
8036 4 2 1 1 1273 3209 4437 3929
8037 4 2 1 1 3082 3960 3738 2533
8038 4 2 1 1 4145 2324 2735 3087
8039 4 2 1 1 369 414 370 2755
8040 4 2 1 1 3374 4384 3048 2763
8041 4 2 1 1 2369 3885 2598 3176
8042 4 2 1 1 2293 3527 2983 3644
8043 4 2 1 1 2822 2359 2737 4286
8044 4 2 1 1 1182 2715 1108 3693
8045 4 2 1 1 1840 2863 1843 4103
8046 4 2 1 1 3342 3466 2368 4163
8047 4 2 1 1 2910 3042 3438 4507
8048 4 2 1 1 830 823 825 3289
8049 4 2 1 1 936 2925 830 4192
8050 4 2 1 1 3324 3400 2627 4552
8051 4 2 1 1 3383 3552 2740 3559
8052 4 2 1 1 1066 3495 2919 4018
8053 4 2 1 1 2002 1969 2003 3310
8054 4 2 1 1 3855 3833 3629 2832
8055 4 2 1 1 4241 2716 3683 3654
8056 4 2 1 1 2640 3534 3209 4309
8057 4 2 1 1 4018 1090 4084 2835
8058 4 2 1 1 3036 3748 4407 2435
8059 4 2 1 1 565 563 3379 4247
8060 4 2 1 1 2267 2817 3507 3673
8061 4 2 1 1 739 4644 3819 3996
8062 4 2 1 1 420 3530 2713 3990
8063 4 2 1 1 4386 591 2950 528
8064 4 2 1 1 3982 4585 1479 3093
8065 4 2 1 1 4247 4530 2913 3379
8066 4 2 1 1 1049 2840 1142 4179
8067 4 2 1 1 4348 2408 2703 2519
8068 4 2 1 1 2434 3364 2923 3481
8069 4 2 1 1 2256 3258 2729 4170
8070 4 2 1 1 1937 3475 1971 4385
8071 4 2 1 1 2682 3684 2842 3709
8072 4 2 1 1 3812 4024 3887 2688
8073 4 2 1 1 811 2741 3568 810
8074 4 2 1 1 2441 2799 3521 3952
8075 4 2 1 1 4313 4155 1903 1793
8076 4 2 1 1 2850 3284 2335 4463
8077 4 2 1 1 1571 1573 1738 3316
8078 4 2 1 1 3178 4193 3163 4522
8079 4 2 1 1 1674 1521 1774 2746
8080 4 2 1 1 280 2966 4607 3665
8081 4 2 1 1 2760 3043 2360 4444
8082 4 2 1 1 2532 3052 2977 3151
8083 4 2 1 1 277 40 41 4623
8084 4 2 1 1 2311 2905 2915 4351
8085 4 2 1 1 455 394 353 3105
8086 4 2 1 1 2656 3453 2919 3820
8087 4 2 1 1 2435 4022 3061 2629
8088 4 2 1 1 2376 3435 3194 4084
8089 4 2 1 1 2615 4001 2347 4214
8090 4 2 1 1 1608 3043 1606 4444
8091 4 2 1 1 2290 3429 2797 4414
8092 4 2 1 1 2394 3730 3250 3177
8093 4 2 1 1 2325 2934 2933 2329
8094 4 2 1 1 2393 3806 2729 4302
8095 4 2 1 1 2285 2640 3537 3995
8096 4 2 1 1 708 639 502 3387
8097 4 2 1 1 2042 124 123 4610
8098 4 2 1 1 3721 1822 1821 1824
8099 4 2 1 1 520 3073 703 715
8100 4 2 1 1 3979 3613 3738 2689
8101 4 2 1 1 2173 3323 2067 3781
8102 4 2 1 1 2425 3592 2681 3891
8103 4 2 1 1 2005 1951 2006 3624
8104 4 2 1 1 2393 3279 2937 4519
8105 4 2 1 1 2730 3794 3344 4176
8106 4 2 1 1 2285 3537 2640 3932
8107 4 2 1 1 2949 2850 2499 4463
8108 4 2 1 1 1913 3130 4002 4120
8109 4 2 1 1 2556 3192 3574 4354
8110 4 2 1 1 2012 1796 236 3579
8111 4 2 1 1 2420 4311 3637 3177
8112 4 2 1 1 1618 1627 1617 2748
8113 4 2 1 1 2559 2803 4044 4370
8114 4 2 1 1 461 4602 3259 290
8115 4 2 1 1 3203 3575 884 4102
8116 4 2 1 1 1182 1084 1108 2715
8117 4 2 1 1 4610 4597 746 3308
8118 4 2 1 1 2394 3885 3510 4235
8119 4 2 1 1 1798 2706 1978 3840
8120 4 2 1 1 2501 3658 3028 4059
8121 4 2 1 1 2876 2471 3862 4266
8122 4 2 1 1 2962 1964 3584 4359
8123 4 2 1 1 2042 4641 3073 4610
8124 4 2 1 1 1719 3133 1662 4057
8125 4 2 1 1 1617 2748 3630 3777
8126 4 2 1 1 2446 3403 3360 3528
8127 4 2 1 1 2849 3739 2987 2338
8128 4 2 1 1 2794 2445 3178 3889
8129 4 2 1 1 2508 4016 4006 4537
8130 4 2 1 1 2785 4222 3796 4342
8131 4 2 1 1 1916 3481 2853 4557
8132 4 2 1 1 2343 3108 2939 4350
8133 4 2 1 1 2822 2737 2359 3433
8134 4 2 1 1 4610 4597 124 746
8135 4 2 1 1 3322 3781 2885 4242
8136 4 2 1 1 1636 2716 3834 4227
8137 4 2 1 1 2402 2769 3327 4548
8138 4 2 1 1 463 284 464 3068
8139 4 2 1 1 1602 1635 1657 2930
8140 4 2 1 1 3355 3670 2588 4107
8141 4 2 1 1 2786 3070 2342 4195
8142 4 2 1 1 1798 4481 1945 2706
8143 4 2 1 1 3376 3887 2414 4024
8144 4 2 1 1 1541 1723 236 2758
8145 4 2 1 1 3046 3721 1822 3822
8146 4 2 1 1 2473 3161 2796 3919
8147 4 2 1 1 2393 2937 3642 4519
8148 4 2 1 1 1685 1599 3081 3930
8149 4 2 1 1 4641 715 4610 123
8150 4 2 1 1 4177 1476 1408 3852
8151 4 2 1 1 1646 3698 3834 3999
8152 4 2 1 1 2403 3776 3197 3957
8153 4 2 1 1 1823 3751 2872 4228
8154 4 2 1 1 2381 3320 3061 3384
8155 4 2 1 1 567 2833 572 3771
8156 4 2 1 1 2458 3102 3809 2503
8157 4 2 1 1 3351 3710 2512 4081
8158 4 2 1 1 2972 3639 2480 4293
8159 4 2 1 1 2646 3270 2809 4492
8160 4 2 1 1 520 3308 115 3752
8161 4 2 1 1 3398 3408 2557 4262
8162 4 2 1 1 2458 3166 2674 3706
8163 4 2 1 1 1925 2768 1995 4015
8164 4 2 1 1 4211 723 685 3635
8165 4 2 1 1 2266 3714 3230 4147
8166 4 2 1 1 400 410 314 3552
8167 4 2 1 1 2633 2336 3055 2838
8168 4 2 1 1 2462 3527 2965 3644
8169 4 2 1 1 2488 3612 2638 3900
8170 4 2 1 1 3035 3169 2357 3422
8171 4 2 1 1 2620 3596 2321 4008
8172 4 2 1 1 637 3783 2998 3988
8173 4 2 1 1 1684 3081 1729 1685
8174 4 2 1 1 2549 2990 2891 4182
8175 4 2 1 1 4211 685 723 504
8176 4 2 1 1 1656 1558 1595 3563
8177 4 2 1 1 2425 3278 3243 4236
8178 4 2 1 1 3243 3278 2670 4236
8179 4 2 1 1 1674 1672 1673 2520
8180 4 2 1 1 1400 1399 1271 3342
8181 4 2 1 1 1524 250 3074 2739
8182 4 2 1 1 2435 3061 3384 2629
8183 4 2 1 1 2702 3910 2487 2622
8184 4 2 1 1 2838 3683 3357 4164
8185 4 2 1 1 2926 3528 2274 3529
8186 4 2 1 1 3518 3843 3088 2547
8187 4 2 1 1 3275 3786 466 4347
8188 4 2 1 1 2057 2056 2058 2978
8189 4 2 1 1 2718 3901 2956 4448
8190 4 2 1 1 3606 3785 2517 4439
8191 4 2 1 1 402 3873 3169 4142
8192 4 2 1 1 2291 4024 3680 4254
8193 4 2 1 1 2593 3844 2886 4374
8194 4 2 1 1 2190 2080 2084 3432
8195 4 2 1 1 1554 3080 1557 4348
8196 4 2 1 1 2548 3769 2973 4080
8197 4 2 1 1 829 3549 4020 4403
8198 4 2 1 1 2471 3888 2784 4271
8199 4 2 1 1 2285 2883 2578 3104
8200 4 2 1 1 2389 3311 3134 3844
8201 4 2 1 1 2685 3177 3176 4377
8202 4 2 1 1 2698 3295 2873 3927
8203 4 2 1 1 3979 3738 3613 2533
8204 4 2 1 1 2716 2387 3300 3560
8205 4 2 1 1 1173 1108 1094 2943
8206 4 2 1 1 2290 4009 4185 4413
8207 4 2 1 1 1828 2935 1827 1829
8208 4 2 1 1 2791 1801 1912 3817
8209 4 2 1 1 1646 3458 3698 3999
8210 4 2 1 1 2417 2877 3576 3971
8211 4 2 1 1 4583 1504 164 1280
8212 4 2 1 1 1388 1373 3438 3469
8213 4 2 1 1 2311 2929 3326 4100
8214 4 2 1 1 2700 4014 2562 4152
8215 4 2 1 1 2237 2867 2234 4168
8216 4 2 1 1 2344 3157 2964 4435
8217 4 2 1 1 3980 4132 1294 4281
8218 4 2 1 1 2257 2989 3064 4146
8219 4 2 1 1 2417 3467 3066 4462
8220 4 2 1 1 4610 3073 2042 3308
8221 4 2 1 1 595 570 598 3647
8222 4 2 1 1 2233 2133 2188 4288
8223 4 2 1 1 2913 4247 3112 4284
8224 4 2 1 1 3716 3574 3602 2371
8225 4 2 1 1 2884 299 3669 4471
8226 4 2 1 1 3127 2741 812 4265
8227 4 2 1 1 999 4603 2900 966
8228 4 2 1 1 3860 4381 4486 3184
8229 4 2 1 1 1343 1442 1441 3209
8230 4 2 1 1 3348 2762 2593 2374
8231 4 2 1 1 2939 3108 2343 2590
8232 4 2 1 1 1338 1368 1367 3077
8233 4 2 1 1 2736 1654 3191 4505
8234 4 2 1 1 2281 2731 3569 3804
8235 4 2 1 1 2181 2825 2125 3706
8236 4 2 1 1 3531 4387 2259 4388
8237 4 2 1 1 1623 3031 3884 4305
8238 4 2 1 1 115 3308 779 3752
8239 4 2 1 1 1292 3396 2826 1494
8240 4 2 1 1 4098 3522 3163 4193
8241 4 2 1 1 2396 3794 3013 2530
8242 4 2 1 1 1343 1441 1329 4487
8243 4 2 1 1 330 428 336 3228
8244 4 2 1 1 2586 2843 4021 2297
8245 4 2 1 1 353 3105 394 4158
8246 4 2 1 1 1763 3115 1540 4352
8247 4 2 1 1 3299 2383 3496 3815
8248 4 2 1 1 1389 3469 4046 3295
8249 4 2 1 1 2440 3235 2945 3464
8250 4 2 1 1 1179 1079 1081 3532
8251 4 2 1 1 3157 2694 4171 4435
8252 4 2 1 1 143 4504 755 3293
8253 4 2 1 1 2307 3058 2866 3531
8254 4 2 1 1 3136 2097 4226 3802
8255 4 2 1 1 329 3716 2659 3788
8256 4 2 1 1 3093 1443 3534 3916
8257 4 2 1 1 3094 3093 4130 3982
8258 4 2 1 1 464 3801 4474 365
8259 4 2 1 1 3784 867 994 4248
8260 4 2 1 1 2689 2998 3899 4074
8261 4 2 1 1 1305 2761 1304 4110
8262 4 2 1 1 3634 3880 590 3092
8263 4 2 1 1 2427 2703 3630 3853
8264 4 2 1 1 846 3685 4131 2957
8265 4 2 1 1 244 1797 243 3937
8266 4 2 1 1 3595 3596 2321 3614
8267 4 2 1 1 2380 2826 3115 3396
8268 4 2 1 1 2688 3887 2899 4024
8269 4 2 1 1 3026 3160 892 4332
8270 4 2 1 1 3026 3450 2653 4139
8271 4 2 1 1 2397 3148 3860 4486
8272 4 2 1 1 3295 3469 2401 3927
8273 4 2 1 1 1153 3253 1206 4007
8274 4 2 1 1 3003 2273 4318 2971
8275 4 2 1 1 846 4131 3685 863
8276 4 2 1 1 2691 3249 3615 4497
8277 4 2 1 1 1376 1377 3396 3645
8278 4 2 1 1 2956 2669 2436 3566
8279 4 2 1 1 2482 2914 3890 4111
8280 4 2 1 1 2288 3509 2783 4031
8281 4 2 1 1 3634 590 3880 648
8282 4 2 1 1 3127 812 2741 3247
8283 4 2 1 1 680 569 3771 3815
8284 4 2 1 1 1962 1886 1961 3317
8285 4 2 1 1 2485 2989 2646 3558
8286 4 2 1 1 37 38 4609 1511
8287 4 2 1 1 2808 2964 2344 3992
8288 4 2 1 1 2479 2830 4188 2385
8289 4 2 1 1 798 797 796 3676
8290 4 2 1 1 1593 3031 3213 3884
8291 4 2 1 1 2791 1912 1801 2023
8292 4 2 1 1 2912 3342 2368 4163
8293 4 2 1 1 1556 3630 2703 3853
8294 4 2 1 1 2411 2969 3190 3629
8295 4 2 1 1 4006 4016 2781 4537
8296 4 2 1 1 751 2792 615 4069
8297 4 2 1 1 743 3819 3362 657
8298 4 2 1 1 2883 3189 2257 4446
8299 4 2 1 1 4528 1376 3396 3645
8300 4 2 1 1 2450 2994 2776 4276
8301 4 2 1 1 4263 3124 2208 4438
8302 4 2 1 1 2638 2488 3329 3034
8303 4 2 1 1 3678 4251 3343 4288
8304 4 2 1 1 2417 3294 3066 3871
8305 4 2 1 1 2258 2622 3558 3659
8306 4 2 1 1 2284 3221 2798 3754
8307 4 2 1 1 2638 3900 3488 4124
8308 4 2 1 1 3828 4250 4488 2704
8309 4 2 1 1 2327 2654 3625 4533
8310 4 2 1 1 4589 152 1003 3246
8311 4 2 1 1 1740 1530 1721 4279
8312 4 2 1 1 303 4109 3422 3035
8313 4 2 1 1 1856 1825 3046 4362
8314 4 2 1 1 316 2806 3483 4535
8315 4 2 1 1 4528 1494 1520 3617
8316 4 2 1 1 3325 3033 3614 2506
8317 4 2 1 1 4603 2146 2900 2210
8318 4 2 1 1 2684 2480 3017 4009
8319 4 2 1 1 2684 2480 4009 2972
8320 4 2 1 1 1974 1871 4169 4557
8321 4 2 1 1 4405 1736 3930 1703
8322 4 2 1 1 2140 3460 3315 3782
8323 4 2 1 1 400 3552 3493 4428
8324 4 2 1 1 2925 3289 2420 3666
8325 4 2 1 1 1987 4620 3423 1802
8326 4 2 1 1 3199 4067 4047 3040
8327 4 2 1 1 2288 2783 3961 4031
8328 4 2 1 1 3093 3534 1443 3744
8329 4 2 1 1 2292 3410 2779 3865
8330 4 2 1 1 2126 2171 2180 4004
8331 4 2 1 1 2126 2172 2079 4004
8332 4 2 1 1 3473 3297 2764 2905
8333 4 2 1 1 4125 3406 3413 4169
8334 4 2 1 1 2421 4453 4238 3246
8335 4 2 1 1 300 301 299 4455
8336 4 2 1 1 3231 3818 2686 4233
8337 4 2 1 1 2641 4222 3425 4342
8338 4 2 1 1 1484 229 230 4613
8339 4 2 1 1 2132 2152 2154 4021
8340 4 2 1 1 2998 707 3988 3757
8341 4 2 1 1 3147 3168 2358 3787
8342 4 2 1 1 1154 3490 3126 4162
8343 4 2 1 1 2343 2714 3454 4566
8344 4 2 1 1 2531 3180 3118 4251
8345 4 2 1 1 2340 3585 3484 4530
8346 4 2 1 1 1818 1819 1817 3130
8347 4 2 1 1 2655 3785 2899 3811
8348 4 2 1 1 2899 3785 2516 3811
8349 4 2 1 1 307 2740 314 3035
8350 4 2 1 1 1751 3770 1529 3694
8351 4 2 1 1 3898 1273 3208 3209
8352 4 2 1 1 4609 37 1511 1517
8353 4 2 1 1 1490 1412 1415 3100
8354 4 2 1 1 345 344 343 3515
8355 4 2 1 1 2017 1888 1910 2945
8356 4 2 1 1 667 3592 668 3599
8357 4 2 1 1 3890 1418 1358 3861
8358 4 2 1 1 1747 2642 1629 4153
8359 4 2 1 1 2377 3214 2765 3304
8360 4 2 1 1 3467 3751 3066 3863
8361 4 2 1 1 1126 1144 1098 3768
8362 4 2 1 1 2776 4019 2998 4074
8363 4 2 1 1 1539 2811 1676 4039
8364 4 2 1 1 2423 3392 3393 4090
8365 4 2 1 1 2570 3207 4038 2337
8366 4 2 1 1 3915 4073 3043 1606
8367 4 2 1 1 434 338 339 3262
8368 4 2 1 1 277 4623 3005 4048
8369 4 2 1 1 3238 3446 2515 4057
8370 4 2 1 1 3665 3317 2455 2966
8371 4 2 1 1 584 583 585 3142
8372 4 2 1 1 3890 1358 1418 1355
8373 4 2 1 1 2219 2227 2183 2859
8374 4 2 1 1 622 2864 4500 3400
8375 4 2 1 1 2219 2859 2183 3996
8376 4 2 1 1 1294 4609 4132 3980
8377 4 2 1 1 86 2931 514 4275
8378 4 2 1 1 1793 2931 86 4275
8379 4 2 1 1 1127 2951 1027 3790
8380 4 2 1 1 1982 2858 1809 4002
8381 4 2 1 1 2837 3535 2633 2336
8382 4 2 1 1 2682 2955 4086 4529
8383 4 2 1 1 3334 920 852 3872
8384 4 2 1 1 3613 4386 2453 4401
8385 4 2 1 1 2443 3083 2832 3833
8386 4 2 1 1 2245 2050 2206 3149
8387 4 2 1 1 2395 2998 4074 4276
8388 4 2 1 1 2815 3632 2393 4449
8389 4 2 1 1 1691 2569 4375 3881
8390 4 2 1 1 805 2955 804 4108
8391 4 2 1 1 2345 3629 3138 2649
8392 4 2 1 1 2138 3351 2177 4081
8393 4 2 1 1 942 2801 941 3549
8394 4 2 1 1 1142 2840 3276 4179
8395 4 2 1 1 2434 4038 3525 4497
8396 4 2 1 1 3310 4023 3188 2461
8397 4 2 1 1 512 690 2988 3416
8398 4 2 1 1 4609 1511 38 3980
8399 4 2 1 1 2103 2082 2094 3746
8400 4 2 1 1 2612 3440 3191 4194
8401 4 2 1 1 3334 920 934 852
8402 4 2 1 1 1092 1177 1186 2854
8403 4 2 1 1 2019 1900 1898 4465
8404 4 2 1 1 3334 920 3250 934
8405 4 2 1 1 2583 3742 3395 4380
8406 4 2 1 1 2547 4381 3883 2662
8407 4 2 1 1 3355 3670 4107 4316
8408 4 2 1 1 97 3416 512 3635
8409 4 2 1 1 2862 4494 2730 2971
8410 4 2 1 1 2973 3183 2513 4513
8411 4 2 1 1 3667 3941 2669 2313
8412 4 2 1 1 2344 3145 2834 2694
8413 4 2 1 1 3127 3381 2741 4265
8414 4 2 1 1 3563 4051 2982 4489
8415 4 2 1 1 2744 3632 550 4148
8416 4 2 1 1 1294 4609 3980 1511
8417 4 2 1 1 759 877 969 3387
8418 4 2 1 1 2548 3627 2736 3957
8419 4 2 1 1 2311 2729 3056 3258
8420 4 2 1 1 2853 3470 2867 2337
8421 4 2 1 1 1019 3095 3513 4007
8422 4 2 1 1 2975 3121 2412 4416
8423 4 2 1 1 4439 4388 3084 2344
8424 4 2 1 1 3416 95 4563 988
8425 4 2 1 1 382 2942 3530 4558
8426 4 2 1 1 941 873 989 2801
8427 4 2 1 1 2344 3157 2834 3992
8428 4 2 1 1 3334 920 3872 3250
8429 4 2 1 1 4526 4378 2749 2818
8430 4 2 1 1 2042 3308 3073 4272
8431 4 2 1 1 2473 3381 3127 4265
8432 4 2 1 1 2308 2544 3297 4499
8433 4 2 1 1 213 3834 1270 4227
8434 4 2 1 1 3416 95 988 96
8435 4 2 1 1 1907 1908 3231 4233
8436 4 2 1 1 2957 2500 3685 3851
8437 4 2 1 1 2294 3456 2685 4450
8438 4 2 1 1 1058 3652 2722 4370
8439 4 2 1 1 2428 2912 4216 4163
8440 4 2 1 1 2965 1077 1075 3906
8441 4 2 1 1 2698 3469 3295 3927
8442 4 2 1 1 1328 1326 1327 4138
8443 4 2 1 1 3665 3317 2966 2016
8444 4 2 1 1 199 3115 1764 4336
8445 4 2 1 1 2628 3841 2902 4320
8446 4 2 1 1 767 4139 146 4277
8447 4 2 1 1 2315 2777 3109 3110
8448 4 2 1 1 1282 216 215 3128
8449 4 2 1 1 3014 3109 2556 3574
8450 4 2 1 1 2375 3026 3795 3993
8451 4 2 1 1 1921 3041 1973 3498
8452 4 2 1 1 4585 1479 3093 1274
8453 4 2 1 1 3153 3459 2513 4063
8454 4 2 1 1 3514 3979 2533 4356
8455 4 2 1 1 2463 3417 2684 2972
8456 4 2 1 1 2491 2358 2681 3891
8457 4 2 1 1 3812 3887 4024 2414
8458 4 2 1 1 1122 2844 3132 3878
8459 4 2 1 1 1033 3490 1256 4162
8460 4 2 1 1 339 4420 340 342
8461 4 2 1 1 2508 4006 2942 4537
8462 4 2 1 1 2648 2499 2852 4150
8463 4 2 1 1 1924 1926 3294 4562
8464 4 2 1 1 2359 2613 2822 3200
8465 4 2 1 1 2653 2433 3450 3795
8466 4 2 1 1 701 3638 3419 4386
8467 4 2 1 1 4216 2912 2428 3750
8468 4 2 1 1 2934 3626 3330 4118
8469 4 2 1 1 2836 4250 4217 4488
8470 4 2 1 1 2514 3616 2297 3362
8471 4 2 1 1 2422 3896 3000 2666
8472 4 2 1 1 2364 3810 3970 4088
8473 4 2 1 1 4570 4115 2854 3510
8474 4 2 1 1 1839 1837 1840 3188
8475 4 2 1 1 2398 4040 3744 4130
8476 4 2 1 1 1676 4039 2811 4546
8477 4 2 1 1 4216 2773 2428 4163
8478 4 2 1 1 1143 3478 1147 4078
8479 4 2 1 1 3922 4367 3611 2456
8480 4 2 1 1 2539 3905 3893 2486
8481 4 2 1 1 1714 3128 1657 3560
8482 4 2 1 1 1575 1577 1589 4011
8483 4 2 1 1 556 3599 2670 3850
8484 4 2 1 1 3256 3568 2560 3657
8485 4 2 1 1 318 326 2855 3719
8486 4 2 1 1 3539 4358 4550 3199
8487 4 2 1 1 3723 3724 2574 3018
8488 4 2 1 1 3448 3839 2723 4189
8489 4 2 1 1 584 576 583 3397
8490 4 2 1 1 1978 65 64 3720
8491 4 2 1 1 1590 3376 1581 3811
8492 4 2 1 1 492 4601 3144 4062
8493 4 2 1 1 1336 2807 3645 4404
8494 4 2 1 1 1399 1347 1372 3342
8495 4 2 1 1 1848 1862 3584 3649
8496 4 2 1 1 497 728 78 2775
8497 4 2 1 1 1452 3594 2851 3765
8498 4 2 1 1 1270 3834 3318 4227
8499 4 2 1 1 1978 3720 64 3840
8500 4 2 1 1 1163 3194 1234 4084
8501 4 2 1 1 2969 2345 2926 4213
8502 4 2 1 1 333 3788 424 4059
8503 4 2 1 1 2344 2694 3157 4435
8504 4 2 1 1 1564 3636 1566 3682
8505 4 2 1 1 4096 4195 2772 3306
8506 4 2 1 1 3030 4186 2358 4292
8507 4 2 1 1 829 4020 817 4403
8508 4 2 1 1 2946 370 334 371
8509 4 2 1 1 2361 3216 3111 4230
8510 4 2 1 1 2766 3129 2386 4129
8511 4 2 1 1 1659 3826 1658 1526
8512 4 2 1 1 2326 3392 2873 3856
8513 4 2 1 1 1681 2808 1598 3896
8514 4 2 1 1 2982 3078 2472 3915
8515 4 2 1 1 2324 3002 2847 3562
8516 4 2 1 1 959 114 115 3752
8517 4 2 1 1 2432 3298 2742 3517
8518 4 2 1 1 2332 3256 3657 3739
8519 4 2 1 1 1635 3560 2930 4237
8520 4 2 1 1 2355 3389 3731 4361
8521 4 2 1 1 542 2956 539 3901
8522 4 2 1 1 4134 4571 2532 3778
8523 4 2 1 1 2894 2623 3546 3564
8524 4 2 1 1 2412 3835 3210 2323
8525 4 2 1 1 2541 2997 2941 4547
8526 4 2 1 1 3313 3601 2746 4436
8527 4 2 1 1 2581 4178 3836 4424
8528 4 2 1 1 1140 3083 3463 4277
8529 4 2 1 1 1299 3700 2721 4127
8530 4 2 1 1 1557 3080 2903 4348
8531 4 2 1 1 4231 2494 3707 2966
8532 4 2 1 1 1629 1747 1775 2642
8533 4 2 1 1 2435 3384 3061 3391
8534 4 2 1 1 976 4631 773 3275
8535 4 2 1 1 565 566 564 3496
8536 4 2 1 1 3499 4178 2356 4270
8537 4 2 1 1 1454 3852 3197 4080
8538 4 2 1 1 975 2697 3964 3521
8539 4 2 1 1 57 58 473 4665
8540 4 2 1 1 2195 2122 2221 2791
8541 4 2 1 1 4561 1037 2947 3170
8542 4 2 1 1 2467 3728 4246 4308
8543 4 2 1 1 3256 3568 950 2560
8544 4 2 1 1 4608 10 188 1516
8545 4 2 1 1 4608 225 1516 4264
8546 4 2 1 1 487 493 387 2826
8547 4 2 1 1 2366 2889 3069 3941
8548 4 2 1 1 2957 2500 3851 4367
8549 4 2 1 1 2395 3738 3573 4074
8550 4 2 1 1 2114 2843 2131 4249
8551 4 2 1 1 3807 4333 352 414
8552 4 2 1 1 4241 2716 3654 2387
8553 4 2 1 1 1384 1282 3300 3700
8554 4 2 1 1 464 3801 365 438
8555 4 2 1 1 1828 2935 1829 4243
8556 4 2 1 1 4483 3021 3248 2897
8557 4 2 1 1 1724 3870 3737 1620
8558 4 2 1 1 1060 1160 2803 4370
8559 4 2 1 1 3927 2891 3424 2401
8560 4 2 1 1 795 3203 849 3676
8561 4 2 1 1 4608 225 10 1516
8562 4 2 1 1 2286 4166 3651 4210
8563 4 2 1 1 3732 3886 2525 4506
8564 4 2 1 1 2514 3265 3142 3867
8565 4 2 1 1 2376 3101 3704 4083
8566 4 2 1 1 4588 2865 4328 770
8567 4 2 1 1 1516 188 4608 4264
8568 4 2 1 1 1518 1451 1453 3951
8569 4 2 1 1 3651 4166 2678 4210
8570 4 2 1 1 2995 3893 2539 3905
8571 4 2 1 1 2713 3228 4224 2371
8572 4 2 1 1 808 851 810 2941
8573 4 2 1 1 2450 3173 2765 3445
8574 4 2 1 1 4468 1227 3175 1158
8575 4 2 1 1 2725 2290 3114 2391
8576 4 2 1 1 164 165 1504 3582
8577 4 2 1 1 2898 3045 2700 4152
8578 4 2 1 1 3380 3405 2466 4041
8579 4 2 1 1 1880 3155 1969 1968
8580 4 2 1 1 2286 3141 3449 3977
8581 4 2 1 1 1291 223 1497 3765
8582 4 2 1 1 2640 3932 3534 4309
8583 4 2 1 1 1951 3310 3624 3937
8584 4 2 1 1 1551 1550 3583 3846
8585 4 2 1 1 1175 1174 1176 3885
8586 4 2 1 1 1588 3055 3682 4476
8587 4 2 1 1 2865 956 3250 919
8588 4 2 1 1 3675 4296 3124 2900
8589 4 2 1 1 257 1984 256 3615
8590 4 2 1 1 2330 3328 2903 3535
8591 4 2 1 1 1879 1928 1824 3721
8592 4 2 1 1 2911 3749 345 4347
8593 4 2 1 1 2891 2990 2401 4046
8594 4 2 1 1 3135 3271 2614 3872
8595 4 2 1 1 962 3472 754 4332
8596 4 2 1 1 3105 3205 2725 3500
8597 4 2 1 1 2248 2207 2247 3710
8598 4 2 1 1 3902 3777 1611 2846
8599 4 2 1 1 2389 2676 3363 3905
8600 4 2 1 1 4432 4143 2712 3686
8601 4 2 1 1 3902 1611 3777 1614
8602 4 2 1 1 1833 2986 1831 4385
8603 4 2 1 1 557 3054 578 3767
8604 4 2 1 1 57 4607 56 1777
8605 4 2 1 1 1462 213 3698 3834
8606 4 2 1 1 1608 1606 1607 4444
8607 4 2 1 1 2359 2822 2730 3200
8608 4 2 1 1 1042 2733 1041 4067
8609 4 2 1 1 3519 3133 3794 3989
8610 4 2 1 1 1018 3478 3426 4495
8611 4 2 1 1 2463 2684 3640 4009
8612 4 2 1 1 3663 625 587 3479
8613 4 2 1 1 986 3275 3135 4253
8614 4 2 1 1 2525 3335 2842 3732
8615 4 2 1 1 2536 4164 2754 4412
8616 4 2 1 1 2516 3811 3785 4439
8617 4 2 1 1 1394 1393 1392 3741
8618 4 2 1 1 2018 56 4607 1777
8619 4 2 1 1 3949 3939 3950 2269
8620 4 2 1 1 4561 1037 3170 1212
8621 4 2 1 1 1752 1756 1546 3290
8622 4 2 1 1 3339 3348 2601 3655
8623 4 2 1 1 1732 2834 1687 3157
8624 4 2 1 1 2345 4213 3629 2649
8625 4 2 1 1 3217 2347 2615 4001
8626 4 2 1 1 2213 2120 3124 4263
8627 4 2 1 1 280 4665 3665 4607
8628 4 2 1 1 2638 2301 2637 3900
8629 4 2 1 1 384 483 481 2932
8630 4 2 1 1 2609 3898 3866 4536
8631 4 2 1 1 2421 3589 3075 3803
8632 4 2 1 1 2281 2619 3131 4355
8633 4 2 1 1 3192 417 420 336
8634 4 2 1 1 950 827 948 3832
8635 4 2 1 1 280 4665 4607 57
8636 4 2 1 1 2347 2880 3151 4000
8637 4 2 1 1 3752 881 2824 3981
8638 4 2 1 1 1375 1379 1368 3312
8639 4 2 1 1 2444 2841 3635 3854
8640 4 2 1 1 2423 2914 3333 4112
8641 4 2 1 1 2513 3048 2973 4234
8642 4 2 1 1 4296 3675 4540 2812
8643 4 2 1 1 2435 2775 3748 4407
8644 4 2 1 1 1635 2930 1602 4237
8645 4 2 1 1 704 4641 3311 4591
8646 4 2 1 1 2364 2750 3420 4526
8647 4 2 1 1 2484 2285 2883 4452
8648 4 2 1 1 1164 2939 3261 3831
8649 4 2 1 1 424 421 422 3140
8650 4 2 1 1 4020 4403 2413 2921
8651 4 2 1 1 4098 3719 334 2946
8652 4 2 1 1 3100 3374 1412 3965
8653 4 2 1 1 2890 1615 3761 3902
8654 4 2 1 1 3057 3707 2494 3920
8655 4 2 1 1 2008 241 1787 3502
8656 4 2 1 1 2548 2736 3852 3957
8657 4 2 1 1 2900 2812 3675 4296
8658 4 2 1 1 308 3873 311 4360
8659 4 2 1 1 2733 2468 3199 4047
8660 4 2 1 1 3498 1820 1822 1972
8661 4 2 1 1 2922 3459 3241 4303
8662 4 2 1 1 4397 4070 3080 2739
8663 4 2 1 1 1887 2894 1884 4061
8664 4 2 1 1 1971 2020 1908 3231
8665 4 2 1 1 118 4644 519 3996
8666 4 2 1 1 4306 3554 4103 2863
8667 4 2 1 1 3128 2930 1657 3560
8668 4 2 1 1 4607 2966 1777 3665
8669 4 2 1 1 4489 3444 2930 2472
8670 4 2 1 1 3017 4009 3717 4185
8671 4 2 1 1 2435 3384 3391 3565
8672 4 2 1 1 3239 3356 2441 4165
8673 4 2 1 1 2502 3911 2987 4394
8674 4 2 1 1 526 2998 637 3899
8675 4 2 1 1 1658 1626 1605 3915
8676 4 2 1 1 2886 3844 2389 4374
8677 4 2 1 1 1887 1859 1884 2894
8678 4 2 1 1 949 2829 3587 4211
8679 4 2 1 1 2966 2018 4231 4607
8680 4 2 1 1 2359 2737 3254 3433
8681 4 2 1 1 2959 3484 2340 3799
8682 4 2 1 1 693 3348 642 3397
8683 4 2 1 1 2227 3556 2859 3817
8684 4 2 1 1 2347 3151 3052 4000
8685 4 2 1 1 2675 3622 3151 4508
8686 4 2 1 1 3053 4018 1162 4084
8687 4 2 1 1 1060 1083 1160 4370
8688 4 2 1 1 2538 3405 2853 4557
8689 4 2 1 1 3282 3835 2412 4173
8690 4 2 1 1 448 4607 4638 56
8691 4 2 1 1 2574 3724 2573 4032
8692 4 2 1 1 2966 2018 4607 1777
8693 4 2 1 1 2693 3609 2270 3611
8694 4 2 1 1 2545 3391 3384 3565
8695 4 2 1 1 2022 2686 1907 4140
8696 4 2 1 1 2353 2974 3792 2461
8697 4 2 1 1 4606 1544 47 1767
8698 4 2 1 1 1044 1048 1047 4179
8699 4 2 1 1 2708 4506 3676 2363
8700 4 2 1 1 283 35 36 4629
8701 4 2 1 1 4117 2541 2341 3284
8702 4 2 1 1 2371 3574 3192 3716
8703 4 2 1 1 1913 1813 3130 4120
8704 4 2 1 1 2396 3344 3013 3794
8705 4 2 1 1 2420 3633 4311 3177
8706 4 2 1 1 4620 2234 2205 3423
8707 4 2 1 1 2628 3854 3841 4320
8708 4 2 1 1 2021 3219 4232 4521
8709 4 2 1 1 2939 4255 3108 2590
8710 4 2 1 1 1668 2760 4422 4269
8711 4 2 1 1 601 573 600 3417
8712 4 2 1 1 1367 1337 1338 3829
8713 4 2 1 1 3120 3507 2818 2703
8714 4 2 1 1 2025 3405 3380 1940
8715 4 2 1 1 1733 2746 4592 1521
8716 4 2 1 1 930 3689 816 4567
8717 4 2 1 1 1677 4596 1762 1545
8718 4 2 1 1 3074 3437 2515 4057
8719 4 2 1 1 1545 3601 1768 4201
8720 4 2 1 1 3350 4315 3491 4490
8721 4 2 1 1 3028 2596 2501 4420
8722 4 2 1 1 2301 3266 3221 3923
8723 4 2 1 1 2708 4506 2363 3886
8724 4 2 1 1 1451 3951 3220 4101
8725 4 2 1 1 2412 3121 2975 3554
8726 4 2 1 1 2667 3775 312 4428
8727 4 2 1 1 3398 3479 2373 4262
8728 4 2 1 1 2811 2526 3569 4039
8729 4 2 1 1 2390 2806 3462 3671
8730 4 2 1 1 2546 3429 3422 4369
8731 4 2 1 1 1676 2811 2520 4546
8732 4 2 1 1 972 4206 3022 905
8733 4 2 1 1 554 687 592 2670
8734 4 2 1 1 1866 2901 3406 3378
8735 4 2 1 1 1008 919 2865 3872
8736 4 2 1 1 2686 3818 3464 4233
8737 4 2 1 1 2359 3367 2756 4012
8738 4 2 1 1 2526 2811 3569 4353
8739 4 2 1 1 2498 3773 3753 4090
8740 4 2 1 1 2357 3113 3169 4447
8741 4 2 1 1 2507 3169 3113 4447
8742 4 2 1 1 464 3801 438 3068
8743 4 2 1 1 4117 2341 2541 2948
8744 4 2 1 1 2988 3635 2841 3854
8745 4 2 1 1 624 2815 3400 4552
8746 4 2 1 1 2589 3818 3231 4233
8747 4 2 1 1 4451 4068 3928 2671
8748 4 2 1 1 1346 1405 1404 4412
8749 4 2 1 1 2754 3858 1741 4177
8750 4 2 1 1 4333 2542 2932 2307
8751 4 2 1 1 2154 3819 2676 4393
8752 4 2 1 1 2412 3098 3835 2323
8753 4 2 1 1 655 597 3304 4190
8754 4 2 1 1 186 3395 1284 4380
8755 4 2 1 1 2415 2786 3760 3808
8756 4 2 1 1 2752 3354 612 4212
8757 4 2 1 1 2278 3357 2838 3683
8758 4 2 1 1 3348 3397 2374 3655
8759 4 2 1 1 2513 4063 3656 4234
8760 4 2 1 1 3717 4185 4009 4413
8761 4 2 1 1 2486 2652 3755 2255
8762 4 2 1 1 1627 2748 1618 3994
8763 4 2 1 1 2394 3250 2879 4235
8764 4 2 1 1 1453 3019 3951 4101
8765 4 2 1 1 2682 3735 2878 4529
8766 4 2 1 1 2798 3613 2289 3628
8767 4 2 1 1 2341 2987 2509 4529
8768 4 2 1 1 140 139 762 3095
8769 4 2 1 1 2747 3341 347 3959
8770 4 2 1 1 1534 3000 1728 3896
8771 4 2 1 1 4623 1512 1267 4048
8772 4 2 1 1 2289 3628 3613 3738
8773 4 2 1 1 2532 3151 2880 4000
8774 4 2 1 1 2438 3320 2935 3688
8775 4 2 1 1 2800 3395 2583 3742
8776 4 2 1 1 2164 2229 2202 3075
8777 4 2 1 1 2268 3173 2967 4053
8778 4 2 1 1 3790 3803 3075 4162
8779 4 2 1 1 2056 3363 2135 2148
8780 4 2 1 1 600 731 3417 2972
8781 4 2 1 1 3928 4068 4451 2399
8782 4 2 1 1 2313 2994 2993 3713
8783 4 2 1 1 2973 3048 2548 4080
8784 4 2 1 1 839 874 3240 4502
8785 4 2 1 1 1745 3615 1748 4516
8786 4 2 1 1 1603 2930 3826 4051
8787 4 2 1 1 2875 3116 2677 3372
8788 4 2 1 1 2856 4053 2857 4122
8789 4 2 1 1 2470 2570 3561 2772
8790 4 2 1 1 2368 3007 3342 3359
8791 4 2 1 1 3022 3952 761 4467
8792 4 2 1 1 3052 3151 2532 4000
8793 4 2 1 1 3640 2290 2684 4485
8794 4 2 1 1 2265 3384 2782 3567
8795 4 2 1 1 1773 3321 1756 4128
8796 4 2 1 1 2030 1806 1999 3385
8797 4 2 1 1 2536 3705 2754 4164
8798 4 2 1 1 2379 2743 3236 3237
8799 4 2 1 1 3890 2423 3742 3861
8800 4 2 1 1 3477 1544 4606 1767
8801 4 2 1 1 792 795 794 2984
8802 4 2 1 1 2738 3660 2415 3813
8803 4 2 1 1 2339 2754 3705 4164
8804 4 2 1 1 2306 2825 2458 4482
8805 4 2 1 1 2431 2739 3427 4070
8806 4 2 1 1 4397 4070 2739 2402
8807 4 2 1 1 48 47 1767 4606
8808 4 2 1 1 1846 3168 1862 3649
8809 4 2 1 1 784 783 3979 4356
8810 4 2 1 1 2383 3702 3223 4543
8811 4 2 1 1 3109 3186 2777 3574
8812 4 2 1 1 3694 4130 2451 2688
8813 4 2 1 1 316 3251 320 3483
8814 4 2 1 1 2169 2240 3601 4373
8815 4 2 1 1 2965 3111 2462 4003
8816 4 2 1 1 3890 3742 2423 2914
8817 4 2 1 1 966 1001 752 3124
8818 4 2 1 1 3338 3024 2779 3410
8819 4 2 1 1 4660 447 3477 281
8820 4 2 1 1 2390 3719 3462 3775
8821 4 2 1 1 1792 2010 239 3000
8822 4 2 1 1 366 465 380 3106
8823 4 2 1 1 738 3219 66 4521
8824 4 2 1 1 1915 3583 3099 3882
8825 4 2 1 1 2249 3252 3012 2144
8826 4 2 1 1 3131 4180 2342 4355
8827 4 2 1 1 2654 3625 2264 4032
8828 4 2 1 1 2389 3590 2886 4374
8829 4 2 1 1 2008 1949 2009 3000
8830 4 2 1 1 1603 2930 1657 3826
8831 4 2 1 1 1782 1901 2012 2758
8832 4 2 1 1 4098 334 3719 323
8833 4 2 1 1 2728 3851 3221 4367
8834 4 2 1 1 3221 3851 2500 4367
8835 4 2 1 1 1391 3125 1392 3741
8836 4 2 1 1 4660 447 281 48
8837 4 2 1 1 1146 1143 3541 2639
8838 4 2 1 1 3028 3658 2584 4059
8839 4 2 1 1 197 1514 1292 4336
8840 4 2 1 1 2884 2497 2290 3869
8841 4 2 1 1 2686 2440 3464 3818
8842 4 2 1 1 293 2771 488 3980
8843 4 2 1 1 3330 3266 2638 2710
8844 4 2 1 1 2381 2935 3320 3688
8845 4 2 1 1 1288 3951 1518 3019
8846 4 2 1 1 2343 3108 4350 4410
8847 4 2 1 1 1985 3470 2660 4168
8848 4 2 1 1 2662 2419 3495 4013
8849 4 2 1 1 2885 3781 3544 4242
8850 4 2 1 1 3726 4203 2454 3038
8851 4 2 1 1 3183 3241 2513 4513
8852 4 2 1 1 4432 4143 3686 2416
8853 4 2 1 1 2880 3151 2532 4174
8854 4 2 1 1 3100 3148 2439 3965
8855 4 2 1 1 2400 2707 3383 3674
8856 4 2 1 1 3157 3870 1586 4327
8857 4 2 1 1 1627 3009 1641 3630
8858 4 2 1 1 267 266 4614 1543
8859 4 2 1 1 3132 3878 2844 3954
8860 4 2 1 1 909 3164 3414 3577
8861 4 2 1 1 556 2670 555 3850
8862 4 2 1 1 2282 2578 3523 3524
8863 4 2 1 1 1 61 4605 2027
8864 4 2 1 1 3603 2648 4244 2499
8865 4 2 1 1 3802 3828 2783 4031
8866 4 2 1 1 611 2684 508 731
8867 4 2 1 1 1581 3811 3376 4172
8868 4 2 1 1 366 367 341 3106
8869 4 2 1 1 660 2799 3711 4464
8870 4 2 1 1 869 3942 858 4287
8871 4 2 1 1 1096 3253 1152 4049
8872 4 2 1 1 2988 3416 690 4274
8873 4 2 1 1 2558 3779 2873 3856
8874 4 2 1 1 2371 2713 3192 4175
8875 4 2 1 1 2401 2990 3086 4144
8876 4 2 1 1 3058 3059 2390 3671
8877 4 2 1 1 2907 2953 2710 3266
8878 4 2 1 1 2760 2472 3078 3915
8879 4 2 1 1 2828 2382 3274 3182
8880 4 2 1 1 2829 3691 3324 4211
8881 4 2 1 1 4447 4554 4071 3222
8882 4 2 1 1 2480 3933 2690 4009
8883 4 2 1 1 1568 1570 1569 3367
8884 4 2 1 1 4605 60 1 2027
8885 4 2 1 1 4605 60 441 1
8886 4 2 1 1 2414 3225 3812 3887
8887 4 2 1 1 3829 1432 1336 1334
8888 4 2 1 1 2317 2904 3712 3011
8889 4 2 1 1 3350 3491 4315 3631
8890 4 2 1 1 2716 1636 3619 4237
8891 4 2 1 1 2358 3168 3147 4472
8892 4 2 1 1 2233 4612 3380 2037
8893 4 2 1 1 4438 2151 2208 4263
8894 4 2 1 1 3829 1336 1432 2807
8895 4 2 1 1 2345 3293 2832 4396
8896 4 2 1 1 2816 2420 3637 3177
8897 4 2 1 1 1132 3747 2766 4050
8898 4 2 1 1 4605 2027 61 4187
8899 4 2 1 1 2471 3670 2896 3715
8900 4 2 1 1 4247 4530 3379 2585
8901 4 2 1 1 4060 4010 1763 1623
8902 4 2 1 1 2713 4224 4175 2371
8903 4 2 1 1 512 2988 725 3635
8904 4 2 1 1 3408 3398 2843 2373
8905 4 2 1 1 1039 3750 4390 4135
8906 4 2 1 1 420 381 3530 3990
8907 4 2 1 1 32 33 4604 1010
8908 4 2 1 1 2737 3682 3055 4476
8909 4 2 1 1 477 2861 3385 4231
8910 4 2 1 1 2970 3954 2696 4283
8911 4 2 1 1 2622 2621 2258 3045
8912 4 2 1 1 2341 3284 3215 2509
8913 4 2 1 1 2240 2238 2038 2746
8914 4 2 1 1 797 3676 2708 3732
8915 4 2 1 1 3746 2116 2103 2082
8916 4 2 1 1 2666 3081 1736 3502
8917 4 2 1 1 508 3639 92 4114
8918 4 2 1 1 2390 3719 3071 3889
8919 4 2 1 1 1255 131 1178 3510
8920 4 2 1 1 2617 3655 3339 2793
8921 4 2 1 1 2445 3163 3178 4193
8922 4 2 1 1 1949 3000 2008 3502
8923 4 2 1 1 2446 3403 3095 4432
8924 4 2 1 1 2726 1853 3797 3920
8925 4 2 1 1 415 3462 2806 4535
8926 4 2 1 1 3761 1708 4545 1707
8927 4 2 1 1 1151 3513 3138 4049
8928 4 2 1 1 1391 3426 3125 3741
8929 4 2 1 1 3027 3693 2715 4337
8930 4 2 1 1 2416 3360 3347 4432
8931 4 2 1 1 1010 4671 3701 1252
8932 4 2 1 1 2394 3176 3177 4377
8933 4 2 1 1 2594 2684 4485 4114
8934 4 2 1 1 650 590 648 3880
8935 4 2 1 1 2615 3662 3312 4395
8936 4 2 1 1 953 881 2824 3591
8937 4 2 1 1 2152 2148 2215 3363
8938 4 2 1 1 354 328 3605 4398
8939 4 2 1 1 2433 3276 3083 3428
8940 4 2 1 1 2534 2844 3582 3878
8941 4 2 1 1 4516 1975 3672 1794
8942 4 2 1 1 1050 2773 2639 3997
8943 4 2 1 1 2748 3249 1618 3994
8944 4 2 1 1 3506 3892 2943 4283
8945 4 2 1 1 526 2998 2689 3757
8946 4 2 1 1 1006 929 928 2787
8947 4 2 1 1 457 458 278 3668
8948 4 2 1 1 3761 1708 1707 1615
8949 4 2 1 1 3911 2509 2987 4529
8950 4 2 1 1 2182 2227 3556 4249
8951 4 2 1 1 1451 3220 1450 4101
8952 4 2 1 1 2989 3110 2777 4555
8953 4 2 1 1 1010 4671 1252 33
8954 4 2 1 1 2303 3658 3028 2809
8955 4 2 1 1 2501 3028 3658 2809
8956 4 2 1 1 1296 3128 1282 3700
8957 4 2 1 1 2250 4672 2165 3623
8958 4 2 1 1 2964 3992 2808 4172
8959 4 2 1 1 1333 2920 1430 4082
8960 4 2 1 1 4604 1220 32 1010
8961 4 2 1 1 4413 2797 4414 2290
8962 4 2 1 1 1846 2635 1844 3168
8963 4 2 1 1 4586 1277 4045 166
8964 4 2 1 1 3585 2340 3001 4530
8965 4 2 1 1 2523 3711 3326 4496
8966 4 2 1 1 604 2864 3400 3632
8967 4 2 1 1 4604 3618 1010 3701
8968 4 2 1 1 2265 2888 2887 2889
8969 4 2 1 1 213 1532 3698 3834
8970 4 2 1 1 2309 4042 2842 4122
8971 4 2 1 1 2368 3342 2912 3359
8972 4 2 1 1 4177 1408 1476 1473
8973 4 2 1 1 2734 3218 3097 2265
8974 4 2 1 1 3111 3216 1086 4230
8975 4 2 1 1 2482 2914 4111 4112
8976 4 2 1 1 2439 3966 3505 4384
8977 4 2 1 1 1680 2834 1681 1732
8978 4 2 1 1 2484 2883 2285 3538
8979 4 2 1 1 3117 2557 3408 4262
8980 4 2 1 1 3789 3526 2981 4083
8981 4 2 1 1 3114 3386 2420 4402
8982 4 2 1 1 3746 2103 2116 2830
8983 4 2 1 1 1338 1432 3077 3829
8984 4 2 1 1 517 3259 614 3708
8985 4 2 1 1 2654 3993 3609 4349
8986 4 2 1 1 886 3293 2790 4102
8987 4 2 1 1 2432 3095 3414 3577
8988 4 2 1 1 3484 3585 2585 4530
8989 4 2 1 1 2807 3536 3077 3829
8990 4 2 1 1 2442 2898 3897 4152
8991 4 2 1 1 2660 3672 3290 2337
8992 4 2 1 1 4604 4649 471 32
8993 4 2 1 1 2209 159 158 4603
8994 4 2 1 1 1854 3085 1877 4105
8995 4 2 1 1 2995 3497 2429 4261
8996 4 2 1 1 1854 1853 1852 3722
8997 4 2 1 1 4590 2916 757 4056
8998 4 2 1 1 2122 2791 2195 4196
8999 4 2 1 1 2463 2959 2797 4357
9000 4 2 1 1 4110 1309 4525 3255
9001 4 2 1 1 4386 591 528 635
9002 4 2 1 1 1842 1843 3679 4103
9003 4 2 1 1 611 2972 619 4293
9004 4 2 1 1 1600 4012 2732 4457
9005 4 2 1 1 2287 3431 3033 3467
9006 4 2 1 1 1989 1982 1809 4002
9007 4 2 1 1 3190 3629 2969 4213
9008 4 2 1 1 1374 3582 4001 4324
9009 4 2 1 1 1785 3074 1992 4221
9010 4 2 1 1 76 3280 629 4299
9011 4 2 1 1 2705 3492 2378 3913
9012 4 2 1 1 4096 4195 3306 2342
9013 4 2 1 1 4525 1309 4110 1303
9014 4 2 1 1 2739 3583 1990 3882
9015 4 2 1 1 3405 4041 3380 4208
9016 4 2 1 1 594 595 665 2792
9017 4 2 1 1 2229 3589 3075 2164
9018 4 2 1 1 2598 2965 4055 4475
9019 4 2 1 1 2560 3368 2724 4406
9020 4 2 1 1 2925 4192 3717 2510
9021 4 2 1 1 483 3477 2932 4333
9022 4 2 1 1 1661 1664 1566 3989
9023 4 2 1 1 2254 3200 4058 4494
9024 4 2 1 1 546 662 571 2929
9025 4 2 1 1 3243 3599 2425 4236
9026 4 2 1 1 2670 3599 3243 4236
9027 4 2 1 1 3292 3597 2267 2664
9028 4 2 1 1 1388 1409 1373 3469
9029 4 2 1 1 3414 4547 4331 2541
9030 4 2 1 1 3505 3966 3504 4384
9031 4 2 1 1 2296 4543 3908 3702
9032 4 2 1 1 536 3445 3050 4154
9033 4 2 1 1 3464 4005 499 4329
9034 4 2 1 1 4525 2990 4110 3255
9035 4 2 1 1 1184 2943 1250 3618
9036 4 2 1 1 4110 2990 4525 1303
9037 4 2 1 1 2021 66 1789 3219
9038 4 2 1 1 2529 3472 3026 3993
9039 4 2 1 1 3026 3472 2653 3993
9040 4 2 1 1 712 660 2799 4273
9041 4 2 1 1 669 671 501 3195
9042 4 2 1 1 4595 474 281 3986
9043 4 2 1 1 1984 3207 3615 4516
9044 4 2 1 1 4432 4143 2416 3360
9045 4 2 1 1 2467 3729 3728 4308
9046 4 2 1 1 2209 159 4603 4453
9047 4 2 1 1 3351 2177 2836 4488
9048 4 2 1 1 2209 158 2210 4603
9049 4 2 1 1 288 2826 487 3617
9050 4 2 1 1 344 3786 2911 4347
9051 4 2 1 1 2151 2212 2110 3355
9052 4 2 1 1 2292 3084 2743 2666
9053 4 2 1 1 2270 3715 2784 3923
9054 4 2 1 1 1915 3557 3882 3099
9055 4 2 1 1 3757 3988 2998 4276
9056 4 2 1 1 2090 2096 2097 3802
9057 4 2 1 1 3622 2675 3151 2475
9058 4 2 1 1 1121 1133 1132 3945
9059 4 2 1 1 1777 2966 2016 3665
9060 4 2 1 1 2384 3646 2771 4048
9061 4 2 1 1 4270 4219 3648 2437
9062 4 2 1 1 2472 3078 2982 4489
9063 4 2 1 1 2682 826 3709 4086
9064 4 2 1 1 2945 2440 3464 4329
9065 4 2 1 1 2284 3260 3963 4316
9066 4 2 1 1 2360 3043 3078 2749
9067 4 2 1 1 805 2955 4108 3215
9068 4 2 1 1 2580 4355 3131 2342
9069 4 2 1 1 2578 3090 2406 3523
9070 4 2 1 1 4166 4479 2678 4474
9071 4 2 1 1 874 889 839 3240
9072 4 2 1 1 3457 4067 2573 4179
9073 4 2 1 1 4603 2146 2210 2209
9074 4 2 1 1 1258 1120 3126 3984
9075 4 2 1 1 3320 3384 2381 3688
9076 4 2 1 1 2527 3071 2855 4398
9077 4 2 1 1 4603 2146 2209 4453
9078 4 2 1 1 2170 2167 3511 4156
9079 4 2 1 1 2482 4556 4112 4257
9080 4 2 1 1 2719 3624 3310 3937
9081 4 2 1 1 422 3515 2745 4142
9082 4 2 1 1 517 15 14 4602
9083 4 2 1 1 494 120 121 4651
9084 4 2 1 1 358 374 375 3674
9085 4 2 1 1 2911 3786 344 2596
9086 4 2 1 1 2481 3621 3440 4505
9087 4 2 1 1 2869 3200 3934 2359
9088 4 2 1 1 1091 1056 3541 4078
9089 4 2 1 1 3323 4141 2551 2680
9090 4 2 1 1 2390 2855 3071 3719
9091 4 2 1 1 3103 3388 2590 3731
9092 4 2 1 1 777 4238 879 4453
9093 4 2 1 1 2326 3927 4111 4229
9094 4 2 1 1 483 2932 384 4333
9095 4 2 1 1 2966 3317 2494 3707
9096 4 2 1 1 2232 2188 2194 4196
9097 4 2 1 1 1113 3132 1123 3892
9098 4 2 1 1 724 4645 3259 517
9099 4 2 1 1 2549 4147 3255 4525
9100 4 2 1 1 2296 4543 3702 3371
9101 4 2 1 1 3148 3365 3938 1456
9102 4 2 1 1 1432 2807 1336 4404
9103 4 2 1 1 1612 1611 1610 2846
9104 4 2 1 1 793 2984 794 4423
9105 4 2 1 1 2708 3816 2759 2363
9106 4 2 1 1 2761 4085 3664 2362
9107 4 2 1 1 533 2895 3783 4154
9108 4 2 1 1 277 450 4623 4048
9109 4 2 1 1 619 2972 3441 4293
9110 4 2 1 1 4602 4646 460 3708
9111 4 2 1 1 179 2683 3359 1466
9112 4 2 1 1 562 3570 3112 4247
9113 4 2 1 1 3038 3478 2478 4078
9114 4 2 1 1 2094 2108 2103 4341
9115 4 2 1 1 82 1790 3294 3871
9116 4 2 1 1 3664 4085 2565 2362
9117 4 2 1 1 3535 3619 2633 4116
9118 4 2 1 1 1389 3469 3295 1409
9119 4 2 1 1 2386 4217 3351 4314
9120 4 2 1 1 4397 4070 2402 3772
9121 4 2 1 1 4464 2441 2665 3952
9122 4 2 1 1 1145 1144 3472 3545
9123 4 2 1 1 2549 3823 3255 4147
9124 4 2 1 1 2541 4331 4108 4547
9125 4 2 1 1 4599 296 4087 3500
9126 4 2 1 1 2695 2961 2607 3827
9127 4 2 1 1 537 536 538 3050
9128 4 2 1 1 3263 3767 2464 4017
9129 4 2 1 1 2799 3239 2338 4433
9130 4 2 1 1 2409 3800 2801 2299
9131 4 2 1 1 2965 3111 4055 4475
9132 4 2 1 1 3496 3879 4543 3299
9133 4 2 1 1 1811 2923 1812 4120
9134 4 2 1 1 2484 3296 4028 4431
9135 4 2 1 1 511 695 114 3752
9136 4 2 1 1 1598 3896 2808 4405
9137 4 2 1 1 4271 4222 3158 4133
9138 4 2 1 1 2449 3584 3168 3649
9139 4 2 1 1 2474 2785 2784 2907
9140 4 2 1 1 3752 2824 881 3591
9141 4 2 1 1 2928 2963 4085 4241
9142 4 2 1 1 2238 2141 2130 4373
9143 4 2 1 1 3982 4585 3093 3694
9144 4 2 1 1 1668 2760 4269 4444
9145 4 2 1 1 3835 1967 1835 4173
9146 4 2 1 1 1151 3138 3513 4504
9147 4 2 1 1 739 4644 3996 519
9148 4 2 1 1 4371 2542 4333 2307
9149 4 2 1 1 2365 2872 2643 4113
9150 4 2 1 1 517 4645 3259 4602
9151 4 2 1 1 1197 2868 1195 4003
9152 4 2 1 1 2172 2885 2072 3808
9153 4 2 1 1 2120 3402 2876 3862
9154 4 2 1 1 4602 4646 15 460
9155 4 2 1 1 216 4577 3128 1295
9156 4 2 1 1 951 2829 3691 4346
9157 4 2 1 1 831 825 937 3187
9158 4 2 1 1 3185 2403 3604 3966
9159 4 2 1 1 2622 2621 3045 3910
9160 4 2 1 1 2492 3467 3751 4325
9161 4 2 1 1 100 3691 99 721
9162 4 2 1 1 4602 3259 517 3708
9163 4 2 1 1 625 2931 699 3479
9164 4 2 1 1 2778 3024 2272 3812
9165 4 2 1 1 1420 1423 1449 2839
9166 4 2 1 1 2888 3565 2366 2545
9167 4 2 1 1 2651 3303 2962 3584
9168 4 2 1 1 703 741 3073 3844
9169 4 2 1 1 2048 2203 2212 3152
9170 4 2 1 1 2533 3514 3162 3979
9171 4 2 1 1 1659 218 1754 4507
9172 4 2 1 1 2073 2885 2172 4004
9173 4 2 1 1 1419 1418 3742 3861
9174 4 2 1 1 2445 3959 3163 4098
9175 4 2 1 1 3593 3779 2558 4389
9176 4 2 1 1 533 535 2895 4154
9177 4 2 1 1 886 2790 849 4102
9178 4 2 1 1 2269 3868 3950 4058
9179 4 2 1 1 2998 707 3757 526
9180 4 2 1 1 2755 3671 3462 4535
9181 4 2 1 1 3014 3520 2942 4537
9182 4 2 1 1 2360 3226 3079 3353
9183 4 2 1 1 1248 1123 3132 3588
9184 4 2 1 1 2065 2064 3146 4133
9185 4 2 1 1 1008 868 919 3872
9186 4 2 1 1 99 3691 100 982
9187 4 2 1 1 4018 4084 1090 1162
9188 4 2 1 1 334 3462 2946 3719
9189 4 2 1 1 3943 4095 2855 4544
9190 4 2 1 1 2559 4370 4044 4468
9191 4 2 1 1 1073 1075 1186 3906
9192 4 2 1 1 701 635 3638 4386
9193 4 2 1 1 356 3383 354 3605
9194 4 2 1 1 324 325 337 3483
9195 4 2 1 1 3659 2357 2621 4071
9196 4 2 1 1 2857 2967 2308 3356
9197 4 2 1 1 4575 759 109 3387
9198 4 2 1 1 3343 4251 2466 4288
9199 4 2 1 1 45 46 4601 1766
9200 4 2 1 1 1097 1088 2954 3768
9201 4 2 1 1 917 957 918 3164
9202 4 2 1 1 2398 3534 3932 4309
9203 4 2 1 1 1200 2662 1187 1189
9204 4 2 1 1 2379 2974 3857 2461
9205 4 2 1 1 1766 4574 1772 4062
9206 4 2 1 1 3659 2621 2357 4369
9207 4 2 1 1 1766 4574 4062 4601
9208 4 2 1 1 2107 3460 2140 3782
9209 4 2 1 1 2533 3399 3082 4356
9210 4 2 1 1 2812 2529 3780 4300
9211 4 2 1 1 3873 304 306 402
9212 4 2 1 1 1687 1732 1528 2834
9213 4 2 1 1 614 3708 3259 4330
9214 4 2 1 1 1039 1041 1042 4135
9215 4 2 1 1 318 326 411 2855
9216 4 2 1 1 1042 4047 2733 4067
9217 4 2 1 1 1452 1495 2851 3594
9218 4 2 1 1 4572 4047 3040 3199
9219 4 2 1 1 2487 3873 3493 4360
9220 4 2 1 1 2473 3836 4178 4424
9221 4 2 1 1 2802 3545 2653 3768
9222 4 2 1 1 4112 3485 4257 3018
9223 4 2 1 1 4667 294 3385 4231
9224 4 2 1 1 2344 2834 3145 2422
9225 4 2 1 1 2804 3298 2432 3403
9226 4 2 1 1 2752 2535 3354 4212
9227 4 2 1 1 1729 1527 243 3937
9228 4 2 1 1 2554 2964 3157 4435
9229 4 2 1 1 1214 3395 1025 3945
9230 4 2 1 1 478 385 482 3986
9231 4 2 1 1 2975 2412 4200 4416
9232 4 2 1 1 2183 2859 2227 4249
9233 4 2 1 1 2535 3354 3280 2629
9234 4 2 1 1 2405 3136 2875 3509
9235 4 2 1 1 2416 3273 2708 4549
9236 4 2 1 1 3752 771 881 959
9237 4 2 1 1 3181 2589 4025 4200
9238 4 2 1 1 286 406 407 2947
9239 4 2 1 1 1248 1122 1030 2844
9240 4 2 1 1 1097 1088 1087 2954
9241 4 2 1 1 2832 3855 1138 3894
9242 4 2 1 1 1162 3053 1190 4018
9243 4 2 1 1 2559 3038 4370 4468
9244 4 2 1 1 4115 4377 3176 2394
9245 4 2 1 1 3752 881 771 3591
9246 4 2 1 1 2501 2596 3515 4420
9247 4 2 1 1 918 851 917 4379
9248 4 2 1 1 3100 3374 2439 4083
9249 4 2 1 1 2568 3374 3100 4083
9250 4 2 1 1 473 4633 3665 4665
9251 4 2 1 1 1873 3207 1916 3481
9252 4 2 1 1 2125 2825 3323 3706
9253 4 2 1 1 1693 1694 1690 4375
9254 4 2 1 1 1602 1657 1603 2930
9255 4 2 1 1 1756 3290 1709 4128
9256 4 2 1 1 3605 3801 3692 2747
9257 4 2 1 1 2257 2883 2578 3110
9258 4 2 1 1 3656 4063 4323 3139
9259 4 2 1 1 3227 3394 2480 3441
9260 4 2 1 1 2106 2133 2134 2867
9261 4 2 1 1 2348 2758 2694 4252
9262 4 2 1 1 2855 4095 2333 4544
9263 4 2 1 1 2470 3561 3290 4128
9264 4 2 1 1 1630 3737 3579 4153
9265 4 2 1 1 2397 3501 4137 4486
9266 4 2 1 1 2453 3591 2886 3638
9267 4 2 1 1 3343 3678 2531 4251
9268 4 2 1 1 86 699 2931 4155
9269 4 2 1 1 2798 3221 2500 4426
9270 4 2 1 1 2883 2257 2577 4446
9271 4 2 1 1 4302 3806 4170 2849
9272 4 2 1 1 1754 3042 4422 4507
9273 4 2 1 1 873 941 942 2801
9274 4 2 1 1 2271 3860 3505 4083
9275 4 2 1 1 2365 3352 2545 4184
9276 4 2 1 1 3663 587 625 652
9277 4 2 1 1 1415 1458 1490 3148
9278 4 2 1 1 3710 4119 1513 4473
9279 4 2 1 1 3064 3602 2584 3658
9280 4 2 1 1 3873 304 402 3169
9281 4 2 1 1 2021 3219 1789 4232
9282 4 2 1 1 2687 3660 2738 3813
9283 4 2 1 1 2584 3262 3228 4224
9284 4 2 1 1 37 38 449 4609
9285 4 2 1 1 2571 3931 2917 2300
9286 4 2 1 1 3692 3801 2455 2747
9287 4 2 1 1 1084 1081 1082 3506
9288 4 2 1 1 939 4020 923 4478
9289 4 2 1 1 2388 3758 4494 2971
9290 4 2 1 1 2402 3277 3003 3772
9291 4 2 1 1 2386 4129 3443 4314
9292 4 2 1 1 2480 2972 3933 4009
9293 4 2 1 1 2725 3114 3187 2391
9294 4 2 1 1 2938 2991 2572 3643
9295 4 2 1 1 1182 3693 1181 4337
9296 4 2 1 1 2815 4148 3632 4449
9297 4 2 1 1 2779 2603 3338 3410
9298 4 2 1 1 3091 3712 2892 2559
9299 4 2 1 1 2078 3322 2077 4034
9300 4 2 1 1 1490 3148 1458 4137
9301 4 2 1 1 2543 2922 3847 4303
9302 4 2 1 1 2218 4644 3819 2217
9303 4 2 1 1 2385 2839 3220 4101
9304 4 2 1 1 2402 3598 3580 3643
9305 4 2 1 1 2047 4644 2217 119
9306 4 2 1 1 2824 953 3591 4461
9307 4 2 1 1 1674 2746 1774 4545
9308 4 2 1 1 4371 4333 2542 2996
9309 4 2 1 1 1898 1885 3707 4465
9310 4 2 1 1 3366 2367 2648 4259
9311 4 2 1 1 2816 3334 2420 3177
9312 4 2 1 1 600 572 2972 3771
9313 4 2 1 1 2562 3824 3608 4246
9314 4 2 1 1 2950 529 528 531
9315 4 2 1 1 3328 1557 1559 1560
9316 4 2 1 1 1939 3748 1795 4022
9317 4 2 1 1 502 4575 700 109
9318 4 2 1 1 4424 816 4567 935
9319 4 2 1 1 2251 3366 2367 2648
9320 4 2 1 1 2492 3751 3467 3863
9321 4 2 1 1 972 4206 905 904
9322 4 2 1 1 642 529 532 3348
9323 4 2 1 1 2655 3811 2899 3881
9324 4 2 1 1 783 782 784 3979
9325 4 2 1 1 213 1716 3834 4227
9326 4 2 1 1 2832 3083 2443 3463
9327 4 2 1 1 3357 3683 2928 2362
9328 4 2 1 1 4469 133 4089 1251
9329 4 2 1 1 4313 4155 1793 2931
9330 4 2 1 1 424 3788 3140 4059
9331 4 2 1 1 2122 2599 3556 4196
9332 4 2 1 1 4263 2208 3124 2213
9333 4 2 1 1 3199 4067 2573 2733
9334 4 2 1 1 2752 3193 2535 4212
9335 4 2 1 1 2449 2944 3608 4246
9336 4 2 1 1 1327 3534 1343 4138
9337 4 2 1 1 3142 3663 2514 3867
9338 4 2 1 1 3964 980 913 756
9339 4 2 1 1 867 3135 986 3275
9340 4 2 1 1 2570 3672 3207 2337
9341 4 2 1 1 4469 133 1251 134
9342 4 2 1 1 2835 4044 1090 4084
9343 4 2 1 1 2538 4125 3805 4169
9344 4 2 1 1 2156 2120 2876 3862
9345 4 2 1 1 2292 2666 3236 4568
9346 4 2 1 1 1915 3557 3099 1914
9347 4 2 1 1 4452 3607 2647 3110
9348 4 2 1 1 1949 3404 3000 3502
9349 4 2 1 1 27 28 4600 976
9350 4 2 1 1 751 3840 2792 4069
9351 4 2 1 1 2057 2978 2058 3718
9352 4 2 1 1 1537 3427 1551 3583
9353 4 2 1 1 613 2752 4212 3193
9354 4 2 1 1 2482 3890 2914 4382
9355 4 2 1 1 2558 3804 2999 3856
9356 4 2 1 1 1305 3774 2761 4110
9357 4 2 1 1 1130 3359 3233 4216
9358 4 2 1 1 1197 4045 2868 4571
9359 4 2 1 1 2701 2344 2537 4388
9360 4 2 1 1 436 3533 435 4006
9361 4 2 1 1 3409 4298 2819 4560
9362 4 2 1 1 2066 3146 2064 3653
9363 4 2 1 1 2380 3031 3452 2563
9364 4 2 1 1 4150 2648 3366 2852
9365 4 2 1 1 2417 2768 3634 3871
9366 4 2 1 1 2274 2904 2927 3529
9367 4 2 1 1 28 4600 976 1002
9368 4 2 1 1 976 4631 3275 4600
9369 4 2 1 1 2304 3135 3271 4454
9370 4 2 1 1 429 344 3786 2596
9371 4 2 1 1 1540 3115 199 4352
9372 4 2 1 1 4584 1781 4329 2945
9373 4 2 1 1 4386 591 635 3638
9374 4 2 1 1 2747 3692 3553 3696
9375 4 2 1 1 2808 2516 2964 4172
9376 4 2 1 1 3071 3471 3301 4095
9377 4 2 1 1 4600 4631 452 27
9378 4 2 1 1 2296 4543 3371 2699
9379 4 2 1 1 1429 3220 2851 4389
9380 4 2 1 1 2881 3759 2254 4511
9381 4 2 1 1 3915 4073 1606 1604
9382 4 2 1 1 1400 1348 3342 4182
9383 4 2 1 1 3903 4115 4450 2685
9384 4 2 1 1 803 3215 910 4086
9385 4 2 1 1 2344 2964 3157 3992
9386 4 2 1 1 2378 3492 2802 4533
9387 4 2 1 1 2398 3534 3093 3744
9388 4 2 1 1 2412 3121 3554 4023
9389 4 2 1 1 3365 171 4137 1020
9390 4 2 1 1 2875 3136 2469 3509
9391 4 2 1 1 1955 1861 1954 3165
9392 4 2 1 1 4150 3366 2648 2261
9393 4 2 1 1 247 3238 1719 4057
9394 4 2 1 1 2877 3431 2417 3576
9395 4 2 1 1 1884 1885 2013 3057
9396 4 2 1 1 2704 4217 4250 4488
9397 4 2 1 1 2056 2057 2055 2978
9398 4 2 1 1 1293 3149 1425 4338
9399 4 2 1 1 3964 980 756 3008
9400 4 2 1 1 2270 3611 3922 3923
9401 4 2 1 1 3092 3634 2518 4207
9402 4 2 1 1 838 3273 3686 4549
9403 4 2 1 1 4600 976 1002 2947
9404 4 2 1 1 2533 3979 3399 4356
9405 4 2 1 1 2513 3048 3656 3789
9406 4 2 1 1 2965 2462 3907 4003
9407 4 2 1 1 2849 3739 2338 4302
9408 4 2 1 1 1437 1436 1486 3197
9409 4 2 1 1 1507 3149 1290 1425
9410 4 2 1 1 3830 3955 2631 3938
9411 4 2 1 1 2649 3629 3138 3894
9412 4 2 1 1 4116 2633 1643 3619
9413 4 2 1 1 2976 3957 2320 4510
9414 4 2 1 1 2638 3612 2488 3034
9415 4 2 1 1 899 984 898 3513
9416 4 2 1 1 2319 2885 3544 4242
9417 4 2 1 1 1072 3108 3229 4350
9418 4 2 1 1 4109 4471 2884 3307
9419 4 2 1 1 2375 2823 3611 3612
9420 4 2 1 1 3937 4278 2530 4457
9421 4 2 1 1 491 3005 3530 4048
9422 4 2 1 1 520 695 703 3752
9423 4 2 1 1 4589 1036 152 3246
9424 4 2 1 1 4133 4222 2680 4271
9425 4 2 1 1 2015 1904 1895 3235
9426 4 2 1 1 1882 1881 1841 2810
9427 4 2 1 1 2684 3407 3017 3639
9428 4 2 1 1 3807 4371 4333 2755
9429 4 2 1 1 2233 2867 4288 3423
9430 4 2 1 1 838 3686 946 4549
9431 4 2 1 1 3980 3312 4368 4281
9432 4 2 1 1 1182 1084 2715 4337
9433 4 2 1 1 1451 1453 3951 4101
9434 4 2 1 1 1400 2912 3342 1271
9435 4 2 1 1 2449 3448 3649 3839
9436 4 2 1 1 2259 3471 2700 4387
9437 4 2 1 1 976 2947 4600 3275
9438 4 2 1 1 2343 3103 3388 2590
9439 4 2 1 1 3066 3467 2611 4462
9440 4 2 1 1 2803 3697 2656 3820
9441 4 2 1 1 3952 4190 710 4467
9442 4 2 1 1 2752 2535 3193 3274
9443 4 2 1 1 2419 3053 2835 4018
9444 4 2 1 1 527 529 528 3899
9445 4 2 1 1 1503 3312 1379 1375
9446 4 2 1 1 3757 639 707 3988
9447 4 2 1 1 434 350 3262 3968
9448 4 2 1 1 4139 767 889 2720
9449 4 2 1 1 2282 3014 3109 4537
9450 4 2 1 1 2475 3020 2848 3543
9451 4 2 1 1 3325 3406 2538 4524
9452 4 2 1 1 2136 2236 2235 3321
9453 4 2 1 1 1606 1642 1604 4073
9454 4 2 1 1 3051 4088 3763 2619
9455 4 2 1 1 4139 889 767 960
9456 4 2 1 1 2396 3150 3013 3344
9457 4 2 1 1 1171 4553 3453 3736
9458 4 2 1 1 4166 4474 3196 3259
9459 4 2 1 1 3776 3966 3504 2403
9460 4 2 1 1 3365 171 1020 170
9461 4 2 1 1 3044 3221 2798 3628
9462 4 2 1 1 2039 2145 2210 3124
9463 4 2 1 1 3229 1073 1072 4350
9464 4 2 1 1 1705 3249 1618 3902
9465 4 2 1 1 93 991 92 3639
9466 4 2 1 1 4075 3856 2731 3969
9467 4 2 1 1 602 2833 4321 2972
9468 4 2 1 1 1623 3884 1624 4305
9469 4 2 1 1 1136 3083 3855 1137
9470 4 2 1 1 2786 3122 2522 4180
9471 4 2 1 1 1812 1811 1814 2923
9472 4 2 1 1 2836 3411 4081 4421
9473 4 2 1 1 1140 1139 3083 4277
9474 4 2 1 1 3263 3635 2988 3854
9475 4 2 1 1 2535 3280 3354 4212
9476 4 2 1 1 2622 3659 2621 4071
9477 4 2 1 1 894 3684 4206 2842
9478 4 2 1 1 2317 2803 4104 2835
9479 4 2 1 1 2140 2222 3315 3460
9480 4 2 1 1 1978 2962 2706 1946
9481 4 2 1 1 2304 3027 2865 3170
9482 4 2 1 1 2699 3496 2585 3570
9483 4 2 1 1 2757 4244 2582 4566
9484 4 2 1 1 2290 2725 3114 4185
9485 4 2 1 1 2563 3866 3115 4352
9486 4 2 1 1 2378 3123 2951 3545
9487 4 2 1 1 2065 2064 2066 3146
9488 4 2 1 1 2727 2409 2988 4274
9489 4 2 1 1 522 636 699 2859
9490 4 2 1 1 2502 3224 4043 4394
9491 4 2 1 1 2911 3515 2501 2596
9492 4 2 1 1 3852 3957 2736 3973
9493 4 2 1 1 3206 3926 416 4360
9494 4 2 1 1 2277 3283 3696 3728
9495 4 2 1 1 894 4206 3684 901
9496 4 2 1 1 1031 4627 1231 3315
9497 4 2 1 1 2337 4038 2772 4294
9498 4 2 1 1 2897 2898 2621 4029
9499 4 2 1 1 1649 3055 3458 3999
9500 4 2 1 1 2454 2904 2663 3712
9501 4 2 1 1 2436 3667 3297 3912
9502 4 2 1 1 906 3685 846 4280
9503 4 2 1 1 2910 3438 3042 2370
9504 4 2 1 1 649 3634 2768 3871
9505 4 2 1 1 2348 2794 3283 3661
9506 4 2 1 1 2851 1451 3951 3220
9507 4 2 1 1 2534 2844 3878 3954
9508 4 2 1 1 3709 4206 3684 2842
9509 4 2 1 1 1576 1578 1577 4011
9510 4 2 1 1 2597 4410 3644 2714
9511 4 2 1 1 3939 2353 2975 3554
9512 4 2 1 1 2808 2666 3072 4405
9513 4 2 1 1 3709 3684 4206 901
9514 4 2 1 1 1623 4060 3031 4305
9515 4 2 1 1 2801 3503 941 3549
9516 4 2 1 1 4365 4129 2386 3129
9517 4 2 1 1 2481 3705 3055 2822
9518 4 2 1 1 2791 3556 2221 3817
9519 4 2 1 1 2677 2102 3402 4121
9520 4 2 1 1 979 22 21 4599
9521 4 2 1 1 4365 2386 4129 3443
9522 4 2 1 1 1051 1054 1053 4027
9523 4 2 1 1 2848 3932 3543 4040
9524 4 2 1 1 1168 3831 1165 4469
9525 4 2 1 1 1049 1052 1142 4027
9526 4 2 1 1 417 382 359 2942
9527 4 2 1 1 709 3214 513 3304
9528 4 2 1 1 1278 2679 1486 3852
9529 4 2 1 1 2713 2302 3106 4368
9530 4 2 1 1 1016 1167 1177 4570
9531 4 2 1 1 2429 3497 2995 3893
9532 4 2 1 1 1067 3495 4456 1066
9533 4 2 1 1 2282 3520 3523 3536
9534 4 2 1 1 2596 2943 3618 3968
9535 4 2 1 1 2599 3465 3343 3511
9536 4 2 1 1 1543 3321 1773 3415
9537 4 2 1 1 3603 2648 2499 2852
9538 4 2 1 1 3404 3000 3917 4542
9539 4 2 1 1 696 3874 621 2770
9540 4 2 1 1 2513 3241 3153 4513
9541 4 2 1 1 490 3530 418 381
9542 4 2 1 1 1097 2954 1087 4458
9543 4 2 1 1 3371 3551 2383 3702
9544 4 2 1 1 1651 1567 2737 4476
9545 4 2 1 1 949 982 951 2829
9546 4 2 1 1 939 940 3832 4478
9547 4 2 1 1 2533 3514 2918 4426
9548 4 2 1 1 2635 3649 3448 3839
9549 4 2 1 1 1091 1155 1056 4078
9550 4 2 1 1 2483 2716 2387 3654
9551 4 2 1 1 1579 3072 3376 4011
9552 4 2 1 1 634 630 744 3036
9553 4 2 1 1 2402 3277 3772 4070
9554 4 2 1 1 3108 4255 2939 4350
9555 4 2 1 1 2611 3467 3066 3863
9556 4 2 1 1 2291 2671 3785 4254
9557 4 2 1 1 2655 3785 2671 4254
9558 4 2 1 1 2760 3078 3043 3915
9559 4 2 1 1 2296 4543 2699 3908
9560 4 2 1 1 2606 2766 3998 4129
9561 4 2 1 1 2340 3379 2727 4530
9562 4 2 1 1 520 4610 3073 715
9563 4 2 1 1 621 3880 2770 3975
9564 4 2 1 1 1513 3710 1422 4119
9565 4 2 1 1 2708 2363 2759 3886
9566 4 2 1 1 979 21 1005 4599
9567 4 2 1 1 3150 3344 2396 3967
9568 4 2 1 1 2830 2479 3985 4344
9569 4 2 1 1 2400 2898 2897 4029
9570 4 2 1 1 2419 3010 2919 2835
9571 4 2 1 1 315 316 415 2806
9572 4 2 1 1 2567 3883 3540 2717
9573 4 2 1 1 1097 3768 2954 4458
9574 4 2 1 1 808 809 807 2997
9575 4 2 1 1 2562 3824 4246 4307
9576 4 2 1 1 979 4599 1005 4087
9577 4 2 1 1 2558 3220 2851 3434
9578 4 2 1 1 3327 4397 3074 2739
9579 4 2 1 1 1836 4173 3188 4218
9580 4 2 1 1 621 3874 696 496
9581 4 2 1 1 186 3395 1214 4338
9582 4 2 1 1 1288 1518 1484 3019
9583 4 2 1 1 655 597 654 3304
9584 4 2 1 1 2974 3154 2353 3792
9585 4 2 1 1 3330 3266 2710 2953
9586 4 2 1 1 2667 2487 3493 4360
9587 4 2 1 1 1173 3701 2943 3892
9588 4 2 1 1 446 4662 3500 4599
9589 4 2 1 1 2577 2578 3014 3186
9590 4 2 1 1 3486 4038 3207 2337
9591 4 2 1 1 1153 3253 4007 4049
9592 4 2 1 1 2926 3361 3347 3430
9593 4 2 1 1 999 4238 2900 4453
9594 4 2 1 1 2291 3785 3606 4024
9595 4 2 1 1 1104 3747 1159 3821
9596 4 2 1 1 4397 4070 3772 3080
9597 4 2 1 1 3079 3353 2370 4064
9598 4 2 1 1 2969 2926 2345 3430
9599 4 2 1 1 2530 3245 3013 3924
9600 4 2 1 1 1751 3770 1692 1529
9601 4 2 1 1 1612 2846 1610 3983
9602 4 2 1 1 880 2824 881 3981
9603 4 2 1 1 2313 3050 2956 4054
9604 4 2 1 1 1316 3656 1314 4234
9605 4 2 1 1 1929 1879 1993 4221
9606 4 2 1 1 446 4662 4599 22
9607 4 2 1 1 3561 1708 1709 4128
9608 4 2 1 1 859 3468 3082 4317
9609 4 2 1 1 2505 3355 2978 4272
9610 4 2 1 1 2464 3263 3054 3767
9611 4 2 1 1 1822 3046 1825 3721
9612 4 2 1 1 345 2911 3515 3749
9613 4 2 1 1 742 647 3699 4220
9614 4 2 1 1 1698 1746 3512 3694
9615 4 2 1 1 1472 3898 4082 1364
9616 4 2 1 1 1751 2688 3770 3694
9617 4 2 1 1 1751 3770 4375 1692
9618 4 2 1 1 2265 2764 2889 3912
9619 4 2 1 1 1021 3778 4045 4571
9620 4 2 1 1 2923 3364 2561 4120
9621 4 2 1 1 2352 2921 3127 3247
9622 4 2 1 1 2468 2733 3198 4047
9623 4 2 1 1 2525 3468 2984 4506
9624 4 2 1 1 1361 3255 1397 4066
9625 4 2 1 1 788 952 3156 2500
9626 4 2 1 1 2726 3722 2944 3797
9627 4 2 1 1 2738 2415 3763 3813
9628 4 2 1 1 3728 2944 3608 2448
9629 4 2 1 1 3325 4125 2465 2506
9630 4 2 1 1 1589 1695 1696 3887
9631 4 2 1 1 4313 4155 2931 3421
9632 4 2 1 1 1370 1375 1368 3077
9633 4 2 1 1 1907 2686 3231 4140
9634 4 2 1 1 2394 3177 3176 3730
9635 4 2 1 1 3090 3524 2578 4451
9636 4 2 1 1 2267 2426 2991 2643
9637 4 2 1 1 2098 2123 2107 3460
9638 4 2 1 1 2872 2365 3822 4113
9639 4 2 1 1 576 582 583 3975
9640 4 2 1 1 3954 4126 2696 2657
9641 4 2 1 1 2284 3963 3590 4316
9642 4 2 1 1 48 47 4606 447
9643 4 2 1 1 4616 453 282 3037
9644 4 2 1 1 2309 2856 2759 3224
9645 4 2 1 1 552 2815 555 2670
9646 4 2 1 1 1049 4179 1048 3997
9647 4 2 1 1 2294 2871 3286 4531
9648 4 2 1 1 2795 3465 2429 3511
9649 4 2 1 1 929 131 998 3764
9650 4 2 1 1 882 859 3082 4317
9651 4 2 1 1 3137 3542 592 2670
9652 4 2 1 1 2375 3160 2823 4502
9653 4 2 1 1 1458 3148 1456 4137
9654 4 2 1 1 3941 2993 2313 2889
9655 4 2 1 1 2509 2987 3739 2338
9656 4 2 1 1 2007 4105 1896 1897
9657 4 2 1 1 3478 1156 3038 4495
9658 4 2 1 1 2745 2334 3206 4554
9659 4 2 1 1 979 3500 4599 4087
9660 4 2 1 1 1998 60 59 4598
9661 4 2 1 1 3543 3336 4040 3174
9662 4 2 1 1 2503 3695 3172 3809
9663 4 2 1 1 1171 4553 3736 1109
9664 4 2 1 1 2787 3764 3119 4115
9665 4 2 1 1 4546 3677 2580 3569
9666 4 2 1 1 2707 3674 2400 3977
9667 4 2 1 1 1887 1953 1859 3546
9668 4 2 1 1 4505 3627 3858 2481
9669 4 2 1 1 2267 2817 2426 2643
9670 4 2 1 1 3119 3764 2394 4115
9671 4 2 1 1 3422 3429 2357 4369
9672 4 2 1 1 2410 3525 2814 4445
9673 4 2 1 1 235 1717 3579 4026
9674 4 2 1 1 1175 1176 3510 3885
9675 4 2 1 1 2427 3043 2982 4073
9676 4 2 1 1 2695 3373 3015 4442
9677 4 2 1 1 1924 1925 1922 4015
9678 4 2 1 1 1336 3645 1366 4404
9679 4 2 1 1 3941 2993 2889 3069
9680 4 2 1 1 2266 3002 3714 4147
9681 4 2 1 1 2354 2756 3876 4538
9682 4 2 1 1 1376 1377 1494 3396
9683 4 2 1 1 2897 4369 4483 4029
9684 4 2 1 1 1296 1295 1282 3128
9685 4 2 1 1 4080 1319 2763 3197
9686 4 2 1 1 2481 3458 3055 3705
9687 4 2 1 1 1937 2020 1971 3475
9688 4 2 1 1 1758 4601 3144 1544
9689 4 2 1 1 3142 3663 585 3918
9690 4 2 1 1 490 381 488 2771
9691 4 2 1 1 2760 3915 1607 4422
9692 4 2 1 1 2689 3399 2395 3738
9693 4 2 1 1 828 852 853 3872
9694 4 2 1 1 846 3685 2957 4280
9695 4 2 1 1 2912 1222 1017 1215
9696 4 2 1 1 742 3699 2775 4220
9697 4 2 1 1 2457 3268 2953 3681
9698 4 2 1 1 2444 4478 4211 3635
9699 4 2 1 1 2280 3118 4376 2687
9700 4 2 1 1 1120 1119 1118 3747
9701 4 2 1 1 3146 2551 4141 2680
9702 4 2 1 1 2360 2846 3043 2749
9703 4 2 1 1 2873 3890 2482 4382
9704 4 2 1 1 2535 2312 3354 2629
9705 4 2 1 1 665 666 3299 3840
9706 4 2 1 1 2538 3325 3805 4125
9707 4 2 1 1 1998 60 4598 4187
9708 4 2 1 1 333 331 424 3788
9709 4 2 1 1 2923 2538 3406 4524
9710 4 2 1 1 2367 3824 3743 3030
9711 4 2 1 1 2465 3406 3325 4524
9712 4 2 1 1 4495 4383 3038 3478
9713 4 2 1 1 2653 3795 3026 3993
9714 4 2 1 1 1668 2760 4444 1607
9715 4 2 1 1 2863 4472 3147 3679
9716 4 2 1 1 4211 4478 2444 3587
9717 4 2 1 1 3338 3876 3107 2354
9718 4 2 1 1 2417 3576 3092 3971
9719 4 2 1 1 3980 3312 2771 4368
9720 4 2 1 1 2444 3635 3263 3854
9721 4 2 1 1 2313 2967 2994 4054
9722 4 2 1 1 2415 3544 3763 3808
9723 4 2 1 1 1206 1152 1059 3253
9724 4 2 1 1 757 2916 4590 4469
9725 4 2 1 1 2885 3763 3544 3808
9726 4 2 1 1 626 3354 3280 4212
9727 4 2 1 1 2344 3084 2537 4388
9728 4 2 1 1 1107 3855 1052 4027
9729 4 2 1 1 413 3383 410 3552
9730 4 2 1 1 1049 3997 2840 4179
9731 4 2 1 1 1827 2935 3550 4362
9732 4 2 1 1 1374 2880 1380 4001
9733 4 2 1 1 3980 3312 1375 2771
9734 4 2 1 1 4134 3052 4000 3571
9735 4 2 1 1 2962 3584 1964 4232
9736 4 2 1 1 3002 3086 2549 3823
9737 4 2 1 1 2351 3086 3002 3823
9738 4 2 1 1 3112 3599 2645 3958
9739 4 2 1 1 2746 3601 2240 4373
9740 4 2 1 1 4505 2481 4476 3440
9741 4 2 1 1 2281 2731 3804 3969
9742 4 2 1 1 2295 4217 2836 4250
9743 4 2 1 1 2901 2923 3406 4524
9744 4 2 1 1 4295 3526 3704 2892
9745 4 2 1 1 2593 3134 3844 4374
9746 4 2 1 1 1683 1599 1574 3451
9747 4 2 1 1 4134 4000 3052 2532
9748 4 2 1 1 2903 3080 3328 3772
9749 4 2 1 1 2682 2878 3875 4143
9750 4 2 1 1 2483 3619 2716 3654
9751 4 2 1 1 2888 2366 3352 2545
9752 4 2 1 1 2322 2818 3507 4093
9753 4 2 1 1 1115 3457 2773 3997
9754 4 2 1 1 3266 3628 3044 4512
9755 4 2 1 1 3009 3846 2858 4279
9756 4 2 1 1 3116 3715 2270 3922
9757 4 2 1 1 817 815 2921 4020
9758 4 2 1 1 580 667 668 3599
9759 4 2 1 1 1866 2901 3378 1858
9760 4 2 1 1 2315 3251 2806 3947
9761 4 2 1 1 4254 3928 4068 2671
9762 4 2 1 1 4598 59 1998 1799
9763 4 2 1 1 413 354 410 3383
9764 4 2 1 1 1658 3915 4051 3826
9765 4 2 1 1 4465 4231 1800 3385
9766 4 2 1 1 1267 1378 3646 4048
9767 4 2 1 1 1699 1697 3512 4527
9768 4 2 1 1 396 439 358 3674
9769 4 2 1 1 3003 4037 2971 4318
9770 4 2 1 1 1958 3168 1957 3787
9771 4 2 1 1 1658 4051 3915 1605
9772 4 2 1 1 2641 4133 3158 4222
9773 4 2 1 1 2187 3264 2129 2226
9774 4 2 1 1 2339 3183 3241 3759
9775 4 2 1 1 4447 3873 4142 3169
9776 4 2 1 1 2679 3957 3852 3973
9777 4 2 1 1 2429 3465 2795 2305
9778 4 2 1 1 2254 2613 2881 4511
9779 4 2 1 1 683 578 684 3263
9780 4 2 1 1 370 2755 414 4333
9781 4 2 1 1 2325 3190 2934 2329
9782 4 2 1 1 3231 3818 2589 4459
9783 4 2 1 1 2289 3232 2950 4401
9784 4 2 1 1 2863 4306 2496 4472
9785 4 2 1 1 2735 2958 2326 3927
9786 4 2 1 1 702 3663 651 3874
9787 4 2 1 1 1267 1512 1378 4048
9788 4 2 1 1 1861 1847 1849 2831
9789 4 2 1 1 783 4400 961 3399
9790 4 2 1 1 2756 3367 2359 3934
9791 4 2 1 1 4495 4383 3478 3426
9792 4 2 1 1 2022 1905 1907 2686
9793 4 2 1 1 2311 2828 2960 3274
9794 4 2 1 1 2271 3101 3860 4083
9795 4 2 1 1 3166 3828 2458 4250
9796 4 2 1 1 1316 1314 1315 4234
9797 4 2 1 1 2836 3753 3411 4421
9798 4 2 1 1 2440 2686 3464 4005
9799 4 2 1 1 2305 2738 3733 3734
9800 4 2 1 1 2961 3849 2253 3172
9801 4 2 1 1 508 2684 3639 4114
9802 4 2 1 1 2353 3792 2810 2461
9803 4 2 1 1 240 3000 1534 3502
9804 4 2 1 1 3536 3077 3829 2615
9805 4 2 1 1 951 2829 982 3691
9806 4 2 1 1 2289 3738 2689 4074
9807 4 2 1 1 1100 1098 1144 3545
9808 4 2 1 1 3028 2501 4059 4420
9809 4 2 1 1 3784 867 3135 853
9810 4 2 1 1 1138 2832 1137 3855
9811 4 2 1 1 247 1525 1719 3238
9812 4 2 1 1 3948 4039 1669 4269
9813 4 2 1 1 4340 4359 1963 1850
9814 4 2 1 1 2527 3341 3071 4398
9815 4 2 1 1 1163 1234 1235 4084
9816 4 2 1 1 2929 4215 571 4448
9817 4 2 1 1 2768 3877 1995 4015
9818 4 2 1 1 2566 3442 3003 4397
9819 4 2 1 1 3729 3977 3141 3302
9820 4 2 1 1 4271 3158 4222 2346
9821 4 2 1 1 704 4641 4591 122
9822 4 2 1 1 2174 3411 2836 4034
9823 4 2 1 1 541 542 539 3901
9824 4 2 1 1 1594 4237 3563 4052
9825 4 2 1 1 2873 3779 2698 3856
9826 4 2 1 1 601 603 573 3417
9827 4 2 1 1 2007 4598 1799 3068
9828 4 2 1 1 409 308 311 4360
9829 4 2 1 1 2320 2881 2613 4510
9830 4 2 1 1 3083 1105 4458 1139
9831 4 2 1 1 2743 3792 2379 3917
9832 4 2 1 1 3005 3530 2942 4558
9833 4 2 1 1 1547 4026 3234 4153
9834 4 2 1 1 400 3493 309 4428
9835 4 2 1 1 2724 2335 2352 3382
9836 4 2 1 1 2442 3021 3449 3977
9837 4 2 1 1 2345 3347 2845 3816
9838 4 2 1 1 2463 2972 2684 4009
9839 4 2 1 1 2723 2555 2279 3154
9840 4 2 1 1 3699 3748 2775 4407
9841 4 2 1 1 725 512 690 2988
9842 4 2 1 1 2092 2060 2058 3718
9843 4 2 1 1 2456 3611 3156 4367
9844 4 2 1 1 2681 2425 3891 4559
9845 4 2 1 1 1833 1832 2986 4291
9846 4 2 1 1 2716 2483 2387 4237
9847 4 2 1 1 2131 2114 2115 2843
9848 4 2 1 1 2274 3347 3360 3528
9849 4 2 1 1 643 533 535 2895
9850 4 2 1 1 3491 2483 4315 3631
9851 4 2 1 1 1733 4592 3601 4639
9852 4 2 1 1 2307 3522 2932 4333
9853 4 2 1 1 2951 3123 2378 3803
9854 4 2 1 1 2384 3662 3536 4175
9855 4 2 1 1 1952 3412 4260 4542
9856 4 2 1 1 2007 4598 3068 4187
9857 4 2 1 1 877 3387 759 4400
9858 4 2 1 1 2532 3151 2977 4174
9859 4 2 1 1 2697 3962 911 3964
9860 4 2 1 1 2551 3733 3796 4342
9861 4 2 1 1 1004 116 8 4597
9862 4 2 1 1 4590 1168 4469 4198
9863 4 2 1 1 2876 4316 3355 4517
9864 4 2 1 1 3364 4002 2561 4120
9865 4 2 1 1 2465 3814 3033 2506
9866 4 2 1 1 3457 3723 2773 4345
9867 4 2 1 1 892 3160 842 4332
9868 4 2 1 1 3083 2433 3450 4458
9869 4 2 1 1 3148 3365 1456 4137
9870 4 2 1 1 1751 3225 1696 3887
9871 4 2 1 1 1036 1213 151 3790
9872 4 2 1 1 2930 3563 1602 4237
9873 4 2 1 1 3094 1440 1344 4565
9874 4 2 1 1 514 2931 3663 4275
9875 4 2 1 1 116 4597 1004 3308
9876 4 2 1 1 1747 3234 2642 4153
9877 4 2 1 1 2505 3981 2824 4107
9878 4 2 1 1 1146 1143 1091 3541
9879 4 2 1 1 1264 2787 4089 4570
9880 4 2 1 1 2695 2458 2961 3827
9881 4 2 1 1 2556 3109 3014 4537
9882 4 2 1 1 1182 2715 3693 4337
9883 4 2 1 1 2673 2565 3683 2362
9884 4 2 1 1 2460 4117 2949 4463
9885 4 2 1 1 1676 1539 1718 2811
9886 4 2 1 1 974 3463 3293 4102
9887 4 2 1 1 2350 2874 3505 3756
9888 4 2 1 1 239 1726 1728 3000
9889 4 2 1 1 2765 3173 2450 4276
9890 4 2 1 1 3090 3523 2578 3524
9891 4 2 1 1 2525 2856 3489 4506
9892 4 2 1 1 1915 1990 3583 3882
9893 4 2 1 1 2200 262 261 4596
9894 4 2 1 1 316 415 2806 4535
9895 4 2 1 1 3251 3716 317 4354
9896 4 2 1 1 2200 4672 3012 4596
9897 4 2 1 1 2816 3637 2630 3991
9898 4 2 1 1 3083 1105 3276 4458
9899 4 2 1 1 2394 2816 3119 4377
9900 4 2 1 1 3177 3176 3730 4493
9901 4 2 1 1 355 356 354 3605
9902 4 2 1 1 2899 3785 2655 4254
9903 4 2 1 1 2876 2610 4316 4517
9904 4 2 1 1 331 3228 3788 332
9905 4 2 1 1 2515 4057 3446 4221
9906 4 2 1 1 2201 2054 2042 3073
9907 4 2 1 1 2529 3160 3780 4300
9908 4 2 1 1 1622 1593 1623 3031
9909 4 2 1 1 4185 3187 3942 2725
9910 4 2 1 1 2200 2049 262 4596
9911 4 2 1 1 1802 1987 2024 3423
9912 4 2 1 1 2390 2855 3775 3943
9913 4 2 1 1 661 591 531 2593
9914 4 2 1 1 2909 4371 2866 3452
9915 4 2 1 1 4402 3113 3114 2511
9916 4 2 1 1 1953 1861 1849 3546
9917 4 2 1 1 2330 3003 2971 4480
9918 4 2 1 1 2482 4229 3424 4257
9919 4 2 1 1 819 821 942 3549
9920 4 2 1 1 3148 3938 2631 4515
9921 4 2 1 1 4626 2229 2046 3490
9922 4 2 1 1 828 825 824 3289
9923 4 2 1 1 395 458 3307 3931
9924 4 2 1 1 3440 3621 3191 4505
9925 4 2 1 1 2285 3538 3104 3995
9926 4 2 1 1 3793 2544 2665 4499
9927 4 2 1 1 3066 3909 2576 4325
9928 4 2 1 1 1053 1107 1052 4027
9929 4 2 1 1 2569 2688 3770 4375
9930 4 2 1 1 2436 4215 2929 4448
9931 4 2 1 1 4313 4155 3421 1903
9932 4 2 1 1 3520 3645 2807 4404
9933 4 2 1 1 2909 4371 3452 4106
9934 4 2 1 1 3462 3719 322 3775
9935 4 2 1 1 1915 3557 1914 1878
9936 4 2 1 1 4450 3454 4566 3499
9937 4 2 1 1 4474 357 3801 4210
9938 4 2 1 1 4482 2551 2680 3323
9939 4 2 1 1 3390 2499 2460 2591
9940 4 2 1 1 2808 3896 2422 2666
9941 4 2 1 1 3709 3911 3735 4529
9942 4 2 1 1 2818 3120 2267 3507
9943 4 2 1 1 2810 3404 2379 3792
9944 4 2 1 1 1665 1731 1525 3519
9945 4 2 1 1 2928 3683 2565 2362
9946 4 2 1 1 781 4575 110 4532
9947 4 2 1 1 2393 2960 3279 4449
9948 4 2 1 1 4432 4143 3360 2712
9949 4 2 1 1 2390 3775 2806 3943
9950 4 2 1 1 2454 2904 3712 3940
9951 4 2 1 1 1625 2936 1757 3881
9952 4 2 1 1 4672 1762 4596 261
9953 4 2 1 1 2812 3780 3675 4540
9954 4 2 1 1 2689 2395 3399 3757
9955 4 2 1 1 2268 2967 2857 4053
9956 4 2 1 1 2111 2170 2167 3511
9957 4 2 1 1 4474 3801 357 365
9958 4 2 1 1 3612 2264 3034 2638
9959 4 2 1 1 2531 3511 3343 3465
9960 4 2 1 1 2561 2322 2858 3838
9961 4 2 1 1 2314 3681 2993 3971
9962 4 2 1 1 2434 2814 3525 4038
9963 4 2 1 1 2368 3342 3007 4147
9964 4 2 1 1 2554 3067 3859 4171
9965 4 2 1 1 1814 1811 1873 3481
9966 4 2 1 1 2285 3537 3538 3995
9967 4 2 1 1 2942 3192 2556 4204
9968 4 2 1 1 2249 4596 3012 4201
9969 4 2 1 1 2688 3225 3812 2451
9970 4 2 1 1 2566 4037 3003 4318
9971 4 2 1 1 1939 1779 78 2775
9972 4 2 1 1 591 640 3638 2593
9973 4 2 1 1 4585 1479 1274 205
9974 4 2 1 1 2916 3143 2459 3648
9975 4 2 1 1 3692 3341 2527 3605
9976 4 2 1 1 2322 3525 2691 3838
9977 4 2 1 1 2655 2964 4334 4439
9978 4 2 1 1 1392 3125 1390 4066
9979 4 2 1 1 2264 2709 3428 3974
9980 4 2 1 1 2249 4596 4201 2049
9981 4 2 1 1 49 50 4595 1765
9982 4 2 1 1 2718 4161 543 4448
9983 4 2 1 1 2534 2657 3216 4126
9984 4 2 1 1 474 4648 3986 4595
9985 4 2 1 1 3055 2822 3705 2838
9986 4 2 1 1 1727 4457 1737 1666
9987 4 2 1 1 1721 253 1550 3846
9988 4 2 1 1 4236 4434 2331 2780
9989 4 2 1 1 2868 2534 3216 4427
9990 4 2 1 1 3857 3939 3245 2461
9991 4 2 1 1 3071 4398 3719 2855
9992 4 2 1 1 2314 3339 2895 4019
9993 4 2 1 1 2455 3068 3651 4105
9994 4 2 1 1 1336 3645 2807 4082
9995 4 2 1 1 2863 3679 4306 4472
9996 4 2 1 1 3158 3895 2641 4222
9997 4 2 1 1 2724 3368 3369 4406
9998 4 2 1 1 2618 3369 3368 4406
9999 4 2 1 1 2440 4005 3464 4329
10000 4 2 1 1 688 3379 577 2727
10001 4 2 1 1 2716 3318 2536 3834
10002 4 2 1 1 2302 2970 3447 4224
10003 4 2 1 1 3089 2537 3564 2422
10004 4 2 1 1 3600 3926 3206 4360
10005 4 2 1 1 3915 4073 1604 2982
10006 4 2 1 1 2396 3238 3309 3987
10007 4 2 1 1 2415 3306 2786 3763
10008 4 2 1 1 2892 3704 3011 4157
10009 4 2 1 1 1551 1552 3846 4503
10010 4 2 1 1 1623 1632 1763 4060
10011 4 2 1 1 958 762 139 3095
10012 4 2 1 1 2673 3664 2565 2362
10013 4 2 1 1 3538 3571 3052 4431
10014 4 2 1 1 3212 3494 2518 4207
10015 4 2 1 1 331 3228 3716 3788
10016 4 2 1 1 1636 3834 1716 4227
10017 4 2 1 1 2471 3372 4033 4266
10018 4 2 1 1 2733 2751 4135 4390
10019 4 2 1 1 2440 3182 3181 3818
10020 4 2 1 1 3059 3060 2315 3110
10021 4 2 1 1 2527 3605 3341 4398
10022 4 2 1 1 1028 128 1211 4328
10023 4 2 1 1 3622 2675 2475 3537
10024 4 2 1 1 1299 1298 3700 4127
10025 4 2 1 1 2893 3532 2369 4337
10026 4 2 1 1 2453 4386 3638 4401
10027 4 2 1 1 3911 2338 2987 2509
10028 4 2 1 1 1823 1820 1818 2872
10029 4 2 1 1 1540 1764 199 3115
10030 4 2 1 1 2194 2105 2112 4196
10031 4 2 1 1 2655 4334 3785 4439
10032 4 2 1 1 905 972 761 3022
10033 4 2 1 1 2886 3590 3244 4374
10034 4 2 1 1 474 4648 4595 50
10035 4 2 1 1 2361 2882 3189 3527
10036 4 2 1 1 2866 3531 3058 3578
10037 4 2 1 1 2409 3394 3227 3441
10038 4 2 1 1 3191 3440 2612 3621
10039 4 2 1 1 2042 3073 2054 4272
10040 4 2 1 1 3080 4070 3427 2739
10041 4 2 1 1 1502 1374 1504 3582
10042 4 2 1 1 1522 4595 3986 1765
10043 4 2 1 1 1296 1295 3128 4285
10044 4 2 1 1 3474 3297 2967 2313
10045 4 2 1 1 4595 4660 281 49
10046 4 2 1 1 3417 3640 2684 4485
10047 4 2 1 1 2534 2657 3878 3216
10048 4 2 1 1 740 574 750 3566
10049 4 2 1 1 2478 3727 3726 4203
10050 4 2 1 1 2384 2713 3192 3530
10051 4 2 1 1 2384 3530 3005 4048
10052 4 2 1 1 20 19 716 4594
10053 4 2 1 1 3364 3481 2434 4312
10054 4 2 1 1 403 2745 3873 4142
10055 4 2 1 1 4575 759 3387 4400
10056 4 2 1 1 3132 3892 2657 4283
10057 4 2 1 1 2552 3892 3132 4283
10058 4 2 1 1 3363 3718 2978 3963
10059 4 2 1 1 577 689 688 4017
10060 4 2 1 1 986 778 2947 4253
10061 4 2 1 1 2659 3574 2777 3602
10062 4 2 1 1 2777 3574 2371 3602
10063 4 2 1 1 2906 3314 2403 3845
10064 4 2 1 1 805 807 3215 4108
10065 4 2 1 1 2940 3370 2409 3800
10066 4 2 1 1 745 20 716 4594
10067 4 2 1 1 745 4594 716 4087
10068 4 2 1 1 1986 4208 2023 1940
10069 4 2 1 1 716 4661 516 3455
10070 4 2 1 1 1727 3937 4278 244
10071 4 2 1 1 3031 3452 2349 3859
10072 4 2 1 1 2542 3452 3031 3859
10073 4 2 1 1 2441 3735 3709 3911
10074 4 2 1 1 1779 3041 2004 1923
10075 4 2 1 1 285 4661 19 4594
10076 4 2 1 1 4252 3737 4153 3579
10077 4 2 1 1 1556 4348 2703 4503
10078 4 2 1 1 4185 3187 2725 3114
10079 4 2 1 1 1131 3790 3075 4162
10080 4 2 1 1 847 3240 889 3575
10081 4 2 1 1 3097 3581 2734 3688
10082 4 2 1 1 2423 3890 2914 4111
10083 4 2 1 1 373 3522 2932 3986
10084 4 2 1 1 1346 1404 1403 3508
10085 4 2 1 1 2870 3745 2656 4104
10086 4 2 1 1 3085 1854 1876 3722
10087 4 2 1 1 611 3639 2972 4293
10088 4 2 1 1 3374 3966 3965 2439
10089 4 2 1 1 959 771 114 3752
10090 4 2 1 1 2375 3609 3993 4349
10091 4 2 1 1 4594 3455 716 4087
10092 4 2 1 1 2707 2455 3692 3801
10093 4 2 1 1 2416 3273 2845 3816
10094 4 2 1 1 2479 3019 4344 2385
10095 4 2 1 1 2672 3180 2772 4195
10096 4 2 1 1 2613 3200 3107 4058
10097 4 2 1 1 326 2855 3719 4398
10098 4 2 1 1 140 141 1238 3513
10099 4 2 1 1 3081 3236 2430 3857
10100 4 2 1 1 2379 3237 2974 3792
10101 4 2 1 1 644 3212 646 3634
10102 4 2 1 1 2361 3006 2979 4475
10103 4 2 1 1 2817 2818 2267 3507
10104 4 2 1 1 3344 3345 2396 3967
10105 4 2 1 1 3668 4670 278 17
10106 4 2 1 1 1049 1048 4179 1047
10107 4 2 1 1 1524 250 249 3074
10108 4 2 1 1 2295 4421 2836 4217
10109 4 2 1 1 2727 2988 2409 3555
10110 4 2 1 1 3078 3079 2750 4065
10111 4 2 1 1 182 181 1215 3921
10112 4 2 1 1 1929 1928 1879 3327
10113 4 2 1 1 4565 2848 2592 3744
10114 4 2 1 1 2776 2994 3573 4276
10115 4 2 1 1 17 18 3668 736
10116 4 2 1 1 1296 3128 3700 4285
10117 4 2 1 1 2575 2934 3562 3724
10118 4 2 1 1 4159 4439 3606 2517
10119 4 2 1 1 2522 3122 2786 4004
10120 4 2 1 1 1663 1601 1713 3437
10121 4 2 1 1 2354 2756 2612 3316
10122 4 2 1 1 712 3952 2799 4464
10123 4 2 1 1 2593 3244 3232 4374
10124 4 2 1 1 372 3028 342 2596
10125 4 2 1 1 774 3500 869 4287
10126 4 2 1 1 2417 3066 3467 3909
10127 4 2 1 1 4080 1319 3197 1454
10128 4 2 1 1 1360 3593 3220 4389
10129 4 2 1 1 3113 3114 2391 3281
10130 4 2 1 1 316 3926 313 317
10131 4 2 1 1 2407 2984 3547 4317
10132 4 2 1 1 3519 3794 3133 2396
10133 4 2 1 1 2302 2713 3662 4368
10134 4 2 1 1 1945 3085 2706 4481
10135 4 2 1 1 3668 4661 18 444
10136 4 2 1 1 146 4139 1210 4277
10137 4 2 1 1 2788 3489 3377 3960
10138 4 2 1 1 2402 3003 3442 4397
10139 4 2 1 1 2876 3124 2588 2392
10140 4 2 1 1 146 1024 145 4277
10141 4 2 1 1 931 3161 928 4567
10142 4 2 1 1 4028 2983 2484 4431
10143 4 2 1 1 485 3980 2692 4132
10144 4 2 1 1 2802 3545 2378 4533
10145 4 2 1 1 2868 3216 2534 4319
10146 4 2 1 1 1370 1338 1432 3077
10147 4 2 1 1 2588 3152 3355 4107
10148 4 2 1 1 1039 1041 4135 4390
10149 4 2 1 1 904 3709 3521 4206
10150 4 2 1 1 2539 3363 2995 3905
10151 4 2 1 1 2611 2901 3863 3378
10152 4 2 1 1 2430 2756 3451 3171
10153 4 2 1 1 1602 2930 1603 4051
10154 4 2 1 1 1859 3546 1953 3797
10155 4 2 1 1 2399 3898 2920 4536
10156 4 2 1 1 2738 2415 3544 3763
10157 4 2 1 1 3127 2581 3836 4424
10158 4 2 1 1 1530 4587 3994 1742
10159 4 2 1 1 2984 2525 3732 4423
10160 4 2 1 1 2269 3949 3107 3950
10161 4 2 1 1 1289 1375 2771 3980
10162 4 2 1 1 1966 4225 2863 3282
10163 4 2 1 1 2423 4111 2914 4112
10164 4 2 1 1 206 207 1744 4564
10165 4 2 1 1 2449 3448 2831 3649
10166 4 2 1 1 2664 2457 3825 4036
10167 4 2 1 1 835 3684 2842 3732
10168 4 2 1 1 2385 2839 4101 4421
10169 4 2 1 1 621 3142 583 3975
10170 4 2 1 1 2386 3439 2766 3945
10171 4 2 1 1 1800 4465 3385 2019
10172 4 2 1 1 2407 3468 2984 4317
10173 4 2 1 1 403 3873 402 4142
10174 4 2 1 1 1698 3512 3225 3694
10175 4 2 1 1 3606 4439 4159 2516
10176 4 2 1 1 2446 3138 2845 3513
10177 4 2 1 1 339 342 372 3028
10178 4 2 1 1 206 1744 3982 4564
10179 4 2 1 1 3652 3940 2803 2447
10180 4 2 1 1 477 3385 294 4231
10181 4 2 1 1 2065 2063 2064 4133
10182 4 2 1 1 2431 2426 2817 2858
10183 4 2 1 1 1358 1420 1449 2839
10184 4 2 1 1 2513 4063 3459 4323
10185 4 2 1 1 2166 4141 2680 2065
10186 4 2 1 1 2909 4371 2424 2866
10187 4 2 1 1 2466 3423 3380 4288
10188 4 2 1 1 2292 2779 3606 3865
10189 4 2 1 1 3166 4250 2836 4488
10190 4 2 1 1 4438 2151 4263 3152
10191 4 2 1 1 2301 4367 3221 4426
10192 4 2 1 1 2300 3332 2924 4357
10193 4 2 1 1 2768 2366 3909 4366
10194 4 2 1 1 794 3732 893 4423
10195 4 2 1 1 2467 2706 3449 4460
10196 4 2 1 1 1398 1303 1310 2990
10197 4 2 1 1 472 407 3375 3786
10198 4 2 1 1 2208 4642 155 2048
10199 4 2 1 1 416 409 368 3206
10200 4 2 1 1 1221 3782 1120 3984
10201 4 2 1 1 1732 1681 1726 2834
10202 4 2 1 1 816 3689 818 4403
10203 4 2 1 1 1902 1864 1865 3378
10204 4 2 1 1 1209 3198 1106 4050
10205 4 2 1 1 2696 4283 2657 4443
10206 4 2 1 1 2667 3775 2855 3943
10207 4 2 1 1 2309 2857 4042 4122
10208 4 2 1 1 2612 3367 2756 3934
10209 4 2 1 1 2604 3065 4058 4511
10210 4 2 1 1 2631 3020 2980 4515
10211 4 2 1 1 2319 3051 3810 4088
10212 4 2 1 1 2295 4217 4245 4421
10213 4 2 1 1 155 156 4593 2208
10214 4 2 1 1 3066 3467 3909 4325
10215 4 2 1 1 680 573 2924 3771
10216 4 2 1 1 1707 3761 3313 4545
10217 4 2 1 1 1117 1127 1131 4162
10218 4 2 1 1 2345 3138 2845 2649
10219 4 2 1 1 800 838 946 4549
10220 4 2 1 1 1442 3534 1443 3916
10221 4 2 1 1 3421 3556 2373 4501
10222 4 2 1 1 2050 3149 2245 3710
10223 4 2 1 1 584 2762 586 693
10224 4 2 1 1 4593 4668 752 4438
10225 4 2 1 1 1530 4587 1742 255
10226 4 2 1 1 1994 1942 3238 4057
10227 4 2 1 1 584 2762 693 3397
10228 4 2 1 1 1886 1885 1860 3920
10229 4 2 1 1 2775 3391 3041 3565
10230 4 2 1 1 2906 3957 2679 4518
10231 4 2 1 1 1184 4649 3375 3618
10232 4 2 1 1 2537 3089 3564 3608
10233 4 2 1 1 4495 4383 3426 2372
10234 4 2 1 1 2632 2388 3218 2252
10235 4 2 1 1 1018 178 177 3426
10236 4 2 1 1 2442 3021 3223 3449
10237 4 2 1 1 3323 3781 2551 4141
10238 4 2 1 1 3292 3291 4065 4490
10239 4 2 1 1 1393 1391 1392 3741
10240 4 2 1 1 2606 3837 3129 4365
10241 4 2 1 1 1243 1021 167 4045
10242 4 2 1 1 3312 3662 2302 4395
10243 4 2 1 1 2920 3090 2406 3995
10244 4 2 1 1 1706 1709 1710 3561
10245 4 2 1 1 3219 673 3195 4521
10246 4 2 1 1 2691 3525 3249 4497
10247 4 2 1 1 1263 1228 1110 3453
10248 4 2 1 1 2208 4642 2048 4438
10249 4 2 1 1 2406 3090 2578 3104
10250 4 2 1 1 2578 3090 2285 3104
10251 4 2 1 1 4153 4252 2540 4522
10252 4 2 1 1 2338 3239 3911 4170
10253 4 2 1 1 1752 3672 258 4516
10254 4 2 1 1 2463 3332 2959 4357
10255 4 2 1 1 4618 154 153 977
10256 4 2 1 1 3352 3825 2889 4184
10257 4 2 1 1 2986 3309 2579 4291
10258 4 2 1 1 3502 1736 3896 1534
10259 4 2 1 1 150 954 151 3790
10260 4 2 1 1 1531 2736 3858 4505
10261 4 2 1 1 1156 1147 3478 4078
10262 4 2 1 1 2534 3582 2880 4319
10263 4 2 1 1 2851 1451 3220 1429
10264 4 2 1 1 1443 3093 1477 3916
10265 4 2 1 1 2505 3308 3073 3752
10266 4 2 1 1 2845 3273 2416 3686
10267 4 2 1 1 4593 4668 156 752
10268 4 2 1 1 3347 3430 3361 3816
10269 4 2 1 1 3459 4063 2587 4323
10270 4 2 1 1 2754 3458 2536 3698
10271 4 2 1 1 462 3259 4479 4645
10272 4 2 1 1 2368 3466 3342 4147
10273 4 2 1 1 2965 3644 3229 3907
10274 4 2 1 1 2317 3436 2892 4295
10275 4 2 1 1 779 3152 964 3981
10276 4 2 1 1 971 905 3022 4206
10277 4 2 1 1 1184 4649 1032 3375
10278 4 2 1 1 1460 3426 1391 3741
10279 4 2 1 1 2317 2835 3436 4295
10280 4 2 1 1 201 1759 200 4352
10281 4 2 1 1 2731 2958 3079 2370
10282 4 2 1 1 882 3082 783 4356
10283 4 2 1 1 2524 3792 2743 3917
10284 4 2 1 1 2993 3681 2877 3971
10285 4 2 1 1 1759 4352 201 3208
10286 4 2 1 1 3153 4234 2513 4513
10287 4 2 1 1 3617 4006 436 4558
10288 4 2 1 1 883 3514 3156 4409
10289 4 2 1 1 2397 3501 3365 4137
10290 4 2 1 1 3705 3858 3458 2754
10291 4 2 1 1 2318 3776 3048 4384
10292 4 2 1 1 2551 3146 3796 2680
10293 4 2 1 1 2370 3079 2731 3353
10294 4 2 1 1 2920 3995 2406 4470
10295 4 2 1 1 2056 3363 2148 2058
10296 4 2 1 1 2272 3336 3174 3703
10297 4 2 1 1 2473 3381 4097 4551
10298 4 2 1 1 4271 3158 2346 2610
10299 4 2 1 1 2345 3629 2969 3833
10300 4 2 1 1 2466 4251 3343 4376
10301 4 2 1 1 2423 3849 3848 2626
10302 4 2 1 1 2516 2964 3811 4439
10303 4 2 1 1 3425 3734 2785 3755
10304 4 2 1 1 1627 1740 1641 3009
10305 4 2 1 1 1378 2771 1375 3646
10306 4 2 1 1 2213 2120 2145 3124
10307 4 2 1 1 742 728 497 2775
10308 4 2 1 1 967 4663 3037 4616
10309 4 2 1 1 2390 3462 2946 3671
10310 4 2 1 1 1751 3770 2688 4375
10311 4 2 1 1 2527 3302 3383 2333
10312 4 2 1 1 2400 3383 3302 2333
10313 4 2 1 1 1915 3557 1878 3882
10314 4 2 1 1 1046 3040 1043 4067
10315 4 2 1 1 3427 3846 2431 4503
10316 4 2 1 1 2729 3258 2523 4433
10317 4 2 1 1 2081 2073 2172 4004
10318 4 2 1 1 2348 2894 3283 3564
10319 4 2 1 1 436 3533 4006 3617
10320 4 2 1 1 4098 3522 4193 2946
10321 4 2 1 1 1883 3317 1854 4105
10322 4 2 1 1 3537 3543 2848 3932
10323 4 2 1 1 3675 3124 4296 2392
10324 4 2 1 1 2774 2259 2671 2517
10325 4 2 1 1 3522 4193 2307 4522
10326 4 2 1 1 2355 3298 2742 3453
10327 4 2 1 1 245 246 1786 4278
10328 4 2 1 1 2339 2754 3627 3705
10329 4 2 1 1 2473 4097 3648 4551
10330 4 2 1 1 2385 3773 3434 4090
10331 4 2 1 1 2295 4245 3393 4421
10332 4 2 1 1 246 1786 4278 3238
10333 4 2 1 1 1864 3863 1858 3378
10334 4 2 1 1 4109 4471 3307 391
10335 4 2 1 1 1092 1175 1177 2854
10336 4 2 1 1 2353 2810 3792 4189
10337 4 2 1 1 253 1784 252 3583
10338 4 2 1 1 3886 4523 2759 2856
10339 4 2 1 1 2614 4402 3281 3114
10340 4 2 1 1 2384 2713 3662 4175
10341 4 2 1 1 2614 3281 4402 3633
10342 4 2 1 1 2933 2934 3727 2329
10343 4 2 1 1 2276 3461 2646 4311
10344 4 2 1 1 2331 3054 3841 4519
10345 4 2 1 1 2598 3527 2965 4475
10346 4 2 1 1 1297 1388 1488 3438
10347 4 2 1 1 4402 3113 2276 3281
10348 4 2 1 1 2294 2582 3456 4450
10349 4 2 1 1 2396 3309 3150 3987
10350 4 2 1 1 426 4474 470 4479
10351 4 2 1 1 3637 4311 2420 4402
10352 4 2 1 1 2349 3928 2909 2563
10353 4 2 1 1 86 699 514 2931
10354 4 2 1 1 4155 1793 2931 86
10355 4 2 1 1 739 657 606 3362
10356 4 2 1 1 2457 3474 2993 3825
10357 4 2 1 1 1031 1231 1218 3315
10358 4 2 1 1 777 1003 152 3246
10359 4 2 1 1 438 4633 3665 473
10360 4 2 1 1 2627 3841 3054 4519
10361 4 2 1 1 2728 2957 4367 4540
10362 4 2 1 1 2276 4402 3281 3633
10363 4 2 1 1 195 196 1231 4627
10364 4 2 1 1 1451 1429 1450 3220
10365 4 2 1 1 2015 1904 3235 4233
10366 4 2 1 1 805 2955 3215 803
10367 4 2 1 1 1145 1027 2951 4415
10368 4 2 1 1 2577 3536 3662 4175
10369 4 2 1 1 3006 3527 2598 4475
10370 4 2 1 1 2965 3527 3111 4475
10371 4 2 1 1 2309 2759 2878 3224
10372 4 2 1 1 1454 1408 3852 4080
10373 4 2 1 1 510 629 76 3280
10374 4 2 1 1 362 4304 389 4347
10375 4 2 1 1 1712 3171 1572 4012
10376 4 2 1 1 2295 3695 2961 4250
10377 4 2 1 1 3348 2762 2374 3397
10378 4 2 1 1 2536 2754 3698 4412
10379 4 2 1 1 2801 3503 2413 3800
10380 4 2 1 1 1286 3319 1413 3435
10381 4 2 1 1 805 2955 803 804
10382 4 2 1 1 2611 4462 3814 4491
10383 4 2 1 1 3610 3993 2654 4533
10384 4 2 1 1 1641 1556 3630 4503
10385 4 2 1 1 688 4017 689 4274
10386 4 2 1 1 357 3196 374 3674
10387 4 2 1 1 3585 4284 2585 4530
10388 4 2 1 1 905 761 971 3022
10389 4 2 1 1 3288 3954 2534 4126
10390 4 2 1 1 1851 1953 1849 3797
10391 4 2 1 1 2735 3927 2326 4229
10392 4 2 1 1 2861 2540 3385 4465
10393 4 2 1 1 2426 2872 3557 4113
10394 4 2 1 1 222 1539 221 3594
10395 4 2 1 1 416 329 317 3926
10396 4 2 1 1 1341 4063 1312 4234
10397 4 2 1 1 2712 2541 3414 4331
10398 4 2 1 1 2808 3072 2666 4159
10399 4 2 1 1 3172 3695 2498 3809
10400 4 2 1 1 552 686 555 2815
10401 4 2 1 1 4542 1952 1861 4260
10402 4 2 1 1 2239 4640 3415 4614
10403 4 2 1 1 543 3901 2718 4448
10404 4 2 1 1 4615 404 3234 4581
10405 4 2 1 1 2385 3220 2839 4090
10406 4 2 1 1 719 2864 663 3711
10407 4 2 1 1 980 102 3008 4191
10408 4 2 1 1 3062 2496 4306 4472
10409 4 2 1 1 2131 2843 2115 4021
10410 4 2 1 1 247 1994 3238 4057
10411 4 2 1 1 1275 219 4507 3042
10412 4 2 1 1 2529 2951 3480 4415
10413 4 2 1 1 1120 1257 1121 3439
10414 4 2 1 1 2294 2685 3456 4377
10415 4 2 1 1 1156 3478 1207 4495
10416 4 2 1 1 1112 1113 1123 3892
10417 4 2 1 1 2366 3941 3212 4407
10418 4 2 1 1 1602 3563 2930 4051
10419 4 2 1 1 2308 3258 3239 4499
10420 4 2 1 1 1406 2973 3508 3769
10421 4 2 1 1 2469 4209 3264 4226
10422 4 2 1 1 2895 3713 2314 4019
10423 4 2 1 1 686 2815 552 4148
10424 4 2 1 1 2011 1901 1782 4061
10425 4 2 1 1 145 1140 144 3463
10426 4 2 1 1 616 3455 4079 4485
10427 4 2 1 1 2631 2874 2350 3296
10428 4 2 1 1 1712 4012 1600 4457
10429 4 2 1 1 364 2942 382 4558
10430 4 2 1 1 2366 3069 3352 3909
10431 4 2 1 1 2277 3728 3141 3729
10432 4 2 1 1 2780 4259 4258 4434
10433 4 2 1 1 3347 3528 2926 2649
10434 4 2 1 1 1872 3066 1920 3751
10435 4 2 1 1 386 412 352 2996
10436 4 2 1 1 523 62 697 4069
10437 4 2 1 1 1253 3736 2804 4553
10438 4 2 1 1 2592 3336 3314 3703
10439 4 2 1 1 2445 3553 2794 3661
10440 4 2 1 1 4495 4383 2372 3038
10441 4 2 1 1 66 65 1789 3720
10442 4 2 1 1 2870 3745 2904 4441
10443 4 2 1 1 45 46 443 4601
10444 4 2 1 1 3728 3608 2562 3956
10445 4 2 1 1 2360 2750 3079 3476
10446 4 2 1 1 2485 3607 2757 2293
10447 4 2 1 1 3485 3724 2324 3018
10448 4 2 1 1 3628 3738 2637 2533
10449 4 2 1 1 2488 3240 2823 3547
10450 4 2 1 1 2545 3384 3320 3688
10451 4 2 1 1 2133 3678 2106 2104
10452 4 2 1 1 1924 1926 1790 3294
10453 4 2 1 1 2893 4443 2979 4475
10454 4 2 1 1 2853 3405 2466 4364
10455 4 2 1 1 17 18 457 3668
10456 4 2 1 1 1124 4635 1034 1252
10457 4 2 1 1 2295 3393 3753 4421
10458 4 2 1 1 3735 4394 2878 4529
10459 4 2 1 1 2718 3793 543 4161
10460 4 2 1 1 203 204 1753 3770
10461 4 2 1 1 2566 3636 2813 4318
10462 4 2 1 1 974 144 143 3463
10463 4 2 1 1 973 904 3521 3952
10464 4 2 1 1 2160 2178 2179 3159
10465 4 2 1 1 2469 3490 3264 4209
10466 4 2 1 1 2616 3650 3292 4490
10467 4 2 1 1 2555 3167 3154 3237
10468 4 2 1 1 2884 2290 3669 4455
10469 4 2 1 1 473 4633 4665 58
10470 4 2 1 1 4602 706 3708 517
10471 4 2 1 1 2575 2735 2324 3087
10472 4 2 1 1 3554 4173 3188 2863
10473 4 2 1 1 964 977 775 3152
10474 4 2 1 1 2732 2869 3794 2530
10475 4 2 1 1 2565 3683 2928 4241
10476 4 2 1 1 2363 4239 3203 2790
10477 4 2 1 1 2412 2863 3282 4173
10478 4 2 1 1 4542 1861 1952 1955
10479 4 2 1 1 2409 3227 3394 2299
10480 4 2 1 1 2166 3323 2178 2680
10481 4 2 1 1 2390 3071 2855 4095
10482 4 2 1 1 2674 2458 3706 4482
10483 4 2 1 1 670 3112 562 4419
10484 4 2 1 1 2937 3279 2827 2902
10485 4 2 1 1 3335 3732 2525 4423
10486 4 2 1 1 2480 3394 3227 2299
10487 4 2 1 1 2294 3637 3177 3991
10488 4 2 1 1 2870 2404 4440 3011
10489 4 2 1 1 2653 3625 3993 4533
10490 4 2 1 1 2263 3202 2958 4145
10491 4 2 1 1 3790 1027 150 4415
10492 4 2 1 1 2346 3895 3158 4222
10493 4 2 1 1 3521 3709 2697 3911
10494 4 2 1 1 2965 1075 1077 1076
10495 4 2 1 1 973 3952 3521 4273
10496 4 2 1 1 3478 3038 1156 4078
10497 4 2 1 1 2269 4418 3924 3121
10498 4 2 1 1 2150 2156 2120 2876
10499 4 2 1 1 4340 4359 1850 2944
10500 4 2 1 1 2632 2388 2252 2927
10501 4 2 1 1 761 971 3022 4467
10502 4 2 1 1 2344 3084 2422 2537
10503 4 2 1 1 92 766 91 4114
10504 4 2 1 1 92 3639 766 4114
10505 4 2 1 1 1161 1090 4044 4084
10506 4 2 1 1 981 3204 912 4346
10507 4 2 1 1 2873 3392 2423 3593
10508 4 2 1 1 3054 2815 676 4552
10509 4 2 1 1 1856 1931 1825 4362
10510 4 2 1 1 3115 4062 1758 4336
10511 4 2 1 1 3115 4060 1758 4062
10512 4 2 1 1 3924 4418 2269 3013
10513 4 2 1 1 2320 3957 2906 4518
10514 4 2 1 1 1292 1463 198 4336
10515 4 2 1 1 2505 3355 3152 4107
10516 4 2 1 1 4252 4569 3579 2758
10517 4 2 1 1 2482 3890 2873 4111
10518 4 2 1 1 342 3515 4420 343
10519 4 2 1 1 985 924 760 4478
10520 4 2 1 1 2941 3143 2741 4097
10521 4 2 1 1 4592 2231 3415 2038
10522 4 2 1 1 3890 1358 1357 3593
10523 4 2 1 1 636 2859 718 3996
10524 4 2 1 1 3997 4179 3457 4345
10525 4 2 1 1 77 1795 1939 3748
10526 4 2 1 1 3273 2416 3686 4549
10527 4 2 1 1 265 264 2038 4592
10528 4 2 1 1 3461 2646 3270 2276
10529 4 2 1 1 1823 2872 1818 4228
10530 4 2 1 1 4483 4369 3659 3429
10531 4 2 1 1 1151 3513 141 4504
10532 4 2 1 1 1943 1944 2001 3309
10533 4 2 1 1 309 400 307 3493
10534 4 2 1 1 3113 4402 3558 2511
10535 4 2 1 1 2891 2401 3295 4046
10536 4 2 1 1 2645 2298 2780 2464
10537 4 2 1 1 2645 2298 2464 2913
10538 4 2 1 1 2483 2387 3631 3654
10539 4 2 1 1 3178 2540 4252 4522
10540 4 2 1 1 2262 2499 3390 2591
10541 4 2 1 1 264 2204 2038 4592
10542 4 2 1 1 3491 4052 2903 4315
10543 4 2 1 1 1948 1882 1947 3404
10544 4 2 1 1 2275 3001 4320 2902
10545 4 2 1 1 2270 2907 2784 3373
10546 4 2 1 1 199 1463 3115 4336
10547 4 2 1 1 1705 1618 1614 3902
10548 4 2 1 1 2770 2310 3576 4462
10549 4 2 1 1 1654 2736 3973 1743
10550 4 2 1 1 3890 1357 1358 1355
10551 4 2 1 1 2682 3401 2955 4143
10552 4 2 1 1 2611 3814 3378 4491
10553 4 2 1 1 4592 2038 265 2231
10554 4 2 1 1 2061 2060 3158 3718
10555 4 2 1 1 3579 4026 2540 4465
10556 4 2 1 1 1849 2831 1847 4340
10557 4 2 1 1 4495 2559 2372 3175
10558 4 2 1 1 483 447 281 3477
10559 4 2 1 1 2821 3226 2360 4355
10560 4 2 1 1 3082 3468 859 4400
10561 4 2 1 1 2326 2958 3856 3927
10562 4 2 1 1 2698 3856 2958 3927
10563 4 2 1 1 2274 2927 2926 3529
10564 4 2 1 1 280 475 2966 3665
10565 4 2 1 1 2693 3609 3611 4349
10566 4 2 1 1 1284 1424 1426 3395
10567 4 2 1 1 2306 3102 3796 4482
10568 4 2 1 1 2551 3796 3102 4482
10569 4 2 1 1 2336 2822 3055 2838
10570 4 2 1 1 2406 3090 2920 3523
10571 4 2 1 1 2581 3689 3286 3991
10572 4 2 1 1 2856 3488 3330 3798
10573 4 2 1 1 1358 1420 2839 3861
10574 4 2 1 1 2125 3323 2086 3706
10575 4 2 1 1 938 3187 3784 4287
10576 4 2 1 1 2304 2865 3135 4253
10577 4 2 1 1 4252 4465 3057 3579
10578 4 2 1 1 1985 3470 1917 3672
10579 4 2 1 1 2329 3529 3944 4213
10580 4 2 1 1 3019 3623 2479 3985
10581 4 2 1 1 721 99 504 4211
10582 4 2 1 1 2166 2125 2178 3323
10583 4 2 1 1 325 2781 337 3483
10584 4 2 1 1 2409 3370 2940 3555
10585 4 2 1 1 2725 3500 3205 4287
10586 4 2 1 1 3744 4040 2592 4130
10587 4 2 1 1 2431 3673 2938 4070
10588 4 2 1 1 2625 2721 3700 4127
10589 4 2 1 1 2378 3913 3123 2705
10590 4 2 1 1 2658 3972 3526 2559
10591 4 2 1 1 882 3082 859 4400
10592 4 2 1 1 1210 3450 1141 4277
10593 4 2 1 1 2223 2189 3589 4121
10594 4 2 1 1 3109 3110 2777 3186
10595 4 2 1 1 3034 2264 2433 3428
10596 4 2 1 1 2755 2946 3462 3671
10597 4 2 1 1 167 1498 1277 4174
10598 4 2 1 1 2361 2979 4443 4475
10599 4 2 1 1 3260 3895 3755 2486
10600 4 2 1 1 533 3783 534 4154
10601 4 2 1 1 2424 3483 2781 3762
10602 4 2 1 1 2781 3483 2556 3762
10603 4 2 1 1 2274 2904 3528 4441
10604 4 2 1 1 2482 4556 4257 3548
10605 4 2 1 1 461 4602 290 460
10606 4 2 1 1 2465 3413 3406 3378
10607 4 2 1 1 3059 3109 2909 3976
10608 4 2 1 1 4252 4465 3579 2540
10609 4 2 1 1 2498 3753 3393 4090
10610 4 2 1 1 2821 3226 2619 3476
10611 4 2 1 1 3644 2598 3527 2965
10612 4 2 1 1 843 846 845 4280
10613 4 2 1 1 2761 3774 3664 4085
10614 4 2 1 1 2038 4592 2204 3601
10615 4 2 1 1 2423 3333 3848 3849
10616 4 2 1 1 930 816 935 4567
10617 4 2 1 1 2038 2746 4592 3601
10618 4 2 1 1 2903 4052 3563 4315
10619 4 2 1 1 1130 1223 3359 4216
10620 4 2 1 1 409 3206 416 4360
10621 4 2 1 1 2423 3593 2839 3861
10622 4 2 1 1 2455 3651 3085 4105
10623 4 2 1 1 3160 3609 2375 3611
10624 4 2 1 1 2259 3531 3058 4387
10625 4 2 1 1 2366 2775 3565 4407
10626 4 2 1 1 3025 2526 3353 4269
10627 4 2 1 1 2778 3812 2688 4024
10628 4 2 1 1 1029 1171 1170 4056
10629 4 2 1 1 3254 3433 2477 3794
10630 4 2 1 1 2174 2177 2093 2836
10631 4 2 1 1 2266 2543 3002 3047
10632 4 2 1 1 2663 2388 2927 2922
10633 4 2 1 1 1397 1361 1309 3255
10634 4 2 1 1 2298 2780 2464 2902
10635 4 2 1 1 2093 3166 2078 4034
10636 4 2 1 1 763 4588 4235 129
10637 4 2 1 1 2311 4100 2905 4351
10638 4 2 1 1 4592 2746 2038 3415
10639 4 2 1 1 2398 3093 3534 3916
10640 4 2 1 1 2388 2927 2543 2252
10641 4 2 1 1 1712 1683 1572 3171
10642 4 2 1 1 1273 3209 3929 3208
10643 4 2 1 1 2534 2880 3582 4214
10644 4 2 1 1 1117 1102 1127 3123
10645 4 2 1 1 2251 3586 4152 2624
10646 4 2 1 1 2251 4152 3586 2367
10647 4 2 1 1 336 417 427 3192
10648 4 2 1 1 1876 3085 3722 2706
10649 4 2 1 1 3829 1367 2615 3077
10650 4 2 1 1 875 844 861 2812
10651 4 2 1 1 2263 3079 3420 4075
10652 4 2 1 1 2238 2240 4373 2746
10653 4 2 1 1 2525 3886 2856 4506
10654 4 2 1 1 569 567 3771 3815
10655 4 2 1 1 617 516 3668 4079
10656 4 2 1 1 2589 3835 3231 4459
10657 4 2 1 1 109 759 108 3387
10658 4 2 1 1 2508 3645 4404 4528
10659 4 2 1 1 2375 2823 3240 4502
10660 4 2 1 1 3231 3835 2767 4459
10661 4 2 1 1 3040 2802 3821 4572
10662 4 2 1 1 1752 3290 3672 4516
10663 4 2 1 1 2440 2686 4005 3182
10664 4 2 1 1 623 624 605 3400
10665 4 2 1 1 2516 3606 3865 4159
10666 4 2 1 1 3123 3126 2469 4162
10667 4 2 1 1 1659 1626 1658 4422
10668 4 2 1 1 2342 4297 3070 4436
10669 4 2 1 1 1718 1539 222 3594
10670 4 2 1 1 2324 2735 2575 3485
10671 4 2 1 1 2280 3805 3325 4125
10672 4 2 1 1 1815 2901 1858 4411
10673 4 2 1 1 2264 3625 2709 4032
10674 4 2 1 1 138 139 1246 3577
10675 4 2 1 1 2956 2544 4054 3901
10676 4 2 1 1 1135 1043 1046 3040
10677 4 2 1 1 2490 3809 3322 4197
10678 4 2 1 1 1413 1411 1412 3100
10679 4 2 1 1 684 3263 3054 4552
10680 4 2 1 1 321 317 3716 4354
10681 4 2 1 1 1583 1584 1585 2964
10682 4 2 1 1 2469 3509 3136 4226
10683 4 2 1 1 735 70 692 3904
10684 4 2 1 1 1718 222 223 3765
10685 4 2 1 1 2696 3954 3288 4126
10686 4 2 1 1 1156 1147 1207 3478
10687 4 2 1 1 1387 1363 1428 2999
10688 4 2 1 1 2114 2843 3556 2599
10689 4 2 1 1 2815 3850 555 2670
10690 4 2 1 1 2315 3109 3059 3110
10691 4 2 1 1 3128 3300 2387 3560
10692 4 2 1 1 484 364 382 4558
10693 4 2 1 1 2918 3514 4409 4426
10694 4 2 1 1 3381 3499 2473 3836
10695 4 2 1 1 3159 3862 2471 4033
10696 4 2 1 1 3117 4262 3421 4313
10697 4 2 1 1 1333 1430 1364 4082
10698 4 2 1 1 2431 2817 3507 2858
10699 4 2 1 1 1873 3207 3481 4312
10700 4 2 1 1 2345 2968 2969 3430
10701 4 2 1 1 3829 2615 1367 3217
10702 4 2 1 1 2851 3220 2558 4389
10703 4 2 1 1 2534 2844 3954 4395
10704 4 2 1 1 2969 3629 2345 4213
10705 4 2 1 1 3868 4416 3211 4418
10706 4 2 1 1 2177 2836 2174 4081
10707 4 2 1 1 2556 3483 2781 4204
10708 4 2 1 1 4591 121 122 2214
10709 4 2 1 1 3664 3774 2565 4085
10710 4 2 1 1 1240 3375 3170 3693
10711 4 2 1 1 1384 1296 1282 3700
10712 4 2 1 1 1484 3019 1453 4101
10713 4 2 1 1 1438 3093 1485 3744
10714 4 2 1 1 334 322 3462 3719
10715 4 2 1 1 1189 1188 1237 3501
10716 4 2 1 1 2409 2801 3227 2299
10717 4 2 1 1 3548 4257 2636 4556
10718 4 2 1 1 1125 1254 3588 4132
10719 4 2 1 1 2438 3688 2935 2495
10720 4 2 1 1 2482 3935 3548 4257
10721 4 2 1 1 1354 3548 2914 4382
10722 4 2 1 1 1210 4139 3450 4277
10723 4 2 1 1 1556 3853 2703 4348
10724 4 2 1 1 651 585 3142 3663
10725 4 2 1 1 2710 2504 2907 2253
10726 4 2 1 1 4314 4338 3395 4473
10727 4 2 1 1 2893 4055 1080 4230
10728 4 2 1 1 3336 3703 2592 4040
10729 4 2 1 1 2313 3297 2956 3667
10730 4 2 1 1 4591 2035 121 2214
10731 4 2 1 1 2848 3543 2592 4040
10732 4 2 1 1 1345 1407 1408 3769
10733 4 2 1 1 4505 3627 2481 3621
10734 4 2 1 1 2860 3484 2959 3799
10735 4 2 1 1 2473 3499 3381 4551
10736 4 2 1 1 1079 2893 1080 1081
10737 4 2 1 1 3101 2711 4030 4486
10738 4 2 1 1 2491 2699 3570 4035
10739 4 2 1 1 2588 3124 2876 4263
10740 4 2 1 1 3053 4030 2711 4486
10741 4 2 1 1 2936 4068 2569 4254
10742 4 2 1 1 3534 3916 3209 4309
10743 4 2 1 1 2311 3274 3193 4351
10744 4 2 1 1 1329 1327 1343 4138
10745 4 2 1 1 201 3208 1273 3929
10746 4 2 1 1 675 3879 3219 4035
10747 4 2 1 1 928 927 3119 3764
10748 4 2 1 1 280 4665 57 473
10749 4 2 1 1 4594 296 4087 295
10750 4 2 1 1 1923 3041 1921 4015
10751 4 2 1 1 4109 4471 391 301
10752 4 2 1 1 1627 1740 3009 3994
10753 4 2 1 1 285 296 297 3455
10754 4 2 1 1 2950 4386 2689 4401
10755 4 2 1 1 2711 4137 3501 4486
10756 4 2 1 1 1714 1526 1657 3128
10757 4 2 1 1 2659 3206 3600 3926
10758 4 2 1 1 2483 3491 3535 3631
10759 4 2 1 1 2263 2958 3079 4075
10760 4 2 1 1 454 3786 344 4347
10761 4 2 1 1 3116 3372 2875 4442
10762 4 2 1 1 3729 3977 3302 2442
10763 4 2 1 1 1145 3472 1217 4415
10764 4 2 1 1 434 3028 372 3968
10765 4 2 1 1 1395 1393 1394 3741
10766 4 2 1 1 2682 3875 3401 4143
10767 4 2 1 1 2245 3351 3149 4477
10768 4 2 1 1 1833 1831 1971 4385
10769 4 2 1 1 1153 3253 1152 1206
10770 4 2 1 1 3211 2381 2767 4077
10771 4 2 1 1 2361 4443 4230 4475
10772 4 2 1 1 3554 4173 2863 2412
10773 4 2 1 1 4252 4569 2758 2694
10774 4 2 1 1 1673 4546 2520 1672
10775 4 2 1 1 4591 4651 494 121
10776 4 2 1 1 2251 3366 2852 2555
10777 4 2 1 1 3112 558 667 560
10778 4 2 1 1 4591 2214 3311 4393
10779 4 2 1 1 2415 3544 2908 3660
10780 4 2 1 1 762 908 947 3095
10781 4 2 1 1 2115 4021 2843 4261
10782 4 2 1 1 2097 3802 2096 4226
10783 4 2 1 1 2541 4117 3572 4256
10784 4 2 1 1 1000 2588 865 3981
10785 4 2 1 1 2241 2193 2216 3019
10786 4 2 1 1 2724 3382 2499 2335
10787 4 2 1 1 240 1728 1534 3000
10788 4 2 1 1 823 824 825 3289
10789 4 2 1 1 2087 2093 2185 4488
10790 4 2 1 1 2776 3268 2994 4019
10791 4 2 1 1 1247 1122 1023 3582
10792 4 2 1 1 2289 3613 2689 3738
10793 4 2 1 1 3204 3739 3256 4346
10794 4 2 1 1 2214 4641 3311 2201
10795 4 2 1 1 3023 3887 2414 4011
10796 4 2 1 1 2214 4641 2201 122
10797 4 2 1 1 2274 3572 2460 4441
10798 4 2 1 1 2908 3432 2415 3660
10799 4 2 1 1 2825 3159 2680 3888
10800 4 2 1 1 2444 3324 2829 3791
10801 4 2 1 1 2870 4440 2904 3011
10802 4 2 1 1 2417 3431 3467 4462
10803 4 2 1 1 2740 2333 2400 4029
10804 4 2 1 1 1469 218 4577 4507
10805 4 2 1 1 2480 3441 2972 4293
10806 4 2 1 1 883 3514 4409 786
10807 4 2 1 1 3112 667 558 3599
10808 4 2 1 1 4104 3712 2904 3940
10809 4 2 1 1 1067 3495 1066 1068
10810 4 2 1 1 2314 3655 3339 4019
10811 4 2 1 1 4358 3492 4572 2607
10812 4 2 1 1 805 807 834 3215
10813 4 2 1 1 4206 902 901 894
10814 4 2 1 1 3556 2227 2221 3817
10815 4 2 1 1 4185 3187 3114 2510
10816 4 2 1 1 2871 3286 3269 4391
10817 4 2 1 1 4465 4231 3385 2861
10818 4 2 1 1 4298 3306 3813 2260
10819 4 2 1 1 1639 1640 1742 3994
10820 4 2 1 1 2788 2525 3468 4423
10821 4 2 1 1 1360 1449 1450 3220
10822 4 2 1 1 684 3054 676 4552
10823 4 2 1 1 2150 3355 2149 4517
10824 4 2 1 1 2446 3528 3347 2649
10825 4 2 1 1 2687 4376 4534 3465
10826 4 2 1 1 1087 3276 2954 4179
10827 4 2 1 1 2731 2958 2370 3856
10828 4 2 1 1 2557 4123 3076 3032
10829 4 2 1 1 1361 1309 3255 4525
10830 4 2 1 1 3860 4486 4381 2397
10831 4 2 1 1 2788 3335 2525 4423
10832 4 2 1 1 3290 3321 2470 4128
10833 4 2 1 1 4006 4537 4204 2942
10834 4 2 1 1 1390 1391 1383 3125
10835 4 2 1 1 533 534 535 4154
10836 4 2 1 1 2371 3192 3014 4175
10837 4 2 1 1 2435 3391 2775 3565
10838 4 2 1 1 2674 3706 3323 4482
10839 4 2 1 1 4206 901 902 3709
10840 4 2 1 1 3531 3859 2554 4334
10841 4 2 1 1 3197 3852 2548 4080
10842 4 2 1 1 765 111 112 3419
10843 4 2 1 1 2883 2983 2882 3571
10844 4 2 1 1 2140 4627 3315 2040
10845 4 2 1 1 1636 3619 1644 3834
10846 4 2 1 1 3762 3179 2909 2282
10847 4 2 1 1 2762 3616 3134 2593
10848 4 2 1 1 381 488 2771 3990
10849 4 2 1 1 4483 4369 3429 2546
10850 4 2 1 1 1646 3698 1532 3834
10851 4 2 1 1 2170 3511 2111 2085
10852 4 2 1 1 2384 3536 3014 4175
10853 4 2 1 1 2419 3053 4013 4030
10854 4 2 1 1 3886 4523 2856 4506
10855 4 2 1 1 2964 4435 4334 4439
10856 4 2 1 1 1382 4636 1510 1267
10857 4 2 1 1 2954 3276 1087 4458
10858 4 2 1 1 1814 1918 1812 2923
10859 4 2 1 1 3079 3226 2731 3353
10860 4 2 1 1 721 504 3324 4211
10861 4 2 1 1 1808 1788 1911 4312
10862 4 2 1 1 3634 3871 648 3880
10863 4 2 1 1 1895 3235 1894 4225
10864 4 2 1 1 2708 3875 2416 4549
10865 4 2 1 1 1454 1436 1319 3197
10866 4 2 1 1 4206 3709 4042 2842
10867 4 2 1 1 3927 2891 2401 3295
10868 4 2 1 1 1748 3249 1705 3561
10869 4 2 1 1 829 3549 3503 4020
10870 4 2 1 1 1088 1046 1087 2954
10871 4 2 1 1 3013 3794 2869 2530
10872 4 2 1 1 4447 4142 3873 2745
10873 4 2 1 1 777 152 151 3246
10874 4 2 1 1 568 3299 677 3496
10875 4 2 1 1 4450 3454 3499 2356
10876 4 2 1 1 476 4607 4231 448
10877 4 2 1 1 2651 2962 3219 4232
10878 4 2 1 1 3377 3387 2788 2395
10879 4 2 1 1 2728 4367 3922 4540
10880 4 2 1 1 1732 1726 1528 2834
10881 4 2 1 1 817 921 815 4020
10882 4 2 1 1 3073 3311 2389 3844
10883 4 2 1 1 1042 2733 3198 4135
10884 4 2 1 1 2855 3719 2390 3775
10885 4 2 1 1 2380 3452 2996 4106
10886 4 2 1 1 765 3979 3419 4461
10887 4 2 1 1 1081 2893 1080 4230
10888 4 2 1 1 1050 2773 3997 1115
10889 4 2 1 1 2873 3593 2423 3890
10890 4 2 1 1 876 3979 765 4461
10891 4 2 1 1 1473 1408 1407 4177
10892 4 2 1 1 2683 3478 3233 4383
10893 4 2 1 1 3468 3960 4400 3082
10894 4 2 1 1 3893 3895 2539 2486
10895 4 2 1 1 1250 1108 1173 2943
10896 4 2 1 1 180 1461 179 3359
10897 4 2 1 1 1905 1907 2686 4233
10898 4 2 1 1 4196 2105 2188 2194
10899 4 2 1 1 4175 4224 3447 2371
10900 4 2 1 1 1090 3820 1160 4044
10901 4 2 1 1 2443 3428 3083 3833
10902 4 2 1 1 1093 1071 2939 3842
10903 4 2 1 1 206 1744 1746 3982
10904 4 2 1 1 3878 1199 1245 4319
10905 4 2 1 1 3567 3280 2535 3036
10906 4 2 1 1 2256 2960 2827 3806
10907 4 2 1 1 643 2895 535 4207
10908 4 2 1 1 4206 4042 3709 2441
10909 4 2 1 1 637 638 534 3988
10910 4 2 1 1 2398 3744 3093 4130
10911 4 2 1 1 2658 3194 3175 2559
10912 4 2 1 1 2446 3138 3513 4049
10913 4 2 1 1 760 97 98 3635
10914 4 2 1 1 2533 3162 3514 4426
10915 4 2 1 1 3569 4039 3025 4546
10916 4 2 1 1 2069 3653 2908 4141
10917 4 2 1 1 3904 735 501 669
10918 4 2 1 1 2966 3959 2747 476
10919 4 2 1 1 2095 2098 3349 3828
10920 4 2 1 1 430 4649 471 3618
10921 4 2 1 1 2430 2869 2756 3171
10922 4 2 1 1 669 2681 3904 3592
10923 4 2 1 1 1636 3560 1635 4237
10924 4 2 1 1 915 981 912 4346
10925 4 2 1 1 2794 3553 3283 3661
10926 4 2 1 1 3762 3179 2282 4016
10927 4 2 1 1 1093 2939 1164 3831
10928 4 2 1 1 2509 3256 3204 3739
10929 4 2 1 1 135 136 1014 4590
10930 4 2 1 1 3718 4517 2076 2059
10931 4 2 1 1 2490 3411 2836 3753
10932 4 2 1 1 717 748 523 4479
10933 4 2 1 1 1764 3115 1758 4336
10934 4 2 1 1 1731 1661 3133 3989
10935 4 2 1 1 3783 3988 534 4154
10936 4 2 1 1 2460 3390 3516 4463
10937 4 2 1 1 3226 3970 2364 4075
10938 4 2 1 1 3625 3795 2653 3993
10939 4 2 1 1 2381 3384 2782 2265
10940 4 2 1 1 1170 4590 136 4056
10941 4 2 1 1 3712 4157 2892 3011
10942 4 2 1 1 164 1247 1023 3582
10943 4 2 1 1 4185 3187 2510 3942
10944 4 2 1 1 2945 1888 1894 4225
10945 4 2 1 1 3574 3716 3251 4354
10946 4 2 1 1 2677 3402 2102 4033
10947 4 2 1 1 2529 3472 2951 4415
10948 4 2 1 1 1154 1118 1103 3126
10949 4 2 1 1 1966 1967 3282 4173
10950 4 2 1 1 2991 2528 3598 3643
10951 4 2 1 1 2754 4164 3508 4412
10952 4 2 1 1 4143 3686 2416 3401
10953 4 2 1 1 609 608 3134 3844
10954 4 2 1 1 3422 4455 302 4484
10955 4 2 1 1 316 3926 317 3251
10956 4 2 1 1 318 2855 411 4428
10957 4 2 1 1 669 2681 501 3904
10958 4 2 1 1 2651 3219 2962 3908
10959 4 2 1 1 4590 1168 4198 1014
10960 4 2 1 1 3628 3738 2289 4512
10961 4 2 1 1 2751 2636 4556 3548
10962 4 2 1 1 1090 3820 2835 4018
10963 4 2 1 1 2409 3227 2801 4091
10964 4 2 1 1 239 1728 240 3000
10965 4 2 1 1 2750 2364 3476 4526
10966 4 2 1 1 785 3979 876 3162
10967 4 2 1 1 2638 2710 2264 3330
10968 4 2 1 1 4106 3533 4016 2781
10969 4 2 1 1 2734 3967 2862 3150
10970 4 2 1 1 1796 2014 235 3579
10971 4 2 1 1 4198 4590 2916 4469
10972 4 2 1 1 4029 4369 3035 2621
10973 4 2 1 1 3927 2891 3295 2482
10974 4 2 1 1 2469 3126 3123 3913
10975 4 2 1 1 378 3455 297 4471
10976 4 2 1 1 2697 2338 3911 2509
10977 4 2 1 1 1308 3272 3153 4063
10978 4 2 1 1 2910 3438 2625 4285
10979 4 2 1 1 2646 2979 3658 4146
10980 4 2 1 1 3636 4205 2813 4318
10981 4 2 1 1 2255 3076 2652 3032
10982 4 2 1 1 2133 3678 2104 4288
10983 4 2 1 1 2164 4637 2163 3246
10984 4 2 1 1 2568 4083 3789 4384
10985 4 2 1 1 4590 1168 1014 135
10986 4 2 1 1 1452 3765 2851 3951
10987 4 2 1 1 2975 3487 2412 3554
10988 4 2 1 1 2558 2999 2851 4389
10989 4 2 1 1 1509 162 163 4281
10990 4 2 1 1 3556 2221 2227 2182
10991 4 2 1 1 4442 3373 4031 2695
10992 4 2 1 1 756 980 102 3008
10993 4 2 1 1 2108 2143 2144 3252
10994 4 2 1 1 176 177 1460 3426
10995 4 2 1 1 1349 3935 2891 4182
10996 4 2 1 1 2330 3772 3328 4037
10997 4 2 1 1 1907 1906 1908 4233
10998 4 2 1 1 1464 3395 186 4338
10999 4 2 1 1 3949 3939 2269 3245
11000 4 2 1 1 2690 3717 2480 4009
11001 4 2 1 1 1102 3545 3123 2705
11002 4 2 1 1 1523 219 220 3948
11003 4 2 1 1 2339 2973 3508 4513
11004 4 2 1 1 2662 4013 3501 4486
11005 4 2 1 1 2353 3154 2723 4189
11006 4 2 1 1 601 600 731 3417
11007 4 2 1 1 1070 1187 1200 3108
11008 4 2 1 1 2411 3855 3039 4027
11009 4 2 1 1 2797 3933 4009 2690
11010 4 2 1 1 2026 1906 2015 4233
11011 4 2 1 1 1621 3737 3067 3870
11012 4 2 1 1 3857 3939 2461 2974
11013 4 2 1 1 2441 3709 3521 3911
11014 4 2 1 1 2588 3670 2876 2392
11015 4 2 1 1 2482 3935 3295 4382
11016 4 2 1 1 2800 2583 3333 3742
11017 4 2 1 1 2383 3248 2959 3332
11018 4 2 1 1 1613 1671 1672 4546
11019 4 2 1 1 2927 2476 2575 2252
11020 4 2 1 1 2416 2845 3347 3816
11021 4 2 1 1 1386 3042 1275 4507
11022 4 2 1 1 1523 3042 219 3948
11023 4 2 1 1 2187 3264 2226 3490
11024 4 2 1 1 3411 3753 2490 3773
11025 4 2 1 1 2948 2949 2460 4117
11026 4 2 1 1 2349 3213 3031 3859
11027 4 2 1 1 2998 3783 2450 3988
11028 4 2 1 1 3043 1679 1611 1608
11029 4 2 1 1 619 3441 2972 4321
11030 4 2 1 1 481 373 384 2932
11031 4 2 1 1 3304 4190 3022 4467
11032 4 2 1 1 64 1798 1978 3840
11033 4 2 1 1 603 680 573 2924
11034 4 2 1 1 2968 3430 2345 3816
11035 4 2 1 1 1975 1916 1873 3207
11036 4 2 1 1 2515 3446 3346 4548
11037 4 2 1 1 3346 3446 2769 4548
11038 4 2 1 1 3529 3940 2454 4203
11039 4 2 1 1 237 1528 238 3418
11040 4 2 1 1 533 2895 3339 3783
11041 4 2 1 1 766 3017 992 3407
11042 4 2 1 1 2707 3605 355 3801
11043 4 2 1 1 2831 3448 2449 3608
11044 4 2 1 1 491 3530 4558 382
11045 4 2 1 1 1533 201 202 3929
11046 4 2 1 1 4247 4530 2585 4284
11047 4 2 1 1 2208 2213 2039 3124
11048 4 2 1 1 1417 3340 1468 3742
11049 4 2 1 1 3342 3466 2636 4182
11050 4 2 1 1 2260 2619 2821 3306
11051 4 2 1 1 513 3304 3214 4467
11052 4 2 1 1 2622 2334 2989 3222
11053 4 2 1 1 2569 3209 3929 4437
11054 4 2 1 1 2174 2184 3411 4034
11055 4 2 1 1 2616 3650 3491 4267
11056 4 2 1 1 2263 2958 3202 4335
11057 4 2 1 1 2424 2781 3483 3807
11058 4 2 1 1 1419 1418 1426 3742
11059 4 2 1 1 1023 4586 4319 1244
11060 4 2 1 1 2928 3087 3047 2351
11061 4 2 1 1 2878 4394 2341 4529
11062 4 2 1 1 2524 3448 4189 4260
11063 4 2 1 1 2265 2782 2915 3567
11064 4 2 1 1 543 3793 2718 3901
11065 4 2 1 1 4447 4554 3222 2745
11066 4 2 1 1 2270 3610 3015 4442
11067 4 2 1 1 1070 1187 3108 4255
11068 4 2 1 1 3619 3834 3654 3999
11069 4 2 1 1 1456 3938 3148 4515
11070 4 2 1 1 2920 3620 3995 4470
11071 4 2 1 1 4347 2304 3275 3786
11072 4 2 1 1 2764 2915 2265 3056
11073 4 2 1 1 2588 3981 3152 4107
11074 4 2 1 1 2486 3232 3244 4374
11075 4 2 1 1 2383 3248 3223 3551
11076 4 2 1 1 1838 2026 2015 3835
11077 4 2 1 1 2387 3300 3128 3700
11078 4 2 1 1 2727 3555 2409 2340
11079 4 2 1 1 1579 1578 1580 3072
11080 4 2 1 1 2651 2358 3195 4186
11081 4 2 1 1 3195 2358 2491 4186
11082 4 2 1 1 2650 4158 3257 2391
11083 4 2 1 1 2901 3863 1858 4411
11084 4 2 1 1 1253 2804 1206 4553
11085 4 2 1 1 2368 2773 3233 4216
11086 4 2 1 1 2933 3714 2368 4160
11087 4 2 1 1 1279 3594 1452 3765
11088 4 2 1 1 2295 2498 3172 3695
11089 4 2 1 1 3357 3847 2922 4303
11090 4 2 1 1 2502 3258 2256 4170
11091 4 2 1 1 1870 2608 4169 3405
11092 4 2 1 1 2072 2885 2073 4339
11093 4 2 1 1 558 3599 556 3850
11094 4 2 1 1 2836 3411 2490 4034
11095 4 2 1 1 2365 3046 3822 4498
11096 4 2 1 1 2483 3619 3535 4052
11097 4 2 1 1 4576 1778 83 3874
11098 4 2 1 1 2378 3993 3610 4533
11099 4 2 1 1 496 696 83 3874
11100 4 2 1 1 1533 3208 201 3929
11101 4 2 1 1 2722 2478 3541 4078
11102 4 2 1 1 2684 3017 3407 4185
11103 4 2 1 1 2876 2610 3670 4316
11104 4 2 1 1 3417 3771 4357 2924
11105 4 2 1 1 114 771 113 3591
11106 4 2 1 1 2958 3927 2735 4145
11107 4 2 1 1 2172 2072 2079 3808
11108 4 2 1 1 171 4137 172 1272
11109 4 2 1 1 240 1534 241 3502
11110 4 2 1 1 2813 4037 2566 4318
11111 4 2 1 1 2158 2092 2153 3497
11112 4 2 1 1 2640 2920 3620 3995
11113 4 2 1 1 1372 1361 1383 3007
11114 4 2 1 1 491 3530 382 418
11115 4 2 1 1 3472 149 1217 4415
11116 4 2 1 1 2929 544 546 4161
11117 4 2 1 1 2794 3564 3283 3956
11118 4 2 1 1 3078 3291 2982 4489
11119 4 2 1 1 738 500 66 3219
11120 4 2 1 1 2754 2536 3458 3705
11121 4 2 1 1 999 4603 966 776
11122 4 2 1 1 953 881 880 2824
11123 4 2 1 1 3360 2274 2878 3361
11124 4 2 1 1 2086 2125 2173 3323
11125 4 2 1 1 3183 3759 4510 4511
11126 4 2 1 1 4442 4031 3373 2405
11127 4 2 1 1 1064 1066 2919 4018
11128 4 2 1 1 2512 4119 3710 4473
11129 4 2 1 1 2968 3833 2969 3974
11130 4 2 1 1 1314 1341 1312 4234
11131 4 2 1 1 3111 4230 4055 4475
11132 4 2 1 1 3472 149 4415 962
11133 4 2 1 1 2915 3567 2535 4351
11134 4 2 1 1 1197 1198 1195 2868
11135 4 2 1 1 2411 3190 2969 3974
11136 4 2 1 1 757 918 957 4056
11137 4 2 1 1 1067 4255 3842 4456
11138 4 2 1 1 2555 2974 3366 3950
11139 4 2 1 1 2710 2504 2253 3420
11140 4 2 1 1 1566 3254 1567 3682
11141 4 2 1 1 3249 3525 2691 3994
11142 4 2 1 1 505 3008 102 4191
11143 4 2 1 1 67 2021 1960 4521
11144 4 2 1 1 1335 1457 1322 2980
11145 4 2 1 1 1522 3477 1631 4466
11146 4 2 1 1 2393 3400 2864 3632
11147 4 2 1 1 697 615 724 4069
11148 4 2 1 1 1582 2964 1583 4172
11149 4 2 1 1 2526 4039 3948 4269
11150 4 2 1 1 166 167 1277 4045
11151 4 2 1 1 1796 235 236 3579
11152 4 2 1 1 937 938 3187 3784
11153 4 2 1 1 2653 2802 3625 4533
11154 4 2 1 1 2480 3717 3017 4009
11155 4 2 1 1 1069 3842 1067 4255
11156 4 2 1 1 131 1255 130 4235
11157 4 2 1 1 462 3259 4645 290
11158 4 2 1 1 2379 3236 2974 3237
11159 4 2 1 1 1286 173 174 3435
11160 4 2 1 1 1640 1745 1742 3615
11161 4 2 1 1 3705 3858 2754 3627
11162 4 2 1 1 360 361 3749 4142
11163 4 2 1 1 1847 2831 1861 4260
11164 4 2 1 1 2341 2949 2878 2948
11165 4 2 1 1 1582 2964 1584 1583
11166 4 2 1 1 794 3676 797 3732
11167 4 2 1 1 2972 2480 3394 3441
11168 4 2 1 1 3315 3460 3439 3782
11169 4 2 1 1 1315 1313 1406 2973
11170 4 2 1 1 1722 251 250 2739
11171 4 2 1 1 582 3092 590 3975
11172 4 2 1 1 1024 146 1210 4277
11173 4 2 1 1 2352 3381 3127 3836
11174 4 2 1 1 2510 3717 3386 4413
11175 4 2 1 1 2360 2750 3476 2749
11176 4 2 1 1 77 76 1795 3748
11177 4 2 1 1 2848 3534 1327 4138
11178 4 2 1 1 1350 3935 1349 4182
11179 4 2 1 1 2979 3006 2361 4146
11180 4 2 1 1 4333 2542 2996 3477
11181 4 2 1 1 3694 4130 2688 3093
11182 4 2 1 1 2929 544 4161 4448
11183 4 2 1 1 1657 3128 1526 3826
11184 4 2 1 1 2386 3945 2766 4129
11185 4 2 1 1 674 675 672 4035
11186 4 2 1 1 1153 3253 4049 1152
11187 4 2 1 1 2157 3653 2064 4156
11188 4 2 1 1 2692 4132 3980 4281
11189 4 2 1 1 2443 3463 3083 4277
11190 4 2 1 1 1522 4595 1765 49
11191 4 2 1 1 1900 2014 3579 4465
11192 4 2 1 1 3653 4156 2157 2795
11193 4 2 1 1 1824 1822 1825 3721
11194 4 2 1 1 2273 2734 3581 3967
11195 4 2 1 1 3022 4190 3952 4467
11196 4 2 1 1 3434 3773 2498 4090
11197 4 2 1 1 1237 1236 1020 3501
11198 4 2 1 1 2530 3310 3155 4278
11199 4 2 1 1 1198 2868 1197 4045
11200 4 2 1 1 76 1795 3748 4022
11201 4 2 1 1 476 280 475 2966
11202 4 2 1 1 621 651 583 3142
11203 4 2 1 1 1881 3188 1839 2810
11204 4 2 1 1 183 184 1268 3340
11205 4 2 1 1 779 115 116 3308
11206 4 2 1 1 3182 4149 2644 4202
11207 4 2 1 1 3116 3715 2392 4266
11208 4 2 1 1 4125 3413 3406 2465
11209 4 2 1 1 2394 2879 3250 3730
11210 4 2 1 1 2521 3250 2879 3730
11211 4 2 1 1 1724 3579 1630 3737
11212 4 2 1 1 3265 4240 3655 2793
11213 4 2 1 1 1061 1206 3697 4553
11214 4 2 1 1 4265 814 837 812
11215 4 2 1 1 3136 3509 2783 4226
11216 4 2 1 1 1108 1084 1094 3506
11217 4 2 1 1 2482 4556 3548 2914
11218 4 2 1 1 2486 3963 3905 4374
11219 4 2 1 1 2853 3486 3207 2337
11220 4 2 1 1 1164 2939 1071 4350
11221 4 2 1 1 4104 3712 3940 2803
11222 4 2 1 1 3239 3258 2502 4170
11223 4 2 1 1 219 218 4507 1754
11224 4 2 1 1 1561 2813 1563 4116
11225 4 2 1 1 3085 3317 2455 4105
11226 4 2 1 1 2208 4668 2039 156
11227 4 2 1 1 1138 1229 1137 2832
11228 4 2 1 1 2533 3613 3628 3738
11229 4 2 1 1 546 3326 2929 4161
11230 4 2 1 1 3127 3381 2473 3836
11231 4 2 1 1 429 344 454 3786
11232 4 2 1 1 3776 3966 2403 2763
11233 4 2 1 1 539 538 3050 537
11234 4 2 1 1 2804 3253 2446 4007
11235 4 2 1 1 2355 3389 2591 3731
11236 4 2 1 1 503 4190 3952 4464
11237 4 2 1 1 1889 2608 1870 4208
11238 4 2 1 1 2513 3241 3183 3242
11239 4 2 1 1 3123 3126 2705 3913
11240 4 2 1 1 3068 3665 1896 4105
11241 4 2 1 1 701 4580 112 3419
11242 4 2 1 1 2903 3080 2519 4348
11243 4 2 1 1 2516 4159 2808 4439
11244 4 2 1 1 2864 3400 2393 4302
11245 4 2 1 1 872 866 990 4408
11246 4 2 1 1 2007 4598 4187 1998
11247 4 2 1 1 2803 3820 2835 4044
11248 4 2 1 1 2412 3487 2975 4200
11249 4 2 1 1 3705 3858 3627 2481
11250 4 2 1 1 2940 2409 3555 2340
11251 4 2 1 1 4109 4471 301 2884
11252 4 2 1 1 3174 3756 3543 3336
11253 4 2 1 1 2419 3436 4030 4363
11254 4 2 1 1 2376 3319 3194 3435
11255 4 2 1 1 1463 3396 1494 1377
11256 4 2 1 1 2432 2742 3298 3736
11257 4 2 1 1 2420 4311 3633 4402
11258 4 2 1 1 2825 3159 2405 3802
11259 4 2 1 1 1685 1702 1599 3930
11260 4 2 1 1 4252 4569 2694 3737
11261 4 2 1 1 2937 4092 2628 4372
11262 4 2 1 1 3736 1029 1246 3577
11263 4 2 1 1 3019 3985 2479 4344
11264 4 2 1 1 3663 587 652 585
11265 4 2 1 1 2249 3252 2144 2143
11266 4 2 1 1 1662 1601 3437 3636
11267 4 2 1 1 3927 2891 2482 3424
11268 4 2 1 1 3736 1246 1029 1172
11269 4 2 1 1 1985 1980 2660 3672
11270 4 2 1 1 2604 2976 4511 3504
11271 4 2 1 1 1985 2660 1980 1805
11272 4 2 1 1 4507 219 1754 3042
11273 4 2 1 1 3427 2703 4348 4503
11274 4 2 1 1 2447 3745 2904 4104
11275 4 2 1 1 1499 1401 182 3921
11276 4 2 1 1 2252 2953 2457 3330
11277 4 2 1 1 2851 3594 1495 2999
11278 4 2 1 1 2106 2672 2190 3678
11279 4 2 1 1 1160 4044 2803 4370
11280 4 2 1 1 2851 2479 4353 2385
11281 4 2 1 1 2769 3598 2572 3721
11282 4 2 1 1 1378 1289 1375 2771
11283 4 2 1 1 3367 3440 2737 4286
11284 4 2 1 1 2836 3411 2174 4081
11285 4 2 1 1 3572 4117 3517 4256
11286 4 2 1 1 1416 1417 1354 2914
11287 4 2 1 1 627 499 4005 4329
11288 4 2 1 1 1041 4067 2733 4390
11289 4 2 1 1 326 411 2855 4398
11290 4 2 1 1 1226 3426 3175 4495
11291 4 2 1 1 3063 2261 3487 3181
11292 4 2 1 1 1315 1313 2973 4234
11293 4 2 1 1 3729 3977 2442 3449
11294 4 2 1 1 113 3591 963 4580
11295 4 2 1 1 2025 4612 3423 1987
11296 4 2 1 1 3328 3080 2566 3772
11297 4 2 1 1 3166 3706 2458 3828
11298 4 2 1 1 769 4332 3480 4415
11299 4 2 1 1 605 3400 624 2815
11300 4 2 1 1 3374 3966 2439 4384
11301 4 2 1 1 1808 1807 1788 4279
11302 4 2 1 1 3925 4056 2916 4198
11303 4 2 1 1 731 2684 508 4114
11304 4 2 1 1 2718 4100 2523 4161
11305 4 2 1 1 2558 3434 2851 3804
11306 4 2 1 1 477 3959 2861 4231
11307 4 2 1 1 2713 3106 2302 4224
11308 4 2 1 1 3516 3517 4117 4256
11309 4 2 1 1 1217 1011 148 3472
11310 4 2 1 1 2440 3818 2686 3182
11311 4 2 1 1 2464 2727 2988 4017
11312 4 2 1 1 2656 3697 2803 4104
11313 4 2 1 1 987 96 97 3416
11314 4 2 1 1 2285 2883 3104 3538
11315 4 2 1 1 1225 1143 1130 3233
11316 4 2 1 1 1326 1433 3020 3955
11317 4 2 1 1 3864 2660 1980 3672
11318 4 2 1 1 2170 2157 4156 2795
11319 4 2 1 1 3321 2136 2142 2235
11320 4 2 1 1 1354 3548 4382 1352
11321 4 2 1 1 3116 2392 3715 3922
11322 4 2 1 1 4166 4479 4474 3259
11323 4 2 1 1 989 873 872 3227
11324 4 2 1 1 3472 149 962 148
11325 4 2 1 1 438 3665 3068 3801
11326 4 2 1 1 987 3416 97 3635
11327 4 2 1 1 1917 3207 1975 3672
11328 4 2 1 1 1789 2962 3219 3720
11329 4 2 1 1 3864 1980 2660 1805
11330 4 2 1 1 807 2997 809 4343
11331 4 2 1 1 939 923 940 4478
11332 4 2 1 1 2783 3802 3136 4226
11333 4 2 1 1 3945 1121 1218 3439
11334 4 2 1 1 3029 3371 2860 3585
11335 4 2 1 1 786 4356 3514 4409
11336 4 2 1 1 967 3037 994 4248
11337 4 2 1 1 339 4420 342 3028
11338 4 2 1 1 2526 3948 3042 4269
11339 4 2 1 1 1941 1993 1879 4221
11340 4 2 1 1 2384 3646 3005 4404
11341 4 2 1 1 2579 3309 3155 4291
11342 4 2 1 1 3139 2587 4063 4323
11343 4 2 1 1 3253 1057 1059 3652
11344 4 2 1 1 2008 240 241 3502
11345 4 2 1 1 493 487 288 2826
11346 4 2 1 1 1699 1697 1698 3512
11347 4 2 1 1 1294 1503 3980 4281
11348 4 2 1 1 1179 3532 1081 4337
11349 4 2 1 1 2882 2983 2462 3571
11350 4 2 1 1 4321 2340 3441 3394
11351 4 2 1 1 2386 3443 4217 4314
11352 4 2 1 1 1298 1296 4285 1297
11353 4 2 1 1 2498 3051 3970 3810
11354 4 2 1 1 1981 1795 76 4022
11355 4 2 1 1 3150 2767 2986 2323
11356 4 2 1 1 2866 3059 2909 3578
11357 4 2 1 1 2008 3000 240 3502
11358 4 2 1 1 2256 2828 2827 2960
11359 4 2 1 1 2475 2848 3537 3543
11360 4 2 1 1 2322 3595 2819 3596
11361 4 2 1 1 1545 262 263 4666
11362 4 2 1 1 206 1746 205 3982
11363 4 2 1 1 2253 2575 2735 3485
11364 4 2 1 1 123 122 4641 518
11365 4 2 1 1 1504 3582 1374 4324
11366 4 2 1 1 767 960 146 4139
11367 4 2 1 1 4650 227 226 1290
11368 4 2 1 1 2796 4089 1251 4469
11369 4 2 1 1 2016 3317 1883 4105
11370 4 2 1 1 3086 3424 2401 4145
11371 4 2 1 1 2523 3258 3239 4433
11372 4 2 1 1 3194 3319 2658 4326
11373 4 2 1 1 4297 4373 3070 4436
11374 4 2 1 1 2523 4100 2718 4499
11375 4 2 1 1 2381 3475 2767 4077
11376 4 2 1 1 1475 1396 1411 3319
11377 4 2 1 1 4029 3035 2740 2621
11378 4 2 1 1 2268 2994 2967 3173
11379 4 2 1 1 1703 3072 1580 1578
11380 4 2 1 1 2379 3792 3404 3917
11381 4 2 1 1 3441 2340 4321 2727
11382 4 2 1 1 2718 2523 3793 4161
11383 4 2 1 1 3041 3391 2004 4392
11384 4 2 1 1 972 761 3022 3952
11385 4 2 1 1 1087 2954 1046 4179
11386 4 2 1 1 2941 2459 3516 4256
11387 4 2 1 1 841 842 3160 3780
11388 4 2 1 1 3013 3344 3150 4418
11389 4 2 1 1 2554 3157 2964 4327
11390 4 2 1 1 3039 3855 3629 3894
11391 4 2 1 1 3937 3766 1729 1527
11392 4 2 1 1 1941 4243 3446 3550
11393 4 2 1 1 636 522 718 2859
11394 4 2 1 1 476 477 3959 376
11395 4 2 1 1 497 3877 713 4220
11396 4 2 1 1 3152 3355 2151 4263
11397 4 2 1 1 428 332 341 3228
11398 4 2 1 1 3937 1729 3766 2719
11399 4 2 1 1 1940 3405 1870 1890
11400 4 2 1 1 1339 1326 3622 3955
11401 4 2 1 1 2950 3899 2601 4074
11402 4 2 1 1 1046 4067 1044 4179
11403 4 2 1 1 1056 3267 1054 3541
11404 4 2 1 1 602 600 572 2972
11405 4 2 1 1 1834 3098 1835 4218
11406 4 2 1 1 2601 3339 3655 4019
11407 4 2 1 1 2338 2987 2849 4170
11408 4 2 1 1 2824 3981 2588 4107
11409 4 2 1 1 1530 3994 4279 1740
11410 4 2 1 1 2405 3159 2825 3888
11411 4 2 1 1 2996 3452 2542 4371
11412 4 2 1 1 2332 3642 2937 3791
11413 4 2 1 1 373 2932 481 3986
11414 4 2 1 1 2413 3370 3269 4391
11415 4 2 1 1 1685 3081 1736 3930
11416 4 2 1 1 2930 4315 3350 4489
11417 4 2 1 1 2382 2744 3542 4449
11418 4 2 1 1 3964 4273 2799 3008
11419 4 2 1 1 1701 3067 1621 4466
11420 4 2 1 1 1746 4585 3694 1529
11421 4 2 1 1 1230 3194 1163 4084
11422 4 2 1 1 699 625 514 2931
11423 4 2 1 1 2075 2069 2168 2908
11424 4 2 1 1 2882 2347 3288 4446
11425 4 2 1 1 2422 3000 3917 2666
11426 4 2 1 1 557 578 559 3767
11427 4 2 1 1 2432 3298 2804 3736
11428 4 2 1 1 2278 2928 3357 3683
11429 4 2 1 1 801 803 826 4086
11430 4 2 1 1 993 90 91 4114
11431 4 2 1 1 2587 3139 3972 4323
11432 4 2 1 1 2597 3229 3644 4410
11433 4 2 1 1 87 86 1976 4155
11434 4 2 1 1 3217 2406 3829 2615
11435 4 2 1 1 4155 1793 86 1976
11436 4 2 1 1 2684 2480 2972 3639
11437 4 2 1 1 2455 3651 3068 4210
11438 4 2 1 1 2497 3669 2884 2290
11439 4 2 1 1 2325 2573 3723 3724
11440 4 2 1 1 2515 3437 3133 4057
11441 4 2 1 1 895 842 844 3780
11442 4 2 1 1 1969 2001 1968 3155
11443 4 2 1 1 4495 2559 3175 4468
11444 4 2 1 1 1662 1661 1601 3636
11445 4 2 1 1 2006 3404 1949 3502
11446 4 2 1 1 2255 2493 2504 2953
11447 4 2 1 1 2395 2788 3960 4400
11448 4 2 1 1 3964 2799 4273 3521
11449 4 2 1 1 1817 1913 1813 3130
11450 4 2 1 1 3077 3536 3662 2615
11451 4 2 1 1 3807 4106 2996 4371
11452 4 2 1 1 1668 2760 1607 4422
11453 4 2 1 1 1135 1043 3040 4047
11454 4 2 1 1 2115 2843 2114 4261
11455 4 2 1 1 574 3566 2956 4448
11456 4 2 1 1 2453 2824 3591 4461
11457 4 2 1 1 2768 2417 3634 4366
11458 4 2 1 1 2270 3373 3015 3482
11459 4 2 1 1 1433 1335 1324 3020
11460 4 2 1 1 632 3566 3036 3699
11461 4 2 1 1 2540 3661 3178 4252
11462 4 2 1 1 1686 1732 1687 3157
11463 4 2 1 1 3062 3063 2496 4472
11464 4 2 1 1 2439 3101 3100 4083
11465 4 2 1 1 3177 2294 3991 4377
11466 4 2 1 1 2297 3893 2995 3905
11467 4 2 1 1 2558 3392 2873 3593
11468 4 2 1 1 1381 4001 4508 1369
11469 4 2 1 1 3365 171 170 1491
11470 4 2 1 1 3133 3238 2396 3987
11471 4 2 1 1 2435 3565 2775 4407
11472 4 2 1 1 63 3840 4069 1798
11473 4 2 1 1 1950 1836 1839 3188
11474 4 2 1 1 2254 2822 2613 3200
11475 4 2 1 1 320 3483 3251 4354
11476 4 2 1 1 4347 2304 3786 2911
11477 4 2 1 1 895 3480 769 4332
11478 4 2 1 1 3133 2396 3345 3987
11479 4 2 1 1 2229 3589 2164 2211
11480 4 2 1 1 2024 3470 3423 4364
11481 4 2 1 1 2650 3422 2884 3429
11482 4 2 1 1 2588 2876 3355 4263
11483 4 2 1 1 2390 3058 3671 3889
11484 4 2 1 1 1446 1339 3622 3955
11485 4 2 1 1 3690 4472 3839 2358
11486 4 2 1 1 681 3379 679 4321
11487 4 2 1 1 2109 2143 2108 3252
11488 4 2 1 1 2450 3988 3783 4154
11489 4 2 1 1 1332 1439 1330 3620
11490 4 2 1 1 2082 2184 2077 3746
11491 4 2 1 1 829 921 817 4020
11492 4 2 1 1 553 592 3542 2670
11493 4 2 1 1 4152 2251 2418 4223
11494 4 2 1 1 296 298 297 3669
11495 4 2 1 1 2342 2890 4096 4297
11496 4 2 1 1 2482 2914 3548 4382
11497 4 2 1 1 2669 3941 3494 2313
11498 4 2 1 1 2491 3112 3592 4419
11499 4 2 1 1 2229 3589 2211 4209
11500 4 2 1 1 1371 1499 3548 3921
11501 4 2 1 1 1561 2813 4116 3328
11502 4 2 1 1 4155 1793 1976 1903
11503 4 2 1 1 804 803 802 2955
11504 4 2 1 1 2081 2077 3322 3746
11505 4 2 1 1 2453 3244 2798 4401
11506 4 2 1 1 2174 2836 2093 4034
11507 4 2 1 1 2748 2427 3630 3777
11508 4 2 1 1 2338 3239 4170 4433
11509 4 2 1 1 4447 4554 2745 3873
11510 4 2 1 1 602 4321 681 620
11511 4 2 1 1 532 533 3339 3783
11512 4 2 1 1 2061 3285 3158 4133
11513 4 2 1 1 1531 3858 2736 4177
11514 4 2 1 1 3355 2150 2876 4517
11515 4 2 1 1 3365 171 1491 4137
11516 4 2 1 1 3726 3727 2454 4203
11517 4 2 1 1 4574 44 5 1514
11518 4 2 1 1 4334 4435 2774 4439
11519 4 2 1 1 2944 2467 3728 4246
11520 4 2 1 1 2753 3931 2571 2300
11521 4 2 1 1 2637 2638 3900 3798
11522 4 2 1 1 2261 4149 4434 4150
11523 4 2 1 1 2816 3689 3119 3991
11524 4 2 1 1 1374 2880 4001 3582
11525 4 2 1 1 2238 4373 2240 2141
11526 4 2 1 1 2450 2994 3173 4054
11527 4 2 1 1 2033 1907 3231 4140
11528 4 2 1 1 2275 2628 2902 4320
11529 4 2 1 1 2926 3944 3529 4213
11530 4 2 1 1 1636 1536 1635 3560
11531 4 2 1 1 672 3219 673 4035
11532 4 2 1 1 2076 3285 2155 3862
11533 4 2 1 1 2312 3231 4077 4459
11534 4 2 1 1 2311 3056 2905 3258
11535 4 2 1 1 2779 3338 2603 3950
11536 4 2 1 1 2101 3589 3136 4209
11537 4 2 1 1 810 809 808 3568
11538 4 2 1 1 2085 2105 2104 3343
11539 4 2 1 1 2477 4205 3636 4318
11540 4 2 1 1 2274 3360 3347 3361
11541 4 2 1 1 2400 3559 2740 4029
11542 4 2 1 1 3338 2779 3024 2272
11543 4 2 1 1 3455 3669 297 4471
11544 4 2 1 1 3314 3604 2403 3845
11545 4 2 1 1 3351 2836 2177 4081
11546 4 2 1 1 3383 3559 2400 3674
11547 4 2 1 1 711 4190 503 4464
11548 4 2 1 1 2311 2915 2905 3056
11549 4 2 1 1 2752 4005 2686 3182
11550 4 2 1 1 2490 3746 3322 4034
11551 4 2 1 1 4150 2404 4099 2256
11552 4 2 1 1 3346 3581 3580 3598
11553 4 2 1 1 2957 3851 2728 4367
11554 4 2 1 1 2986 4243 1830 4385
11555 4 2 1 1 2467 4246 3303 4308
11556 4 2 1 1 2081 3746 4004 4341
11557 4 2 1 1 1074 3229 1085 3907
11558 4 2 1 1 3376 3811 2516 4172
11559 4 2 1 1 1213 150 151 3790
11560 4 2 1 1 4564 4518 3973 4527
11561 4 2 1 1 2281 2731 3226 3569
11562 4 2 1 1 1794 258 3672 4516
11563 4 2 1 1 2745 3206 2334 3140
11564 4 2 1 1 3790 150 1027 1213
11565 4 2 1 1 2556 4204 3192 4354
11566 4 2 1 1 2628 3791 2937 4519
11567 4 2 1 1 3374 3966 4384 2763
11568 4 2 1 1 2859 2183 3996 4249
11569 4 2 1 1 2571 2668 4166 4330
11570 4 2 1 1 2430 2869 3245 3949
11571 4 2 1 1 3705 3858 2481 3458
11572 4 2 1 1 2077 2078 2074 3322
11573 4 2 1 1 360 3749 3515 4142
11574 4 2 1 1 250 1992 249 3074
11575 4 2 1 1 138 1029 137 3577
11576 4 2 1 1 2069 3653 4141 2066
11577 4 2 1 1 3062 3063 2261 3487
11578 4 2 1 1 3955 2475 2848 3622
11579 4 2 1 1 2512 3351 3149 3710
11580 4 2 1 1 1071 4255 1070 4350
11581 4 2 1 1 1124 3701 1173 3892
11582 4 2 1 1 2509 2997 3215 4343
11583 4 2 1 1 1492 3594 221 3948
11584 4 2 1 1 2373 3421 2931 4155
11585 4 2 1 1 2138 2177 2175 4081
11586 4 2 1 1 2718 3793 2523 4499
11587 4 2 1 1 2841 3416 2409 4091
11588 4 2 1 1 1592 1593 1622 3213
11589 4 2 1 1 3070 3760 2672 4195
11590 4 2 1 1 586 587 588 3918
11591 4 2 1 1 2423 2839 3393 4245
11592 4 2 1 1 2405 3373 3372 3888
11593 4 2 1 1 2798 3244 2453 2824
11594 4 2 1 1 2284 3244 2798 2824
11595 4 2 1 1 2249 4596 2049 2200
11596 4 2 1 1 4564 4518 4527 3512
11597 4 2 1 1 633 742 647 3699
11598 4 2 1 1 1956 3165 3418 3000
11599 4 2 1 1 2532 2868 4045 4571
11600 4 2 1 1 1406 3508 2973 4322
11601 4 2 1 1 800 3401 801 4549
11602 4 2 1 1 2455 3801 2707 4210
11603 4 2 1 1 2419 3436 3010 2835
11604 4 2 1 1 1363 4389 1359 1428
11605 4 2 1 1 2423 3861 2839 4245
11606 4 2 1 1 2812 3480 2529 4199
11607 4 2 1 1 1590 1689 1690 3881
11608 4 2 1 1 2102 2100 2101 4425
11609 4 2 1 1 743 3819 657 705
11610 4 2 1 1 2378 3545 2802 2705
11611 4 2 1 1 902 3709 904 4206
11612 4 2 1 1 137 3577 1029 4056
11613 4 2 1 1 2547 3843 3088 3907
11614 4 2 1 1 3561 1709 1708 1706
11615 4 2 1 1 2935 3320 2438 4362
11616 4 2 1 1 2431 3427 2739 3583
11617 4 2 1 1 2483 2716 3619 4237
11618 4 2 1 1 1730 3081 3502 1736
11619 4 2 1 1 2454 3529 2904 3940
11620 4 2 1 1 2287 3069 3467 4325
11621 4 2 1 1 1924 1920 1872 3066
11622 4 2 1 1 2768 3909 2417 4366
11623 4 2 1 1 2431 3427 3673 4070
11624 4 2 1 1 548 678 662 3193
11625 4 2 1 1 1031 3439 1257 3782
11626 4 2 1 1 2901 3936 2492 4411
11627 4 2 1 1 3581 3687 3598 2438
11628 4 2 1 1 3868 4058 3200 4494
11629 4 2 1 1 2339 2881 3627 4510
11630 4 2 1 1 2735 3927 3424 4145
11631 4 2 1 1 1095 1094 3506 3892
11632 4 2 1 1 1941 4243 3550 1828
11633 4 2 1 1 1366 1432 1336 4404
11634 4 2 1 1 2342 4297 4436 3313
11635 4 2 1 1 2482 4556 2914 4112
11636 4 2 1 1 2715 2596 3693 4167
11637 4 2 1 1 2147 2107 2140 3782
11638 4 2 1 1 1938 3061 3391 4022
11639 4 2 1 1 2798 2289 3613 4401
11640 4 2 1 1 2265 2887 3384 3567
11641 4 2 1 1 2241 2193 3019 4344
11642 4 2 1 1 799 800 801 4549
11643 4 2 1 1 3728 3608 3956 2448
11644 4 2 1 1 1356 1353 1355 3890
11645 4 2 1 1 2843 2599 2114 4261
11646 4 2 1 1 899 2845 898 897
11647 4 2 1 1 1042 3198 2733 4047
11648 4 2 1 1 141 3513 899 4504
11649 4 2 1 1 2578 3109 3014 3186
11650 4 2 1 1 3955 2848 2475 3020
11651 4 2 1 1 4134 4571 3778 3088
11652 4 2 1 1 816 817 815 2921
11653 4 2 1 1 3544 3781 2885 4339
11654 4 2 1 1 2536 3654 2716 3834
11655 4 2 1 1 2584 3602 3228 3788
11656 4 2 1 1 1180 2879 1176 3532
11657 4 2 1 1 1515 232 11 4658
11658 4 2 1 1 1760 4614 4652 3321
11659 4 2 1 1 1170 4590 4056 4198
11660 4 2 1 1 980 3204 981 4191
11661 4 2 1 1 2150 2876 2120 4263
11662 4 2 1 1 789 2918 787 4409
11663 4 2 1 1 2393 3279 2960 3806
11664 4 2 1 1 3718 4316 3260 2610
11665 4 2 1 1 604 3400 605 3632
11666 4 2 1 1 2557 3117 3867 4262
11667 4 2 1 1 102 505 714 3008
11668 4 2 1 1 2415 3432 2908 3808
11669 4 2 1 1 3008 3964 3204 2338
11670 4 2 1 1 2150 2110 2149 3355
11671 4 2 1 1 994 3037 938 3784
11672 4 2 1 1 2584 3228 3602 2371
11673 4 2 1 1 1425 1421 1424 4473
11674 4 2 1 1 4615 404 4581 52
11675 4 2 1 1 2369 3730 3461 3946
11676 4 2 1 1 1444 3005 1267 3646
11677 4 2 1 1 2592 3703 3314 4130
11678 4 2 1 1 2360 3476 2821 2749
11679 4 2 1 1 3286 4391 4430 3287
11680 4 2 1 1 2843 4021 2995 4261
11681 4 2 1 1 324 3483 337 3807
11682 4 2 1 1 1210 1141 1024 4277
11683 4 2 1 1 2390 2855 3943 4095
11684 4 2 1 1 2765 2450 3445 3988
11685 4 2 1 1 3640 2290 2497 3869
11686 4 2 1 1 2929 544 4448 571
11687 4 2 1 1 2919 4018 2419 2835
11688 4 2 1 1 2025 3405 1940 1890
11689 4 2 1 1 2557 3408 3398 4123
11690 4 2 1 1 1779 79 78 3877
11691 4 2 1 1 2025 4612 1987 1776
11692 4 2 1 1 1674 2520 1768 3601
11693 4 2 1 1 2093 2836 2177 4488
11694 4 2 1 1 2349 2909 2866 3452
11695 4 2 1 1 2300 3248 3332 4357
11696 4 2 1 1 4333 2542 3477 2932
11697 4 2 1 1 1402 3272 1308 4063
11698 4 2 1 1 2926 3347 2274 3528
11699 4 2 1 1 1836 1834 1835 4218
11700 4 2 1 1 1779 78 2775 3877
11701 4 2 1 1 2450 3783 2998 4019
11702 4 2 1 1 2405 3888 2825 4031
11703 4 2 1 1 3067 4171 3737 4522
11704 4 2 1 1 3731 3540 4363 3103
11705 4 2 1 1 3701 4283 2943 3892
11706 4 2 1 1 2644 2261 2975 4150
11707 4 2 1 1 3709 2697 3911 4529
11708 4 2 1 1 497 713 647 4220
11709 4 2 1 1 666 665 698 3840
11710 4 2 1 1 2515 3238 3133 3987
11711 4 2 1 1 1090 1162 1193 4018
11712 4 2 1 1 1260 152 9 4589
11713 4 2 1 1 4572 3539 3837 2468
11714 4 2 1 1 2607 3539 2606 3837
11715 4 2 1 1 189 4589 1260 9
11716 4 2 1 1 505 719 3008 4500
11717 4 2 1 1 1973 3498 3041 4392
11718 4 2 1 1 3400 2815 2627 4552
11719 4 2 1 1 397 461 3708 3931
11720 4 2 1 1 2372 4383 3726 3038
11721 4 2 1 1 2298 3585 3029 3586
11722 4 2 1 1 1978 2962 1946 1789
11723 4 2 1 1 2275 2940 2624 4391
11724 4 2 1 1 2515 3133 3345 3987
11725 4 2 1 1 3290 3561 2570 4516
11726 4 2 1 1 857 3305 4192 4408
11727 4 2 1 1 2071 2157 2064 4156
11728 4 2 1 1 796 795 849 3676
11729 4 2 1 1 2267 2938 2991 2426
11730 4 2 1 1 1480 1404 1467 3508
11731 4 2 1 1 3003 3442 2273 3580
11732 4 2 1 1 808 2997 807 4547
11733 4 2 1 1 4645 4602 290 3259
11734 4 2 1 1 4589 1036 3246 4637
11735 4 2 1 1 1829 1855 1937 4385
11736 4 2 1 1 1484 1453 1519 4101
11737 4 2 1 1 922 4020 3503 4478
11738 4 2 1 1 3805 4041 2608 4501
11739 4 2 1 1 2333 3045 2621 3910
11740 4 2 1 1 2687 2305 3032 3734
11741 4 2 1 1 2252 3087 2543 4282
11742 4 2 1 1 1623 3031 1593 3884
11743 4 2 1 1 2666 4159 3072 4568
11744 4 2 1 1 3203 4102 2790 4239
11745 4 2 1 1 3805 4125 2608 4169
11746 4 2 1 1 3122 3131 2522 4180
11747 4 2 1 1 720 4191 3691 4500
11748 4 2 1 1 690 689 2988 4274
11749 4 2 1 1 2636 3548 3935 4257
11750 4 2 1 1 1798 2706 4069 4481
11751 4 2 1 1 1466 1461 1372 3359
11752 4 2 1 1 2345 2926 3347 3430
11753 4 2 1 1 714 505 719 3008
11754 4 2 1 1 2917 2400 3559 3674
11755 4 2 1 1 841 3156 952 4280
11756 4 2 1 1 1894 1781 1910 2945
11757 4 2 1 1 3067 3870 3737 4171
11758 4 2 1 1 574 2956 542 4448
11759 4 2 1 1 708 502 108 3387
11760 4 2 1 1 2484 2251 2647 3607
11761 4 2 1 1 1595 3563 1602 4051
11762 4 2 1 1 3567 3280 3036 2435
11763 4 2 1 1 1199 2868 3216 1195
11764 4 2 1 1 2406 3536 2807 3829
11765 4 2 1 1 1481 4487 3209 3898
11766 4 2 1 1 2529 3160 3026 4332
11767 4 2 1 1 2073 3781 2070 4339
11768 4 2 1 1 2671 2909 3524 3976
11769 4 2 1 1 2392 2957 3675 4131
11770 4 2 1 1 2820 3958 2780 4258
11771 4 2 1 1 2992 3459 2922 4303
11772 4 2 1 1 3905 3134 3616 4374
11773 4 2 1 1 3599 3850 2645 4236
11774 4 2 1 1 3408 4125 3117 4501
11775 4 2 1 1 2616 2963 4282 3631
11776 4 2 1 1 2276 3222 2646 3270
11777 4 2 1 1 1768 2520 1674 1673
11778 4 2 1 1 2512 3710 3149 4473
11779 4 2 1 1 1733 4592 4639 264
11780 4 2 1 1 1285 3396 1463 1377
11781 4 2 1 1 1626 1607 3915 4422
11782 4 2 1 1 1619 3870 3157 4569
11783 4 2 1 1 3491 4052 4315 2483
11784 4 2 1 1 2496 3235 2945 3181
11785 4 2 1 1 2440 2945 3235 3181
11786 4 2 1 1 2009 3165 3000 4542
11787 4 2 1 1 1174 1079 1179 3532
11788 4 2 1 1 2902 3841 2464 4320
11789 4 2 1 1 1608 1679 1606 3043
11790 4 2 1 1 1019 140 1238 3513
11791 4 2 1 1 4254 3928 2671 4290
11792 4 2 1 1 1270 3318 1483 4227
11793 4 2 1 1 3253 1059 1057 1152
11794 4 2 1 1 2529 3609 3160 4300
11795 4 2 1 1 2528 3581 3097 3598
11796 4 2 1 1 1170 4590 4198 1014
11797 4 2 1 1 4589 1036 4637 1260
11798 4 2 1 1 785 876 3979 782
11799 4 2 1 1 1928 3327 1991 3882
11800 4 2 1 1 2475 3538 3537 2675
11801 4 2 1 1 2654 3993 3625 4533
11802 4 2 1 1 3162 3419 2453 3613
11803 4 2 1 1 2385 4101 2985 4421
11804 4 2 1 1 3754 3963 2486 3244
11805 4 2 1 1 3671 2307 2866 4371
11806 4 2 1 1 475 476 2966 2747
11807 4 2 1 1 3671 2307 4371 2755
11808 4 2 1 1 1941 4243 1828 1863
11809 4 2 1 1 2798 3628 3221 4426
11810 4 2 1 1 2740 3559 314 3035
11811 4 2 1 1 2856 4043 2309 2857
11812 4 2 1 1 2286 3196 4166 4210
11813 4 2 1 1 2272 2778 2779 3024
11814 4 2 1 1 1720 221 3594 3948
11815 4 2 1 1 3857 3939 2974 3949
11816 4 2 1 1 283 2692 465 3588
11817 4 2 1 1 579 3570 674 4035
11818 4 2 1 1 2539 3895 3260 2486
11819 4 2 1 1 4513 2362 3153 2673
11820 4 2 1 1 2662 3103 3184 4381
11821 4 2 1 1 3014 3186 3109 3574
11822 4 2 1 1 4504 143 142 1012
11823 4 2 1 1 2851 4353 3434 2385
11824 4 2 1 1 3126 3490 2469 4162
11825 4 2 1 1 2428 4216 3457 2773
11826 4 2 1 1 2875 3803 2421 4199
11827 4 2 1 1 952 841 883 3156
11828 4 2 1 1 143 1012 4504 3293
11829 4 2 1 1 2577 3014 3536 4175
11830 4 2 1 1 1763 1540 3115 1632
11831 4 2 1 1 4316 3718 4517 2610
11832 4 2 1 1 182 1401 181 3921
11833 4 2 1 1 242 1787 241 3502
11834 4 2 1 1 239 2010 238 3418
11835 4 2 1 1 219 3042 1489 3948
11836 4 2 1 1 2508 4006 3617 4558
11837 4 2 1 1 3308 3752 2505 3981
11838 4 2 1 1 532 530 533 3783
11839 4 2 1 1 2251 4152 2367 4223
11840 4 2 1 1 431 347 376 3959
11841 4 2 1 1 4562 4462 3294 3066
11842 4 2 1 1 1606 3043 1679 4073
11843 4 2 1 1 865 880 881 3981
11844 4 2 1 1 3070 4195 2470 4297
11845 4 2 1 1 3419 3638 2453 4386
11846 4 2 1 1 2692 3990 3106 4368
11847 4 2 1 1 3288 4126 2534 4214
11848 4 2 1 1 1090 1064 3820 4018
11849 4 2 1 1 2611 4491 3378 4562
11850 4 2 1 1 2166 4141 2065 2067
11851 4 2 1 1 883 3514 786 788
11852 4 2 1 1 1405 3318 1462 4412
11853 4 2 1 1 2242 3149 3315 4477
11854 4 2 1 1 378 3668 3455 4471
11855 4 2 1 1 3789 3526 4083 2568
11856 4 2 1 1 2970 3262 2584 4224
11857 4 2 1 1 362 3749 4304 4347
11858 4 2 1 1 2378 2875 3803 3913
11859 4 2 1 1 1711 1774 3415 4545
11860 4 2 1 1 2860 3551 3371 4151
11861 4 2 1 1 2427 2982 3853 4073
11862 4 2 1 1 2422 3917 2743 2666
11863 4 2 1 1 1723 2758 1541 4569
11864 4 2 1 1 2988 683 4017 689
11865 4 2 1 1 858 3187 938 4287
11866 4 2 1 1 2563 2936 4010 4290
11867 4 2 1 1 992 3407 3017 3942
11868 4 2 1 1 78 79 497 3877
11869 4 2 1 1 3575 4102 3203 4239
11870 4 2 1 1 2638 3798 3488 3900
11871 4 2 1 1 392 302 4455 4484
11872 4 2 1 1 3912 4351 2436 3567
11873 4 2 1 1 579 562 3570 4419
11874 4 2 1 1 502 4575 109 3387
11875 4 2 1 1 4672 1548 1762 1771
11876 4 2 1 1 316 3483 324 4535
11877 4 2 1 1 1925 1995 1922 4015
11878 4 2 1 1 3377 3387 2395 4276
11879 4 2 1 1 822 824 823 3666
11880 4 2 1 1 4163 3723 2773 2428
11881 4 2 1 1 2406 3536 3829 2615
11882 4 2 1 1 2410 3561 2890 3902
11883 4 2 1 1 1880 1950 3310 4218
11884 4 2 1 1 63 3840 1798 64
11885 4 2 1 1 2574 4032 2573 4358
11886 4 2 1 1 2308 2905 3258 4499
11887 4 2 1 1 2921 817 4020 4403
11888 4 2 1 1 543 542 3901 4448
11889 4 2 1 1 63 3840 64 515
11890 4 2 1 1 1164 1093 1071 2939
11891 4 2 1 1 1247 1030 1122 2844
11892 4 2 1 1 2571 3647 2753 2300
11893 4 2 1 1 2332 3368 2829 3791
11894 4 2 1 1 827 3247 939 3832
11895 4 2 1 1 4588 129 128 1211
11896 4 2 1 1 2401 3469 3295 4046
11897 4 2 1 1 3479 3663 2931 4262
11898 4 2 1 1 2428 3457 4216 3750
11899 4 2 1 1 2367 3690 2820 4259
11900 4 2 1 1 3407 3942 869 2725
11901 4 2 1 1 804 2955 802 4331
11902 4 2 1 1 2973 2513 4234 4513
11903 4 2 1 1 3361 3430 2759 3816
11904 4 2 1 1 2411 3629 3039 3855
11905 4 2 1 1 2359 3934 3367 4286
11906 4 2 1 1 2423 2800 3861 4245
11907 4 2 1 1 3865 2779 2414 3410
11908 4 2 1 1 2312 3211 2782 4202
11909 4 2 1 1 445 29 30 4611
11910 4 2 1 1 2997 3568 809 4343
11911 4 2 1 1 318 3719 2855 3775
11912 4 2 1 1 2986 2381 2935 4385
11913 4 2 1 1 1456 3365 1491 4137
11914 4 2 1 1 2572 3822 3721 4498
11915 4 2 1 1 3878 1199 4319 3216
11916 4 2 1 1 3145 3564 2537 2422
11917 4 2 1 1 2446 3138 4049 2649
11918 4 2 1 1 359 2942 4006 4204
11919 4 2 1 1 2249 4596 2200 3012
11920 4 2 1 1 1680 2834 1732 3992
11921 4 2 1 1 2659 3716 3602 3788
11922 4 2 1 1 1196 4003 3088 4571
11923 4 2 1 1 2401 4127 2990 4144
11924 4 2 1 1 2545 3498 3046 4392
11925 4 2 1 1 2033 1907 1908 3231
11926 4 2 1 1 1586 3157 1619 3870
11927 4 2 1 1 3650 2267 3292 3120
11928 4 2 1 1 2429 2795 3511 4156
11929 4 2 1 1 1110 3096 3453 4456
11930 4 2 1 1 3407 869 3942 871
11931 4 2 1 1 4465 4231 2861 3707
11932 4 2 1 1 1380 1500 3151 4174
11933 4 2 1 1 2261 3278 4258 4434
11934 4 2 1 1 1571 1570 1572 4012
11935 4 2 1 1 1923 1973 1921 3041
11936 4 2 1 1 2524 2831 3448 4260
11937 4 2 1 1 3241 3242 2513 3459
11938 4 2 1 1 2077 2073 2081 3322
11939 4 2 1 1 938 858 937 3187
11940 4 2 1 1 2497 3640 3869 4357
11941 4 2 1 1 1015 4588 2879 1211
11942 4 2 1 1 3298 3403 2804 3745
11943 4 2 1 1 2580 3569 3025 4546
11944 4 2 1 1 2260 2749 2821 3476
11945 4 2 1 1 2270 2907 2693 3923
11946 4 2 1 1 712 4464 503 3952
11947 4 2 1 1 1258 3126 1154 3984
11948 4 2 1 1 2626 4112 3485 4229
11949 4 2 1 1 1672 3313 1707 3761
11950 4 2 1 1 3051 3763 4088 2319
11951 4 2 1 1 2599 4534 4376 3465
11952 4 2 1 1 1705 1615 3561 3902
11953 4 2 1 1 3422 4109 2546 3035
11954 4 2 1 1 2727 4274 688 4321
11955 4 2 1 1 4588 1211 128 4328
11956 4 2 1 1 2504 2738 3409 3734
11957 4 2 1 1 3338 3876 2354 3410
11958 4 2 1 1 813 939 827 3247
11959 4 2 1 1 3172 3809 3810 2503
11960 4 2 1 1 2684 2480 3639 3017
11961 4 2 1 1 3468 4400 3960 2788
11962 4 2 1 1 102 3008 714 4273
11963 4 2 1 1 3120 3277 2267 3673
11964 4 2 1 1 3120 3277 3673 2519
11965 4 2 1 1 3870 1621 4541 3067
11966 4 2 1 1 990 3639 93 4293
11967 4 2 1 1 1777 4665 1988 57
11968 4 2 1 1 2715 3693 3027 4167
11969 4 2 1 1 2823 3547 3240 4502
11970 4 2 1 1 2414 3812 2778 4024
11971 4 2 1 1 472 407 445 3375
11972 4 2 1 1 1605 1603 1658 4051
11973 4 2 1 1 1975 3207 1873 4312
11974 4 2 1 1 2654 3795 3625 3993
11975 4 2 1 1 847 3203 3547 3575
11976 4 2 1 1 1677 4596 1545 4201
11977 4 2 1 1 3300 3318 2716 4227
11978 4 2 1 1 2536 3654 3999 2838
11979 4 2 1 1 2965 2462 3111 3527
11980 4 2 1 1 2630 3689 3286 4403
11981 4 2 1 1 2347 3052 3151 2675
11982 4 2 1 1 2279 3154 2555 3167
11983 4 2 1 1 2737 2481 3440 4476
11984 4 2 1 1 4593 752 965 4438
11985 4 2 1 1 2372 3726 3091 3038
11986 4 2 1 1 4576 1778 3874 4491
11987 4 2 1 1 2389 3363 2978 3963
11988 4 2 1 1 2586 3362 3479 2514
11989 4 2 1 1 4629 283 3588 4132
11990 4 2 1 1 1410 3139 1341 3656
11991 4 2 1 1 2419 3184 3103 4363
11992 4 2 1 1 2495 3150 3309 3987
11993 4 2 1 1 2099 4209 3136 4226
11994 4 2 1 1 941 3503 2801 4091
11995 4 2 1 1 2526 3025 4039 4269
11996 4 2 1 1 2744 3632 2393 2729
11997 4 2 1 1 2565 3774 2721 4085
11998 4 2 1 1 628 612 599 4005
11999 4 2 1 1 3413 3421 1869 4313
12000 4 2 1 1 2829 3324 2444 4211
12001 4 2 1 1 3593 3861 2423 3890
12002 4 2 1 1 2549 3342 3466 4147
12003 4 2 1 1 1018 1207 3478 4495
12004 4 2 1 1 2602 3236 3930 4568
12005 4 2 1 1 689 4017 2988 4274
12006 4 2 1 1 2442 3702 4151 4308
12007 4 2 1 1 3064 3447 2970 2371
12008 4 2 1 1 2599 4376 4534 3408
12009 4 2 1 1 725 690 689 2988
12010 4 2 1 1 469 4604 3618 471
12011 4 2 1 1 626 630 634 4212
12012 4 2 1 1 2449 4246 3824 4307
12013 4 2 1 1 2882 3288 4126 4446
12014 4 2 1 1 1570 1568 1600 4012
12015 4 2 1 1 2196 2153 2115 4261
12016 4 2 1 1 2392 4296 3402 3124
12017 4 2 1 1 1305 3664 2761 3774
12018 4 2 1 1 4588 2879 1211 4328
12019 4 2 1 1 1138 3855 1107 3894
12020 4 2 1 1 2947 3170 2304 4253
12021 4 2 1 1 2536 3654 3834 3999
12022 4 2 1 1 3241 3357 2339 3759
12023 4 2 1 1 617 616 516 4079
12024 4 2 1 1 3009 3507 2703 4093
12025 4 2 1 1 2356 3454 3499 4270
12026 4 2 1 1 2395 2788 3377 3960
12027 4 2 1 1 994 3037 3784 4248
12028 4 2 1 1 1149 1148 1096 3894
12029 4 2 1 1 3210 4025 2589 4200
12030 4 2 1 1 2073 2072 2172 2885
12031 4 2 1 1 2280 4534 4376 3408
12032 4 2 1 1 2662 3501 4381 4486
12033 4 2 1 1 3222 3113 2622 4071
12034 4 2 1 1 847 3203 3575 884
12035 4 2 1 1 1904 3464 3235 4233
12036 4 2 1 1 318 3775 2855 4428
12037 4 2 1 1 1130 1223 1224 3359
12038 4 2 1 1 67 673 738 4521
12039 4 2 1 1 1522 1767 1631 3477
12040 4 2 1 1 2508 3617 4528 4558
12041 4 2 1 1 2354 3934 2756 4538
12042 4 2 1 1 2265 3384 2887 2888
12043 4 2 1 1 4138 3932 3534 2640
12044 4 2 1 1 4495 2559 4468 3038
12045 4 2 1 1 824 852 828 3334
12046 4 2 1 1 4588 2865 3250 2879
12047 4 2 1 1 1603 3826 1658 4051
12048 4 2 1 1 1423 1450 1449 4101
12049 4 2 1 1 2339 3357 3241 4513
12050 4 2 1 1 1545 4639 3601 4666
12051 4 2 1 1 4587 256 255 1788
12052 4 2 1 1 1187 3495 1089 4013
12053 4 2 1 1 4230 4443 2893 4475
12054 4 2 1 1 1755 203 1753 3770
12055 4 2 1 1 4587 1788 255 4279
12056 4 2 1 1 1672 1707 1613 3761
12057 4 2 1 1 1537 1637 1551 3427
12058 4 2 1 1 4646 495 3708 706
12059 4 2 1 1 3283 3553 2494 3661
12060 4 2 1 1 2271 3011 2591 4363
12061 4 2 1 1 426 3196 425 4474
12062 4 2 1 1 1788 4587 256 3615
12063 4 2 1 1 4138 3932 2640 3537
12064 4 2 1 1 2378 3015 2875 3913
12065 4 2 1 1 1719 1731 1662 3133
12066 4 2 1 1 2445 3071 2794 3553
12067 4 2 1 1 4606 486 447 292
12068 4 2 1 1 3612 2264 2638 2693
12069 4 2 1 1 1334 4082 3829 4470
12070 4 2 1 1 2701 2537 2344 3145
12071 4 2 1 1 1347 3342 1348 4182
12072 4 2 1 1 614 3647 734 3708
12073 4 2 1 1 2519 3427 3080 4070
12074 4 2 1 1 3154 3448 2723 4189
12075 4 2 1 1 2722 4078 1155 4370
12076 4 2 1 1 509 648 3871 3880
12077 4 2 1 1 2319 3810 2738 4088
12078 4 2 1 1 2731 3226 3079 4075
12079 4 2 1 1 2847 2324 3562 3724
12080 4 2 1 1 2424 4106 3807 4371
12081 4 2 1 1 1118 1258 1120 3126
12082 4 2 1 1 3528 3529 2926 3944
12083 4 2 1 1 3226 3569 2360 4355
12084 4 2 1 1 1505 1494 2826 3617
12085 4 2 1 1 2778 3680 4024 2688
12086 4 2 1 1 2516 3376 2899 3811
12087 4 2 1 1 2909 4371 4106 2424
12088 4 2 1 1 3754 3232 2798 3244
12089 4 2 1 1 1446 2977 1435 3955
12090 4 2 1 1 2677 4033 3372 4266
12091 4 2 1 1 760 3635 98 4211
12092 4 2 1 1 2845 3347 2446 4432
12093 4 2 1 1 4606 486 292 3144
12094 4 2 1 1 2346 2896 3260 3755
12095 4 2 1 1 4587 2691 1788 4279
12096 4 2 1 1 2956 4054 3050 3901
12097 4 2 1 1 3190 3626 2969 3974
12098 4 2 1 1 2459 3390 3389 3648
12099 4 2 1 1 1652 1596 1653 3440
12100 4 2 1 1 1919 1857 3863 4228
12101 4 2 1 1 2258 2621 2897 2898
12102 4 2 1 1 706 517 614 3708
12103 4 2 1 1 2590 3495 2919 4456
12104 4 2 1 1 2724 3382 3269 4372
12105 4 2 1 1 3223 3449 2286 4509
12106 4 2 1 1 2746 3601 4373 4436
12107 4 2 1 1 3763 4004 2522 2786
12108 4 2 1 1 2449 3608 3824 4246
12109 4 2 1 1 3223 2286 2668 4509
12110 4 2 1 1 2788 2395 3387 4400
12111 4 2 1 1 4188 4353 2479 2385
12112 4 2 1 1 3401 3686 2416 4549
12113 4 2 1 1 2561 3936 2923 4120
12114 4 2 1 1 2957 3780 2456 4540
12115 4 2 1 1 3945 1218 1121 1133
12116 4 2 1 1 2998 707 526 637
12117 4 2 1 1 3922 2392 2728 4540
12118 4 2 1 1 2731 3353 3226 3569
12119 4 2 1 1 2482 3927 3424 4229
12120 4 2 1 1 1455 1456 3148 4515
12121 4 2 1 1 1253 1206 2804 4007
12122 4 2 1 1 2355 3096 3925 4361
12123 4 2 1 1 2182 2183 2227 4249
12124 4 2 1 1 3703 2592 4040 4130
12125 4 2 1 1 1640 1618 3249 3994
12126 4 2 1 1 3427 3583 2431 3846
12127 4 2 1 1 1543 4640 4614 3415
12128 4 2 1 1 2093 2078 3166 2087
12129 4 2 1 1 1090 2835 3820 4044
12130 4 2 1 1 4487 1333 1331 4470
12131 4 2 1 1 1667 3630 3853 4073
12132 4 2 1 1 397 375 461 3931
12133 4 2 1 1 2919 3495 2419 4018
12134 4 2 1 1 2321 3614 3033 4514
12135 4 2 1 1 4487 1333 4470 2920
12136 4 2 1 1 915 912 914 4343
12137 4 2 1 1 755 897 3293 4504
12138 4 2 1 1 2505 3152 3981 4107
12139 4 2 1 1 631 742 3699 3748
12140 4 2 1 1 2330 3328 3535 4037
12141 4 2 1 1 2568 3526 3139 4323
12142 4 2 1 1 2335 2850 2499 2724
12143 4 2 1 1 1788 2691 4587 3615
12144 4 2 1 1 391 3307 458 4471
12145 4 2 1 1 636 625 699 3479
12146 4 2 1 1 2656 3745 3298 4553
12147 4 2 1 1 4562 4462 3066 2611
12148 4 2 1 1 4173 4218 4023 3188
12149 4 2 1 1 2327 2802 3492 4533
12150 4 2 1 1 1090 1193 1064 4018
12151 4 2 1 1 2901 1858 3863 3378
12152 4 2 1 1 2296 3029 3030 4186
12153 4 2 1 1 1776 4655 3380 4612
12154 4 2 1 1 2069 2908 2075 4339
12155 4 2 1 1 1145 1144 1217 3472
12156 4 2 1 1 364 2942 4558 4006
12157 4 2 1 1 2751 2636 2428 4556
12158 4 2 1 1 395 458 391 3307
12159 4 2 1 1 2804 3298 3745 4553
12160 4 2 1 1 2487 3910 3493 2621
12161 4 2 1 1 2751 2636 3921 2428
12162 4 2 1 1 2479 2811 3765 4353
12163 4 2 1 1 2076 3285 3862 4517
12164 4 2 1 1 594 665 666 3299
12165 4 2 1 1 2314 3713 3268 4019
12166 4 2 1 1 216 4577 1295 217
12167 4 2 1 1 2853 3481 3207 3486
12168 4 2 1 1 2729 4302 4170 4433
12169 4 2 1 1 2095 2089 2098 3828
12170 4 2 1 1 1941 4243 1863 3446
12171 4 2 1 1 2771 2713 3990 4368
12172 4 2 1 1 2248 2139 2985 4081
12173 4 2 1 1 102 756 3008 4273
12174 4 2 1 1 2256 2499 2850 4092
12175 4 2 1 1 2292 2779 2603 3237
12176 4 2 1 1 4021 3996 2218 4249
12177 4 2 1 1 2318 3776 2976 4510
12178 4 2 1 1 2528 3598 3097 4183
12179 4 2 1 1 2006 1882 1949 3404
12180 4 2 1 1 1843 1840 1966 2863
12181 4 2 1 1 2304 3271 3946 4454
12182 4 2 1 1 1452 1279 1495 3594
12183 4 2 1 1 2786 3760 3070 4195
12184 4 2 1 1 3889 4098 4193 2946
12185 4 2 1 1 1300 4110 2990 4127
12186 4 2 1 1 2923 3481 2538 4008
12187 4 2 1 1 3053 4013 1190 4018
12188 4 2 1 1 2889 3941 3667 2313
12189 4 2 1 1 2479 3765 2851 4353
12190 4 2 1 1 2605 4262 3117 4313
12191 4 2 1 1 2821 2619 3226 4355
12192 4 2 1 1 216 4577 217 1526
12193 4 2 1 1 3066 3909 2768 4015
12194 4 2 1 1 2385 3019 2985 4101
12195 4 2 1 1 3269 3369 2618 4406
12196 4 2 1 1 2724 3369 3269 4406
12197 4 2 1 1 1545 4666 3601 4201
12198 4 2 1 1 145 3463 888 4277
12199 4 2 1 1 1612 3761 2846 3983
12200 4 2 1 1 2884 2497 3869 4471
12201 4 2 1 1 2345 2845 3347 2649
12202 4 2 1 1 2360 3226 3353 3569
12203 4 2 1 1 2766 3837 3747 4429
12204 4 2 1 1 1035 3315 1259 4264
12205 4 2 1 1 2716 3654 3619 3834
12206 4 2 1 1 1080 3111 4055 1078
12207 4 2 1 1 342 3515 344 2596
12208 4 2 1 1 3692 3341 3605 2747
12209 4 2 1 1 602 4321 620 619
12210 4 2 1 1 165 166 1502 4586
12211 4 2 1 1 3922 4367 2456 4540
12212 4 2 1 1 2392 3675 3124 4131
12213 4 2 1 1 2638 2637 2301 3266
12214 4 2 1 1 424 3140 422 4420
12215 4 2 1 1 3515 344 2596 2911
12216 4 2 1 1 1110 3096 1185 4198
12217 4 2 1 1 2570 3615 3249 4497
12218 4 2 1 1 2811 2526 3594 4353
12219 4 2 1 1 2753 3647 2571 3708
12220 4 2 1 1 3150 3967 2396 3987
12221 4 2 1 1 2897 4369 4029 2621
12222 4 2 1 1 2468 3539 3837 3998
12223 4 2 1 1 3622 3620 3537 4138
12224 4 2 1 1 1489 1275 1386 3042
12225 4 2 1 1 1667 3630 1556 3853
12226 4 2 1 1 2611 3863 3066 4562
12227 4 2 1 1 668 691 580 3243
12228 4 2 1 1 1607 3915 2760 4444
12229 4 2 1 1 2616 2963 2263 3087
12230 4 2 1 1 3958 3891 4258 2820
12231 4 2 1 1 723 98 3635 4211
12232 4 2 1 1 2725 3205 3105 2391
12233 4 2 1 1 816 817 2921 4403
12234 4 2 1 1 2534 3878 3582 4319
12235 4 2 1 1 614 3647 3708 4330
12236 4 2 1 1 3434 4353 4188 2385
12237 4 2 1 1 3588 2692 1248 1125
12238 4 2 1 1 2829 3368 2444 3791
12239 4 2 1 1 1127 1027 1213 3790
12240 4 2 1 1 2017 1783 1909 3787
12241 4 2 1 1 2584 3262 3028 4059
12242 4 2 1 1 2573 3457 4179 4345
12243 4 2 1 1 1652 3440 1653 4505
12244 4 2 1 1 1419 2800 1424 4473
12245 4 2 1 1 2083 2908 2168 2795
12246 4 2 1 1 165 4586 1502 3582
12247 4 2 1 1 2306 2458 2695 3827
12248 4 2 1 1 1379 4281 1280 4324
12249 4 2 1 1 3149 1425 4338 4473
12250 4 2 1 1 1852 1853 1851 3797
12251 4 2 1 1 2158 2153 2196 3497
12252 4 2 1 1 2371 3186 3014 3574
12253 4 2 1 1 2593 3616 3134 4374
12254 4 2 1 1 1641 3630 3009 4503
12255 4 2 1 1 4150 2404 2256 2499
12256 4 2 1 1 3329 3330 4118 4523
12257 4 2 1 1 3958 4258 3891 2425
12258 4 2 1 1 721 3324 623 3691
12259 4 2 1 1 3126 3264 2469 3490
12260 4 2 1 1 1627 1667 1617 3630
12261 4 2 1 1 4586 1277 166 1502
12262 4 2 1 1 2553 3607 2484 2983
12263 4 2 1 1 716 3455 737 4087
12264 4 2 1 1 491 277 3005 4048
12265 4 2 1 1 3973 1278 2679 4564
12266 4 2 1 1 984 140 762 3513
12267 4 2 1 1 2473 3143 3648 4097
12268 4 2 1 1 916 3414 4547 850
12269 4 2 1 1 930 818 816 3689
12270 4 2 1 1 3209 3916 1442 4437
12271 4 2 1 1 3588 1248 2692 3132
12272 4 2 1 1 3146 3653 2066 4141
12273 4 2 1 1 251 1537 252 3583
12274 4 2 1 1 2846 3761 1612 3902
12275 4 2 1 1 3098 2412 3835 4173
12276 4 2 1 1 2371 2777 3602 3064
12277 4 2 1 1 2487 3600 3206 4360
12278 4 2 1 1 82 1790 1979 3294
12279 4 2 1 1 2438 3598 2769 3721
12280 4 2 1 1 2322 3009 3507 2858
12281 4 2 1 1 3077 3662 3312 2615
12282 4 2 1 1 2448 3728 3283 3956
12283 4 2 1 1 2264 3974 4072 4118
12284 4 2 1 1 80 713 79 3877
12285 4 2 1 1 2514 3663 3479 4262
12286 4 2 1 1 1037 1212 1240 3170
12287 4 2 1 1 1968 2001 1944 3309
12288 4 2 1 1 613 2752 593 612
12289 4 2 1 1 331 3228 332 330
12290 4 2 1 1 4487 1333 2920 1430
12291 4 2 1 1 616 3417 618 4485
12292 4 2 1 1 788 906 952 2500
12293 4 2 1 1 2264 3330 2710 3626
12294 4 2 1 1 1746 4585 1529 205
12295 4 2 1 1 1703 3072 1578 3930
12296 4 2 1 1 2831 3649 3448 4260
12297 4 2 1 1 3177 3730 3461 4493
12298 4 2 1 1 410 3383 439 3559
12299 4 2 1 1 2660 3470 2867 4168
12300 4 2 1 1 2867 2466 4251 4288
12301 4 2 1 1 2718 3297 2544 4499
12302 4 2 1 1 1553 3427 4348 4503
12303 4 2 1 1 1690 2899 3881 4375
12304 4 2 1 1 2497 2753 3668 4079
12305 4 2 1 1 613 2752 3193 593
12306 4 2 1 1 2439 2980 3148 4399
12307 4 2 1 1 1136 3083 1137 1139
12308 4 2 1 1 355 365 357 3801
12309 4 2 1 1 2397 3201 3501 4381
12310 4 2 1 1 1844 1842 1843 3679
12311 4 2 1 1 2319 3809 4197 4242
12312 4 2 1 1 469 4604 471 279
12313 4 2 1 1 278 460 4646 3708
12314 4 2 1 1 2874 3860 2397 4399
12315 4 2 1 1 561 3767 2913 3112
12316 4 2 1 1 692 4584 71 4329
12317 4 2 1 1 2282 3109 3762 4537
12318 4 2 1 1 581 3711 3793 4464
12319 4 2 1 1 1196 3907 3088 4003
12320 4 2 1 1 4190 513 4467 3304
12321 4 2 1 1 2340 2959 3799 2690
12322 4 2 1 1 4628 2163 3246 2043
12323 4 2 1 1 2517 2292 2779 3606
12324 4 2 1 1 3514 4356 2918 4409
12325 4 2 1 1 4074 4512 2952 2289
12326 4 2 1 1 499 3464 733 4005
12327 4 2 1 1 2083 2085 3432 2795
12328 4 2 1 1 2327 3492 2802 4572
12329 4 2 1 1 2456 3609 3160 3611
12330 4 2 1 1 2479 2830 3252 4188
12331 4 2 1 1 2856 2268 3489 3798
12332 4 2 1 1 358 357 374 3674
12333 4 2 1 1 2807 2406 3523 3536
12334 4 2 1 1 3018 4257 4112 4556
12335 4 2 1 1 3009 2703 3630 4093
12336 4 2 1 1 2523 2729 3326 4100
12337 4 2 1 1 2306 2784 2907 3373
12338 4 2 1 1 2343 3540 2714 4566
12339 4 2 1 1 1758 3115 1632 4060
12340 4 2 1 1 2869 3949 2430 4538
12341 4 2 1 1 2627 3263 3054 3841
12342 4 2 1 1 631 3699 3036 3748
12343 4 2 1 1 2608 3117 4125 4501
12344 4 2 1 1 4104 3712 2803 2317
12345 4 2 1 1 3166 2093 2087 4488
12346 4 2 1 1 1621 1620 3737 3870
12347 4 2 1 1 1462 3318 3698 4412
12348 4 2 1 1 1502 4586 2880 3582
12349 4 2 1 1 757 4590 135 4469
12350 4 2 1 1 648 590 644 3634
12351 4 2 1 1 3054 3263 2627 4552
12352 4 2 1 1 4586 1277 1502 2880
12353 4 2 1 1 442 53 54 4622
12354 4 2 1 1 1342 1306 3272 4066
12355 4 2 1 1 2918 3547 2407 3900
12356 4 2 1 1 1664 1600 1568 3989
12357 4 2 1 1 2272 3336 3314 3604
12358 4 2 1 1 205 204 4585 1529
12359 4 2 1 1 2294 2789 2485 4311
12360 4 2 1 1 3279 4149 2827 4434
12361 4 2 1 1 1568 1567 1566 3254
12362 4 2 1 1 1746 4585 205 3982
12363 4 2 1 1 3094 1440 4565 3744
12364 4 2 1 1 2839 3861 1420 4119
12365 4 2 1 1 2865 2304 3170 4253
12366 4 2 1 1 2681 3891 2358 4559
12367 4 2 1 1 883 3514 788 3156
12368 4 2 1 1 1705 1615 1706 3561
12369 4 2 1 1 204 4585 1529 3770
12370 4 2 1 1 3360 2878 2274 2948
12371 4 2 1 1 742 2775 497 4220
12372 4 2 1 1 1089 3495 1066 4018
12373 4 2 1 1 3919 4089 2796 4469
12374 4 2 1 1 2529 3480 2951 4199
12375 4 2 1 1 752 3124 1001 4438
12376 4 2 1 1 1468 3742 3340 4380
12377 4 2 1 1 2272 3604 3314 3845
12378 4 2 1 1 2512 3710 2985 4081
12379 4 2 1 1 2315 3574 3251 3947
12380 4 2 1 1 3002 3823 2549 4147
12381 4 2 1 1 2328 3333 2914 4112
12382 4 2 1 1 2524 3404 3792 3917
12383 4 2 1 1 1782 238 2010 3418
12384 4 2 1 1 1151 3138 1149 4049
12385 4 2 1 1 556 555 2670 554
12386 4 2 1 1 2988 3263 2464 4017
12387 4 2 1 1 1551 1552 1550 3846
12388 4 2 1 1 1381 1380 1500 3151
12389 4 2 1 1 1400 1348 1399 3342
12390 4 2 1 1 1893 1891 1916 2853
12391 4 2 1 1 3093 3770 3916 2688
12392 4 2 1 1 3563 4237 2930 4315
12393 4 2 1 1 2604 2976 3065 4511
12394 4 2 1 1 2455 3141 3692 3696
12395 4 2 1 1 3734 2652 2255 3755
12396 4 2 1 1 2617 3265 3142 3397
12397 4 2 1 1 1862 1957 1958 3168
12398 4 2 1 1 2658 2372 3741 3972
12399 4 2 1 1 632 3036 631 3699
12400 4 2 1 1 1784 3099 1915 3583
12401 4 2 1 1 2066 2065 3146 4141
12402 4 2 1 1 2560 2741 3568 3247
12403 4 2 1 1 2530 3937 3310 4278
12404 4 2 1 1 2473 3127 3836 4424
12405 4 2 1 1 2554 3870 3157 4327
12406 4 2 1 1 2933 3727 2478 2329
12407 4 2 1 1 1734 1638 1637 3080
12408 4 2 1 1 2718 2905 3297 4499
12409 4 2 1 1 1322 1320 1321 3185
12410 4 2 1 1 1964 3584 1959 4232
12411 4 2 1 1 1753 1691 1755 3770
12412 4 2 1 1 2292 4159 2666 4568
12413 4 2 1 1 1784 3099 1989 1915
12414 4 2 1 1 1074 1085 1201 3907
12415 4 2 1 1 2069 3653 2066 2168
12416 4 2 1 1 1300 1303 2990 4110
12417 4 2 1 1 1419 4119 2800 4473
12418 4 2 1 1 2275 2624 2940 3799
12419 4 2 1 1 3627 3769 2736 4177
12420 4 2 1 1 2016 1896 3665 4105
12421 4 2 1 1 3212 3941 2669 4407
12422 4 2 1 1 2723 2555 3154 3366
12423 4 2 1 1 3694 4585 3770 1529
12424 4 2 1 1 2570 3525 4497 3249
12425 4 2 1 1 608 589 3134 2593
12426 4 2 1 1 2696 3954 2657 4283
12427 4 2 1 1 2131 2843 4021 4249
12428 4 2 1 1 2433 2954 3625 3768
12429 4 2 1 1 3670 3851 2588 4107
12430 4 2 1 1 3496 4543 3879 2699
12431 4 2 1 1 1625 1757 1689 3881
12432 4 2 1 1 2458 3695 3809 2674
12433 4 2 1 1 969 108 759 3387
12434 4 2 1 1 2459 3143 2941 4097
12435 4 2 1 1 2863 3147 4472 2496
12436 4 2 1 1 1744 1698 1746 3512
12437 4 2 1 1 2736 3191 1654 3973
12438 4 2 1 1 2592 3314 3094 4130
12439 4 2 1 1 1901 2012 2758 3579
12440 4 2 1 1 3059 2909 3578 3976
12441 4 2 1 1 2708 3273 3816 2363
12442 4 2 1 1 3750 4135 2751 4390
12443 4 2 1 1 851 2941 808 4547
12444 4 2 1 1 282 24 25 4663
12445 4 2 1 1 2608 3421 3117 4501
12446 4 2 1 1 2373 3117 3421 4501
12447 4 2 1 1 3233 3478 2478 4383
12448 4 2 1 1 2119 3402 2102 4121
12449 4 2 1 1 2458 3809 3695 2503
12450 4 2 1 1 2233 4612 2037 2205
12451 4 2 1 1 2912 2368 3359 4216
12452 4 2 1 1 2385 3411 2830 3773
12453 4 2 1 1 3129 3349 2704 3961
12454 4 2 1 1 3426 3478 2683 4383
12455 4 2 1 1 2732 3989 3519 3794
12456 4 2 1 1 674 579 564 3570
12457 4 2 1 1 2662 3501 3201 4381
12458 4 2 1 1 78 77 1939 3748
12459 4 2 1 1 2878 3224 2759 3361
12460 4 2 1 1 2746 4297 3313 4436
12461 4 2 1 1 947 3513 762 3095
12462 4 2 1 1 147 754 3472 4139
12463 4 2 1 1 657 743 607 3362
12464 4 2 1 1 2633 3999 3654 2838
12465 4 2 1 1 3107 3950 3338 4058
12466 4 2 1 1 3250 3764 933 4235
12467 4 2 1 1 4417 2359 2869 3794
12468 4 2 1 1 2281 3569 3677 4353
12469 4 2 1 1 1670 3025 4039 4546
12470 4 2 1 1 2174 3411 2139 4081
12471 4 2 1 1 1135 1045 1043 4047
12472 4 2 1 1 3112 4247 3570 4284
12473 4 2 1 1 3417 4114 618 4485
12474 4 2 1 1 2140 4627 2040 2224
12475 4 2 1 1 2558 3593 2873 3779
12476 4 2 1 1 2998 4019 2601 4074
12477 4 2 1 1 1065 3453 2919 4456
12478 4 2 1 1 1442 1343 1443 3534
12479 4 2 1 1 3085 1876 1854 1877
12480 4 2 1 1 2517 2779 2292 3167
12481 4 2 1 1 1939 78 3748 2775
12482 4 2 1 1 3041 2366 3565 2545
12483 4 2 1 1 2692 3980 3990 4368
12484 4 2 1 1 974 143 755 3293
12485 4 2 1 1 676 684 578 3054
12486 4 2 1 1 1470 1483 3300 4227
12487 4 2 1 1 542 574 539 2956
12488 4 2 1 1 143 144 1229 3463
12489 4 2 1 1 3867 3076 3265 4136
12490 4 2 1 1 607 608 589 3134
12491 4 2 1 1 2233 2867 3423 2234
12492 4 2 1 1 3251 3574 2556 3947
12493 4 2 1 1 1661 1566 1564 3636
12494 4 2 1 1 1347 1399 1348 3342
12495 4 2 1 1 2392 4266 3402 4296
12496 4 2 1 1 3146 4133 2641 4222
12497 4 2 1 1 3911 4394 3735 4529
12498 4 2 1 1 2284 2728 3670 3851
12499 4 2 1 1 2495 3309 2986 4243
12500 4 2 1 1 2513 3242 3183 3789
12501 4 2 1 1 1293 3149 4338 4264
12502 4 2 1 1 2413 3503 2801 3549
12503 4 2 1 1 2477 3345 3133 3794
12504 4 2 1 1 2835 4018 3053 4084
12505 4 2 1 1 3035 3422 2357 4369
12506 4 2 1 1 4572 4047 3199 2468
12507 4 2 1 1 1594 4237 4052 1616
12508 4 2 1 1 3398 2297 3076 4123
12509 4 2 1 1 2350 3604 3505 3966
12510 4 2 1 1 2751 2636 3548 3921
12511 4 2 1 1 2475 3543 3538 4431
12512 4 2 1 1 1856 1825 1822 3046
12513 4 2 1 1 1170 4198 4056 1263
12514 4 2 1 1 1484 1518 1453 3019
12515 4 2 1 1 2534 3954 3288 4395
12516 4 2 1 1 1051 1049 3997 4027
12517 4 2 1 1 2016 1962 1883 3317
12518 4 2 1 1 1654 3191 4505 1653
12519 4 2 1 1 2374 3232 2952 4240
12520 4 2 1 1 719 604 663 2864
12521 4 2 1 1 3898 1273 3209 1481
12522 4 2 1 1 2336 2822 2838 3758
12523 4 2 1 1 739 4644 519 705
12524 4 2 1 1 3113 4071 3222 4447
12525 4 2 1 1 3303 3584 2651 4292
12526 4 2 1 1 2811 2479 3677 4353
12527 4 2 1 1 2970 3262 2552 4283
12528 4 2 1 1 2521 3461 3730 3946
12529 4 2 1 1 4599 296 3500 446
12530 4 2 1 1 2524 4189 3412 4260
12531 4 2 1 1 1687 1528 1723 4569
12532 4 2 1 1 762 3513 947 984
12533 4 2 1 1 2390 2946 3719 3889
12534 4 2 1 1 1229 3293 143 3463
12535 4 2 1 1 1164 3261 1165 3831
12536 4 2 1 1 638 637 707 3988
12537 4 2 1 1 2525 2842 3335 4122
12538 4 2 1 1 4452 3607 3110 2883
12539 4 2 1 1 2408 3491 2903 4315
12540 4 2 1 1 1161 1162 1090 4084
12541 4 2 1 1 2473 4178 3161 4424
12542 4 2 1 1 206 205 1479 3982
12543 4 2 1 1 2400 3302 2898 2333
12544 4 2 1 1 3201 3518 2547 4381
12545 4 2 1 1 2417 3066 3294 4462
12546 4 2 1 1 352 337 351 3807
12547 4 2 1 1 414 423 352 3807
12548 4 2 1 1 4535 4371 3671 2424
12549 4 2 1 1 1066 1065 1064 2919
12550 4 2 1 1 2990 2401 4046 4127
12551 4 2 1 1 3133 3238 2515 4057
12552 4 2 1 1 4413 2797 2290 4009
12553 4 2 1 1 2688 3225 2451 3694
12554 4 2 1 1 2494 3553 3283 3696
12555 4 2 1 1 950 809 3568 4343
12556 4 2 1 1 993 871 997 3407
12557 4 2 1 1 2150 2156 2876 4517
12558 4 2 1 1 4584 70 71 1910
12559 4 2 1 1 1571 3367 1570 4012
12560 4 2 1 1 2007 4105 1897 4481
12561 4 2 1 1 2598 3532 2893 4055
12562 4 2 1 1 2398 3680 2778 2688
12563 4 2 1 1 336 3716 3192 4354
12564 4 2 1 1 4009 2797 2290 3640
12565 4 2 1 1 2421 3116 2812 4296
12566 4 2 1 1 616 4079 3417 4485
12567 4 2 1 1 3189 3527 2293 3006
12568 4 2 1 1 3189 2293 3527 2983
12569 4 2 1 1 869 858 3942 856
12570 4 2 1 1 2595 3264 3126 3984
12571 4 2 1 1 3327 4221 1992 3074
12572 4 2 1 1 2439 3148 2980 3965
12573 4 2 1 1 2909 3524 3179 3928
12574 4 2 1 1 1701 3884 3067 4466
12575 4 2 1 1 2325 2709 3626 4520
12576 4 2 1 1 434 390 350 3968
12577 4 2 1 1 1559 1560 1561 3328
12578 4 2 1 1 2766 3945 2583 4129
12579 4 2 1 1 2392 2876 3402 4266
12580 4 2 1 1 1220 1184 1250 3618
12581 4 2 1 1 4584 1781 2945 1910
12582 4 2 1 1 285 4661 4594 3455
12583 4 2 1 1 535 3050 4154 536
12584 4 2 1 1 4301 3430 4118 2476
12585 4 2 1 1 2466 3380 3423 4364
12586 4 2 1 1 3421 4208 2791 4501
12587 4 2 1 1 2406 3104 2578 2577
12588 4 2 1 1 2686 3464 1905 4233
12589 4 2 1 1 3298 3403 3745 4441
12590 4 2 1 1 1778 2605 3874 4491
12591 4 2 1 1 434 3028 3968 3262
12592 4 2 1 1 3072 2602 3865 4011
12593 4 2 1 1 2496 3147 4225 2863
12594 4 2 1 1 1919 3863 3751 4228
12595 4 2 1 1 2588 3355 3152 4263
12596 4 2 1 1 2092 2058 2148 3363
12597 4 2 1 1 4021 3996 4249 2586
12598 4 2 1 1 2567 3184 3103 4381
12599 4 2 1 1 1337 3829 3217 4470
12600 4 2 1 1 2897 4369 2621 3659
12601 4 2 1 1 2408 2903 3563 4315
12602 4 2 1 1 2802 2653 3625 3768
12603 4 2 1 1 2644 3211 3868 4416
12604 4 2 1 1 1180 1211 2879 4328
12605 4 2 1 1 4469 133 134 1007
12606 4 2 1 1 3279 3278 4149 4434
12607 4 2 1 1 617 736 495 3668
12608 4 2 1 1 3327 1992 4221 1929
12609 4 2 1 1 3148 3965 1455 4515
12610 4 2 1 1 3417 4357 3771 2463
12611 4 2 1 1 208 1278 3973 4564
12612 4 2 1 1 3538 2347 2883 3104
12613 4 2 1 1 3242 4323 2981 3789
12614 4 2 1 1 2612 3367 3934 4286
12615 4 2 1 1 2940 3394 2409 2340
12616 4 2 1 1 1598 2808 4172 4405
12617 4 2 1 1 2586 2676 4021 3819
12618 4 2 1 1 1830 1944 1863 4243
12619 4 2 1 1 3395 3945 1214 4338
12620 4 2 1 1 740 647 645 3212
12621 4 2 1 1 2467 2962 3303 4359
12622 4 2 1 1 2571 2753 3708 3931
12623 4 2 1 1 1791 1991 1929 3327
12624 4 2 1 1 1433 1324 1326 3020
12625 4 2 1 1 2838 3758 3759 3847
12626 4 2 1 1 842 892 840 3160
12627 4 2 1 1 2871 3382 3269 4531
12628 4 2 1 1 3961 4250 2704 4365
12629 4 2 1 1 2448 3546 2894 3797
12630 4 2 1 1 2628 4092 2724 4372
12631 4 2 1 1 3283 3564 2448 3956
12632 4 2 1 1 3092 3576 2417 3880
12633 4 2 1 1 1966 1837 1967 4173
12634 4 2 1 1 2007 4598 1998 1799
12635 4 2 1 1 1622 3031 1623 4010
12636 4 2 1 1 4198 4590 4056 2916
12637 4 2 1 1 2744 2393 3632 4449
12638 4 2 1 1 2793 2255 2952 3681
12639 4 2 1 1 2856 3330 2268 3798
12640 4 2 1 1 2546 3422 2884 4109
12641 4 2 1 1 4209 2099 2129 4226
12642 4 2 1 1 204 1529 1753 3770
12643 4 2 1 1 4289 3386 3287 2299
12644 4 2 1 1 1181 3170 3693 1183
12645 4 2 1 1 793 3468 2984 4423
12646 4 2 1 1 2967 3173 2994 4054
12647 4 2 1 1 1773 1756 1709 4128
12648 4 2 1 1 2606 2766 4129 3129
12649 4 2 1 1 2746 4373 4297 4436
12650 4 2 1 1 1916 2853 1891 4557
12651 4 2 1 1 2811 3594 2526 4039
12652 4 2 1 1 1794 1917 1975 3672
12653 4 2 1 1 773 867 3275 4248
12654 4 2 1 1 2442 4151 3551 4152
12655 4 2 1 1 3529 3727 4203 2454
12656 4 2 1 1 1382 4636 1267 3005
12657 4 2 1 1 4610 2052 3308 2042
12658 4 2 1 1 3148 2631 2980 4515
12659 4 2 1 1 511 114 113 3591
12660 4 2 1 1 2321 3978 2561 3595
12661 4 2 1 1 3481 2538 2853 4557
12662 4 2 1 1 2732 3794 3519 2530
12663 4 2 1 1 1677 1718 1548 3012
12664 4 2 1 1 3121 3939 3554 4023
12665 4 2 1 1 981 4191 3204 4346
12666 4 2 1 1 1137 1229 1140 3463
12667 4 2 1 1 4584 2017 70 1910
12668 4 2 1 1 2665 3952 3022 4190
12669 4 2 1 1 2981 4323 3242 2316
12670 4 2 1 1 2618 939 4478 4020
12671 4 2 1 1 702 651 496 3874
12672 4 2 1 1 1778 2605 4491 1927
12673 4 2 1 1 2524 3412 3404 4542
12674 4 2 1 1 2618 939 3832 4478
12675 4 2 1 1 3192 3228 2371 3716
12676 4 2 1 1 2868 2880 4045 4319
12677 4 2 1 1 2643 3978 2492 4514
12678 4 2 1 1 3669 2290 3105 4455
12679 4 2 1 1 2374 3265 3076 4240
12680 4 2 1 1 3097 3688 2734 2265
12681 4 2 1 1 4584 1781 1910 71
12682 4 2 1 1 3342 4182 1347 4525
12683 4 2 1 1 1132 1209 1106 4050
12684 4 2 1 1 1764 1632 1758 3115
12685 4 2 1 1 477 3959 376 377
12686 4 2 1 1 631 728 742 3748
12687 4 2 1 1 2314 2793 2952 3681
12688 4 2 1 1 2801 2413 3549 4310
12689 4 2 1 1 1546 4652 3864 3321
12690 4 2 1 1 2389 3844 3134 4374
12691 4 2 1 1 2376 4030 3053 4295
12692 4 2 1 1 1060 1058 1083 4370
12693 4 2 1 1 1576 1599 1702 3930
12694 4 2 1 1 872 3227 3305 4408
12695 4 2 1 1 903 3521 904 3709
12696 4 2 1 1 3278 3279 2670 4236
12697 4 2 1 1 564 566 674 3496
12698 4 2 1 1 622 2864 3400 604
12699 4 2 1 1 2550 2962 3720 3908
12700 4 2 1 1 1862 1846 1957 3168
12701 4 2 1 1 2785 3102 2504 3733
12702 4 2 1 1 2730 3344 2273 4176
12703 4 2 1 1 1049 1142 1047 4179
12704 4 2 1 1 1429 2851 1495 4389
12705 4 2 1 1 497 713 3877 79
12706 4 2 1 1 3472 149 148 1217
12707 4 2 1 1 928 3119 836 4567
12708 4 2 1 1 1833 1832 1831 2986
12709 4 2 1 1 2484 2553 2251 3607
12710 4 2 1 1 2384 3005 3646 4048
12711 4 2 1 1 2513 3656 3048 4234
12712 4 2 1 1 2438 2769 3550 3721
12713 4 2 1 1 2584 3140 3602 3788
12714 4 2 1 1 2464 3263 2988 3854
12715 4 2 1 1 2542 3859 3031 3884
12716 4 2 1 1 1303 1398 1300 2990
12717 4 2 1 1 686 552 551 4148
12718 4 2 1 1 3421 3556 4501 2791
12719 4 2 1 1 2365 2545 3687 4183
12720 4 2 1 1 2396 3519 3794 2530
12721 4 2 1 1 2475 3537 2848 3622
12722 4 2 1 1 1110 3453 1065 4456
12723 4 2 1 1 596 3445 536 3988
12724 4 2 1 1 3441 4274 2727 4321
12725 4 2 1 1 1661 1662 1731 3133
12726 4 2 1 1 3312 3662 2771 4368
12727 4 2 1 1 2828 2915 2311 3056
12728 4 2 1 1 1062 1160 1090 3820
12729 4 2 1 1 642 576 584 3397
12730 4 2 1 1 865 863 880 3685
12731 4 2 1 1 1513 3149 3710 4473
12732 4 2 1 1 3419 3613 3162 3979
12733 4 2 1 1 2543 3087 2575 3562
12734 4 2 1 1 619 611 602 2972
12735 4 2 1 1 3481 2853 2538 3486
12736 4 2 1 1 2944 3303 2449 3584
12737 4 2 1 1 2556 3762 3109 4537
12738 4 2 1 1 1160 4370 1157 4044
12739 4 2 1 1 2460 3517 2870 4441
12740 4 2 1 1 2630 3286 3689 3991
12741 4 2 1 1 1859 1853 1860 3920
12742 4 2 1 1 2252 2457 2493 2664
12743 4 2 1 1 2523 4433 3711 4496
12744 4 2 1 1 1457 3965 2980 4515
12745 4 2 1 1 2789 3637 3386 4402
12746 4 2 1 1 1110 1185 1169 4198
12747 4 2 1 1 693 642 584 3397
12748 4 2 1 1 993 766 3407 4114
12749 4 2 1 1 4584 2017 1910 2945
12750 4 2 1 1 1089 1190 4013 4018
12751 4 2 1 1 1600 1665 1666 4457
12752 4 2 1 1 1995 80 79 3877
12753 4 2 1 1 2383 3223 3299 4543
12754 4 2 1 1 1787 1949 2008 3502
12755 4 2 1 1 3120 3277 2519 3650
12756 4 2 1 1 2388 4267 2971 4480
12757 4 2 1 1 2038 2204 2240 3601
12758 4 2 1 1 2972 3441 3394 4321
12759 4 2 1 1 909 772 3164 3577
12760 4 2 1 1 2159 3285 2061 4133
12761 4 2 1 1 2514 3142 3265 3918
12762 4 2 1 1 2844 3312 2302 4395
12763 4 2 1 1 2884 3869 3307 4471
12764 4 2 1 1 2252 2575 2543 3087
12765 4 2 1 1 2632 3224 2949 4440
12766 4 2 1 1 3656 4323 4063 2513
12767 4 2 1 1 1204 1202 1203 3201
12768 4 2 1 1 4252 3737 2694 4522
12769 4 2 1 1 793 792 794 2984
12770 4 2 1 1 4487 1333 1430 1331
12771 4 2 1 1 2639 3997 2840 4027
12772 4 2 1 1 1995 2768 80 3877
12773 4 2 1 1 2009 3165 4542 1955
12774 4 2 1 1 2582 3382 3381 4551
12775 4 2 1 1 2558 2851 2999 3804
12776 4 2 1 1 418 420 381 3530
12777 4 2 1 1 2972 3394 2480 3933
12778 4 2 1 1 2863 3679 4103 4306
12779 4 2 1 1 2433 2264 3034 3795
12780 4 2 1 1 1330 4508 3620 1439
12781 4 2 1 1 2222 2040 2140 3315
12782 4 2 1 1 876 848 3162 4461
12783 4 2 1 1 2748 3525 3249 3994
12784 4 2 1 1 1282 1295 216 3128
12785 4 2 1 1 1455 3148 1415 3965
12786 4 2 1 1 2882 2983 2883 3189
12787 4 2 1 1 520 4610 715 746
12788 4 2 1 1 3357 4513 2362 3241
12789 4 2 1 1 886 974 3293 4102
12790 4 2 1 1 868 986 3135 4253
12791 4 2 1 1 3214 108 107 969
12792 4 2 1 1 3129 3961 2704 4365
12793 4 2 1 1 2531 3343 4251 4376
12794 4 2 1 1 1973 3041 2004 4392
12795 4 2 1 1 2446 3360 3403 4432
12796 4 2 1 1 2330 3003 3004 3650
12797 4 2 1 1 3077 3662 3536 2384
12798 4 2 1 1 1617 3630 1667 3777
12799 4 2 1 1 2162 2235 2236 3321
12800 4 2 1 1 2345 2832 3629 3833
12801 4 2 1 1 2386 3315 3149 4477
12802 4 2 1 1 377 419 479 3163
12803 4 2 1 1 3402 4296 4121 3124
12804 4 2 1 1 1185 3842 3096 4456
12805 4 2 1 1 2944 3303 2467 4246
12806 4 2 1 1 2362 4513 3357 2673
12807 4 2 1 1 2444 3368 2829 3587
12808 4 2 1 1 2638 3488 3329 4124
12809 4 2 1 1 3225 3512 2451 3694
12810 4 2 1 1 1151 1238 3513 4049
12811 4 2 1 1 4123 4261 2599 2843
12812 4 2 1 1 1503 3312 1375 3980
12813 4 2 1 1 1755 3929 202 4437
12814 4 2 1 1 2655 3881 2899 4254
12815 4 2 1 1 2523 2729 4433 4496
12816 4 2 1 1 2363 3203 2984 3676
12817 4 2 1 1 2326 4111 3392 2626
12818 4 2 1 1 754 874 3026 4139
12819 4 2 1 1 2899 3887 2688 4375
12820 4 2 1 1 3364 3838 2691 4497
12821 4 2 1 1 3538 3571 4431 2883
12822 4 2 1 1 1185 3842 3831 4198
12823 4 2 1 1 2414 3606 3865 4024
12824 4 2 1 1 1142 3276 1087 4179
12825 4 2 1 1 2813 3328 2566 4037
12826 4 2 1 1 2983 3189 2882 3527
12827 4 2 1 1 2651 3584 2962 4232
12828 4 2 1 1 685 725 683 3263
12829 4 2 1 1 2435 2887 3565 4407
12830 4 2 1 1 2588 3685 2824 3851
12831 4 2 1 1 2641 3895 3497 2429
12832 4 2 1 1 324 316 320 3483
12833 4 2 1 1 2462 3843 3088 4134
12834 4 2 1 1 3097 3218 2734 3581
12835 4 2 1 1 3863 4228 1857 4411
12836 4 2 1 1 2531 3511 3465 2795
12837 4 2 1 1 2969 3629 2411 3833
12838 4 2 1 1 2062 4133 2061 3158
12839 4 2 1 1 2445 2794 3071 3889
12840 4 2 1 1 2919 3820 1064 4018
12841 4 2 1 1 2882 2883 2347 4446
12842 4 2 1 1 320 325 324 3483
12843 4 2 1 1 2660 2867 3470 2337
12844 4 2 1 1 2509 3215 3962 4343
12845 4 2 1 1 2570 3525 4038 4497
12846 4 2 1 1 3449 4308 2442 3729
12847 4 2 1 1 2581 3456 3119 3991
12848 4 2 1 1 1487 4137 172 2711
12849 4 2 1 1 2293 4539 3189 3006
12850 4 2 1 1 1487 172 4137 1272
12851 4 2 1 1 3214 108 969 3387
12852 4 2 1 1 3217 2347 2406 2615
12853 4 2 1 1 2464 3767 2913 4017
12854 4 2 1 1 2263 2735 2958 4075
12855 4 2 1 1 2833 3332 2463 3771
12856 4 2 1 1 772 957 3164 4056
12857 4 2 1 1 1019 139 140 3095
12858 4 2 1 1 777 4628 1003 3246
12859 4 2 1 1 1876 1945 3085 2706
12860 4 2 1 1 2464 3555 3001 4320
12861 4 2 1 1 1780 74 4140 4299
12862 4 2 1 1 1080 3111 1078 1086
12863 4 2 1 1 2338 3911 2987 4170
12864 4 2 1 1 840 839 833 4502
12865 4 2 1 1 2592 3094 3744 4130
12866 4 2 1 1 1019 3095 140 3513
12867 4 2 1 1 3313 3761 2890 4545
12868 4 2 1 1 3069 3909 2366 4366
12869 4 2 1 1 2851 1451 1429 1452
12870 4 2 1 1 321 3716 336 4354
12871 4 2 1 1 2421 2812 3480 4238
12872 4 2 1 1 2427 2748 3630 4093
12873 4 2 1 1 1160 1157 4370 1083
12874 4 2 1 1 2984 2407 3547 4124
12875 4 2 1 1 3017 4192 3305 4408
12876 4 2 1 1 672 675 3219 4035
12877 4 2 1 1 667 3112 670 3592
12878 4 2 1 1 2957 3685 2588 3851
12879 4 2 1 1 2673 3683 3318 4412
12880 4 2 1 1 2908 3808 2075 4339
12881 4 2 1 1 3011 3704 3436 4363
12882 4 2 1 1 1662 3437 1715 4057
12883 4 2 1 1 2261 3366 3062 3487
12884 4 2 1 1 1236 172 4137 2711
12885 4 2 1 1 2258 2797 2690 2959
12886 4 2 1 1 2275 3586 3001 2902
12887 4 2 1 1 2345 2832 3833 4396
12888 4 2 1 1 2339 3705 2838 4164
12889 4 2 1 1 2625 3700 3128 4285
12890 4 2 1 1 2344 4435 2964 4439
12891 4 2 1 1 2368 4163 2773 4216
12892 4 2 1 1 2362 3357 3241 4303
12893 4 2 1 1 2670 3850 3599 4236
12894 4 2 1 1 2996 4106 3452 4371
12895 4 2 1 1 2560 3832 3368 4406
12896 4 2 1 1 2829 2444 3587 4211
12897 4 2 1 1 289 4611 4649 3375
12898 4 2 1 1 1358 1449 1357 3593
12899 4 2 1 1 1236 4137 172 171
12900 4 2 1 1 2133 2234 2134 2867
12901 4 2 1 1 1196 1205 3088 3907
12902 4 2 1 1 3749 4454 4347 2911
12903 4 2 1 1 4574 45 5 408
12904 4 2 1 1 2368 2847 3466 3714
12905 4 2 1 1 975 3521 3964 4273
12906 4 2 1 1 2449 3649 3168 3839
12907 4 2 1 1 3168 3649 2635 3839
12908 4 2 1 1 2587 3972 3459 4323
12909 4 2 1 1 3917 3000 3165 4542
12910 4 2 1 1 2065 3146 4141 2680
12911 4 2 1 1 2759 2416 3361 3816
12912 4 2 1 1 3235 3282 2496 4225
12913 4 2 1 1 2169 3601 2243 4201
12914 4 2 1 1 3075 3246 2421 3790
12915 4 2 1 1 691 3243 668 3904
12916 4 2 1 1 2981 3526 3704 4083
12917 4 2 1 1 2497 3417 2924 4079
12918 4 2 1 1 2498 3969 2326 4076
12919 4 2 1 1 3412 3792 2810 4189
12920 4 2 1 1 2571 3259 3708 4330
12921 4 2 1 1 2566 3442 3437 4318
12922 4 2 1 1 1553 3427 4503 1551
12923 4 2 1 1 3567 3280 2435 2629
12924 4 2 1 1 2940 3394 2340 2690
12925 4 2 1 1 4209 3803 4162 3075
12926 4 2 1 1 2827 2499 4092 4372
12927 4 2 1 1 949 983 982 4211
12928 4 2 1 1 3269 3286 2871 4531
12929 4 2 1 1 2539 3718 3363 3963
12930 4 2 1 1 2042 2053 3308 4272
12931 4 2 1 1 1145 1027 1127 2951
12932 4 2 1 1 3753 4090 2385 4421
12933 4 2 1 1 2263 2963 2616 3350
12934 4 2 1 1 2327 3625 2802 4533
12935 4 2 1 1 3063 3891 2820 4258
12936 4 2 1 1 2278 3357 2928 4303
12937 4 2 1 1 3211 4025 2644 4202
12938 4 2 1 1 2339 3183 2973 4513
12939 4 2 1 1 2671 2909 2349 3928
12940 4 2 1 1 568 677 566 3496
12941 4 2 1 1 2274 3347 2926 3361
12942 4 2 1 1 2467 3303 2944 4359
12943 4 2 1 1 1124 1112 1123 3892
12944 4 2 1 1 2255 2504 3409 3734
12945 4 2 1 1 1277 2880 1380 1502
12946 4 2 1 1 4296 4540 3675 2392
12947 4 2 1 1 2584 2970 4224 2371
12948 4 2 1 1 1734 3080 1637 2739
12949 4 2 1 1 2836 4081 3351 4217
12950 4 2 1 1 2435 3280 4022 2629
12951 4 2 1 1 2447 3652 3253 3697
12952 4 2 1 1 2505 2978 3355 4316
12953 4 2 1 1 1442 3916 1477 4437
12954 4 2 1 1 3263 3841 2444 3854
12955 4 2 1 1 1877 3085 1945 4481
12956 4 2 1 1 2439 3374 3100 3965
12957 4 2 1 1 4422 3826 2472 3915
12958 4 2 1 1 1720 1669 3948 4039
12959 4 2 1 1 3393 4090 3753 4421
12960 4 2 1 1 2611 3033 3431 3467
12961 4 2 1 1 836 928 927 3119
12962 4 2 1 1 2242 3149 4477 2245
12963 4 2 1 1 4274 2409 4563 3441
12964 4 2 1 1 2338 4170 4302 4433
12965 4 2 1 1 4064 2958 4335 2370
12966 4 2 1 1 2550 3299 3223 4543
12967 4 2 1 1 1019 3513 1238 4007
12968 4 2 1 1 2584 3602 3064 2371
12969 4 2 1 1 239 240 1792 3000
12970 4 2 1 1 3421 4262 2931 4313
12971 4 2 1 1 2365 3822 4113 4498
12972 4 2 1 1 2009 3165 1955 1956
12973 4 2 1 1 1128 3340 1022 4135
12974 4 2 1 1 3870 4541 1621 1591
12975 4 2 1 1 811 2560 3247 827
12976 4 2 1 1 1899 1962 2966 3707
12977 4 2 1 1 2620 3118 2687 4298
12978 4 2 1 1 2709 3974 3626 4520
12979 4 2 1 1 2446 3347 2845 2649
12980 4 2 1 1 4452 2517 2291 2671
12981 4 2 1 1 2595 3349 3129 4181
12982 4 2 1 1 4422 2472 3826 2910
12983 4 2 1 1 461 4602 460 3708
12984 4 2 1 1 4370 3940 3652 2722
12985 4 2 1 1 2114 3556 2122 2599
12986 4 2 1 1 1050 2773 1115 1116
12987 4 2 1 1 2282 3179 2909 3524
12988 4 2 1 1 2707 3692 3605 3801
12989 4 2 1 1 2663 2922 2927 3091
12990 4 2 1 1 763 4588 129 956
12991 4 2 1 1 4584 1781 71 4329
12992 4 2 1 1 2363 2968 3329 4239
12993 4 2 1 1 3143 4097 2473 4265
12994 4 2 1 1 1133 1218 1214 3945
12995 4 2 1 1 1248 1125 1123 3588
12996 4 2 1 1 3402 4266 2677 4296
12997 4 2 1 1 87 699 86 4155
12998 4 2 1 1 2651 3219 3195 4521
12999 4 2 1 1 996 3161 4424 3919
13000 4 2 1 1 463 464 438 3068
13001 4 2 1 1 1546 4652 3321 1760
13002 4 2 1 1 1095 1113 1112 3892
13003 4 2 1 1 2362 3047 2928 4303
13004 4 2 1 1 2939 3842 4255 2590
13005 4 2 1 1 921 939 815 4020
13006 4 2 1 1 3127 812 3247 814
13007 4 2 1 1 2166 2067 2173 3323
13008 4 2 1 1 4583 1504 1280 4324
13009 4 2 1 1 2450 3173 3445 4054
13010 4 2 1 1 1667 3853 1642 4073
13011 4 2 1 1 2728 3715 3670 2392
13012 4 2 1 1 1280 1509 163 4281
13013 4 2 1 1 2556 3574 3109 3947
13014 4 2 1 1 3584 3649 2449 4340
13015 4 2 1 1 996 4265 3919 4424
13016 4 2 1 1 2427 3853 3630 4073
13017 4 2 1 1 2923 4008 2538 4524
13018 4 2 1 1 1050 1146 1051 2639
13019 4 2 1 1 2559 3194 3175 4468
13020 4 2 1 1 2624 2871 2757 4244
13021 4 2 1 1 3265 3867 2514 3076
13022 4 2 1 1 2807 3520 2384 3536
13023 4 2 1 1 3117 3413 2605 4313
13024 4 2 1 1 3349 3828 2704 3961
13025 4 2 1 1 2062 2061 4133 2063
13026 4 2 1 1 2421 3480 2812 4199
13027 4 2 1 1 2447 3528 3253 3944
13028 4 2 1 1 2906 2976 2320 3065
13029 4 2 1 1 1720 3948 3594 4039
13030 4 2 1 1 1138 1137 1107 3855
13031 4 2 1 1 1792 3000 240 2008
13032 4 2 1 1 2654 2270 3015 3482
13033 4 2 1 1 2536 2838 3705 4164
13034 4 2 1 1 2817 2818 2322 3597
13035 4 2 1 1 2099 2101 4425 3136
13036 4 2 1 1 885 849 884 4102
13037 4 2 1 1 1457 1455 3965 4515
13038 4 2 1 1 3031 3859 3213 3884
13039 4 2 1 1 2298 3586 2820 4259
13040 4 2 1 1 3179 3928 3524 4536
13041 4 2 1 1 1670 3025 1669 4039
13042 4 2 1 1 2405 2783 3509 4031
13043 4 2 1 1 2355 3925 3389 4361
13044 4 2 1 1 2775 4220 3699 4407
13045 4 2 1 1 1734 1713 1638 3080
13046 4 2 1 1 3960 3738 2637 3573
13047 4 2 1 1 1357 1360 1359 3593
13048 4 2 1 1 346 4006 2781 4204
13049 4 2 1 1 2279 2723 3448 3824
13050 4 2 1 1 2184 3746 2116 3411
13051 4 2 1 1 439 356 358 3674
13052 4 2 1 1 3327 4397 2739 2402
13053 4 2 1 1 1031 3439 3782 3315
13054 4 2 1 1 644 645 646 3212
13055 4 2 1 1 2528 2664 2267 2991
13056 4 2 1 1 876 3162 3979 4461
13057 4 2 1 1 2061 2059 2060 3718
13058 4 2 1 1 1429 1452 1495 2851
13059 4 2 1 1 2467 3303 2962 4460
13060 4 2 1 1 2799 3952 712 4273
13061 4 2 1 1 2116 3746 2184 2082
13062 4 2 1 1 3153 4322 4234 4513
13063 4 2 1 1 2198 2041 2227 3817
13064 4 2 1 1 2326 3969 4075 4076
13065 4 2 1 1 2760 4269 3042 4422
13066 4 2 1 1 367 3106 380 3990
13067 4 2 1 1 1792 3000 2008 2009
13068 4 2 1 1 3737 3870 2694 4171
13069 4 2 1 1 302 3422 303 4109
13070 4 2 1 1 2786 2342 3306 4195
13071 4 2 1 1 3785 2349 2655 2671
13072 4 2 1 1 341 338 350 3262
13073 4 2 1 1 654 538 3445 3901
13074 4 2 1 1 2641 3497 4156 2429
13075 4 2 1 1 3118 3180 2687 4298
13076 4 2 1 1 2900 861 999 900
13077 4 2 1 1 2875 2469 3803 3913
13078 4 2 1 1 1210 1011 1126 4139
13079 4 2 1 1 1242 1205 1204 3088
13080 4 2 1 1 2314 2993 3268 3713
13081 4 2 1 1 3115 3396 2826 4336
13082 4 2 1 1 1128 1216 1022 3340
13083 4 2 1 1 491 3530 490 4048
13084 4 2 1 1 4064 2958 2370 3079
13085 4 2 1 1 1752 259 258 3672
13086 4 2 1 1 592 687 627 3137
13087 4 2 1 1 4654 37 4 440
13088 4 2 1 1 729 93 3639 4293
13089 4 2 1 1 1649 1660 1588 3055
13090 4 2 1 1 3207 3481 2434 3486
13091 4 2 1 1 2099 4425 2101 2100
13092 4 2 1 1 2432 3414 3164 3577
13093 4 2 1 1 2945 2496 3181 4559
13094 4 2 1 1 2242 3149 2245 2206
13095 4 2 1 1 2905 3297 2764 3912
13096 4 2 1 1 367 380 3106 366
13097 4 2 1 1 2248 2139 2241 2985
13098 4 2 1 1 2637 3738 3628 4512
13099 4 2 1 1 1705 3561 3249 3902
13100 4 2 1 1 829 3503 922 4020
13101 4 2 1 1 125 126 1037 2947
13102 4 2 1 1 3053 4084 2376 4295
13103 4 2 1 1 2875 3509 2469 3913
13104 4 2 1 1 3846 254 253 1982
13105 4 2 1 1 1185 3096 1110 4456
13106 4 2 1 1 2606 3837 3539 3998
13107 4 2 1 1 1994 1996 247 3238
13108 4 2 1 1 1143 1147 1091 4078
13109 4 2 1 1 3036 3566 632 4215
13110 4 2 1 1 443 4574 4601 4062
13111 4 2 1 1 996 3161 3919 932
13112 4 2 1 1 2801 3800 2413 4310
13113 4 2 1 1 2609 2920 2807 4082
13114 4 2 1 1 999 879 4238 4453
13115 4 2 1 1 703 610 741 3844
13116 4 2 1 1 1760 4614 3321 1543
13117 4 2 1 1 2411 2969 3833 3974
13118 4 2 1 1 2477 3433 3254 3682
13119 4 2 1 1 2957 2728 2392 4540
13120 4 2 1 1 3249 3525 2410 4445
13121 4 2 1 1 4618 2052 2203 3308
13122 4 2 1 1 886 755 897 3293
13123 4 2 1 1 1458 1455 1456 3148
13124 4 2 1 1 2546 3035 4029 4369
13125 4 2 1 1 2400 2333 2898 4029
13126 4 2 1 1 3165 4260 2524 4542
13127 4 2 1 1 1363 4389 1428 2999
13128 4 2 1 1 2318 3242 3789 3183
13129 4 2 1 1 1982 3846 254 4279
13130 4 2 1 1 631 3280 3748 3036
13131 4 2 1 1 4494 4417 2862 2730
13132 4 2 1 1 4046 1300 2990 4127
13133 4 2 1 1 1750 1739 1699 4527
13134 4 2 1 1 2453 2798 3613 4401
13135 4 2 1 1 2806 3775 2667 3943
13136 4 2 1 1 2657 3892 3506 4283
13137 4 2 1 1 3008 756 3964 4273
13138 4 2 1 1 4274 4563 2409 3416
13139 4 2 1 1 1942 1863 1943 3446
13140 4 2 1 1 2073 3322 2074 3781
13141 4 2 1 1 1656 1604 1642 3853
13142 4 2 1 1 1921 1972 1823 3498
13143 4 2 1 1 1848 1846 1862 3649
13144 4 2 1 1 2656 3745 3697 4104
13145 4 2 1 1 2575 2324 3485 3724
13146 4 2 1 1 334 323 322 3719
13147 4 2 1 1 1369 3217 1367 4001
13148 4 2 1 1 2394 2879 3730 3885
13149 4 2 1 1 1187 1089 1188 4013
13150 4 2 1 1 2945 3235 2496 4225
13151 4 2 1 1 1190 3053 1191 4013
13152 4 2 1 1 622 2864 604 719
13153 4 2 1 1 1575 1574 1576 3451
13154 4 2 1 1 1667 1556 1642 3853
13155 4 2 1 1 948 940 3587 3832
13156 4 2 1 1 322 3719 318 3775
13157 4 2 1 1 2434 3838 3364 4497
13158 4 2 1 1 3347 3360 2446 4432
13159 4 2 1 1 1893 2853 3470 4364
13160 4 2 1 1 2385 3411 3753 4421
13161 4 2 1 1 2613 3200 2359 3934
13162 4 2 1 1 1116 2773 3233 2639
13163 4 2 1 1 2397 4381 3501 4486
13164 4 2 1 1 2903 3491 2330 3535
13165 4 2 1 1 3491 4052 2483 3535
13166 4 2 1 1 3161 4115 2787 3119
13167 4 2 1 1 2774 3531 2349 3578
13168 4 2 1 1 2957 2456 4367 4540
13169 4 2 1 1 2396 3967 3345 3987
13170 4 2 1 1 2609 2807 2920 3523
13171 4 2 1 1 2398 2778 3703 2688
13172 4 2 1 1 1920 1924 1922 4015
13173 4 2 1 1 2508 2942 3520 4537
13174 4 2 1 1 2363 4506 3488 4523
13175 4 2 1 1 3321 3415 2470 4128
13176 4 2 1 1 1276 175 3175 4326
13177 4 2 1 1 2900 2812 4296 2421
13178 4 2 1 1 2988 3416 2841 3635
13179 4 2 1 1 2575 3330 2934 3626
13180 4 2 1 1 4605 13 441 4656
13181 4 2 1 1 739 4644 705 3819
13182 4 2 1 1 3046 1825 3721 4362
13183 4 2 1 1 176 1276 175 3175
13184 4 2 1 1 151 152 1036 3246
13185 4 2 1 1 2447 3697 3745 4104
13186 4 2 1 1 2169 2109 2171 3122
13187 4 2 1 1 4583 4324 1280 4281
13188 4 2 1 1 1604 3915 2982 4051
13189 4 2 1 1 2295 2836 4421 3753
13190 4 2 1 1 289 430 472 3375
13191 4 2 1 1 818 3689 820 4403
13192 4 2 1 1 972 105 761 3952
13193 4 2 1 1 4583 4281 1280 163
13194 4 2 1 1 1280 163 164 4583
13195 4 2 1 1 2984 2407 4124 4506
13196 4 2 1 1 3003 3442 2566 4318
13197 4 2 1 1 682 3767 683 4017
13198 4 2 1 1 1402 1342 1308 3272
13199 4 2 1 1 4102 4239 4396 2790
13200 4 2 1 1 3763 3813 3306 4088
13201 4 2 1 1 2487 3206 3873 4360
13202 4 2 1 1 4583 1504 4324 3582
13203 4 2 1 1 446 455 296 3500
13204 4 2 1 1 2116 2174 2184 3411
13205 4 2 1 1 3210 3211 2767 4459
13206 4 2 1 1 783 961 4400 968
13207 4 2 1 1 868 3135 853 3872
13208 4 2 1 1 576 532 575 3339
13209 4 2 1 1 3107 3200 2269 4058
13210 4 2 1 1 1128 1042 3198 4135
13211 4 2 1 1 4624 4652 2161 2162
13212 4 2 1 1 3315 4264 1035 4338
13213 4 2 1 1 2765 2450 3988 4276
13214 4 2 1 1 3025 3353 2526 3569
13215 4 2 1 1 4325 2365 2872 2643
13216 4 2 1 1 2564 3739 3204 4346
13217 4 2 1 1 515 3840 751 4069
13218 4 2 1 1 2798 3044 2289 3232
13219 4 2 1 1 105 503 710 3952
13220 4 2 1 1 2553 2757 2714 4566
13221 4 2 1 1 2409 3416 2988 4274
13222 4 2 1 1 2115 2153 2132 4021
13223 4 2 1 1 2385 2830 3411 4344
13224 4 2 1 1 2828 2960 2382 4149
13225 4 2 1 1 1952 3412 4542 1947
13226 4 2 1 1 2279 2537 4014 3608
13227 4 2 1 1 1989 1914 3099 4002
13228 4 2 1 1 3051 2619 3970 4088
13229 4 2 1 1 2933 2478 3727 4160
13230 4 2 1 1 2997 4108 807 4547
13231 4 2 1 1 71 1781 3464 4329
13232 4 2 1 1 1899 3707 2966 4231
13233 4 2 1 1 4314 4338 4473 3149
13234 4 2 1 1 3886 4523 2363 2759
13235 4 2 1 1 3121 2323 2412 4416
13236 4 2 1 1 913 981 980 3204
13237 4 2 1 1 488 3980 2771 3990
13238 4 2 1 1 2908 3544 2415 3808
13239 4 2 1 1 2263 3079 2750 3420
13240 4 2 1 1 2326 2873 3392 4111
13241 4 2 1 1 2998 3783 2601 4019
13242 4 2 1 1 822 934 824 3334
13243 4 2 1 1 4603 2146 4453 2900
13244 4 2 1 1 3480 4332 2529 4415
13245 4 2 1 1 1396 1341 1410 3139
13246 4 2 1 1 3721 3822 3046 4498
13247 4 2 1 1 2189 2211 2223 3589
13248 4 2 1 1 2287 2643 2664 4184
13249 4 2 1 1 4325 2872 2365 2576
13250 4 2 1 1 1676 1678 4039 4546
13251 4 2 1 1 3926 3775 312 2667
13252 4 2 1 1 4583 4324 4281 2844
13253 4 2 1 1 4102 4396 4239 2443
13254 4 2 1 1 1379 1280 1508 4324
13255 4 2 1 1 2281 3226 2619 4355
13256 4 2 1 1 2671 3928 2349 4290
13257 4 2 1 1 1545 4639 4666 263
13258 4 2 1 1 469 4604 279 3701
13259 4 2 1 1 2962 2706 1946 4359
13260 4 2 1 1 251 1791 250 2739
13261 4 2 1 1 2261 3181 2644 4200
13262 4 2 1 1 1454 1486 3197 3852
13263 4 2 1 1 1803 88 87 4582
13264 4 2 1 1 3926 312 3775 313
13265 4 2 1 1 3720 3879 2550 3908
13266 4 2 1 1 1442 1477 3916 1443
13267 4 2 1 1 2363 2984 3203 4124
13268 4 2 1 1 2369 2979 4492 4493
13269 4 2 1 1 3784 867 853 854
13270 4 2 1 1 3567 3280 2629 2535
13271 4 2 1 1 2807 3829 4082 4470
13272 4 2 1 1 4400 3757 2395 3387
13273 4 2 1 1 2527 3552 3383 4398
13274 4 2 1 1 2515 3437 3074 4397
13275 4 2 1 1 397 2753 3931 3708
13276 4 2 1 1 2438 3687 3598 4498
13277 4 2 1 1 3424 4229 3485 4257
13278 4 2 1 1 2127 3070 2130 4373
13279 4 2 1 1 387 386 351 3533
13280 4 2 1 1 397 2753 458 3931
13281 4 2 1 1 2697 3215 910 3962
13282 4 2 1 1 829 941 3503 3549
13283 4 2 1 1 753 938 994 3037
13284 4 2 1 1 1210 1126 3450 4139
13285 4 2 1 1 991 93 990 3639
13286 4 2 1 1 676 3054 557 3850
13287 4 2 1 1 4290 4254 3881 2655
13288 4 2 1 1 3056 2502 2632 3473
13289 4 2 1 1 2450 3173 2994 4276
13290 4 2 1 1 2354 3024 3338 3410
13291 4 2 1 1 2425 4329 3243 2440
13292 4 2 1 1 3377 2994 3173 4276
13293 4 2 1 1 993 91 766 4114
13294 4 2 1 1 2407 3489 3488 4506
13295 4 2 1 1 1847 3649 2831 4260
13296 4 2 1 1 2007 4105 4481 3068
13297 4 2 1 1 3131 4180 3122 4436
13298 4 2 1 1 1405 1462 1404 4412
13299 4 2 1 1 4105 4481 3068 3651
13300 4 2 1 1 2437 3831 2796 4270
13301 4 2 1 1 2595 3747 3126 4429
13302 4 2 1 1 1506 231 232 3623
13303 4 2 1 1 2373 3421 3117 4262
13304 4 2 1 1 3002 3466 3714 4147
13305 4 2 1 1 903 904 902 3709
13306 4 2 1 1 2255 3076 3032 4136
13307 4 2 1 1 2024 3423 1892 4364
13308 4 2 1 1 1140 3463 145 4277
13309 4 2 1 1 1412 3374 1414 3965
13310 4 2 1 1 2516 3811 2964 4172
13311 4 2 1 1 2491 3112 3570 4284
13312 4 2 1 1 1891 2853 1893 4364
13313 4 2 1 1 2928 2565 4085 2362
13314 4 2 1 1 622 605 604 3400
13315 4 2 1 1 701 3419 507 4386
13316 4 2 1 1 2442 2258 3248 2897
13317 4 2 1 1 4190 513 3304 655
13318 4 2 1 1 2608 3413 3117 3421
13319 4 2 1 1 1395 1276 3741 4326
13320 4 2 1 1 3251 3574 2659 3716
13321 4 2 1 1 997 3500 979 4087
13322 4 2 1 1 3642 4092 2332 2937
13323 4 2 1 1 1363 1387 1386 2999
13324 4 2 1 1 87 1803 4582 4155
13325 4 2 1 1 2433 3276 2954 4458
13326 4 2 1 1 1917 1916 1975 3207
13327 4 2 1 1 3160 2456 3780 4300
13328 4 2 1 1 1914 3099 4002 3130
13329 4 2 1 1 2966 3665 475 2747
13330 4 2 1 1 947 907 946 3686
13331 4 2 1 1 1040 1222 1134 3750
13332 4 2 1 1 2083 2908 2795 3432
13333 4 2 1 1 1585 2964 1584 4327
13334 4 2 1 1 2261 2644 2975 4200
13335 4 2 1 1 1803 2859 4582 4155
13336 4 2 1 1 431 475 437 2747
13337 4 2 1 1 673 3219 738 4521
13338 4 2 1 1 306 305 304 3035
13339 4 2 1 1 3180 3118 2337 4294
13340 4 2 1 1 4618 977 1004 3308
13341 4 2 1 1 2424 2781 3807 4106
13342 4 2 1 1 3003 3277 3004 3650
13343 4 2 1 1 4526 4378 2818 2819
13344 4 2 1 1 2322 2819 2818 4378
13345 4 2 1 1 4152 2418 2251 2624
13346 4 2 1 1 1835 3098 1833 3835
13347 4 2 1 1 2556 3574 3251 4354
13348 4 2 1 1 3081 3236 2666 3930
13349 4 2 1 1 2554 4334 2964 4435
13350 4 2 1 1 765 111 3419 4532
13351 4 2 1 1 507 3419 111 4532
13352 4 2 1 1 3000 3404 2379 3502
13353 4 2 1 1 2462 3088 3843 3907
13354 4 2 1 1 2128 2130 2127 3070
13355 4 2 1 1 680 569 573 3771
13356 4 2 1 1 2195 3380 2232 4196
13357 4 2 1 1 973 104 3952 4273
13358 4 2 1 1 2396 3133 3345 3794
13359 4 2 1 1 4582 4669 747 2859
13360 4 2 1 1 4582 4669 88 747
13361 4 2 1 1 2291 4024 3606 2778
13362 4 2 1 1 4013 1187 1189 1188
13363 4 2 1 1 2249 2250 2144 3012
13364 4 2 1 1 1057 3267 1056 3652
13365 4 2 1 1 1556 1553 4348 4503
13366 4 2 1 1 1176 2879 1015 4235
13367 4 2 1 1 2667 2855 3775 4428
13368 4 2 1 1 412 2996 3477 4333
13369 4 2 1 1 444 3455 378 3668
13370 4 2 1 1 1942 4057 1785 4221
13371 4 2 1 1 2654 3482 3015 4533
13372 4 2 1 1 3065 3024 2906 2272
13373 4 2 1 1 2507 2745 4142 4447
13374 4 2 1 1 2476 3224 2274 3361
13375 4 2 1 1 2288 2783 3509 4181
13376 4 2 1 1 4013 1189 1187 2662
13377 4 2 1 1 3535 2813 3328 4116
13378 4 2 1 1 1178 1177 3510 4570
13379 4 2 1 1 3156 3514 788 2500
13380 4 2 1 1 3181 2589 3818 4025
13381 4 2 1 1 2025 3423 3380 4364
13382 4 2 1 1 2646 3658 3064 4146
13383 4 2 1 1 2389 3311 3073 2978
13384 4 2 1 1 2601 3783 2998 3899
13385 4 2 1 1 2546 3422 3035 4369
13386 4 2 1 1 3535 3328 2813 4037
13387 4 2 1 1 1286 1475 1413 3319
13388 4 2 1 1 524 4575 4532 110
13389 4 2 1 1 1510 1520 3617 4528
13390 4 2 1 1 604 663 2864 4496
13391 4 2 1 1 2541 2941 3516 4256
13392 4 2 1 1 1990 251 252 3583
13393 4 2 1 1 1835 3098 3835 4173
13394 4 2 1 1 2993 3069 2877 3825
13395 4 2 1 1 2812 4296 3116 4540
13396 4 2 1 1 3142 3397 3265 3918
13397 4 2 1 1 2092 2148 2152 3363
13398 4 2 1 1 862 846 863 4131
13399 4 2 1 1 3208 3209 2399 3898
13400 4 2 1 1 1244 1243 166 4045
13401 4 2 1 1 3083 3276 2433 4458
13402 4 2 1 1 3552 411 2855 4428
13403 4 2 1 1 3504 3604 2403 3966
13404 4 2 1 1 1457 2980 1335 4515
13405 4 2 1 1 872 873 857 3305
13406 4 2 1 1 2805 2291 3680 4068
13407 4 2 1 1 3120 3277 3650 2267
13408 4 2 1 1 627 592 3137 4005
13409 4 2 1 1 4604 1220 1010 3618
13410 4 2 1 1 1513 3149 4473 1425
13411 4 2 1 1 709 513 655 3304
13412 4 2 1 1 3468 4317 792 2984
13413 4 2 1 1 3029 3030 2367 3743
13414 4 2 1 1 1984 3615 257 4516
13415 4 2 1 1 2245 2137 3351 4477
13416 4 2 1 1 2378 3123 3545 2705
13417 4 2 1 1 712 503 4464 659
13418 4 2 1 1 2488 3575 3203 4239
13419 4 2 1 1 1943 1994 1942 3238
13420 4 2 1 1 604 605 551 3632
13421 4 2 1 1 3468 792 4317 791
13422 4 2 1 1 2730 2822 2336 3758
13423 4 2 1 1 2421 2951 3480 4199
13424 4 2 1 1 4452 3607 2883 2484
13425 4 2 1 1 3717 4009 2690 4413
13426 4 2 1 1 2554 3859 3531 4171
13427 4 2 1 1 2458 3961 2961 4250
13428 4 2 1 1 2694 3737 4171 4522
13429 4 2 1 1 1059 3652 1060 3697
13430 4 2 1 1 3033 3467 2492 4514
13431 4 2 1 1 2169 3122 2171 4373
13432 4 2 1 1 2805 3174 2398 2778
13433 4 2 1 1 2339 4164 3357 4513
13434 4 2 1 1 565 564 563 4247
13435 4 2 1 1 1185 1093 3831 3842
13436 4 2 1 1 1686 1619 1586 3157
13437 4 2 1 1 1040 3750 1134 4390
13438 4 2 1 1 2662 3883 3103 4381
13439 4 2 1 1 2386 3395 3945 4129
13440 4 2 1 1 2814 2819 2620 3596
13441 4 2 1 1 3702 4308 3449 4460
13442 4 2 1 1 741 704 518 3311
13443 4 2 1 1 709 708 513 3214
13444 4 2 1 1 2425 2681 2945 4559
13445 4 2 1 1 2651 3787 3195 2358
13446 4 2 1 1 2258 2897 2442 2898
13447 4 2 1 1 2651 3584 3168 4292
13448 4 2 1 1 3168 3584 2449 4292
13449 4 2 1 1 4257 3935 4182 2891
13450 4 2 1 1 2891 3295 2482 3935
13451 4 2 1 1 1831 2986 1830 4385
13452 4 2 1 1 3522 4522 3163 4193
13453 4 2 1 1 2167 3511 4156 4261
13454 4 2 1 1 2252 2575 3087 3420
13455 4 2 1 1 528 3899 2950 4386
13456 4 2 1 1 3074 4057 2515 4221
13457 4 2 1 1 1192 1086 3216 4230
13458 4 2 1 1 3347 3361 2416 3816
13459 4 2 1 1 2255 2504 2907 2953
13460 4 2 1 1 2897 3659 2797 4483
13461 4 2 1 1 1193 1162 1190 4018
13462 4 2 1 1 2511 2690 3558 3659
13463 4 2 1 1 4579 3195 749 4521
13464 4 2 1 1 3618 3701 469 3968
13465 4 2 1 1 3687 2545 2888 4183
13466 4 2 1 1 3433 3682 2477 4205
13467 4 2 1 1 1990 2739 251 3583
13468 4 2 1 1 3351 4081 2512 4217
13469 4 2 1 1 3219 3879 3720 3908
13470 4 2 1 1 1943 2001 1996 3238
13471 4 2 1 1 1460 1391 1393 3741
13472 4 2 1 1 536 3988 3445 4154
13473 4 2 1 1 2468 3539 3199 4572
13474 4 2 1 1 2663 2922 3091 4157
13475 4 2 1 1 3157 4171 2554 4435
13476 4 2 1 1 609 4393 743 704
13477 4 2 1 1 616 601 618 3417
13478 4 2 1 1 578 557 676 3054
13479 4 2 1 1 3622 3537 3620 2675
13480 4 2 1 1 1406 3508 1480 3769
13481 4 2 1 1 3576 3880 3092 3975
13482 4 2 1 1 795 884 849 3203
13483 4 2 1 1 2411 3190 3974 4520
13484 4 2 1 1 1051 1049 1050 3997
13485 4 2 1 1 2266 2992 2543 3047
13486 4 2 1 1 2777 3110 2257 3186
13487 4 2 1 1 1901 3579 2758 4061
13488 4 2 1 1 2559 3712 2892 4295
13489 4 2 1 1 1159 3821 3747 4050
13490 4 2 1 1 2612 3440 3367 4286
13491 4 2 1 1 2355 2870 3010 2591
13492 4 2 1 1 3327 4221 3074 4548
13493 4 2 1 1 380 3980 488 3990
13494 4 2 1 1 1092 1077 1174 3906
13495 4 2 1 1 2279 2723 3154 3448
13496 4 2 1 1 442 4667 54 294
13497 4 2 1 1 71 3464 499 4329
13498 4 2 1 1 1089 4013 3495 4018
13499 4 2 1 1 2445 4098 3163 4193
13500 4 2 1 1 1513 3149 1425 1290
13501 4 2 1 1 2505 3590 2978 4316
13502 4 2 1 1 4257 4182 3935 2636
13503 4 2 1 1 304 305 303 3035
13504 4 2 1 1 3180 4294 2772 4298
13505 4 2 1 1 2629 2312 3354 4140
13506 4 2 1 1 2273 3581 3346 3967
13507 4 2 1 1 3553 2794 3301 3071
13508 4 2 1 1 2509 3657 3256 3739
13509 4 2 1 1 2564 3204 3008 4191
13510 4 2 1 1 2807 3523 3520 3536
13511 4 2 1 1 2138 2175 2247 4081
13512 4 2 1 1 2806 2424 3483 4535
13513 4 2 1 1 1780 74 2022 4140
13514 4 2 1 1 3609 3922 2456 4300
13515 4 2 1 1 1161 1230 1163 4084
13516 4 2 1 1 4581 233 6 2030
13517 4 2 1 1 1683 3171 1737 3766
13518 4 2 1 1 1067 3495 1068 4255
13519 4 2 1 1 2392 3116 4296 4540
13520 4 2 1 1 666 3840 3720 3879
13521 4 2 1 1 1993 1992 1929 4221
13522 4 2 1 1 3174 3703 2398 2778
13523 4 2 1 1 2443 2832 3463 4396
13524 4 2 1 1 1857 1858 3863 4411
13525 4 2 1 1 2553 3540 3049 3603
13526 4 2 1 1 1594 4237 1616 1602
13527 4 2 1 1 2984 3468 2525 4423
13528 4 2 1 1 3227 3441 2480 4293
13529 4 2 1 1 1435 1446 1447 2977
13530 4 2 1 1 2269 3868 2975 3950
13531 4 2 1 1 2815 2670 552 4148
13532 4 2 1 1 982 983 99 4211
13533 4 2 1 1 3160 3609 2456 4300
13534 4 2 1 1 2231 2142 2239 3415
13535 4 2 1 1 1870 2608 3405 4208
13536 4 2 1 1 2512 3149 4314 4473
13537 4 2 1 1 3553 3301 2794 2277
13538 4 2 1 1 3812 4130 3703 2688
13539 4 2 1 1 2267 2991 2664 2643
13540 4 2 1 1 1537 1722 1637 2739
13541 4 2 1 1 3905 3134 4374 2389
13542 4 2 1 1 2579 4023 3121 2323
13543 4 2 1 1 2984 3547 3203 4124
13544 4 2 1 1 3203 3547 2488 4124
13545 4 2 1 1 4455 299 298 3669
13546 4 2 1 1 2317 3010 3436 2835
13547 4 2 1 1 2577 3662 3447 4175
13548 4 2 1 1 1208 1104 1159 3821
13549 4 2 1 1 4036 3004 3218 2528
13550 4 2 1 1 609 608 607 3134
13551 4 2 1 1 4581 1806 233 2030
13552 4 2 1 1 922 923 4020 4478
13553 4 2 1 1 2591 3011 3010 4363
13554 4 2 1 1 2708 3676 3273 2363
13555 4 2 1 1 1317 3048 1315 4080
13556 4 2 1 1 2274 3224 2927 4440
13557 4 2 1 1 2662 4381 3184 4486
13558 4 2 1 1 871 3407 992 3942
13559 4 2 1 1 712 3952 104 4273
13560 4 2 1 1 679 565 563 3379
13561 4 2 1 1 858 3942 3187 4287
13562 4 2 1 1 319 3169 3422 4484
13563 4 2 1 1 1066 1065 2919 4456
13564 4 2 1 1 2393 2729 2864 4302
13565 4 2 1 1 265 264 4592 1521
13566 4 2 1 1 2322 3596 2819 4378
13567 4 2 1 1 2901 2492 3863 4411
13568 4 2 1 1 2941 4256 2541 4379
13569 4 2 1 1 208 1278 1476 3973
13570 4 2 1 1 2516 3376 3072 3865
13571 4 2 1 1 1448 1325 1440 3744
13572 4 2 1 1 4575 4400 3399 961
13573 4 2 1 1 1557 1554 1638 3080
13574 4 2 1 1 2360 3226 2821 3476
13575 4 2 1 1 2402 3277 2938 3643
13576 4 2 1 1 2726 2494 3283 3696
13577 4 2 1 1 2726 2494 3696 3317
13578 4 2 1 1 4581 1806 2030 3385
13579 4 2 1 1 2538 3805 3405 4169
13580 4 2 1 1 2945 1894 1888 1910
13581 4 2 1 1 3293 3463 2832 4396
13582 4 2 1 1 261 4658 11 2165
13583 4 2 1 1 1313 1406 2973 4322
13584 4 2 1 1 627 687 691 3243
13585 4 2 1 1 3639 4293 990 4408
13586 4 2 1 1 2289 2952 3044 4512
13587 4 2 1 1 2857 2308 4043 4165
13588 4 2 1 1 2393 3279 2815 4449
13589 4 2 1 1 2007 2678 3068 4481
13590 4 2 1 1 2592 3543 3336 4040
13591 4 2 1 1 2270 2693 3611 3923
13592 4 2 1 1 2429 4156 3511 4261
13593 4 2 1 1 374 425 426 3196
13594 4 2 1 1 1389 1427 1409 3295
13595 4 2 1 1 2417 3871 3634 3880
13596 4 2 1 1 523 61 62 4187
13597 4 2 1 1 1761 1542 1747 3234
13598 4 2 1 1 112 113 963 4580
13599 4 2 1 1 967 753 994 3037
13600 4 2 1 1 2852 4058 3868 4494
13601 4 2 1 1 765 4580 3419 112
13602 4 2 1 1 301 300 302 4455
13603 4 2 1 1 1754 3042 4269 4422
13604 4 2 1 1 3503 3549 2413 4020
13605 4 2 1 1 2500 3514 3162 4426
13606 4 2 1 1 760 987 97 3635
13607 4 2 1 1 1015 4588 1211 129
13608 4 2 1 1 2566 3437 3636 4318
13609 4 2 1 1 2034 2248 2241 2985
13610 4 2 1 1 4006 4204 4537 2781
13611 4 2 1 1 2435 3280 3036 3748
13612 4 2 1 1 1278 3852 1476 3973
13613 4 2 1 1 3504 3953 2318 4511
13614 4 2 1 1 3166 2093 4488 2836
13615 4 2 1 1 360 3515 422 4142
13616 4 2 1 1 2909 3928 3179 2563
13617 4 2 1 1 2109 2180 2171 3122
13618 4 2 1 1 618 601 731 3417
13619 4 2 1 1 1392 1391 1390 3125
13620 4 2 1 1 3355 2876 2150 4263
13621 4 2 1 1 2881 4510 3759 4511
13622 4 2 1 1 1341 3139 1394 4063
13623 4 2 1 1 3240 832 4502 3547
13624 4 2 1 1 1275 1489 219 3042
13625 4 2 1 1 1485 1479 1274 3093
13626 4 2 1 1 2007 2678 4187 3068
13627 4 2 1 1 2397 3860 3148 4399
13628 4 2 1 1 781 4575 4532 3399
13629 4 2 1 1 352 2996 412 4333
13630 4 2 1 1 648 3634 649 3871
13631 4 2 1 1 1777 1962 2016 2966
13632 4 2 1 1 2464 2988 2727 3555
13633 4 2 1 1 1740 1641 3009 4503
13634 4 2 1 1 2361 3216 4230 4443
13635 4 2 1 1 2790 3676 3203 2363
13636 4 2 1 1 3743 4014 2367 4152
13637 4 2 1 1 2701 3889 3058 4387
13638 4 2 1 1 2314 2952 3268 3681
13639 4 2 1 1 3089 2422 2743 2537
13640 4 2 1 1 3973 4527 1538 4564
13641 4 2 1 1 2805 2398 3680 2778
13642 4 2 1 1 2389 3363 3311 2978
13643 4 2 1 1 4347 345 362 3749
13644 4 2 1 1 2299 3394 2940 2690
13645 4 2 1 1 455 291 394 3500
13646 4 2 1 1 3298 3745 2870 4441
13647 4 2 1 1 2403 2976 3504 3776
13648 4 2 1 1 1209 3945 1025 4380
13649 4 2 1 1 2597 3229 2965 3644
13650 4 2 1 1 1886 1898 1885 3707
13651 4 2 1 1 2128 2130 3070 4268
13652 4 2 1 1 1026 1235 1234 3435
13653 4 2 1 1 2709 3626 2264 4032
13654 4 2 1 1 1235 1191 1190 3053
13655 4 2 1 1 1781 3235 1904 3464
13656 4 2 1 1 1225 1147 1143 3478
13657 4 2 1 1 2922 3759 3242 3953
13658 4 2 1 1 1798 1945 4481 2032
13659 4 2 1 1 2782 2312 2535 2629
13660 4 2 1 1 765 4580 112 963
13661 4 2 1 1 1848 3584 1963 4340
13662 4 2 1 1 113 963 3591 771
13663 4 2 1 1 2446 3513 2845 4432
13664 4 2 1 1 963 3591 953 4461
13665 4 2 1 1 1714 216 1526 3128
13666 4 2 1 1 1238 4007 3513 4049
13667 4 2 1 1 2298 2464 3001 2902
13668 4 2 1 1 2604 3505 3504 3953
13669 4 2 1 1 3287 3637 2630 4310
13670 4 2 1 1 4313 3663 4262 2931
13671 4 2 1 1 1751 1696 1693 3887
13672 4 2 1 1 2293 4539 3006 2485
13673 4 2 1 1 3874 2605 3142 2770
13674 4 2 1 1 1183 1240 3170 3693
13675 4 2 1 1 3504 3505 2604 3604
13676 4 2 1 1 3156 4409 3514 4426
13677 4 2 1 1 915 950 3256 4343
13678 4 2 1 1 3432 2908 2795 3660
13679 4 2 1 1 3874 3142 2605 3663
13680 4 2 1 1 831 3187 858 3942
13681 4 2 1 1 4268 2238 2142 2130
13682 4 2 1 1 1609 3025 3983 4444
13683 4 2 1 1 307 314 305 3035
13684 4 2 1 1 1646 3458 1647 3698
13685 4 2 1 1 1964 3584 4359 1963
13686 4 2 1 1 2755 4371 4333 2307
13687 4 2 1 1 4558 277 3005 491
13688 4 2 1 1 1151 1012 3138 4504
13689 4 2 1 1 162 1030 163 4281
13690 4 2 1 1 1226 3175 1158 4495
13691 4 2 1 1 594 3299 568 3815
13692 4 2 1 1 3623 3765 1501 3951
13693 4 2 1 1 3219 3720 2962 3908
13694 4 2 1 1 1485 3093 1443 3744
13695 4 2 1 1 2527 2855 3552 4398
13696 4 2 1 1 1185 1110 1067 4456
13697 4 2 1 1 4271 3796 2680 3888
13698 4 2 1 1 3031 3213 2349 4290
13699 4 2 1 1 2904 3745 2870 4104
13700 4 2 1 1 973 972 904 3952
13701 4 2 1 1 913 912 3204 3962
13702 4 2 1 1 868 986 867 3135
13703 4 2 1 1 2851 3594 2526 4353
13704 4 2 1 1 2549 3466 3342 4182
13705 4 2 1 1 2270 3922 3715 3923
13706 4 2 1 1 3612 2264 2693 4349
13707 4 2 1 1 2567 2874 2283 4028
13708 4 2 1 1 2524 3792 3412 4189
13709 4 2 1 1 490 3530 381 2771
13710 4 2 1 1 1218 3315 1035 4338
13711 4 2 1 1 933 920 934 3250
13712 4 2 1 1 840 841 3160 4502
13713 4 2 1 1 701 507 635 4386
13714 4 2 1 1 1292 1505 1494 2826
13715 4 2 1 1 2950 3232 2593 4401
13716 4 2 1 1 777 4628 3246 4453
13717 4 2 1 1 2840 3997 1049 4027
13718 4 2 1 1 2495 3446 3346 3987
13719 4 2 1 1 2515 3346 3446 3987
13720 4 2 1 1 1011 147 148 3472
13721 4 2 1 1 1116 1130 3233 4216
13722 4 2 1 1 2918 2407 3547 4317
13723 4 2 1 1 2803 3697 2447 4104
13724 4 2 1 1 2961 4250 3961 4365
13725 4 2 1 1 2118 3402 2120 3862
13726 4 2 1 1 4468 1227 1158 1230
13727 4 2 1 1 1347 3007 1361 1372
13728 4 2 1 1 3312 4324 2615 4395
13729 4 2 1 1 1823 1919 3751 4228
13730 4 2 1 1 2830 2522 3746 4341
13731 4 2 1 1 2644 4025 3182 4202
13732 4 2 1 1 4311 4493 3461 2646
13733 4 2 1 1 3301 4095 3471 2700
13734 4 2 1 1 3207 3486 2434 4038
13735 4 2 1 1 2813 4205 4037 4318
13736 4 2 1 1 730 729 93 3639
13737 4 2 1 1 1674 1675 3313 4545
13738 4 2 1 1 2876 3862 3402 4266
13739 4 2 1 1 968 882 859 4400
13740 4 2 1 1 2774 4334 3531 4435
13741 4 2 1 1 558 556 557 3850
13742 4 2 1 1 1426 2800 1424 1419
13743 4 2 1 1 1426 2800 1419 3742
13744 4 2 1 1 842 840 841 3160
13745 4 2 1 1 2245 2137 2138 3351
13746 4 2 1 1 147 3472 1011 4139
13747 4 2 1 1 2386 3439 3315 3460
13748 4 2 1 1 750 3566 632 3699
13749 4 2 1 1 1872 3066 3863 4562
13750 4 2 1 1 651 652 585 3663
13751 4 2 1 1 3528 3745 3403 4441
13752 4 2 1 1 1501 3765 1452 3951
13753 4 2 1 1 2379 2810 3792 2461
13754 4 2 1 1 2542 3859 3067 2307
13755 4 2 1 1 2852 3950 3868 4058
13756 4 2 1 1 2366 3212 3941 4366
13757 4 2 1 1 3157 3870 2554 4171
13758 4 2 1 1 2694 3870 3157 4171
13759 4 2 1 1 2361 3527 3006 4475
13760 4 2 1 1 3351 2386 3149 4477
13761 4 2 1 1 237 2012 236 2758
13762 4 2 1 1 3025 1669 4039 4269
13763 4 2 1 1 681 679 620 4321
13764 4 2 1 1 1217 1144 1011 3472
13765 4 2 1 1 3518 3830 2661 4134
13766 4 2 1 1 3425 3755 2346 3895
13767 4 2 1 1 3232 3244 2593 4401
13768 4 2 1 1 2255 2907 2504 3734
13769 4 2 1 1 2543 2992 2266 3091
13770 4 2 1 1 4103 1842 2635 3679
13771 4 2 1 1 751 615 697 4069
13772 4 2 1 1 1684 3081 1685 1599
13773 4 2 1 1 2393 3632 2864 2729
13774 4 2 1 1 1784 1915 1990 3583
13775 4 2 1 1 2311 2960 2828 3056
13776 4 2 1 1 2951 2421 3480 3790
13777 4 2 1 1 2600 4304 3749 4347
13778 4 2 1 1 477 3959 377 2861
13779 4 2 1 1 3454 4219 3499 4270
13780 4 2 1 1 2650 3422 3169 4484
13781 4 2 1 1 2531 3511 2795 2085
13782 4 2 1 1 2326 2958 2735 4075
13783 4 2 1 1 2274 2476 2926 2927
13784 4 2 1 1 4103 2635 1842 3412
13785 4 2 1 1 2568 3374 4083 4384
13786 4 2 1 1 2646 2989 2334 3222
13787 4 2 1 1 3201 1202 1189 2547
13788 4 2 1 1 2463 3640 3417 4357
13789 4 2 1 1 2939 3831 1093 3842
13790 4 2 1 1 3119 3689 836 4567
13791 4 2 1 1 3531 4334 2554 4435
13792 4 2 1 1 2424 2806 3483 3947
13793 4 2 1 1 521 737 732 4114
13794 4 2 1 1 908 762 958 3095
13795 4 2 1 1 3303 2296 3908 4460
13796 4 2 1 1 913 3962 3204 3964
13797 4 2 1 1 1850 1848 1963 4340
13798 4 2 1 1 2126 2079 2091 3760
13799 4 2 1 1 2350 2980 3966 4399
13800 4 2 1 1 1488 3438 1386 4507
13801 4 2 1 1 1788 3615 1984 4312
13802 4 2 1 1 2551 3781 3544 4339
13803 4 2 1 1 2492 2872 3751 4228
13804 4 2 1 1 2276 3281 3271 3633
13805 4 2 1 1 436 4558 459 3617
13806 4 2 1 1 77 510 76 3748
13807 4 2 1 1 1800 3707 1899 4231
13808 4 2 1 1 2866 2349 3531 3578
13809 4 2 1 1 3952 4190 2665 4464
13810 4 2 1 1 3072 3865 3376 4011
13811 4 2 1 1 3025 3569 2526 4039
13812 4 2 1 1 3201 1189 1202 1203
13813 4 2 1 1 2831 3649 1847 4340
13814 4 2 1 1 3392 3856 2326 3969
13815 4 2 1 1 2350 3505 2874 4399
13816 4 2 1 1 2022 74 73 2686
13817 4 2 1 1 975 973 3521 4273
13818 4 2 1 1 459 4558 436 484
13819 4 2 1 1 3830 3938 2661 2977
13820 4 2 1 1 1443 3534 1448 3744
13821 4 2 1 1 4256 2459 2742 3164
13822 4 2 1 1 2380 3452 3179 2563
13823 4 2 1 1 2637 2407 3798 3900
13824 4 2 1 1 145 888 767 4277
13825 4 2 1 1 3271 3281 3270 4454
13826 4 2 1 1 2908 3653 2168 2795
13827 4 2 1 1 2844 4324 3312 4395
13828 4 2 1 1 2728 3851 2957 2392
13829 4 2 1 1 1249 161 1262 4132
13830 4 2 1 1 2232 2233 2188 4288
13831 4 2 1 1 1811 1911 1873 4312
13832 4 2 1 1 74 2686 2022 4140
13833 4 2 1 1 1831 1832 1830 2986
13834 4 2 1 1 1534 1728 1682 3896
13835 4 2 1 1 2466 2867 3423 4288
13836 4 2 1 1 1842 1840 1843 4103
13837 4 2 1 1 2273 2971 4176 4318
13838 4 2 1 1 372 3618 469 3968
13839 4 2 1 1 3522 3163 4522 2642
13840 4 2 1 1 2566 3772 3003 4037
13841 4 2 1 1 3003 3772 2330 4037
13842 4 2 1 1 2180 4004 3122 4341
13843 4 2 1 1 2608 4208 3421 4501
13844 4 2 1 1 3180 2337 3118 4251
13845 4 2 1 1 2941 2335 3516 4097
13846 4 2 1 1 2523 3326 2729 4496
13847 4 2 1 1 2704 4250 4217 4365
13848 4 2 1 1 704 4641 122 518
13849 4 2 1 1 444 297 378 3455
13850 4 2 1 1 4256 2742 2459 3517
13851 4 2 1 1 342 3515 343 344
13852 4 2 1 1 2301 3611 2823 3612
13853 4 2 1 1 446 4662 22 291
13854 4 2 1 1 3539 4358 3199 4572
13855 4 2 1 1 1698 3225 1751 3694
13856 4 2 1 1 1145 1217 1027 4415
13857 4 2 1 1 3213 3859 2349 4334
13858 4 2 1 1 3908 4035 3879 2699
13859 4 2 1 1 3240 832 3547 847
13860 4 2 1 1 1593 3213 1587 4541
13861 4 2 1 1 2344 4388 2701 4435
13862 4 2 1 1 396 401 439 3559
13863 4 2 1 1 3344 4417 2862 4418
13864 4 2 1 1 3650 3292 2267 3004
13865 4 2 1 1 1008 4253 2865 4561
13866 4 2 1 1 3051 3809 2319 3810
13867 4 2 1 1 2769 3446 4221 4548
13868 4 2 1 1 3303 4308 2296 4460
13869 4 2 1 1 1367 1369 1337 3217
13870 4 2 1 1 2515 4221 3446 4548
13871 4 2 1 1 3165 3917 2422 3000
13872 4 2 1 1 2271 4030 3704 4363
13873 4 2 1 1 2649 3629 3039 4213
13874 4 2 1 1 3332 3771 2833 3815
13875 4 2 1 1 1244 1198 4045 4319
13876 4 2 1 1 2260 2821 2619 3476
13877 4 2 1 1 969 878 970 3214
13878 4 2 1 1 1328 1330 3622 4138
13879 4 2 1 1 2577 3447 3186 4175
13880 4 2 1 1 3833 3974 2968 4072
13881 4 2 1 1 2780 3958 2645 4236
13882 4 2 1 1 3109 3574 2315 3947
13883 4 2 1 1 353 298 3105 4455
13884 4 2 1 1 2397 3201 3365 3501
13885 4 2 1 1 2769 4221 3327 4548
13886 4 2 1 1 2385 3753 3411 3773
13887 4 2 1 1 1833 3098 1834 4291
13888 4 2 1 1 432 454 344 4347
13889 4 2 1 1 2845 3513 3138 4504
13890 4 2 1 1 1285 3396 1377 3866
13891 4 2 1 1 1308 3153 1312 4063
13892 4 2 1 1 2652 3895 3893 2486
13893 4 2 1 1 1086 3111 1194 4003
13894 4 2 1 1 2519 3673 3427 4070
13895 4 2 1 1 185 1216 1025 4380
13896 4 2 1 1 3041 3391 2545 3565
13897 4 2 1 1 3158 3718 2060 3497
13898 4 2 1 1 1593 3884 3213 4541
13899 4 2 1 1 2069 3653 2168 2908
13900 4 2 1 1 763 4588 956 3250
13901 4 2 1 1 1983 1927 1930 4313
13902 4 2 1 1 2268 2857 2856 4053
13903 4 2 1 1 3084 2743 2422 2537
13904 4 2 1 1 2482 4112 4111 4229
13905 4 2 1 1 2586 3479 3398 2514
13906 4 2 1 1 3709 3735 2682 4529
13907 4 2 1 1 2278 2928 3683 4241
13908 4 2 1 1 2937 3791 3642 4519
13909 4 2 1 1 2180 3122 2109 4341
13910 4 2 1 1 2641 3146 4222 4342
13911 4 2 1 1 3449 4308 2467 4460
13912 4 2 1 1 4126 4146 4443 2361
13913 4 2 1 1 3306 3763 2415 3813
13914 4 2 1 1 1422 1266 1519 2985
13915 4 2 1 1 1115 1222 1129 4216
13916 4 2 1 1 4579 68 69 1783
13917 4 2 1 1 2379 3404 3000 3917
13918 4 2 1 1 434 3028 339 372
13919 4 2 1 1 2009 3165 1956 3000
13920 4 2 1 1 1586 4327 3870 4541
13921 4 2 1 1 871 992 856 3942
13922 4 2 1 1 3126 3747 2705 4429
13923 4 2 1 1 3801 4210 3068 4474
13924 4 2 1 1 1550 1537 1551 3583
13925 4 2 1 1 3488 4124 2407 4506
13926 4 2 1 1 1157 4044 4370 4468
13927 4 2 1 1 2893 4055 4230 4475
13928 4 2 1 1 2445 3178 3889 4193
13929 4 2 1 1 1670 1609 3025 3983
13930 4 2 1 1 3754 3963 3244 2284
13931 4 2 1 1 2721 4085 3774 4110
13932 4 2 1 1 1395 1276 1393 3741
13933 4 2 1 1 1389 3469 1409 1301
13934 4 2 1 1 2118 2102 3402 4033
13935 4 2 1 1 523 748 61 4187
13936 4 2 1 1 520 115 695 3752
13937 4 2 1 1 2801 2299 3800 4310
13938 4 2 1 1 803 910 3215 805
13939 4 2 1 1 1419 3861 2800 4119
13940 4 2 1 1 3018 2636 4257 4556
13941 4 2 1 1 2193 3985 3019 4344
13942 4 2 1 1 2515 3346 3345 3442
13943 4 2 1 1 2414 3376 3865 4011
13944 4 2 1 1 1872 3751 1919 3863
13945 4 2 1 1 3866 4352 2563 3208
13946 4 2 1 1 1444 3646 1370 4404
13947 4 2 1 1 4343 912 834 3962
13948 4 2 1 1 2975 2353 3366 3487
13949 4 2 1 1 4579 1783 69 2681
13950 4 2 1 1 1644 3834 3619 3999
13951 4 2 1 1 2450 2776 2994 4019
13952 4 2 1 1 2951 2421 3803 4199
13953 4 2 1 1 3960 2637 3738 2533
13954 4 2 1 1 1283 1496 1447 2977
13955 4 2 1 1 2343 3388 3540 4566
13956 4 2 1 1 2957 3851 2588 2392
13957 4 2 1 1 1131 1233 1033 3075
13958 4 2 1 1 4144 4127 4110 2721
13959 4 2 1 1 1426 3742 1468 4380
13960 4 2 1 1 1655 3619 1616 4052
13961 4 2 1 1 2851 3765 2479 3951
13962 4 2 1 1 1968 3309 1944 4291
13963 4 2 1 1 2076 2159 2155 3285
13964 4 2 1 1 2350 3966 3505 4399
13965 4 2 1 1 2502 3911 3239 4170
13966 4 2 1 1 2624 3799 3586 4152
13967 4 2 1 1 2521 3271 3461 3946
13968 4 2 1 1 4579 3787 1783 2681
13969 4 2 1 1 1150 1096 1152 4049
13970 4 2 1 1 2239 2235 2044 3321
13971 4 2 1 1 2521 3461 3271 3633
13972 4 2 1 1 2571 3708 3647 4330
13973 4 2 1 1 2814 2772 4294 4298
13974 4 2 1 1 910 3215 834 3962
13975 4 2 1 1 1222 1017 1129 4216
13976 4 2 1 1 2988 683 689 725
13977 4 2 1 1 2517 3785 2774 4439
13978 4 2 1 1 2449 3303 2944 4246
13979 4 2 1 1 1986 4208 1940 3380
13980 4 2 1 1 2446 3138 2649 2845
13981 4 2 1 1 1026 173 172 3435
13982 4 2 1 1 4265 814 812 3127
13983 4 2 1 1 3116 3610 2875 4199
13984 4 2 1 1 1188 1191 3501 4013
13985 4 2 1 1 1621 3067 1701 4541
13986 4 2 1 1 531 3348 693 2593
13987 4 2 1 1 1481 1474 1273 4437
13988 4 2 1 1 3221 3266 2301 3628
13989 4 2 1 1 3159 3802 2179 4425
13990 4 2 1 1 2556 2781 3762 4537
13991 4 2 1 1 2379 3236 3081 3857
13992 4 2 1 1 357 358 356 3674
13993 4 2 1 1 861 999 879 4238
13994 4 2 1 1 3264 3349 2595 4181
13995 4 2 1 1 2424 3762 2781 4106
13996 4 2 1 1 1903 3421 1912 4155
13997 4 2 1 1 2427 2749 3043 3777
13998 4 2 1 1 866 3017 766 3639
13999 4 2 1 1 1988 1777 2016 3665
14000 4 2 1 1 364 436 4006 4558
14001 4 2 1 1 211 1741 210 4177
14002 4 2 1 1 211 2754 1741 4177
14003 4 2 1 1 2446 4049 3253 2649
14004 4 2 1 1 2908 3432 2075 3808
14005 4 2 1 1 4578 125 3 1261
14006 4 2 1 1 1067 3842 1185 4456
14007 4 2 1 1 2750 3292 3291 4065
14008 4 2 1 1 125 1261 4578 2947
14009 4 2 1 1 2888 2889 4036 4184
14010 4 2 1 1 2497 2884 3669 4471
14011 4 2 1 1 4435 4439 4388 2774
14012 4 2 1 1 2433 2954 3768 4458
14013 4 2 1 1 1798 1945 1978 2706
14014 4 2 1 1 3956 4014 2537 3608
14015 4 2 1 1 1750 4194 4527 3191
14016 4 2 1 1 3239 3258 2523 4499
14017 4 2 1 1 298 3669 3105 4455
14018 4 2 1 1 201 4352 1471 3208
14019 4 2 1 1 602 4321 619 2972
14020 4 2 1 1 627 3243 691 4329
14021 4 2 1 1 3552 2855 411 4398
14022 4 2 1 1 3747 1132 1159 4050
14023 4 2 1 1 2452 3230 3007 4147
14024 4 2 1 1 1631 3477 4305 4466
14025 4 2 1 1 1381 1500 1446 3151
14026 4 2 1 1 2419 4013 3053 4018
14027 4 2 1 1 1281 1391 1460 3426
14028 4 2 1 1 2952 4074 4019 2776
14029 4 2 1 1 2495 2381 2734 3688
14030 4 2 1 1 2334 3600 3206 4554
14031 4 2 1 1 2866 3452 2542 3859
14032 4 2 1 1 2349 3452 2866 3859
14033 4 2 1 1 437 3801 3605 2747
14034 4 2 1 1 3334 3633 2420 3177
14035 4 2 1 1 2378 3492 3015 3913
14036 4 2 1 1 2333 2898 2621 3045
14037 4 2 1 1 2570 3615 3207 4516
14038 4 2 1 1 2461 3924 3310 4023
14039 4 2 1 1 2878 3360 3361 2416
14040 4 2 1 1 3476 4088 2364 2619
14041 4 2 1 1 2251 2553 2484 3641
14042 4 2 1 1 2449 3584 3303 4292
14043 4 2 1 1 1421 1513 4119 4473
14044 4 2 1 1 329 331 3716 3788
14045 4 2 1 1 1154 3490 1219 3984
14046 4 2 1 1 2551 3544 3781 4242
14047 4 2 1 1 172 173 1487 3435
14048 4 2 1 1 172 1487 2711 3435
14049 4 2 1 1 2870 3517 2460 2591
14050 4 2 1 1 289 4611 3375 445
14051 4 2 1 1 2408 2982 3291 4489
14052 4 2 1 1 1095 3506 1082 4230
14053 4 2 1 1 3229 4350 3108 4410
14054 4 2 1 1 2781 2556 4204 4537
14055 4 2 1 1 2334 2777 3600 4555
14056 4 2 1 1 3590 2824 2284 4107
14057 4 2 1 1 348 437 3605 2747
14058 4 2 1 1 641 610 703 3844
14059 4 2 1 1 2099 2100 2097 4425
14060 4 2 1 1 811 2560 827 950
14061 4 2 1 1 773 986 976 3275
14062 4 2 1 1 2520 3131 3122 4436
14063 4 2 1 1 2561 3936 3130 3978
14064 4 2 1 1 2450 3445 3050 4054
14065 4 2 1 1 2561 4002 3130 4120
14066 4 2 1 1 591 640 694 3638
14067 4 2 1 1 3774 4085 2761 4110
14068 4 2 1 1 2906 2451 3314 3812
14069 4 2 1 1 2339 3241 3183 4513
14070 4 2 1 1 3099 1914 3557 3130
14071 4 2 1 1 2895 3050 4207 3713
14072 4 2 1 1 2279 3089 2743 2537
14073 4 2 1 1 3521 3952 2799 4273
14074 4 2 1 1 4021 3996 2586 3819
14075 4 2 1 1 2761 2928 4085 2362
14076 4 2 1 1 2384 3520 3014 3536
14077 4 2 1 1 1782 237 238 3418
14078 4 2 1 1 2119 2118 2102 3402
14079 4 2 1 1 4438 2151 3152 2048
14080 4 2 1 1 3117 3408 2557 2506
14081 4 2 1 1 1181 3170 1183 1265
14082 4 2 1 1 2437 3648 2916 3925
14083 4 2 1 1 1633 2936 1625 4010
14084 4 2 1 1 1827 1931 1855 3320
14085 4 2 1 1 1893 3470 2024 4364
14086 4 2 1 1 2340 3799 3585 3001
14087 4 2 1 1 4494 4417 3868 2862
14088 4 2 1 1 294 4638 4231 4667
14089 4 2 1 1 2689 3613 3419 3979
14090 4 2 1 1 331 3228 330 3716
14091 4 2 1 1 2770 3576 3880 4462
14092 4 2 1 1 2417 3880 3576 4462
14093 4 2 1 1 3045 3910 2702 2622
14094 4 2 1 1 1964 1789 1946 2962
14095 4 2 1 1 2108 2109 3252 4341
14096 4 2 1 1 3011 3436 3010 4363
14097 4 2 1 1 3112 670 3592 4419
14098 4 2 1 1 2515 3446 3238 3987
14099 4 2 1 1 434 3028 3262 339
14100 4 2 1 1 1621 1591 1620 3870
14101 4 2 1 1 2371 2777 3186 3574
14102 4 2 1 1 3234 3385 2540 4026
14103 4 2 1 1 2844 4281 3312 4324
14104 4 2 1 1 2484 2647 2251 3641
14105 4 2 1 1 3431 2310 3814 4462
14106 4 2 1 1 1599 1576 1574 3451
14107 4 2 1 1 1342 1397 1306 4066
14108 4 2 1 1 4343 834 912 914
14109 4 2 1 1 2819 3597 2818 4526
14110 4 2 1 1 3250 2394 3764 4235
14111 4 2 1 1 3595 4514 3614 2321
14112 4 2 1 1 2322 3507 2817 2858
14113 4 2 1 1 1878 1928 1991 3882
14114 4 2 1 1 294 4638 4667 55
14115 4 2 1 1 1717 4026 1547 4153
14116 4 2 1 1 687 580 691 3243
14117 4 2 1 1 2272 2604 3604 3845
14118 4 2 1 1 3067 2307 4171 4522
14119 4 2 1 1 1557 2903 1555 4348
14120 4 2 1 1 2402 3442 3003 3580
14121 4 2 1 1 2025 3405 1890 4364
14122 4 2 1 1 1778 2605 1927 1983
14123 4 2 1 1 4379 3143 2459 3164
14124 4 2 1 1 3092 644 643 590
14125 4 2 1 1 3654 4241 2387 3631
14126 4 2 1 1 996 4265 4424 837
14127 4 2 1 1 222 1497 223 3765
14128 4 2 1 1 1199 2868 1195 1198
14129 4 2 1 1 2253 2626 3485 4076
14130 4 2 1 1 2608 4125 3413 4169
14131 4 2 1 1 604 2864 3632 4496
14132 4 2 1 1 3828 4031 3961 2783
14133 4 2 1 1 1797 2003 1951 3937
14134 4 2 1 1 2275 3369 2628 4320
14135 4 2 1 1 4379 2459 3143 2941
14136 4 2 1 1 1093 1069 1071 3842
14137 4 2 1 1 1754 3042 1523 4269
14138 4 2 1 1 2454 3727 3726 3091
14139 4 2 1 1 2867 4251 3678 4288
14140 4 2 1 1 2425 4329 2440 2945
14141 4 2 1 1 1859 3920 1884 2894
14142 4 2 1 1 1194 3907 1196 4003
14143 4 2 1 1 2371 3186 3447 4175
14144 4 2 1 1 169 1239 170 3365
14145 4 2 1 1 2257 2883 3110 3607
14146 4 2 1 1 3550 2495 2935 4243
14147 4 2 1 1 2551 3544 2908 4339
14148 4 2 1 1 2459 2916 3648 3925
14149 4 2 1 1 2168 3653 2157 2795
14150 4 2 1 1 2288 3961 2783 4181
14151 4 2 1 1 2967 3016 2857 3473
14152 4 2 1 1 3069 2417 3909 4366
14153 4 2 1 1 2319 3763 2885 4197
14154 4 2 1 1 723 725 685 3635
14155 4 2 1 1 1044 3457 4067 4390
14156 4 2 1 1 1730 3081 1736 1685
14157 4 2 1 1 316 324 415 4535
14158 4 2 1 1 4625 226 225 1507
14159 4 2 1 1 1043 4047 1042 4067
14160 4 2 1 1 524 4575 110 700
14161 4 2 1 1 2976 3065 2906 3845
14162 4 2 1 1 1884 3920 1859 1860
14163 4 2 1 1 3175 3194 2658 4326
14164 4 2 1 1 2450 3713 2994 4054
14165 4 2 1 1 2835 4084 3053 4295
14166 4 2 1 1 1044 1134 3457 4390
14167 4 2 1 1 3662 3646 3312 2771
14168 4 2 1 1 876 848 785 3162
14169 4 2 1 1 2156 3862 2876 4517
14170 4 2 1 1 2485 2789 2294 4430
14171 4 2 1 1 321 317 329 3716
14172 4 2 1 1 329 331 330 3716
14173 4 2 1 1 2016 1896 1988 3665
14174 4 2 1 1 815 939 813 3247
14175 4 2 1 1 2233 2867 2234 2133
14176 4 2 1 1 777 4238 4453 3246
14177 4 2 1 1 319 3422 302 4484
14178 4 2 1 1 1008 2865 770 4561
14179 4 2 1 1 4405 2666 3896 2808
14180 4 2 1 1 3390 3516 2335 4097
14181 4 2 1 1 361 3749 3257 4304
14182 4 2 1 1 3312 3646 3662 3077
14183 4 2 1 1 2081 2094 3746 4341
14184 4 2 1 1 1984 257 1794 4516
14185 4 2 1 1 1735 1711 1774 3415
14186 4 2 1 1 2493 3597 2643 3614
14187 4 2 1 1 1191 1236 1237 3501
14188 4 2 1 1 1895 1904 1894 3235
14189 4 2 1 1 3158 2641 3895 3497
14190 4 2 1 1 781 4575 3399 961
14191 4 2 1 1 2076 2061 2159 3285
14192 4 2 1 1 1782 2758 237 3418
14193 4 2 1 1 455 353 298 3105
14194 4 2 1 1 3067 3884 1701 4541
14195 4 2 1 1 2472 4051 2930 4489
14196 4 2 1 1 2531 3465 3343 4376
14197 4 2 1 1 527 526 637 3899
14198 4 2 1 1 2599 3343 3465 4376
14199 4 2 1 1 259 1980 258 3672
14200 4 2 1 1 1417 1268 1468 3340
14201 4 2 1 1 2851 3765 3594 4353
14202 4 2 1 1 683 682 578 3767
14203 4 2 1 1 2579 3310 3924 4023
14204 4 2 1 1 2489 3868 2862 4494
14205 4 2 1 1 4608 225 2197 10
14206 4 2 1 1 2451 3694 3512 3982
14207 4 2 1 1 593 553 592 3542
14208 4 2 1 1 1707 3313 1675 4545
14209 4 2 1 1 4468 1227 1230 3194
14210 4 2 1 1 3352 3909 3069 4325
14211 4 2 1 1 2637 2407 3900 2533
14212 4 2 1 1 1900 2013 3057 3579
14213 4 2 1 1 1565 3682 1588 3055
14214 4 2 1 1 975 2697 3521 903
14215 4 2 1 1 2465 2901 3406 4524
14216 4 2 1 1 1523 1754 219 3042
14217 4 2 1 1 3611 3612 2693 4349
14218 4 2 1 1 1150 1149 1096 4049
14219 4 2 1 1 3078 2472 4065 4489
14220 4 2 1 1 1712 3171 4012 4457
14221 4 2 1 1 360 345 3515 3749
14222 4 2 1 1 2767 2381 2986 4385
14223 4 2 1 1 2543 3002 3047 3087
14224 4 2 1 1 3193 3274 2535 4351
14225 4 2 1 1 2588 4263 3152 4438
14226 4 2 1 1 2375 3993 3795 4349
14227 4 2 1 1 2301 2693 3611 3612
14228 4 2 1 1 2742 3453 3298 3736
14229 4 2 1 1 1071 1069 1070 4255
14230 4 2 1 1 117 4669 7 2198
14231 4 2 1 1 2368 3007 3230 4147
14232 4 2 1 1 2410 3561 3249 4445
14233 4 2 1 1 2275 2624 2871 4391
14234 4 2 1 1 2395 3960 3082 4400
14235 4 2 1 1 1980 3672 259 3864
14236 4 2 1 1 3813 3180 3660 2415
14237 4 2 1 1 363 361 3257 4304
14238 4 2 1 1 2652 3755 3425 3895
14239 4 2 1 1 2283 3052 3830 4134
14240 4 2 1 1 2802 3625 2954 3768
14241 4 2 1 1 2281 3434 3773 3970
14242 4 2 1 1 1695 3376 3887 4011
14243 4 2 1 1 2405 3802 2783 4031
14244 4 2 1 1 3729 3977 3449 3141
14245 4 2 1 1 208 1476 209 3973
14246 4 2 1 1 628 498 612 3354
14247 4 2 1 1 613 662 3193 4212
14248 4 2 1 1 2325 3626 3190 4520
14249 4 2 1 1 3949 3939 2974 3950
14250 4 2 1 1 3371 3484 2860 3585
14251 4 2 1 1 3720 3840 2550 3879
14252 4 2 1 1 667 560 670 3112
14253 4 2 1 1 3813 3660 3180 2687
14254 4 2 1 1 2458 4242 3102 4482
14255 4 2 1 1 184 3340 1216 4380
14256 4 2 1 1 2304 2809 3946 4167
14257 4 2 1 1 1033 4643 191 1219
14258 4 2 1 1 672 738 673 3219
14259 4 2 1 1 1781 1894 1904 3235
14260 4 2 1 1 2588 3124 4131 2392
14261 4 2 1 1 4661 3455 444 3668
14262 4 2 1 1 1735 4592 265 4640
14263 4 2 1 1 2398 2805 3680 4309
14264 4 2 1 1 1340 1410 1316 3656
14265 4 2 1 1 2486 3905 3616 4374
14266 4 2 1 1 2569 4068 3209 4309
14267 4 2 1 1 2651 3168 3787 2358
14268 4 2 1 1 2395 3082 3399 4400
14269 4 2 1 1 1437 3094 1344 3197
14270 4 2 1 1 3778 4045 2532 4174
14271 4 2 1 1 2430 2756 4538 3876
14272 4 2 1 1 3027 3693 3170 4167
14273 4 2 1 1 2685 3903 2714 4450
14274 4 2 1 1 3268 4512 2953 2952
14275 4 2 1 1 3470 3672 2660 2337
14276 4 2 1 1 1185 3831 1166 4198
14277 4 2 1 1 3334 3872 2521 3250
14278 4 2 1 1 2380 3179 3452 4106
14279 4 2 1 1 1255 1015 130 4235
14280 4 2 1 1 1150 1151 1149 4049
14281 4 2 1 1 3117 3421 3413 4313
14282 4 2 1 1 1451 1450 1453 4101
14283 4 2 1 1 1948 1947 1952 4542
14284 4 2 1 1 1726 239 238 3418
14285 4 2 1 1 508 92 91 4114
14286 4 2 1 1 1153 4007 1238 4049
14287 4 2 1 1 2617 3971 3576 2793
14288 4 2 1 1 3828 3961 4031 2458
14289 4 2 1 1 2895 3050 3713 2450
14290 4 2 1 1 3619 2633 1643 3999
14291 4 2 1 1 1196 1197 4003 4571
14292 4 2 1 1 2688 3694 3093 3770
14293 4 2 1 1 1645 1643 2633 3999
14294 4 2 1 1 2697 2509 3911 4529
14295 4 2 1 1 638 596 536 3988
14296 4 2 1 1 2349 4290 3928 2563
14297 4 2 1 1 218 217 4577 1659
14298 4 2 1 1 921 829 922 4020
14299 4 2 1 1 3663 3874 702 4275
14300 4 2 1 1 795 890 884 3203
14301 4 2 1 1 2459 3390 3648 4097
14302 4 2 1 1 2727 3001 3555 2340
14303 4 2 1 1 2046 4643 2228 191
14304 4 2 1 1 1654 3191 1653 1750
14305 4 2 1 1 2423 3392 2873 4111
14306 4 2 1 1 1015 4588 129 4235
14307 4 2 1 1 2634 3337 2906 4518
14308 4 2 1 1 3279 4434 2827 2902
14309 4 2 1 1 1547 3234 1747 4153
14310 4 2 1 1 2847 2933 2325 3562
14311 4 2 1 1 2373 2931 3421 4262
14312 4 2 1 1 3701 4283 3892 2552
14313 4 2 1 1 4252 4465 2540 3661
14314 4 2 1 1 757 944 918 3143
14315 4 2 1 1 4480 3643 3580 2528
14316 4 2 1 1 2357 3429 3659 4369
14317 4 2 1 1 1068 1069 1067 4255
14318 4 2 1 1 2281 3804 3434 3969
14319 4 2 1 1 2101 4209 2211 3589
14320 4 2 1 1 477 480 294 3385
14321 4 2 1 1 915 950 948 3256
14322 4 2 1 1 3903 3454 2714 4450
14323 4 2 1 1 2317 3011 2892 3436
14324 4 2 1 1 4453 2164 2223 2043
14325 4 2 1 1 4180 4436 2786 3122
14326 4 2 1 1 2461 3554 3939 4023
14327 4 2 1 1 1757 1625 1633 2936
14328 4 2 1 1 2588 3851 3670 2392
14329 4 2 1 1 3663 3867 2605 4262
14330 4 2 1 1 2829 2564 3691 4346
14331 4 2 1 1 2851 2999 1495 4389
14332 4 2 1 1 474 481 281 3986
14333 4 2 1 1 3842 4361 2437 3096
14334 4 2 1 1 627 499 733 4005
14335 4 2 1 1 402 3169 398 4142
14336 4 2 1 1 1869 3421 1903 4313
14337 4 2 1 1 1667 3777 3630 4073
14338 4 2 1 1 1789 2962 1964 4232
14339 4 2 1 1 2335 3284 3516 4463
14340 4 2 1 1 1406 1403 3508 4322
14341 4 2 1 1 952 883 788 3156
14342 4 2 1 1 2283 3830 3052 4431
14343 4 2 1 1 1064 1193 1066 4018
14344 4 2 1 1 2306 2458 3102 4482
14345 4 2 1 1 4075 3856 3969 2326
14346 4 2 1 1 1125 1249 1254 4132
14347 4 2 1 1 1779 3041 1923 3877
14348 4 2 1 1 2398 3932 2805 4309
14349 4 2 1 1 2944 3584 2449 4340
14350 4 2 1 1 379 479 419 3163
14351 4 2 1 1 3167 4388 2537 3084
14352 4 2 1 1 1312 4234 3153 4322
14353 4 2 1 1 679 681 565 3379
14354 4 2 1 1 1934 1937 1855 3475
14355 4 2 1 1 3054 3850 676 2815
14356 4 2 1 1 3529 3727 2454 2927
14357 4 2 1 1 2489 2265 2915 3056
14358 4 2 1 1 2447 3940 2803 4104
14359 4 2 1 1 3039 3629 2649 3894
14360 4 2 1 1 3094 3314 2451 4130
14361 4 2 1 1 4577 218 1659 4507
14362 4 2 1 1 1903 1889 1912 3421
14363 4 2 1 1 3825 4325 3352 3069
14364 4 2 1 1 2786 4436 4180 2342
14365 4 2 1 1 2462 3111 3527 4427
14366 4 2 1 1 2752 2535 3274 2312
14367 4 2 1 1 2820 3063 2358 3891
14368 4 2 1 1 2726 3797 2894 3920
14369 4 2 1 1 1477 204 203 3770
14370 4 2 1 1 3291 3292 3120 4490
14371 4 2 1 1 1939 1938 3391 4022
14372 4 2 1 1 3330 3266 2953 4094
14373 4 2 1 1 2938 3277 2402 4070
14374 4 2 1 1 1162 1235 1190 3053
14375 4 2 1 1 1685 1736 1702 3930
14376 4 2 1 1 2421 2812 3116 4199
14377 4 2 1 1 710 3952 503 4190
14378 4 2 1 1 2139 3411 2116 4344
14379 4 2 1 1 2308 2502 3258 3473
14380 4 2 1 1 2380 4062 3533 3144
14381 4 2 1 1 2368 3714 3230 4160
14382 4 2 1 1 1444 3005 3646 4404
14383 4 2 1 1 2548 3852 3197 3957
14384 4 2 1 1 4302 4170 3806 2729
14385 4 2 1 1 2534 4126 3216 4427
14386 4 2 1 1 3072 3376 2516 4172
14387 4 2 1 1 2545 3565 3384 2888
14388 4 2 1 1 2454 2927 2904 3529
14389 4 2 1 1 479 478 405 3234
14390 4 2 1 1 3431 3576 2310 4462
14391 4 2 1 1 544 543 4161 4448
14392 4 2 1 1 2310 3867 4136 2506
14393 4 2 1 1 2450 3783 2895 4154
14394 4 2 1 1 1035 1259 188 4264
14395 4 2 1 1 706 734 495 3708
14396 4 2 1 1 314 410 439 3559
14397 4 2 1 1 3533 4062 2380 2826
14398 4 2 1 1 2906 3337 2320 4518
14399 4 2 1 1 1171 4553 1109 1228
14400 4 2 1 1 3006 3176 2485 4493
14401 4 2 1 1 3514 848 2500 3162
14402 4 2 1 1 2361 3189 3006 3527
14403 4 2 1 1 368 424 331 3788
14404 4 2 1 1 2454 3940 3712 3038
14405 4 2 1 1 1885 1900 2013 3057
14406 4 2 1 1 2443 4102 3575 4239
14407 4 2 1 1 1649 3458 1646 3999
14408 4 2 1 1 1018 3426 1226 4495
14409 4 2 1 1 2429 3497 4156 4261
14410 4 2 1 1 2928 3087 2351 2963
14411 4 2 1 1 2372 3125 3426 3741
14412 4 2 1 1 4577 1659 2910 4507
14413 4 2 1 1 3344 3794 3345 4176
14414 4 2 1 1 4577 1526 1659 217
14415 4 2 1 1 2390 2946 3462 3719
14416 4 2 1 1 2405 2825 3802 4031
14417 4 2 1 1 1794 258 1980 3672
14418 4 2 1 1 2496 4225 3282 2863
14419 4 2 1 1 2935 4243 2986 4385
14420 4 2 1 1 1638 1713 1560 3080
14421 4 2 1 1 1432 1444 1370 4404
14422 4 2 1 1 346 435 3533 4006
14423 4 2 1 1 2480 3305 3017 3717
14424 4 2 1 1 351 346 435 3533
14425 4 2 1 1 1116 3233 1143 2639
14426 4 2 1 1 4138 3932 3537 2848
14427 4 2 1 1 2371 3186 2777 3064
14428 4 2 1 1 2566 3772 3080 4397
14429 4 2 1 1 1938 1935 3061 4022
14430 4 2 1 1 3173 4053 2377 3356
14431 4 2 1 1 1295 4577 3128 4285
14432 4 2 1 1 2324 2847 3466 3018
14433 4 2 1 1 83 82 1979 4576
14434 4 2 1 1 2583 3945 3395 4129
14435 4 2 1 1 2354 3024 3337 3338
14436 4 2 1 1 3453 4553 3820 2656
14437 4 2 1 1 3345 3794 2477 4176
14438 4 2 1 1 4046 1300 4127 1301
14439 4 2 1 1 2303 2970 2696 4283
14440 4 2 1 1 3368 3832 2618 4406
14441 4 2 1 1 4570 4115 3510 2787
14442 4 2 1 1 3885 4115 2394 3510
14443 4 2 1 1 1196 3088 1242 4571
14444 4 2 1 1 2832 2443 3833 4396
14445 4 2 1 1 2820 2358 3063 3690
14446 4 2 1 1 2434 3481 2923 4008
14447 4 2 1 1 2706 3085 3651 4481
14448 4 2 1 1 4576 82 1979 3294
14449 4 2 1 1 165 1502 1504 3582
14450 4 2 1 1 2824 3685 2500 3851
14451 4 2 1 1 2258 2897 2797 3248
14452 4 2 1 1 2258 2797 2959 3248
14453 4 2 1 1 3820 4553 3453 1063
14454 4 2 1 1 2376 4084 3194 4295
14455 4 2 1 1 3118 4294 3180 4298
14456 4 2 1 1 4576 1778 4491 1979
14457 4 2 1 1 748 4187 523 4479
14458 4 2 1 1 3749 4454 3281 2600
14459 4 2 1 1 94 758 4293 4563
14460 4 2 1 1 2765 3377 3173 4276
14461 4 2 1 1 1035 4264 188 4338
14462 4 2 1 1 2851 3434 3220 2385
14463 4 2 1 1 2343 3388 3103 3540
14464 4 2 1 1 3265 3655 4240 2374
14465 4 2 1 1 2326 2498 4076 2626
14466 4 2 1 1 3573 3798 2637 3960
14467 4 2 1 1 2935 2438 3550 4362
14468 4 2 1 1 2977 1498 1500 1447
14469 4 2 1 1 2974 2353 3154 3366
14470 4 2 1 1 4021 3996 3819 2218
14471 4 2 1 1 1565 1567 1588 3682
14472 4 2 1 1 2382 3542 3137 2670
14473 4 2 1 1 2437 4219 3454 4270
14474 4 2 1 1 758 4091 3227 4563
14475 4 2 1 1 1188 1191 1237 3501
14476 4 2 1 1 1381 4001 1369 1380
14477 4 2 1 1 1845 3649 1847 4260
14478 4 2 1 1 2813 2633 3535 2336
14479 4 2 1 1 1740 3009 3846 4503
14480 4 2 1 1 579 670 562 4419
14481 4 2 1 1 1328 1330 1445 3622
14482 4 2 1 1 2595 3126 3264 4181
14483 4 2 1 1 3405 4169 1871 4557
14484 4 2 1 1 3054 3263 2464 3841
14485 4 2 1 1 3629 3855 2832 3894
14486 4 2 1 1 3323 3781 2674 4482
14487 4 2 1 1 2462 2868 4003 4427
14488 4 2 1 1 2486 3044 3232 4240
14489 4 2 1 1 2847 2368 3466 4163
14490 4 2 1 1 623 3324 722 4552
14491 4 2 1 1 2807 3645 2609 4082
14492 4 2 1 1 2658 2372 3972 2559
14493 4 2 1 1 2275 3001 3555 4320
14494 4 2 1 1 355 3605 437 3801
14495 4 2 1 1 2813 2633 2336 3055
14496 4 2 1 1 4450 3454 2714 4566
14497 4 2 1 1 2760 3025 3353 4269
14498 4 2 1 1 4347 362 345 432
14499 4 2 1 1 3519 246 4278 3238
14500 4 2 1 1 2813 3535 4037 2336
14501 4 2 1 1 3017 866 4192 4408
14502 4 2 1 1 847 889 887 3575
14503 4 2 1 1 410 356 439 3383
14504 4 2 1 1 1950 2003 1880 3310
14505 4 2 1 1 3438 4285 2910 4507
14506 4 2 1 1 1595 1602 1603 4051
14507 4 2 1 1 650 696 621 3880
14508 4 2 1 1 3027 3170 2304 4167
14509 4 2 1 1 336 3192 427 4354
14510 4 2 1 1 780 997 979 4087
14511 4 2 1 1 521 716 737 4087
14512 4 2 1 1 3763 2319 2738 4088
14513 4 2 1 1 1710 1709 1756 3290
14514 4 2 1 1 3153 4063 2513 4234
14515 4 2 1 1 2407 3468 3082 3960
14516 4 2 1 1 1317 1316 1315 3048
14517 4 2 1 1 3254 3433 2737 3682
14518 4 2 1 1 2277 3302 3141 3692
14519 4 2 1 1 3512 3982 1744 4564
14520 4 2 1 1 4417 2359 3794 2730
14521 4 2 1 1 2647 3641 2484 3756
14522 4 2 1 1 3432 3760 2080 3808
14523 4 2 1 1 1808 4312 1811 3364
14524 4 2 1 1 739 705 657 3819
14525 4 2 1 1 1371 1499 1416 3548
14526 4 2 1 1 754 3026 892 4332
14527 4 2 1 1 2301 2693 3266 3923
14528 4 2 1 1 870 774 869 4287
14529 4 2 1 1 2511 3659 3113 4414
14530 4 2 1 1 333 339 338 4059
14531 4 2 1 1 885 886 849 4102
14532 4 2 1 1 2075 3432 2080 3808
14533 4 2 1 1 2264 2638 3329 3034
14534 4 2 1 1 2283 3052 3571 4431
14535 4 2 1 1 3184 3860 3101 4486
14536 4 2 1 1 3749 4347 4454 2600
14537 4 2 1 1 166 1243 167 4045
14538 4 2 1 1 4489 3444 2472 4065
14539 4 2 1 1 2551 2908 3544 4342
14540 4 2 1 1 2553 3049 2484 3641
14541 4 2 1 1 2282 3520 3014 4537
14542 4 2 1 1 2399 3209 4068 4309
14543 4 2 1 1 3749 3281 4454 2507
14544 4 2 1 1 1678 1539 1676 4039
14545 4 2 1 1 915 914 950 4343
14546 4 2 1 1 2263 4065 3350 4490
14547 4 2 1 1 2940 3555 3001 2340
14548 4 2 1 1 4036 3004 2528 2664
14549 4 2 1 1 3382 3390 2262 2499
14550 4 2 1 1 2002 3937 244 4278
14551 4 2 1 1 2706 2550 3840 4509
14552 4 2 1 1 2045 2250 2165 3623
14553 4 2 1 1 3903 4450 4115 2356
14554 4 2 1 1 3233 3359 2368 4216
14555 4 2 1 1 2412 3098 4023 4173
14556 4 2 1 1 2866 2542 3452 4371
14557 4 2 1 1 1116 1115 1129 4216
14558 4 2 1 1 2462 3571 3843 4134
14559 4 2 1 1 1342 1392 1390 4066
14560 4 2 1 1 2329 3529 4213 4301
14561 4 2 1 1 1544 3144 1628 4305
14562 4 2 1 1 1034 1124 1123 3588
14563 4 2 1 1 893 3732 891 4423
14564 4 2 1 1 2831 2449 3649 4340
14565 4 2 1 1 4122 3356 2377 4053
14566 4 2 1 1 3075 3790 2421 3803
14567 4 2 1 1 4489 3563 2930 4315
14568 4 2 1 1 3389 3648 3390 4551
14569 4 2 1 1 3374 2439 4083 4384
14570 4 2 1 1 3538 2347 3104 2675
14571 4 2 1 1 2349 3452 3031 2563
14572 4 2 1 1 1679 3043 3777 4073
14573 4 2 1 1 2675 4470 4508 3217
14574 4 2 1 1 1389 3469 1301 4046
14575 4 2 1 1 4265 814 3127 4424
14576 4 2 1 1 2120 3402 2119 3124
14577 4 2 1 1 2281 3773 3051 3970
14578 4 2 1 1 2285 2578 2883 4452
14579 4 2 1 1 733 72 73 3464
14580 4 2 1 1 2820 3030 2358 3690
14581 4 2 1 1 3073 3308 2505 4272
14582 4 2 1 1 946 802 800 3401
14583 4 2 1 1 2675 4508 4470 3620
14584 4 2 1 1 2416 3875 3401 4549
14585 4 2 1 1 2470 2570 2772 2337
14586 4 2 1 1 3754 3232 3244 2486
14587 4 2 1 1 1464 1284 186 3395
14588 4 2 1 1 797 3684 835 3732
14589 4 2 1 1 1360 3220 1429 4389
14590 4 2 1 1 2263 3350 2616 4490
14591 4 2 1 1 741 518 703 3073
14592 4 2 1 1 1048 3457 1115 3997
14593 4 2 1 1 1000 3152 775 4438
14594 4 2 1 1 3897 4308 3728 3729
14595 4 2 1 1 3627 3858 2754 4177
14596 4 2 1 1 2736 3858 3627 4177
14597 4 2 1 1 3554 4173 2412 4023
14598 4 2 1 1 3610 3922 3609 4300
14599 4 2 1 1 3315 3460 2222 4477
14600 4 2 1 1 899 2845 897 4504
14601 4 2 1 1 3052 3538 2475 2675
14602 4 2 1 1 2593 3638 2950 4401
14603 4 2 1 1 777 4238 3246 954
14604 4 2 1 1 2924 3771 3332 3815
14605 4 2 1 1 1439 4470 4508 3620
14606 4 2 1 1 2345 3833 2968 4396
14607 4 2 1 1 2638 3330 3798 4094
14608 4 2 1 1 615 2792 595 4330
14609 4 2 1 1 650 3880 621 3975
14610 4 2 1 1 2442 3223 3021 3248
14611 4 2 1 1 3264 3490 3126 3984
14612 4 2 1 1 540 3494 645 4207
14613 4 2 1 1 1759 4010 4352 3208
14614 4 2 1 1 1533 2936 3208 3929
14615 4 2 1 1 1750 4194 3191 1653
14616 4 2 1 1 611 2684 731 2972
14617 4 2 1 1 650 582 590 3975
14618 4 2 1 1 3212 3494 2669 3941
14619 4 2 1 1 2518 3494 3212 3941
14620 4 2 1 1 2318 4510 2976 4511
14621 4 2 1 1 3610 3922 4300 3116
14622 4 2 1 1 888 3463 974 4102
14623 4 2 1 1 777 4238 954 879
14624 4 2 1 1 2851 3951 2479 2385
14625 4 2 1 1 843 845 844 3780
14626 4 2 1 1 3017 2510 3717 4192
14627 4 2 1 1 3117 3413 2608 4125
14628 4 2 1 1 2465 3413 3117 4125
14629 4 2 1 1 2975 3554 3121 3939
14630 4 2 1 1 2277 3897 3301 3956
14631 4 2 1 1 2864 663 3711 4496
14632 4 2 1 1 693 531 642 3348
14633 4 2 1 1 3472 2529 4332 4415
14634 4 2 1 1 2818 2703 3507 4093
14635 4 2 1 1 2728 2896 3670 3715
14636 4 2 1 1 1810 3364 1811 4120
14637 4 2 1 1 2578 3976 3110 4452
14638 4 2 1 1 4558 277 491 484
14639 4 2 1 1 596 654 538 3445
14640 4 2 1 1 405 287 404 3234
14641 4 2 1 1 2437 3925 2916 4198
14642 4 2 1 1 2332 2849 3642 3739
14643 4 2 1 1 2474 2953 2907 3266
14644 4 2 1 1 1291 3765 1501 3623
14645 4 2 1 1 2267 2991 2938 3643
14646 4 2 1 1 1964 2962 1946 4359
14647 4 2 1 1 2334 3600 4554 2622
14648 4 2 1 1 1198 2868 4045 4319
14649 4 2 1 1 1495 3594 1492 2999
14650 4 2 1 1 2124 2098 2185 4488
14651 4 2 1 1 603 3417 616 4079
14652 4 2 1 1 2600 3275 3135 4248
14653 4 2 1 1 1078 1194 1086 3111
14654 4 2 1 1 1872 1919 1857 3863
14655 4 2 1 1 2232 2195 2230 3380
14656 4 2 1 1 2722 3652 3267 3944
14657 4 2 1 1 3603 2648 2852 2251
14658 4 2 1 1 2901 2465 3406 3378
14659 4 2 1 1 2544 2967 3173 3356
14660 4 2 1 1 1020 1239 1203 3365
14661 4 2 1 1 3220 3593 2558 4389
14662 4 2 1 1 2570 3207 3672 4516
14663 4 2 1 1 2496 2945 3147 4559
14664 4 2 1 1 1292 3396 1494 1463
14665 4 2 1 1 320 316 317 3251
14666 4 2 1 1 1660 2813 3055 4116
14667 4 2 1 1 2950 3638 4386 4401
14668 4 2 1 1 2738 3813 3763 4088
14669 4 2 1 1 2292 3236 2743 3237
14670 4 2 1 1 2544 3445 3173 4054
14671 4 2 1 1 1528 1726 238 3418
14672 4 2 1 1 2864 4302 2729 4433
14673 4 2 1 1 3885 4115 3510 2854
14674 4 2 1 1 1074 1072 1085 3229
14675 4 2 1 1 2317 3010 3011 3436
14676 4 2 1 1 2498 3051 3810 3809
14677 4 2 1 1 1653 1596 1738 4194
14678 4 2 1 1 1673 1676 1677 2520
14679 4 2 1 1 1311 1312 3153 4322
14680 4 2 1 1 818 820 819 4403
14681 4 2 1 1 2906 2272 3314 3845
14682 4 2 1 1 3012 3623 2479 3765
14683 4 2 1 1 4576 1778 1979 83
14684 4 2 1 1 2884 3422 2650 4455
14685 4 2 1 1 3395 4338 1464 4473
14686 4 2 1 1 1669 1523 3948 4269
14687 4 2 1 1 2476 2856 2759 4523
14688 4 2 1 1 2497 4079 3455 4485
14689 4 2 1 1 1022 184 183 3340
14690 4 2 1 1 4598 60 59 284
14691 4 2 1 1 1979 4576 3294 4491
14692 4 2 1 1 610 609 741 3844
14693 4 2 1 1 2545 3391 3041 4392
14694 4 2 1 1 2440 2945 3181 2425
14695 4 2 1 1 2636 4257 3466 3018
14696 4 2 1 1 2386 4338 3439 3945
14697 4 2 1 1 1043 1042 1041 4067
14698 4 2 1 1 1070 4255 3108 4350
14699 4 2 1 1 2332 2724 2850 3657
14700 4 2 1 1 3825 4325 3069 2287
14701 4 2 1 1 2354 3876 3107 4538
14702 4 2 1 1 4209 4162 3803 2469
14703 4 2 1 1 3134 3844 608 2593
14704 4 2 1 1 1352 1371 3548 3935
14705 4 2 1 1 1999 4667 1800 54
14706 4 2 1 1 2968 4239 2790 4396
14707 4 2 1 1 2477 4176 3433 4205
14708 4 2 1 1 1102 1100 3545 2705
14709 4 2 1 1 4295 3704 3526 2376
14710 4 2 1 1 2020 2033 1908 3231
14711 4 2 1 1 3439 4338 2386 3315
14712 4 2 1 1 703 518 715 3073
14713 4 2 1 1 874 892 754 3026
14714 4 2 1 1 1162 1235 3053 4084
14715 4 2 1 1 393 4158 3257 4484
14716 4 2 1 1 2251 2555 2779 4223
14717 4 2 1 1 1298 1301 3469 4127
14718 4 2 1 1 1185 1093 1166 3831
14719 4 2 1 1 3120 3291 2818 3292
14720 4 2 1 1 2898 3302 3301 2333
14721 4 2 1 1 2543 2922 2992 3091
14722 4 2 1 1 2316 3972 3526 4323
14723 4 2 1 1 1060 1059 1058 3652
14724 4 2 1 1 716 4661 3455 4594
14725 4 2 1 1 1253 1109 3736 4553
14726 4 2 1 1 2932 3522 2642 3986
14727 4 2 1 1 1468 3340 184 4380
14728 4 2 1 1 2738 2504 3102 3733
14729 4 2 1 1 2412 3121 4023 2323
14730 4 2 1 1 3069 2366 3941 4366
14731 4 2 1 1 2514 3663 3142 3918
14732 4 2 1 1 2310 3265 2793 4136
14733 4 2 1 1 3217 1439 4470 4508
14734 4 2 1 1 553 678 550 3542
14735 4 2 1 1 4268 2238 2130 4373
14736 4 2 1 1 1226 1158 3175 1227
14737 4 2 1 1 1654 3191 1750 3973
14738 4 2 1 1 2251 2779 2647 4223
14739 4 2 1 1 1054 1056 1055 3267
14740 4 2 1 1 2409 3227 4091 4563
14741 4 2 1 1 2597 2854 3903 3906
14742 4 2 1 1 3170 4253 2947 4561
14743 4 2 1 1 2405 3509 2875 4442
14744 4 2 1 1 4214 4324 3582 4395
14745 4 2 1 1 2269 3013 2869 3245
14746 4 2 1 1 2482 3424 2891 4257
14747 4 2 1 1 2167 2113 3511 4261
14748 4 2 1 1 3510 3764 2394 4235
14749 4 2 1 1 3747 1159 1132 1119
14750 4 2 1 1 3776 3966 2763 4384
14751 4 2 1 1 2318 3504 3776 4384
14752 4 2 1 1 2712 3360 2948 4143
14753 4 2 1 1 1226 177 176 3426
14754 4 2 1 1 1477 3770 203 4437
14755 4 2 1 1 3210 4025 3211 4459
14756 4 2 1 1 2839 3220 3593 4090
14757 4 2 1 1 616 737 3455 4485
14758 4 2 1 1 2354 3107 3338 3934
14759 4 2 1 1 1850 1965 1852 4359
14760 4 2 1 1 2922 3759 3758 3847
14761 4 2 1 1 2469 4162 3490 4209
14762 4 2 1 1 1748 1640 1705 3249
14763 4 2 1 1 2871 3382 2582 4244
14764 4 2 1 1 773 967 867 4248
14765 4 2 1 1 3781 4242 2674 4482
14766 4 2 1 1 2410 3249 3561 3902
14767 4 2 1 1 2590 4255 3495 4456
14768 4 2 1 1 2514 3479 3398 4262
14769 4 2 1 1 355 348 437 3605
14770 4 2 1 1 3067 3859 2542 3884
14771 4 2 1 1 2176 4268 2136 2128
14772 4 2 1 1 3469 4046 2401 4127
14773 4 2 1 1 4424 816 935 814
14774 4 2 1 1 2473 3919 3143 4265
14775 4 2 1 1 1386 1488 1373 3438
14776 4 2 1 1 1110 4198 1263 3096
14777 4 2 1 1 1700 1573 1575 3316
14778 4 2 1 1 4386 524 507 525
14779 4 2 1 1 660 719 663 3711
14780 4 2 1 1 1667 1641 1556 3630
14781 4 2 1 1 2805 2647 2291 4452
14782 4 2 1 1 2392 3116 4266 4296
14783 4 2 1 1 2752 3137 4005 3182
14784 4 2 1 1 2324 3466 4257 3018
14785 4 2 1 1 2558 3856 3392 3969
14786 4 2 1 1 1893 2024 1892 4364
14787 4 2 1 1 851 4379 2941 4547
14788 4 2 1 1 2054 2978 2055 4272
14789 4 2 1 1 622 623 605 3400
14790 4 2 1 1 2462 3571 2983 3843
14791 4 2 1 1 2727 3001 2340 4530
14792 4 2 1 1 2114 2182 2122 3556
14793 4 2 1 1 1263 4198 1110 1169
14794 4 2 1 1 2378 3803 3123 3913
14795 4 2 1 1 3111 3216 2361 4427
14796 4 2 1 1 110 109 4575 961
14797 4 2 1 1 3594 3765 2811 4353
14798 4 2 1 1 1253 1206 1109 4553
14799 4 2 1 1 359 4006 346 4204
14800 4 2 1 1 1073 1164 1071 4350
14801 4 2 1 1 2467 2944 3722 4359
14802 4 2 1 1 382 417 418 3530
14803 4 2 1 1 1900 3579 3057 4465
14804 4 2 1 1 2448 3956 3564 3608
14805 4 2 1 1 1594 4237 1602 3563
14806 4 2 1 1 524 4575 700 3757
14807 4 2 1 1 2492 4325 2643 4514
14808 4 2 1 1 4301 3430 2476 2926
14809 4 2 1 1 111 507 112 3419
14810 4 2 1 1 1459 3664 1305 3774
14811 4 2 1 1 2312 3211 4025 4459
14812 4 2 1 1 4055 3532 1174 2598
14813 4 2 1 1 4590 757 136 4056
14814 4 2 1 1 2999 3779 2558 3856
14815 4 2 1 1 2495 3967 3150 3987
14816 4 2 1 1 1579 3376 1695 4011
14817 4 2 1 1 2181 2125 2088 3706
14818 4 2 1 1 4313 3663 2931 4275
14819 4 2 1 1 4575 759 961 109
14820 4 2 1 1 1401 1400 1271 3921
14821 4 2 1 1 3068 3665 2455 3801
14822 4 2 1 1 2542 3884 3031 4305
14823 4 2 1 1 3473 3297 2905 2308
14824 4 2 1 1 1989 1913 1914 4002
14825 4 2 1 1 2606 2766 3129 3837
14826 4 2 1 1 2361 3527 3111 4427
14827 4 2 1 1 1388 1298 1301 3469
14828 4 2 1 1 2516 2808 3072 4172
14829 4 2 1 1 553 3542 550 4148
14830 4 2 1 1 2263 3087 2963 4145
14831 4 2 1 1 2813 2633 3055 4116
14832 4 2 1 1 502 109 108 3387
14833 4 2 1 1 2959 3248 2383 3551
14834 4 2 1 1 3333 3443 2606 4129
14835 4 2 1 1 4386 524 525 2689
14836 4 2 1 1 1933 1855 1931 3320
14837 4 2 1 1 1223 180 179 3359
14838 4 2 1 1 2838 2339 3357 3759
14839 4 2 1 1 1581 1583 3811 4172
14840 4 2 1 1 2974 2975 2353 3366
14841 4 2 1 1 1242 1196 1205 3088
14842 4 2 1 1 2588 3851 2824 4107
14843 4 2 1 1 2004 1973 1923 3041
14844 4 2 1 1 3400 4302 2864 4500
14845 4 2 1 1 2880 4001 3582 4214
14846 4 2 1 1 2929 544 571 546
14847 4 2 1 1 4575 759 4400 961
14848 4 2 1 1 3293 4102 3463 4396
14849 4 2 1 1 2173 2067 2070 3781
14850 4 2 1 1 2645 3767 2913 2464
14851 4 2 1 1 1531 3858 1749 4505
14852 4 2 1 1 1360 1429 3220 1450
14853 4 2 1 1 3582 4214 4001 4324
14854 4 2 1 1 2372 3426 3175 3741
14855 4 2 1 1 4575 4400 3387 3757
14856 4 2 1 1 3371 2296 3743 4151
14857 4 2 1 1 4055 1174 3532 1079
14858 4 2 1 1 1872 3863 3066 3751
14859 4 2 1 1 3017 3305 2480 4408
14860 4 2 1 1 3069 3941 2518 4366
14861 4 2 1 1 3269 3369 2275 3370
14862 4 2 1 1 1555 3853 1556 4348
14863 4 2 1 1 2262 4244 3603 4566
14864 4 2 1 1 603 616 3417 601
14865 4 2 1 1 1720 3594 1539 4039
14866 4 2 1 1 393 3257 399 4484
14867 4 2 1 1 2298 3586 4259 2902
14868 4 2 1 1 1938 1935 1933 3061
14869 4 2 1 1 1923 3877 3041 4015
14870 4 2 1 1 3581 3687 2438 3688
14871 4 2 1 1 3986 379 478 385
14872 4 2 1 1 903 3709 826 4086
14873 4 2 1 1 975 3964 756 4273
14874 4 2 1 1 959 881 3752 3981
14875 4 2 1 1 1282 1470 1384 3300
14876 4 2 1 1 4574 197 5 1772
14877 4 2 1 1 2880 2532 2868 4045
14878 4 2 1 1 2880 2868 2532 4000
14879 4 2 1 1 998 933 3764 4235
14880 4 2 1 1 2584 4224 3228 2371
14881 4 2 1 1 2499 2591 2262 3603
14882 4 2 1 1 1616 3619 1636 4237
14883 4 2 1 1 1710 1748 1706 3561
14884 4 2 1 1 781 783 3399 3979
14885 4 2 1 1 2760 3915 3043 4444
14886 4 2 1 1 2382 3182 4149 3278
14887 4 2 1 1 2253 2575 2710 3420
14888 4 2 1 1 1151 1150 1238 4049
14889 4 2 1 1 2939 2437 3454 4270
14890 4 2 1 1 3017 3717 3305 4192
14891 4 2 1 1 1047 1046 1044 4179
14892 4 2 1 1 2347 2880 4000 4214
14893 4 2 1 1 1964 3584 1963 1959
14894 4 2 1 1 383 4635 467 3588
14895 4 2 1 1 383 4635 468 467
14896 4 2 1 1 302 304 303 3422
14897 4 2 1 1 2380 4016 3179 4106
14898 4 2 1 1 2651 4232 3219 4521
14899 4 2 1 1 2354 3107 3934 4538
14900 4 2 1 1 3390 2335 3516 4463
14901 4 2 1 1 500 3720 3219 3879
14902 4 2 1 1 959 115 779 3752
14903 4 2 1 1 2940 4289 2624 4391
14904 4 2 1 1 2526 3804 2851 4353
14905 4 2 1 1 3219 3195 673 4035
14906 4 2 1 1 2638 2301 3900 3612
14907 4 2 1 1 2559 3194 4084 4295
14908 4 2 1 1 4102 884 887 3575
14909 4 2 1 1 3143 3919 944 4265
14910 4 2 1 1 1493 3365 1456 3938
14911 4 2 1 1 3199 4067 2733 4047
14912 4 2 1 1 1352 1350 1371 3935
14913 4 2 1 1 2526 2851 3804 2999
14914 4 2 1 1 2273 2734 3218 3581
14915 4 2 1 1 2526 3594 2851 2999
14916 4 2 1 1 3019 2479 3623 3951
14917 4 2 1 1 1731 1664 1661 3989
14918 4 2 1 1 728 510 77 3748
14919 4 2 1 1 2395 3757 2998 4276
14920 4 2 1 1 2316 3459 3972 4323
14921 4 2 1 1 2062 2061 2060 3158
14922 4 2 1 1 4574 1772 4062 4336
14923 4 2 1 1 2542 2866 3859 2307
14924 4 2 1 1 707 639 638 3988
14925 4 2 1 1 3691 4191 2564 4500
14926 4 2 1 1 4122 3356 4053 2857
14927 4 2 1 1 2396 3345 3344 3794
14928 4 2 1 1 4295 3704 4030 3436
14929 4 2 1 1 1948 2009 3404 4542
14930 4 2 1 1 1777 1899 1962 2966
14931 4 2 1 1 2437 3831 2939 3842
14932 4 2 1 1 267 268 1760 4652
14933 4 2 1 1 2378 3015 3492 4533
14934 4 2 1 1 4491 1927 2605 3378
14935 4 2 1 1 4574 197 1772 4336
14936 4 2 1 1 2637 2407 2533 3960
14937 4 2 1 1 1533 2936 3929 1757
14938 4 2 1 1 2295 4217 4250 4365
14939 4 2 1 1 1757 3881 2936 3929
14940 4 2 1 1 2113 2112 2111 3511
14941 4 2 1 1 368 409 421 3206
14942 4 2 1 1 2317 2870 2904 3011
14943 4 2 1 1 3878 1199 3216 1114
14944 4 2 1 1 743 4651 4393 3819
14945 4 2 1 1 2176 4268 2128 2672
14946 4 2 1 1 3405 3805 2608 4169
14947 4 2 1 1 631 3280 3036 630
14948 4 2 1 1 1469 1488 1275 4507
14949 4 2 1 1 2497 3668 3455 4079
14950 4 2 1 1 3238 3133 2396 3519
14951 4 2 1 1 2113 2112 3511 2599
14952 4 2 1 1 2414 3887 3376 4011
14953 4 2 1 1 2512 3149 3351 4314
14954 4 2 1 1 3957 3776 4510 2976
14955 4 2 1 1 3049 3331 2604 3641
14956 4 2 1 1 3227 4293 758 4563
14957 4 2 1 1 2382 4149 3279 3278
14958 4 2 1 1 2567 3103 3883 4381
14959 4 2 1 1 3034 3428 2443 4072
14960 4 2 1 1 3467 4325 2492 4514
14961 4 2 1 1 2840 4179 3997 4345
14962 4 2 1 1 2885 2319 3544 3763
14963 4 2 1 1 3065 3024 2272 3338
14964 4 2 1 1 1143 1116 1130 3233
14965 4 2 1 1 3508 4164 2339 4513
14966 4 2 1 1 2862 3344 3150 3967
14967 4 2 1 1 1913 4002 1810 4120
14968 4 2 1 1 2647 3110 3607 4223
14969 4 2 1 1 3056 3258 2502 3473
14970 4 2 1 1 3055 3999 2633 2838
14971 4 2 1 1 2504 3810 3102 3827
14972 4 2 1 1 2569 3916 3680 4309
14973 4 2 1 1 2725 4287 3205 2391
14974 4 2 1 1 544 656 542 4448
14975 4 2 1 1 3075 3490 4162 4209
14976 4 2 1 1 3343 4041 2599 4196
14977 4 2 1 1 766 866 992 3017
14978 4 2 1 1 554 552 555 2670
14979 4 2 1 1 2284 3851 3670 4107
14980 4 2 1 1 3203 3575 2488 3547
14981 4 2 1 1 4209 2129 2099 2186
14982 4 2 1 1 180 181 1271 2912
14983 4 2 1 1 2253 2503 3810 3827
14984 4 2 1 1 2250 2249 2200 3012
14985 4 2 1 1 3340 1499 1416 1268
14986 4 2 1 1 4453 2146 4121 2900
14987 4 2 1 1 2316 2892 3091 4157
14988 4 2 1 1 2521 3633 3334 3177
14989 4 2 1 1 372 430 469 3618
14990 4 2 1 1 4453 4121 2146 2223
14991 4 2 1 1 1936 2020 1934 3475
14992 4 2 1 1 2541 3516 3284 4117
14993 4 2 1 1 4624 2660 2162 4168
14994 4 2 1 1 1788 256 1984 3615
14995 4 2 1 1 2812 4199 2529 4300
14996 4 2 1 1 2065 4133 3146 2680
14997 4 2 1 1 992 3017 855 3942
14998 4 2 1 1 1313 2973 4234 4322
14999 4 2 1 1 335 3307 391 4109
15000 4 2 1 1 2284 3590 3244 2824
15001 4 2 1 1 1156 4078 3038 4370
15002 4 2 1 1 492 493 443 4062
15003 4 2 1 1 2576 3041 3498 2545
15004 4 2 1 1 3294 3871 2417 3880
15005 4 2 1 1 2071 2062 2158 3497
15006 4 2 1 1 867 986 773 3275
15007 4 2 1 1 2640 3620 3537 3995
15008 4 2 1 1 2691 4312 3364 4497
15009 4 2 1 1 4558 4636 277 459
15010 4 2 1 1 69 2017 70 3904
15011 4 2 1 1 2272 3641 2647 3756
15012 4 2 1 1 1013 1234 1163 3194
15013 4 2 1 1 2409 4091 3416 4563
15014 4 2 1 1 2547 3229 3108 4410
15015 4 2 1 1 793 794 893 4423
15016 4 2 1 1 741 609 704 3311
15017 4 2 1 1 2816 3991 3119 4377
15018 4 2 1 1 2310 3814 3867 2506
15019 4 2 1 1 2532 4045 3778 4571
15020 4 2 1 1 179 1224 1223 3359
15021 4 2 1 1 360 361 345 3749
15022 4 2 1 1 4075 3856 2326 2958
15023 4 2 1 1 69 2681 2017 3904
15024 4 2 1 1 4301 3727 3529 2927
15025 4 2 1 1 4104 3712 2317 2904
15026 4 2 1 1 350 338 434 3262
15027 4 2 1 1 1156 4370 3038 4468
15028 4 2 1 1 3078 4065 3291 4489
15029 4 2 1 1 564 3570 562 4247
15030 4 2 1 1 2463 3933 2972 4009
15031 4 2 1 1 548 3326 547 4496
15032 4 2 1 1 2417 3634 3092 3880
15033 4 2 1 1 3347 3360 2416 3361
15034 4 2 1 1 3221 3044 3266 3628
15035 4 2 1 1 2658 2372 2559 3175
15036 4 2 1 1 2939 2437 3842 2590
15037 4 2 1 1 2556 3483 3251 3947
15038 4 2 1 1 2974 3236 2603 3237
15039 4 2 1 1 425 374 357 3196
15040 4 2 1 1 1913 1914 4002 3130
15041 4 2 1 1 1410 1341 1314 3656
15042 4 2 1 1 2437 3842 3096 4198
15043 4 2 1 1 797 3684 3732 2708
15044 4 2 1 1 2081 4004 2180 4341
15045 4 2 1 1 1168 1166 1165 3831
15046 4 2 1 1 2459 3648 3143 4097
15047 4 2 1 1 3529 3727 2329 4203
15048 4 2 1 1 2594 3669 3455 4485
15049 4 2 1 1 1842 3412 1947 4103
15050 4 2 1 1 179 2683 1466 178
15051 4 2 1 1 2581 3119 3689 3991
15052 4 2 1 1 3181 3818 3182 4025
15053 4 2 1 1 3139 3656 2568 4323
15054 4 2 1 1 179 2683 178 1224
15055 4 2 1 1 2196 2071 3497 4156
15056 4 2 1 1 3515 3749 2507 4142
15057 4 2 1 1 3491 4052 3535 2903
15058 4 2 1 1 178 1281 177 3426
15059 4 2 1 1 2255 2504 2493 3409
15060 4 2 1 1 4558 277 484 459
15061 4 2 1 1 4544 3493 2487 3910
15062 4 2 1 1 3449 2467 4308 3729
15063 4 2 1 1 704 4641 518 3311
15064 4 2 1 1 961 968 759 4400
15065 4 2 1 1 805 834 910 3215
15066 4 2 1 1 3040 4047 1043 4067
15067 4 2 1 1 2936 2569 3881 4254
15068 4 2 1 1 1492 1279 221 3594
15069 4 2 1 1 1611 1614 1617 3777
15070 4 2 1 1 1209 1132 1133 3945
15071 4 2 1 1 3702 2296 4308 4460
15072 4 2 1 1 4544 2487 3493 2667
15073 4 2 1 1 2496 4472 3063 4559
15074 4 2 1 1 3743 4151 2296 4308
15075 4 2 1 1 3525 3838 2434 4497
15076 4 2 1 1 2365 4183 3687 4498
15077 4 2 1 1 948 940 949 3587
15078 4 2 1 1 2489 3868 4099 4150
15079 4 2 1 1 1478 206 3982 4564
15080 4 2 1 1 2259 3059 3060 3471
15081 4 2 1 1 2435 3391 3061 4022
15082 4 2 1 1 3349 3961 3129 4181
15083 4 2 1 1 3457 3750 2428 4390
15084 4 2 1 1 2310 4136 3431 2506
15085 4 2 1 1 2156 2118 2120 3862
15086 4 2 1 1 2852 3868 2975 4150
15087 4 2 1 1 806 850 916 4547
15088 4 2 1 1 2473 3836 3499 4178
15089 4 2 1 1 3521 3709 2441 4206
15090 4 2 1 1 1684 3081 1599 3766
15091 4 2 1 1 3429 3869 2797 4483
15092 4 2 1 1 3110 2702 2700 3060
15093 4 2 1 1 2324 3424 3485 4257
15094 4 2 1 1 1351 1427 1389 3295
15095 4 2 1 1 1883 1854 1877 4105
15096 4 2 1 1 2904 3529 2447 3940
15097 4 2 1 1 2422 3418 3165 3000
15098 4 2 1 1 2892 3436 3704 4295
15099 4 2 1 1 3933 4321 2833 2972
15100 4 2 1 1 2574 2573 3723 3740
15101 4 2 1 1 2255 3431 2793 4136
15102 4 2 1 1 178 2683 1281 3426
15103 4 2 1 1 1698 1696 1751 3225
15104 4 2 1 1 1555 2903 1656 3853
15105 4 2 1 1 1481 4487 3898 1430
15106 4 2 1 1 2865 3170 3027 4328
15107 4 2 1 1 2274 2476 2927 3224
15108 4 2 1 1 3155 2396 3519 3238
15109 4 2 1 1 2436 3567 2887 3912
15110 4 2 1 1 4573 224 223 1548
15111 4 2 1 1 2373 3408 3117 4501
15112 4 2 1 1 4573 1771 224 1548
15113 4 2 1 1 3321 3358 2470 4268
15114 4 2 1 1 1776 4655 4612 273
15115 4 2 1 1 1720 221 1539 3594
15116 4 2 1 1 3183 3953 3759 4511
15117 4 2 1 1 857 4192 866 4408
15118 4 2 1 1 2515 3345 3346 3987
15119 4 2 1 1 754 960 874 4139
15120 4 2 1 1 1095 1114 1113 3878
15121 4 2 1 1 2310 3867 3265 4136
15122 4 2 1 1 2489 4099 3056 4150
15123 4 2 1 1 1312 1313 4234 4322
15124 4 2 1 1 245 1725 246 4278
15125 4 2 1 1 1312 4063 3153 4234
15126 4 2 1 1 2004 3391 1932 4392
15127 4 2 1 1 1454 1408 1486 3852
15128 4 2 1 1 3157 3870 2694 4569
15129 4 2 1 1 3166 2093 2836 4034
15130 4 2 1 1 1706 1748 1705 3561
15131 4 2 1 1 2351 3087 3086 4145
15132 4 2 1 1 1072 1070 1200 3108
15133 4 2 1 1 1269 1407 3769 4177
15134 4 2 1 1 2951 3790 3480 4415
15135 4 2 1 1 1596 1569 1571 3367
15136 4 2 1 1 2538 4169 3405 4557
15137 4 2 1 1 4453 2164 2043 3246
15138 4 2 1 1 2574 3199 2573 3740
15139 4 2 1 1 2524 3917 3165 4542
15140 4 2 1 1 3776 3966 4384 3504
15141 4 2 1 1 2268 3377 3489 3573
15142 4 2 1 1 3105 3669 2594 2290
15143 4 2 1 1 2151 3355 2150 4263
15144 4 2 1 1 614 734 706 3708
15145 4 2 1 1 489 436 459 3617
15146 4 2 1 1 3279 4236 3278 4434
15147 4 2 1 1 2620 3596 2819 3614
15148 4 2 1 1 2514 3867 3663 4262
15149 4 2 1 1 889 847 839 3240
15150 4 2 1 1 2288 3509 3015 3913
15151 4 2 1 1 3217 1439 4508 1369
15152 4 2 1 1 2407 2918 2533 4317
15153 4 2 1 1 3883 3518 4381 2547
15154 4 2 1 1 3575 767 889 887
15155 4 2 1 1 3537 3620 2640 4138
15156 4 2 1 1 2214 2135 2201 3311
15157 4 2 1 1 1605 3915 1604 4051
15158 4 2 1 1 3539 3740 3199 4550
15159 4 2 1 1 2558 3804 3856 3969
15160 4 2 1 1 2731 3856 3804 3969
15161 4 2 1 1 3455 3668 2497 4471
15162 4 2 1 1 723 97 512 3635
15163 4 2 1 1 1934 1933 1935 3061
15164 4 2 1 1 1430 3898 2920 4487
15165 4 2 1 1 3268 4512 2952 2776
15166 4 2 1 1 1643 1644 3619 3999
15167 4 2 1 1 2586 2676 3819 3362
15168 4 2 1 1 2586 2676 3362 2297
15169 4 2 1 1 1231 4608 1259 3315
15170 4 2 1 1 2226 3264 2147 3984
15171 4 2 1 1 2465 3033 2901 4524
15172 4 2 1 1 213 1716 1532 3834
15173 4 2 1 1 4359 1876 3722 2706
15174 4 2 1 1 175 1013 1227 4326
15175 4 2 1 1 2196 2167 2071 4156
15176 4 2 1 1 4573 4658 1515 224
15177 4 2 1 1 2295 3172 2498 3393
15178 4 2 1 1 2586 2859 3996 4249
15179 4 2 1 1 1179 1176 1174 3532
15180 4 2 1 1 2527 3301 3302 2333
15181 4 2 1 1 2890 4096 3761 2342
15182 4 2 1 1 2962 3584 3303 4359
15183 4 2 1 1 1382 3005 1444 4404
15184 4 2 1 1 3283 3553 2277 3696
15185 4 2 1 1 2542 3477 2932 4466
15186 4 2 1 1 2641 3653 3146 4342
15187 4 2 1 1 984 899 141 3513
15188 4 2 1 1 480 405 442 3385
15189 4 2 1 1 2088 2086 2087 3706
15190 4 2 1 1 1742 1745 256 3615
15191 4 2 1 1 2918 3514 2533 4356
15192 4 2 1 1 2363 3329 2968 4523
15193 4 2 1 1 2455 3665 3068 4105
15194 4 2 1 1 1157 4370 1156 4468
15195 4 2 1 1 1827 1931 3320 4362
15196 4 2 1 1 2499 2724 2850 4092
15197 4 2 1 1 1865 1867 1927 3378
15198 4 2 1 1 1655 3619 4052 4116
15199 4 2 1 1 3455 2497 3669 4471
15200 4 2 1 1 1745 257 3615 4516
15201 4 2 1 1 438 4633 473 463
15202 4 2 1 1 1331 4470 3620 4487
15203 4 2 1 1 1752 1710 3290 4516
15204 4 2 1 1 1969 1880 2003 3310
15205 4 2 1 1 2062 3158 2060 3497
15206 4 2 1 1 4573 1548 223 3765
15207 4 2 1 1 2267 2938 3277 3643
15208 4 2 1 1 2951 2421 3790 3803
15209 4 2 1 1 2453 3419 3162 4461
15210 4 2 1 1 1207 1225 1018 3478
15211 4 2 1 1 2988 3555 2464 3854
15212 4 2 1 1 528 525 3899 4386
15213 4 2 1 1 3656 3789 2568 4323
15214 4 2 1 1 2499 2827 2648 4372
15215 4 2 1 1 1816 1857 4228 4411
15216 4 2 1 1 581 3793 658 4464
15217 4 2 1 1 1445 1446 1339 3622
15218 4 2 1 1 2292 4159 3084 2666
15219 4 2 1 1 3842 4361 2590 2437
15220 4 2 1 1 4573 3012 3765 3623
15221 4 2 1 1 1176 1255 3510 4235
15222 4 2 1 1 2484 3607 2883 2983
15223 4 2 1 1 2508 3520 4016 4537
15224 4 2 1 1 1339 1326 1328 3622
15225 4 2 1 1 2455 3068 3801 4210
15226 4 2 1 1 1866 2901 1858 1918
15227 4 2 1 1 2364 3226 2619 3970
15228 4 2 1 1 408 443 493 4062
15229 4 2 1 1 758 4091 4563 988
15230 4 2 1 1 4265 814 4424 837
15231 4 2 1 1 846 906 863 3685
15232 4 2 1 1 2419 4030 3184 4363
15233 4 2 1 1 940 3587 3832 4478
15234 4 2 1 1 2450 3713 2895 4019
15235 4 2 1 1 4277 887 888 767
15236 4 2 1 1 1499 182 183 3921
15237 4 2 1 1 466 3786 454 4347
15238 4 2 1 1 2295 3172 2961 3695
15239 4 2 1 1 3648 4097 3390 4551
15240 4 2 1 1 3111 3527 2361 4475
15241 4 2 1 1 1695 3376 1694 3887
15242 4 2 1 1 4586 1277 2880 4045
15243 4 2 1 1 2505 3355 4107 4316
15244 4 2 1 1 2559 4084 4044 4295
15245 4 2 1 1 2258 3551 2860 4152
15246 4 2 1 1 953 771 881 3591
15247 4 2 1 1 2399 3928 3524 4451
15248 4 2 1 1 2770 3880 3576 3975
15249 4 2 1 1 326 327 328 3341
15250 4 2 1 1 2390 3060 3471 4095
15251 4 2 1 1 1952 3412 1947 1845
15252 4 2 1 1 1545 4639 263 1733
15253 4 2 1 1 4277 888 887 3463
15254 4 2 1 1 1124 1173 1112 3892
15255 4 2 1 1 3116 3610 2270 4442
15256 4 2 1 1 2283 3518 3843 4134
15257 4 2 1 1 2053 2042 2054 4272
15258 4 2 1 1 1712 1600 1666 4457
15259 4 2 1 1 2350 3505 3604 3756
15260 4 2 1 1 3351 3149 2386 4314
15261 4 2 1 1 2170 2085 2083 2795
15262 4 2 1 1 1513 3149 1290 3710
15263 4 2 1 1 700 502 707 3757
15264 4 2 1 1 1042 1106 3198 4047
15265 4 2 1 1 2923 2321 4008 4524
15266 4 2 1 1 1285 1377 1472 3866
15267 4 2 1 1 2065 2068 4133 2680
15268 4 2 1 1 670 560 562 3112
15269 4 2 1 1 3084 4159 2808 2666
15270 4 2 1 1 3388 2939 2437 3454
15271 4 2 1 1 2673 3683 3357 2362
15272 4 2 1 1 838 896 897 3273
15273 4 2 1 1 726 727 4274 4563
15274 4 2 1 1 4314 4338 3149 2386
15275 4 2 1 1 2537 4223 2259 4388
15276 4 2 1 1 2021 1789 1964 4232
15277 4 2 1 1 3310 4023 2579 4218
15278 4 2 1 1 453 388 282 3037
15279 4 2 1 1 2154 4651 4393 2035
15280 4 2 1 1 2327 2654 3482 4032
15281 4 2 1 1 2436 3566 3036 4215
15282 4 2 1 1 964 3152 1000 3981
15283 4 2 1 1 2332 2849 3739 2850
15284 4 2 1 1 609 610 608 3844
15285 4 2 1 1 3196 3259 2571 4166
15286 4 2 1 1 1729 1684 1527 3766
15287 4 2 1 1 2677 4121 3402 4296
15288 4 2 1 1 4564 4518 3512 2679
15289 4 2 1 1 1904 1905 3464 4233
15290 4 2 1 1 2469 3136 4209 4226
15291 4 2 1 1 2395 3573 3738 3960
15292 4 2 1 1 906 848 880 3685
15293 4 2 1 1 1492 2999 3594 3948
15294 4 2 1 1 2450 2895 3783 4019
15295 4 2 1 1 2269 2975 3121 3939
15296 4 2 1 1 965 4642 155 4593
15297 4 2 1 1 1444 1267 1378 3646
15298 4 2 1 1 1815 1813 4120 4411
15299 4 2 1 1 4583 1030 1247 2844
15300 4 2 1 1 2347 2883 3104 2577
15301 4 2 1 1 1669 3025 1609 4269
15302 4 2 1 1 1017 1223 1129 4216
15303 4 2 1 1 3340 3742 2583 4380
15304 4 2 1 1 3114 3386 2511 4413
15305 4 2 1 1 1619 3157 1687 4569
15306 4 2 1 1 2779 3167 2517 4223
15307 4 2 1 1 3050 3445 2450 4154
15308 4 2 1 1 2434 3364 4312 4497
15309 4 2 1 1 1231 1259 1035 3315
15310 4 2 1 1 1289 1503 1375 3980
15311 4 2 1 1 4583 1030 163 1247
15312 4 2 1 1 4562 4462 2611 4491
15313 4 2 1 1 2503 2961 2458 3827
15314 4 2 1 1 3388 2939 3454 2343
15315 4 2 1 1 1497 1279 1452 3765
15316 4 2 1 1 1499 183 2751 3921
15317 4 2 1 1 2277 3692 3141 3696
15318 4 2 1 1 2588 3124 4263 4438
15319 4 2 1 1 1106 1128 1042 3198
15320 4 2 1 1 1972 1921 1973 3498
15321 4 2 1 1 2366 3565 2887 4407
15322 4 2 1 1 4455 298 299 300
15323 4 2 1 1 2949 4099 2632 4440
15324 4 2 1 1 301 302 303 4109
15325 4 2 1 1 2005 242 243 2719
15326 4 2 1 1 2406 3217 3829 4470
15327 4 2 1 1 909 3414 3164 4379
15328 4 2 1 1 906 848 3685 2500
15329 4 2 1 1 4166 4474 2678 4210
15330 4 2 1 1 629 3354 498 4299
15331 4 2 1 1 2750 3291 3078 4065
15332 4 2 1 1 1829 1830 4243 4385
15333 4 2 1 1 1341 1396 1394 3139
15334 4 2 1 1 1565 1564 1566 3682
15335 4 2 1 1 2368 2912 4163 4216
15336 4 2 1 1 1649 3055 1588 4476
15337 4 2 1 1 2101 2211 4209 2186
15338 4 2 1 1 2677 4266 3116 4296
15339 4 2 1 1 72 1905 73 3464
15340 4 2 1 1 872 3305 857 4408
15341 4 2 1 1 2523 3793 3711 4464
15342 4 2 1 1 242 2719 2005 3502
15343 4 2 1 1 3073 2978 2054 4272
15344 4 2 1 1 354 328 348 3605
15345 4 2 1 1 4313 3663 4275 2605
15346 4 2 1 1 3251 3483 2806 3947
15347 4 2 1 1 2887 3667 2436 3912
15348 4 2 1 1 2255 2486 3076 4240
15349 4 2 1 1 3273 2790 3816 2363
15350 4 2 1 1 2267 3277 3004 3643
15351 4 2 1 1 2579 3924 3121 4023
15352 4 2 1 1 2793 4136 3265 4240
15353 4 2 1 1 2438 2935 3550 2495
15354 4 2 1 1 2638 3330 3488 3798
15355 4 2 1 1 1493 169 170 3365
15356 4 2 1 1 1388 4285 1298 2625
15357 4 2 1 1 2456 4280 2957 4367
15358 4 2 1 1 3313 4297 2746 4545
15359 4 2 1 1 1924 3066 1872 4562
15360 4 2 1 1 1493 2661 169 3365
15361 4 2 1 1 2264 3626 2709 3974
15362 4 2 1 1 3985 2045 2250 2244
15363 4 2 1 1 3046 2438 3721 4498
15364 4 2 1 1 1089 1193 1190 4018
15365 4 2 1 1 1667 1679 3777 4073
15366 4 2 1 1 2601 3783 3339 4019
15367 4 2 1 1 1276 1460 1393 3741
15368 4 2 1 1 486 386 492 3144
15369 4 2 1 1 215 216 1714 3128
15370 4 2 1 1 2489 4099 3868 4494
15371 4 2 1 1 3108 3883 2662 2547
15372 4 2 1 1 2673 3357 4164 4513
15373 4 2 1 1 1105 1139 1141 4458
15374 4 2 1 1 1640 1639 1618 3994
15375 4 2 1 1 3051 3970 3810 4088
15376 4 2 1 1 3889 4193 4098 2445
15377 4 2 1 1 4596 262 261 1762
15378 4 2 1 1 1756 1760 1546 3321
15379 4 2 1 1 900 3675 862 4131
15380 4 2 1 1 2294 3287 3637 3286
15381 4 2 1 1 1056 1054 1091 3541
15382 4 2 1 1 2304 3946 3027 4167
15383 4 2 1 1 2548 3048 3776 4080
15384 4 2 1 1 2479 3252 3677 4188
15385 4 2 1 1 2599 4041 3343 4376
15386 4 2 1 1 674 566 677 3496
15387 4 2 1 1 2570 3525 3249 4445
15388 4 2 1 1 443 4574 4062 408
15389 4 2 1 1 2182 2221 2122 3556
15390 4 2 1 1 2080 3760 2079 3808
15391 4 2 1 1 2363 3676 2984 4506
15392 4 2 1 1 1298 4285 1388 1297
15393 4 2 1 1 2629 3354 3280 4299
15394 4 2 1 1 1095 1112 1094 3892
15395 4 2 1 1 841 843 3780 4280
15396 4 2 1 1 3999 3705 3055 3458
15397 4 2 1 1 449 38 293 3980
15398 4 2 1 1 2827 2648 4372 2902
15399 4 2 1 1 326 3341 328 4398
15400 4 2 1 1 1466 179 1461 3359
15401 4 2 1 1 2363 3329 3488 4124
15402 4 2 1 1 952 906 846 4280
15403 4 2 1 1 1293 3149 4264 1507
15404 4 2 1 1 2175 2248 2247 4081
15405 4 2 1 1 2275 3269 3370 4391
15406 4 2 1 1 3514 848 3162 785
15407 4 2 1 1 2677 3372 3116 4266
15408 4 2 1 1 2551 2908 4141 4339
15409 4 2 1 1 2604 4058 3331 4511
15410 4 2 1 1 2594 2290 3669 4485
15411 4 2 1 1 1516 1507 1293 4264
15412 4 2 1 1 3703 3314 4130 3812
15413 4 2 1 1 3217 1439 1369 1337
15414 4 2 1 1 393 363 399 3257
15415 4 2 1 1 2570 3672 3290 4516
15416 4 2 1 1 215 3128 1714 3560
15417 4 2 1 1 311 402 403 3873
15418 4 2 1 1 4254 3928 4290 2936
15419 4 2 1 1 1061 1206 1059 3697
15420 4 2 1 1 2621 2258 2897 3659
15421 4 2 1 1 2826 4062 3115 4336
15422 4 2 1 1 3161 3919 932 4089
15423 4 2 1 1 2890 4297 3313 4545
15424 4 2 1 1 480 2861 377 3163
15425 4 2 1 1 3841 3854 2464 4320
15426 4 2 1 1 1154 3123 1103 1117
15427 4 2 1 1 2613 3338 3065 4058
15428 4 2 1 1 2580 2821 4355 2342
15429 4 2 1 1 2570 3207 3615 4497
15430 4 2 1 1 2551 3781 3323 4482
15431 4 2 1 1 631 3280 630 510
15432 4 2 1 1 1593 1592 1587 3213
15433 4 2 1 1 2251 2647 2779 3641
15434 4 2 1 1 3416 726 4274 4563
15435 4 2 1 1 4295 4030 3704 2376
15436 4 2 1 1 2463 3771 3332 4357
15437 4 2 1 1 3332 3771 2924 4357
15438 4 2 1 1 2256 2960 2729 3056
15439 4 2 1 1 1087 3276 1105 4458
15440 4 2 1 1 208 209 1743 3973
15441 4 2 1 1 2955 4108 2541 4331
15442 4 2 1 1 3002 3086 2351 3087
15443 4 2 1 1 1084 1111 1081 4337
15444 4 2 1 1 2928 4303 3357 2362
15445 4 2 1 1 2577 3186 3014 4175
15446 4 2 1 1 1167 1165 1164 3261
15447 4 2 1 1 2433 3625 2264 3795
15448 4 2 1 1 1836 1837 3188 4173
15449 4 2 1 1 2072 2073 2070 4339
15450 4 2 1 1 1226 1018 177 3426
15451 4 2 1 1 2527 3383 3552 2333
15452 4 2 1 1 3102 2458 2306 3827
15453 4 2 1 1 2544 3173 2967 4054
15454 4 2 1 1 2365 4113 2991 4498
15455 4 2 1 1 2542 4371 2866 2307
15456 4 2 1 1 2436 3566 4215 4448
15457 4 2 1 1 457 278 17 3668
15458 4 2 1 1 3883 3518 2547 2717
15459 4 2 1 1 1279 1492 1495 3594
15460 4 2 1 1 1360 1357 1449 3593
15461 4 2 1 1 2666 3930 3236 4568
15462 4 2 1 1 3176 2369 3730 4493
15463 4 2 1 1 2342 4195 3070 4297
15464 4 2 1 1 2176 2134 2236 3358
15465 4 2 1 1 1106 1209 1128 3198
15466 4 2 1 1 990 3227 872 4408
15467 4 2 1 1 1407 1480 1269 3769
15468 4 2 1 1 2018 1800 1899 4231
15469 4 2 1 1 831 858 856 3942
15470 4 2 1 1 758 4091 988 989
15471 4 2 1 1 1743 209 2736 3973
15472 4 2 1 1 1058 1057 1056 3652
15473 4 2 1 1 561 2913 4247 3112
15474 4 2 1 1 2489 2734 2862 3211
15475 4 2 1 1 480 2861 477 377
15476 4 2 1 1 1296 1384 1299 3700
15477 4 2 1 1 1900 3057 1885 4465
15478 4 2 1 1 3230 3726 3725 4383
15479 4 2 1 1 3543 3756 3296 2350
15480 4 2 1 1 3644 3843 2717 4410
15481 4 2 1 1 3598 3721 2438 4498
15482 4 2 1 1 767 146 145 4277
15483 4 2 1 1 1665 3519 1666 4457
15484 4 2 1 1 2903 3853 1555 4348
15485 4 2 1 1 4316 2057 3355 4517
15486 4 2 1 1 2569 3209 3916 4309
15487 4 2 1 1 2973 4234 4322 4513
15488 4 2 1 1 2313 2994 3713 4054
15489 4 2 1 1 285 4661 3455 444
15490 4 2 1 1 2939 3831 2437 4270
15491 4 2 1 1 965 4642 4593 4438
15492 4 2 1 1 2814 3306 2772 4298
15493 4 2 1 1 3654 4241 3631 2278
15494 4 2 1 1 2275 3001 2940 3555
15495 4 2 1 1 3109 3762 2556 3947
15496 4 2 1 1 1701 1621 1704 4466
15497 4 2 1 1 2521 3250 3730 3177
15498 4 2 1 1 1345 1406 1407 3769
15499 4 2 1 1 2752 2312 3274 3182
15500 4 2 1 1 2334 2989 2646 3064
15501 4 2 1 1 1736 1703 1702 3930
15502 4 2 1 1 2502 2949 3224 4394
15503 4 2 1 1 2796 3919 3161 4089
15504 4 2 1 1 1758 4060 3144 4062
15505 4 2 1 1 454 466 407 3786
15506 4 2 1 1 132 2787 131 1006
15507 4 2 1 1 2466 3118 4251 4376
15508 4 2 1 1 2459 2941 3516 4097
15509 4 2 1 1 3045 2700 2702 4544
15510 4 2 1 1 3038 2478 4383 3726
15511 4 2 1 1 2963 4241 2928 4282
15512 4 2 1 1 2667 4360 3493 4428
15513 4 2 1 1 3220 4101 3951 2385
15514 4 2 1 1 2470 3415 3321 4268
15515 4 2 1 1 1334 1333 4082 4470
15516 4 2 1 1 854 937 828 3784
15517 4 2 1 1 2771 3990 3980 4368
15518 4 2 1 1 3639 990 866 4408
15519 4 2 1 1 2255 3681 2793 3431
15520 4 2 1 1 3094 1440 3744 1438
15521 4 2 1 1 4247 4530 4284 2913
15522 4 2 1 1 1309 1304 1397 3255
15523 4 2 1 1 2611 3467 3431 4462
15524 4 2 1 1 2117 3159 2179 4425
15525 4 2 1 1 1089 1066 1193 4018
15526 4 2 1 1 1354 2914 3890 4382
15527 4 2 1 1 2274 2460 2948 2949
15528 4 2 1 1 2455 3665 2966 2747
15529 4 2 1 1 583 651 585 3142
15530 4 2 1 1 1287 1510 1520 3617
15531 4 2 1 1 1666 3519 4278 4457
15532 4 2 1 1 107 3214 970 4467
15533 4 2 1 1 1113 1122 3132 3878
15534 4 2 1 1 505 3008 4191 4500
15535 4 2 1 1 2461 3939 3924 4023
15536 4 2 1 1 2554 3859 3067 4541
15537 4 2 1 1 2993 2994 2313 3474
15538 4 2 1 1 2678 3068 3651 4210
15539 4 2 1 1 62 61 1804 4187
15540 4 2 1 1 1803 87 1976 4155
15541 4 2 1 1 2606 3443 3333 3848
15542 4 2 1 1 3619 3654 2633 3999
15543 4 2 1 1 2613 3107 3200 3934
15544 4 2 1 1 2283 3296 3830 4431
15545 4 2 1 1 1543 4640 3415 1735
15546 4 2 1 1 3553 3692 2277 3696
15547 4 2 1 1 1066 1089 1068 3495
15548 4 2 1 1 1636 1643 1644 3619
15549 4 2 1 1 349 3341 3959 347
15550 4 2 1 1 2162 2044 2235 3321
15551 4 2 1 1 2617 3971 2793 3339
15552 4 2 1 1 2467 2706 2962 4359
15553 4 2 1 1 2500 3156 3514 4426
15554 4 2 1 1 1478 2679 1437 1278
15555 4 2 1 1 2488 3575 3240 3547
15556 4 2 1 1 1919 1816 1857 4228
15557 4 2 1 1 931 3161 932 4089
15558 4 2 1 1 2687 2620 4298 4560
15559 4 2 1 1 1808 1811 4312 1911
15560 4 2 1 1 2298 3001 3586 2902
15561 4 2 1 1 534 3988 536 4154
15562 4 2 1 1 2333 3301 2898 2700
15563 4 2 1 1 2793 3655 2952 4240
15564 4 2 1 1 3015 3509 2875 3913
15565 4 2 1 1 1954 1861 1953 3546
15566 4 2 1 1 1299 1298 1296 3700
15567 4 2 1 1 1941 3446 1942 4221
15568 4 2 1 1 1304 3255 1309 4110
15569 4 2 1 1 723 504 98 4211
15570 4 2 1 1 3174 3543 3756 2484
15571 4 2 1 1 4550 4556 3740 3018
15572 4 2 1 1 3207 2434 3481 4312
15573 4 2 1 1 1431 3208 3866 3898
15574 4 2 1 1 2888 2545 3352 4184
15575 4 2 1 1 2264 3625 2654 3795
15576 4 2 1 1 1804 2678 62 4187
15577 4 2 1 1 2786 3306 2342 4180
15578 4 2 1 1 3472 147 148 754
15579 4 2 1 1 4268 4373 3070 4297
15580 4 2 1 1 3249 3561 2570 4445
15581 4 2 1 1 1490 1413 1412 3100
15582 4 2 1 1 3441 4274 727 4563
15583 4 2 1 1 2253 2574 2710 3485
15584 4 2 1 1 979 4662 774 22
15585 4 2 1 1 1185 3096 3842 4198
15586 4 2 1 1 2072 3808 2885 4339
15587 4 2 1 1 2440 3278 3243 2425
15588 4 2 1 1 2392 3922 3116 4540
15589 4 2 1 1 2851 3804 3434 4353
15590 4 2 1 1 2450 3050 3713 4054
15591 4 2 1 1 1577 1695 1589 4011
15592 4 2 1 1 1875 1888 3147 4225
15593 4 2 1 1 2439 3148 3860 4399
15594 4 2 1 1 2258 2418 2622 3045
15595 4 2 1 1 2418 3607 3110 4223
15596 4 2 1 1 2425 2945 2681 3904
15597 4 2 1 1 456 3037 388 4304
15598 4 2 1 1 2574 3485 3018 3724
15599 4 2 1 1 3702 3908 2296 4460
15600 4 2 1 1 3498 2545 3041 4392
15601 4 2 1 1 3778 168 169 1241
15602 4 2 1 1 3778 169 168 1283
15603 4 2 1 1 547 3326 546 4161
15604 4 2 1 1 1735 4592 4640 3415
15605 4 2 1 1 826 902 901 3709
15606 4 2 1 1 4173 4023 4218 3098
15607 4 2 1 1 1458 1415 1455 3148
15608 4 2 1 1 2385 4090 2839 4421
15609 4 2 1 1 2427 3777 3043 4073
15610 4 2 1 1 4489 2930 3563 4051
15611 4 2 1 1 1985 1893 1917 3470
15612 4 2 1 1 1182 1183 1181 3693
15613 4 2 1 1 1395 1475 1465 4326
15614 4 2 1 1 984 141 140 3513
15615 4 2 1 1 2569 3680 4068 4309
15616 4 2 1 1 2591 3388 2262 3540
15617 4 2 1 1 1151 1238 141 3513
15618 4 2 1 1 3920 1884 1885 1860
15619 4 2 1 1 3886 4523 4506 2363
15620 4 2 1 1 2251 3366 2555 2367
15621 4 2 1 1 474 281 49 4595
15622 4 2 1 1 3405 3805 2466 4041
15623 4 2 1 1 2608 3805 3405 4041
15624 4 2 1 1 3357 3759 2922 3847
15625 4 2 1 1 1348 1350 1349 4182
15626 4 2 1 1 2263 3420 2735 4075
15627 4 2 1 1 4435 4388 4439 2344
15628 4 2 1 1 2256 3056 4099 4150
15629 4 2 1 1 2515 3442 3437 4397
15630 4 2 1 1 3227 2409 3441 4563
15631 4 2 1 1 1291 1501 3765 1497
15632 4 2 1 1 2860 3743 3586 4152
15633 4 2 1 1 90 732 91 4114
15634 4 2 1 1 4629 467 4635 3588
15635 4 2 1 1 2277 3283 2794 3553
15636 4 2 1 1 2522 4004 3746 4341
15637 4 2 1 1 1384 1470 1483 3300
15638 4 2 1 1 3973 4518 3191 4527
15639 4 2 1 1 3088 3907 2462 4003
15640 4 2 1 1 2342 4180 3131 4436
15641 4 2 1 1 411 3552 400 4428
15642 4 2 1 1 555 676 3850 2815
15643 4 2 1 1 1545 4596 1762 262
15644 4 2 1 1 2267 2817 3673 2426
15645 4 2 1 1 1916 1970 3481 4557
15646 4 2 1 1 1599 1683 1684 3766
15647 4 2 1 1 4437 202 1273 3929
15648 4 2 1 1 3763 2738 2319 3544
15649 4 2 1 1 3030 4186 4292 4307
15650 4 2 1 1 1698 1697 1696 3225
15651 4 2 1 1 2501 2596 3028 2809
15652 4 2 1 1 1153 1238 1150 4049
15653 4 2 1 1 1875 3147 1888 1874
15654 4 2 1 1 1524 1722 250 2739
15655 4 2 1 1 1991 1928 1929 3327
15656 4 2 1 1 1609 4269 3025 4444
15657 4 2 1 1 2256 2850 2949 2987
15658 4 2 1 1 2251 2779 2555 3641
15659 4 2 1 1 893 835 891 3732
15660 4 2 1 1 2467 3449 3141 3729
15661 4 2 1 1 532 3348 2601 3339
15662 4 2 1 1 2538 3481 3486 4008
15663 4 2 1 1 1674 1675 1672 3313
15664 4 2 1 1 3920 1885 1884 3057
15665 4 2 1 1 2283 3571 3052 4134
15666 4 2 1 1 2318 3504 2976 3776
15667 4 2 1 1 116 746 4597 3308
15668 4 2 1 1 1954 1953 1887 3546
15669 4 2 1 1 596 638 639 3988
15670 4 2 1 1 2678 3068 4210 4474
15671 4 2 1 1 3130 2492 3936 4411
15672 4 2 1 1 2666 3930 3072 4405
15673 4 2 1 1 3257 4158 2650 4484
15674 4 2 1 1 2564 3204 4191 4346
15675 4 2 1 1 2389 3905 3963 4374
15676 4 2 1 1 680 570 569 3815
15677 4 2 1 1 1063 3453 1228 4553
15678 4 2 1 1 3433 4176 2730 4205
15679 4 2 1 1 463 4598 59 284
15680 4 2 1 1 4562 4462 4491 3294
15681 4 2 1 1 3434 2281 3773 4188
15682 4 2 1 1 2141 2127 2130 4373
15683 4 2 1 1 2492 3130 3936 3978
15684 4 2 1 1 2480 3227 3305 2299
15685 4 2 1 1 4252 3737 4522 4153
15686 4 2 1 1 1150 1152 1153 4049
15687 4 2 1 1 2557 2514 3398 4262
15688 4 2 1 1 3878 1199 1114 1245
15689 4 2 1 1 1532 1646 1647 3698
15690 4 2 1 1 2572 2991 4113 4498
15691 4 2 1 1 2251 2624 2418 3607
15692 4 2 1 1 532 2601 3348 529
15693 4 2 1 1 914 834 807 4343
15694 4 2 1 1 1230 4044 1157 4468
15695 4 2 1 1 2577 3662 3536 2615
15696 4 2 1 1 1302 1299 1385 3774
15697 4 2 1 1 2424 3671 2866 4371
15698 4 2 1 1 3081 3766 2719 3857
15699 4 2 1 1 2430 3766 3081 3857
15700 4 2 1 1 313 315 312 3775
15701 4 2 1 1 4289 3386 2299 2690
15702 4 2 1 1 2606 2766 3837 3998
15703 4 2 1 1 2434 3486 3481 4008
15704 4 2 1 1 2170 2168 2157 2795
15705 4 2 1 1 4452 2517 2671 2259
15706 4 2 1 1 2272 3336 3604 3756
15707 4 2 1 1 446 4662 291 3500
15708 4 2 1 1 2095 2107 2191 3349
15709 4 2 1 1 1411 1413 1475 3319
15710 4 2 1 1 1269 211 210 4177
15711 4 2 1 1 569 567 572 3771
15712 4 2 1 1 2264 3330 3626 4118
15713 4 2 1 1 3235 3818 2589 4233
15714 4 2 1 1 2778 3812 3703 2688
15715 4 2 1 1 1949 1948 2009 3404
15716 4 2 1 1 3052 2475 3538 4431
15717 4 2 1 1 2268 3573 3489 3798
15718 4 2 1 1 1703 1736 1682 4405
15719 4 2 1 1 424 4059 3140 4420
15720 4 2 1 1 2352 3382 3381 3836
15721 4 2 1 1 2389 2978 3590 3963
15722 4 2 1 1 2177 2174 2175 4081
15723 4 2 1 1 2608 4041 3405 4208
15724 4 2 1 1 2166 4141 2067 3323
15725 4 2 1 1 1605 1606 1604 3915
15726 4 2 1 1 2417 3576 3431 4462
15727 4 2 1 1 2255 2907 2474 2953
15728 4 2 1 1 2269 3013 3245 3924
15729 4 2 1 1 4116 1643 1645 1597
15730 4 2 1 1 3476 4088 2260 4526
15731 4 2 1 1 308 309 3493 4360
15732 4 2 1 1 1154 1256 3490 4162
15733 4 2 1 1 2349 3031 4290 2563
15734 4 2 1 1 311 308 306 3873
15735 4 2 1 1 301 335 391 4109
15736 4 2 1 1 3107 3876 2603 3949
15737 4 2 1 1 2287 2643 4184 4325
15738 4 2 1 1 1646 3834 1644 3999
15739 4 2 1 1 2551 4242 3781 4482
15740 4 2 1 1 2449 3824 3448 3839
15741 4 2 1 1 1444 1382 1267 3005
15742 4 2 1 1 3537 3620 2675 3995
15743 4 2 1 1 3912 4351 3567 2915
15744 4 2 1 1 3417 2684 4114 4485
15745 4 2 1 1 3842 4361 3096 4456
15746 4 2 1 1 3162 3613 2533 3979
15747 4 2 1 1 3465 2305 2429 4534
15748 4 2 1 1 2271 3049 2567 3540
15749 4 2 1 1 292 486 492 3144
15750 4 2 1 1 2557 2514 3076 3398
15751 4 2 1 1 4116 1645 1643 2633
15752 4 2 1 1 1180 1181 4328 4337
15753 4 2 1 1 2054 2055 2978 2056
15754 4 2 1 1 885 887 888 4102
15755 4 2 1 1 2459 3516 3390 4097
15756 4 2 1 1 286 452 27 4600
15757 4 2 1 1 2151 2150 3355 2110
15758 4 2 1 1 1116 1129 1130 4216
15759 4 2 1 1 1072 1070 3108 4350
15760 4 2 1 1 2619 4180 3131 4355
15761 4 2 1 1 1311 1313 1312 4322
15762 4 2 1 1 174 173 1234 3435
15763 4 2 1 1 876 782 765 3979
15764 4 2 1 1 2620 4294 3118 4298
15765 4 2 1 1 398 3169 319 4484
15766 4 2 1 1 1800 4465 2019 1898
15767 4 2 1 1 3642 3739 2849 4302
15768 4 2 1 1 2794 2700 3301 3471
15769 4 2 1 1 2254 2922 2663 3953
15770 4 2 1 1 3172 3848 2961 3849
15771 4 2 1 1 4102 887 884 885
15772 4 2 1 1 540 645 644 4207
15773 4 2 1 1 2519 3080 3772 4070
15774 4 2 1 1 514 3663 702 4275
15775 4 2 1 1 1493 1491 1456 3365
15776 4 2 1 1 3562 3714 2933 4160
15777 4 2 1 1 1842 1947 1841 4103
15778 4 2 1 1 2664 2991 4184 2643
15779 4 2 1 1 2484 3641 3049 3756
15780 4 2 1 1 991 866 766 3639
15781 4 2 1 1 2526 3569 3804 4353
15782 4 2 1 1 2261 2975 3366 3487
15783 4 2 1 1 772 137 957 4056
15784 4 2 1 1 536 596 538 3445
15785 4 2 1 1 1876 1945 1877 3085
15786 4 2 1 1 1619 1686 1687 3157
15787 4 2 1 1 1258 1118 1154 3126
15788 4 2 1 1 3824 4292 2449 4307
15789 4 2 1 1 3043 2749 2846 3777
15790 4 2 1 1 2485 3176 2685 3177
15791 4 2 1 1 2530 2396 2579 3013
15792 4 2 1 1 2564 4302 3400 4500
15793 4 2 1 1 2530 2579 2396 3155
15794 4 2 1 1 1376 1365 1377 3645
15795 4 2 1 1 1930 3413 1869 4313
15796 4 2 1 1 2466 3343 4041 4376
15797 4 2 1 1 2572 3721 3598 4498
15798 4 2 1 1 761 970 971 4467
15799 4 2 1 1 513 3214 107 4467
15800 4 2 1 1 2070 2073 2074 3781
15801 4 2 1 1 2352 3382 3836 4531
15802 4 2 1 1 3876 3949 3107 4538
15803 4 2 1 1 2361 3189 2882 4126
15804 4 2 1 1 331 329 368 3788
15805 4 2 1 1 1365 3645 1336 4082
15806 4 2 1 1 2547 3518 3843 2717
15807 4 2 1 1 3999 3705 3458 2536
15808 4 2 1 1 4358 3492 2607 3482
15809 4 2 1 1 1829 4243 2935 4385
15810 4 2 1 1 3624 2379 3404 3502
15811 4 2 1 1 1151 1012 1149 3138
15812 4 2 1 1 3493 4544 4428 2333
15813 4 2 1 1 2566 3437 3442 4397
15814 4 2 1 1 2241 2121 2193 4344
15815 4 2 1 1 2312 3182 3818 4025
15816 4 2 1 1 562 561 4247 3112
15817 4 2 1 1 630 631 632 3036
15818 4 2 1 1 2564 3739 3642 4302
15819 4 2 1 1 3298 3736 3453 4553
15820 4 2 1 1 1219 3984 4643 192
15821 4 2 1 1 2774 4388 2517 4439
15822 4 2 1 1 2425 3599 3958 4236
15823 4 2 1 1 2645 3958 3599 4236
15824 4 2 1 1 3260 3755 3895 2346
15825 4 2 1 1 2405 3136 3802 4425
15826 4 2 1 1 3924 3939 3121 4023
15827 4 2 1 1 2413 3287 3800 4391
15828 4 2 1 1 2484 3543 3296 4431
15829 4 2 1 1 2869 3107 3949 4538
15830 4 2 1 1 1340 1414 1412 3374
15831 4 2 1 1 3318 3698 2536 3834
15832 4 2 1 1 3859 3884 3067 4541
15833 4 2 1 1 2419 3495 4013 4018
15834 4 2 1 1 1176 1180 1015 2879
15835 4 2 1 1 3328 3772 2566 4037
15836 4 2 1 1 2524 4260 3412 4542
15837 4 2 1 1 2937 3279 2393 3806
15838 4 2 1 1 2505 4107 3590 4316
15839 4 2 1 1 94 4293 506 4563
15840 4 2 1 1 3030 2296 4186 4307
15841 4 2 1 1 2256 2828 2960 3056
15842 4 2 1 1 1895 1967 2015 3282
15843 4 2 1 1 3231 3475 2629 4077
15844 4 2 1 1 2473 3648 3499 4551
15845 4 2 1 1 1013 1163 1230 3194
15846 4 2 1 1 2738 3409 2687 3813
15847 4 2 1 1 1558 1656 1555 2903
15848 4 2 1 1 2987 3911 2502 4170
15849 4 2 1 1 2843 2586 4021 4249
15850 4 2 1 1 4311 4493 2646 2485
15851 4 2 1 1 3113 3114 2511 4414
15852 4 2 1 1 4428 4544 3493 2667
15853 4 2 1 1 395 396 3307 335
15854 4 2 1 1 1264 4089 1016 4570
15855 4 2 1 1 2139 2116 2121 4344
15856 4 2 1 1 317 320 3251 4354
15857 4 2 1 1 514 702 3663 652
15858 4 2 1 1 888 145 144 3463
15859 4 2 1 1 2640 3620 2920 4487
15860 4 2 1 1 1463 3396 3115 4336
15861 4 2 1 1 786 789 787 4409
15862 4 2 1 1 1325 3020 1323 4565
15863 4 2 1 1 4109 3307 396 335
15864 4 2 1 1 1219 3490 4643 3984
15865 4 2 1 1 855 3942 3017 4192
15866 4 2 1 1 2929 4161 2718 4448
15867 4 2 1 1 1385 1459 1305 3774
15868 4 2 1 1 3251 3483 2556 4354
15869 4 2 1 1 1758 1628 3144 4060
15870 4 2 1 1 1956 1955 1954 3165
15871 4 2 1 1 1626 1607 1605 3915
15872 4 2 1 1 564 562 3570 579
15873 4 2 1 1 1230 4044 4468 4084
15874 4 2 1 1 860 891 3335 4423
15875 4 2 1 1 4469 133 1007 4089
15876 4 2 1 1 2962 3908 2550 4460
15877 4 2 1 1 2349 2909 3452 2563
15878 4 2 1 1 1816 1817 1813 3130
15879 4 2 1 1 2245 2138 2247 3710
15880 4 2 1 1 1325 1323 1440 4565
15881 4 2 1 1 3624 3404 2379 2810
15882 4 2 1 1 1105 1087 1142 3276
15883 4 2 1 1 2322 3507 3009 4093
15884 4 2 1 1 1054 1146 1091 3541
15885 4 2 1 1 2025 4612 1776 3380
15886 4 2 1 1 429 454 472 3786
15887 4 2 1 1 3303 3584 2944 4359
15888 4 2 1 1 939 921 923 4020
15889 4 2 1 1 1180 3532 1179 4337
15890 4 2 1 1 653 540 537 3494
15891 4 2 1 1 509 648 649 3871
15892 4 2 1 1 3220 2558 3593 4090
15893 4 2 1 1 2878 2416 3875 4143
15894 4 2 1 1 2801 3305 3227 2299
15895 4 2 1 1 3229 1072 1073 1074
15896 4 2 1 1 1522 1634 1765 3986
15897 4 2 1 1 3140 3788 2584 4059
15898 4 2 1 1 319 398 402 3169
15899 4 2 1 1 1790 1925 1924 3871
15900 4 2 1 1 2718 4100 2905 4499
15901 4 2 1 1 2971 4205 4037 2336
15902 4 2 1 1 4109 396 3307 2917
15903 4 2 1 1 2271 2591 3011 3331
15904 4 2 1 1 1627 1639 1740 3994
15905 4 2 1 1 1609 1669 1670 3025
15906 4 2 1 1 4149 4150 2827 4434
15907 4 2 1 1 1458 1456 1491 4137
15908 4 2 1 1 3130 2872 1818 1819
15909 4 2 1 1 2513 3459 3242 4323
15910 4 2 1 1 3212 3634 2518 4366
15911 4 2 1 1 2334 2989 2777 4555
15912 4 2 1 1 1487 1286 1413 3435
15913 4 2 1 1 4010 4290 3031 2563
15914 4 2 1 1 3153 2673 4322 4513
15915 4 2 1 1 2316 3242 3459 4323
15916 4 2 1 1 2318 3242 3953 2981
15917 4 2 1 1 769 3480 954 4415
15918 4 2 1 1 1130 1129 1223 4216
15919 4 2 1 1 1708 4128 2890 4545
15920 4 2 1 1 3305 3717 2480 2299
15921 4 2 1 1 2147 3782 2225 3984
15922 4 2 1 1 4451 4452 3976 2578
15923 4 2 1 1 1678 1670 1669 4039
15924 4 2 1 1 4564 4518 2679 3973
15925 4 2 1 1 2460 3572 3517 4441
15926 4 2 1 1 2723 3824 2279 4014
15927 4 2 1 1 2390 3943 3060 4095
15928 4 2 1 1 2589 3210 3835 4459
15929 4 2 1 1 2254 3758 2922 3759
15930 4 2 1 1 1947 1842 1845 3412
15931 4 2 1 1 3261 2796 3831 4270
15932 4 2 1 1 1691 3881 1757 3929
15933 4 2 1 1 794 797 893 3732
15934 4 2 1 1 627 599 592 4005
15935 4 2 1 1 3690 4472 2358 3063
15936 4 2 1 1 2489 2632 2265 3056
15937 4 2 1 1 2919 2656 3820 2835
15938 4 2 1 1 2702 3910 3045 4544
15939 4 2 1 1 2333 3045 3910 4544
15940 4 2 1 1 2447 3529 3528 3944
15941 4 2 1 1 2462 4003 3111 4427
15942 4 2 1 1 2330 2837 3631 4267
15943 4 2 1 1 2767 3835 3210 4459
15944 4 2 1 1 1622 1623 1763 4010
15945 4 2 1 1 308 310 309 4360
15946 4 2 1 1 1199 1192 1086 3216
15947 4 2 1 1 3388 2939 2343 2590
15948 4 2 1 1 2228 3490 2226 3984
15949 4 2 1 1 315 322 318 3775
15950 4 2 1 1 519 118 119 4644
15951 4 2 1 1 3130 1818 2872 4228
15952 4 2 1 1 2097 2181 2090 3802
15953 4 2 1 1 1835 1833 1838 3835
15954 4 2 1 1 2343 3540 3103 3883
15955 4 2 1 1 3215 2341 2509 4529
15956 4 2 1 1 2328 3849 3333 4112
15957 4 2 1 1 4326 174 1286 1465
15958 4 2 1 1 581 3711 663 4496
15959 4 2 1 1 3435 4326 1286 3319
15960 4 2 1 1 791 3468 859 4317
15961 4 2 1 1 1200 2662 1189 2547
15962 4 2 1 1 2498 3051 3809 3773
15963 4 2 1 1 3206 3873 2745 4554
15964 4 2 1 1 2625 3444 3202 4335
15965 4 2 1 1 2578 3104 2883 2577
15966 4 2 1 1 319 304 302 3422
15967 4 2 1 1 1724 1687 1723 4569
15968 4 2 1 1 2498 3773 3434 3970
15969 4 2 1 1 3265 4136 3076 4240
15970 4 2 1 1 2698 3779 2999 3856
15971 4 2 1 1 1155 4078 1156 4370
15972 4 2 1 1 2496 3147 2945 4225
15973 4 2 1 1 2463 2797 3640 4357
15974 4 2 1 1 2553 2717 2567 3540
15975 4 2 1 1 2474 2896 2784 3755
15976 4 2 1 1 2443 4239 2968 4396
15977 4 2 1 1 2283 2567 4028 2717
15978 4 2 1 1 2873 3890 2423 4111
15979 4 2 1 1 1318 3048 1316 1317
15980 4 2 1 1 394 451 456 3205
15981 4 2 1 1 3795 3993 2654 4349
15982 4 2 1 1 2959 2383 3484 3551
15983 4 2 1 1 1670 4039 1678 4546
15984 4 2 1 1 1016 1264 132 4089
15985 4 2 1 1 2451 4130 3314 3812
15986 4 2 1 1 723 512 725 3635
15987 4 2 1 1 463 4598 284 3068
15988 4 2 1 1 665 2792 751 3840
15989 4 2 1 1 1264 1016 1177 4570
15990 4 2 1 1 2272 2778 2647 2779
15991 4 2 1 1 2251 3586 2624 4244
15992 4 2 1 1 3976 4452 4451 2671
15993 4 2 1 1 3130 4120 1813 4411
15994 4 2 1 1 388 456 282 3037
15995 4 2 1 1 4629 467 3588 283
15996 4 2 1 1 3223 3449 2550 3702
15997 4 2 1 1 2718 2929 4100 4161
15998 4 2 1 1 847 3240 3575 3547
15999 4 2 1 1 1326 1324 1325 3020
16000 4 2 1 1 2255 4560 3409 3614
16001 4 2 1 1 2423 3393 3848 4245
16002 4 2 1 1 1024 1141 1139 4277
16003 4 2 1 1 3179 3452 2909 2563
16004 4 2 1 1 2617 3576 3092 3975
16005 4 2 1 1 1818 1816 3130 1817
16006 4 2 1 1 98 97 723 3635
16007 4 2 1 1 2477 3989 3254 3794
16008 4 2 1 1 886 885 974 4102
16009 4 2 1 1 3701 4283 2552 3968
16010 4 2 1 1 1871 3405 1870 4169
16011 4 2 1 1 792 790 890 3547
16012 4 2 1 1 1123 1113 1248 3132
16013 4 2 1 1 2518 3494 3941 2313
16014 4 2 1 1 2318 3242 2981 3789
16015 4 2 1 1 2292 2603 3236 3237
16016 4 2 1 1 2680 4133 3146 4222
16017 4 2 1 1 4258 3891 2425 3063
16018 4 2 1 1 2327 3482 2654 4533
16019 4 2 1 1 2508 2942 4006 4558
16020 4 2 1 1 3784 867 854 994
16021 4 2 1 1 1338 1370 1368 3077
16022 4 2 1 1 1460 177 1281 3426
16023 4 2 1 1 2253 2735 2575 3420
16024 4 2 1 1 1755 203 3770 4437
16025 4 2 1 1 866 3017 3639 4408
16026 4 2 1 1 2477 3133 3989 3794
16027 4 2 1 1 1110 1228 1065 3453
16028 4 2 1 1 2487 3873 3206 4554
16029 4 2 1 1 669 668 3592 3904
16030 4 2 1 1 2488 4239 3329 3034
16031 4 2 1 1 2083 2908 3432 2075
16032 4 2 1 1 193 3782 1221 3984
16033 4 2 1 1 2104 3343 2188 4288
16034 4 2 1 1 4163 3723 2428 3018
16035 4 2 1 1 2437 3831 3842 4198
16036 4 2 1 1 2952 3655 2374 4240
16037 4 2 1 1 1616 4052 3619 4237
16038 4 2 1 1 347 328 327 3341
16039 4 2 1 1 3082 3468 2407 4317
16040 4 2 1 1 2162 4624 4168 2199
16041 4 2 1 1 4135 2733 3998 2328
16042 4 2 1 1 1613 3761 1612 3983
16043 4 2 1 1 3245 3857 2430 3949
16044 4 2 1 1 2233 2867 2133 4288
16045 4 2 1 1 3825 4036 3474 2889
16046 4 2 1 1 1311 1312 1308 3153
16047 4 2 1 1 3350 3491 2616 4490
16048 4 2 1 1 2764 3056 2905 2915
16049 4 2 1 1 1891 2853 3405 4557
16050 4 2 1 1 4135 3998 2733 3198
16051 4 2 1 1 1550 253 252 3583
16052 4 2 1 1 2279 3167 4014 2537
16053 4 2 1 1 2112 2599 2122 4196
16054 4 2 1 1 2358 3063 4472 4559
16055 4 2 1 1 781 782 783 3979
16056 4 2 1 1 1993 1941 1942 4221
16057 4 2 1 1 2105 2188 2104 3343
16058 4 2 1 1 2268 2856 3489 4053
16059 4 2 1 1 1048 1134 1115 3457
16060 4 2 1 1 2752 2535 2312 3354
16061 4 2 1 1 2891 3935 2482 4257
16062 4 2 1 1 2467 3722 3085 2706
16063 4 2 1 1 318 323 326 3719
16064 4 2 1 1 1068 3495 1187 4255
16065 4 2 1 1 811 2741 810 812
16066 4 2 1 1 545 543 3793 4161
16067 4 2 1 1 1788 1984 1911 4312
16068 4 2 1 1 2319 3809 3102 3810
16069 4 2 1 1 2606 3129 4129 4365
16070 4 2 1 1 2349 3213 2655 4290
16071 4 2 1 1 443 46 292 4601
16072 4 2 1 1 806 807 4108 4547
16073 4 2 1 1 1079 2893 1081 3532
16074 4 2 1 1 964 775 1000 3152
16075 4 2 1 1 3197 3776 2548 3957
16076 4 2 1 1 2678 4187 3068 4474
16077 4 2 1 1 1546 4652 1760 1770
16078 4 2 1 1 1184 3375 1240 3693
16079 4 2 1 1 208 3973 1538 4564
16080 4 2 1 1 755 143 142 4504
16081 4 2 1 1 3861 4119 2839 4245
16082 4 2 1 1 2474 3754 2896 3755
16083 4 2 1 1 4437 1273 202 1474
16084 4 2 1 1 2274 3360 2948 3572
16085 4 2 1 1 4602 460 15 290
16086 4 2 1 1 1578 1576 1702 3930
16087 4 2 1 1 2446 3513 3095 4007
16088 4 2 1 1 488 380 485 3980
16089 4 2 1 1 2276 3270 3271 3281
16090 4 2 1 1 829 942 941 3549
16091 4 2 1 1 1308 1342 1306 3272
16092 4 2 1 1 2323 2986 3150 2579
16093 4 2 1 1 4036 3004 2664 2252
16094 4 2 1 1 1966 1967 1895 3282
16095 4 2 1 1 3072 3865 2602 4568
16096 4 2 1 1 2226 3490 3264 3984
16097 4 2 1 1 2258 2622 2418 3558
16098 4 2 1 1 3175 3426 2372 4495
16099 4 2 1 1 882 791 859 4317
16100 4 2 1 1 3825 3474 4036 2457
16101 4 2 1 1 3326 2744 2729 4496
16102 4 2 1 1 2975 3868 2644 4150
16103 4 2 1 1 188 4264 1293 4338
16104 4 2 1 1 1274 1477 1443 3093
16105 4 2 1 1 2949 2632 2502 3224
16106 4 2 1 1 2872 3822 3557 4113
16107 4 2 1 1 1000 775 965 4438
16108 4 2 1 1 611 729 3639 4293
16109 4 2 1 1 1749 1648 1650 3858
16110 4 2 1 1 2575 3562 2324 3724
16111 4 2 1 1 2278 2928 4241 4282
16112 4 2 1 1 2519 3772 3277 4070
16113 4 2 1 1 701 635 694 3638
16114 4 2 1 1 2275 2871 3269 4391
16115 4 2 1 1 941 925 3503 4091
16116 4 2 1 1 3094 1440 1438 1344
16117 4 2 1 1 110 109 700 4575
16118 4 2 1 1 3056 2632 2502 2949
16119 4 2 1 1 4316 3718 3963 2978
16120 4 2 1 1 3440 2737 1569 3367
16121 4 2 1 1 1086 1194 1195 4003
16122 4 2 1 1 94 758 990 4293
16123 4 2 1 1 811 950 809 3568
16124 4 2 1 1 1643 1636 1616 3619
16125 4 2 1 1 1329 3620 4138 4487
16126 4 2 1 1 236 235 1541 3579
16127 4 2 1 1 2658 2372 3175 3741
16128 4 2 1 1 2325 2934 3626 3724
16129 4 2 1 1 2000 1985 1805 4168
16130 4 2 1 1 3743 3824 4014 2562
16131 4 2 1 1 3579 4026 1717 4153
16132 4 2 1 1 2577 2347 3288 2615
16133 4 2 1 1 3292 3597 2664 2493
16134 4 2 1 1 1857 1815 1858 4411
16135 4 2 1 1 3195 3787 2681 2358
16136 4 2 1 1 3014 3186 2371 4175
16137 4 2 1 1 2927 3727 2454 3091
16138 4 2 1 1 2306 2785 2504 2907
16139 4 2 1 1 4043 2502 2632 3224
16140 4 2 1 1 658 581 545 3793
16141 4 2 1 1 3440 1569 2737 1651
16142 4 2 1 1 3712 2559 3091 3038
16143 4 2 1 1 743 4651 3819 705
16144 4 2 1 1 1592 1587 3213 4327
16145 4 2 1 1 3612 2264 4349 3034
16146 4 2 1 1 2657 4230 3216 4443
16147 4 2 1 1 3325 3614 2620 4560
16148 4 2 1 1 2467 2962 2706 4460
16149 4 2 1 1 2063 2065 2068 4133
16150 4 2 1 1 4043 2632 2502 3473
16151 4 2 1 1 2554 3870 3067 4171
16152 4 2 1 1 2179 2117 2160 3159
16153 4 2 1 1 997 4087 993 2594
16154 4 2 1 1 3395 3945 2583 4380
16155 4 2 1 1 1707 1672 1675 3313
16156 4 2 1 1 743 4651 705 494
16157 4 2 1 1 3381 3382 2582 3836
16158 4 2 1 1 1156 4468 3038 4495
16159 4 2 1 1 2382 3542 2670 4449
16160 4 2 1 1 1675 1708 1707 4545
16161 4 2 1 1 1758 4601 1544 1766
16162 4 2 1 1 3368 3587 2618 3832
16163 4 2 1 1 2281 3051 2619 3970
16164 4 2 1 1 1978 1945 1946 2706
16165 4 2 1 1 1987 1892 2024 3423
16166 4 2 1 1 1721 254 253 3846
16167 4 2 1 1 2648 2367 3586 4259
16168 4 2 1 1 613 634 662 4212
16169 4 2 1 1 1730 242 241 3502
16170 4 2 1 1 535 3050 536 537
16171 4 2 1 1 1033 1219 1256 3490
16172 4 2 1 1 2938 3673 2431 2426
16173 4 2 1 1 1989 1914 1915 3099
16174 4 2 1 1 2512 4081 2985 4421
16175 4 2 1 1 3554 4173 4023 3188
16176 4 2 1 1 954 3480 875 4238
16177 4 2 1 1 2111 2167 2113 3511
16178 4 2 1 1 3010 3731 2591 4363
16179 4 2 1 1 158 157 4634 966
16180 4 2 1 1 3543 3756 2350 3336
16181 4 2 1 1 878 860 891 3335
16182 4 2 1 1 2909 3452 3179 4106
16183 4 2 1 1 3439 3460 2595 3782
16184 4 2 1 1 468 383 390 3701
16185 4 2 1 1 3318 2536 3698 4412
16186 4 2 1 1 2600 4248 3037 4304
16187 4 2 1 1 411 413 3552 4398
16188 4 2 1 1 2116 2139 2174 3411
16189 4 2 1 1 3434 4188 3773 2385
16190 4 2 1 1 913 911 3962 3964
16191 4 2 1 1 981 768 4191 4346
16192 4 2 1 1 2562 4014 3956 3608
16193 4 2 1 1 2432 3164 3414 4256
16194 4 2 1 1 3559 4029 2546 3035
16195 4 2 1 1 3957 4510 3776 2548
16196 4 2 1 1 2723 2353 3062 3366
16197 4 2 1 1 2186 2129 2187 4209
16198 4 2 1 1 4259 2820 3063 3690
16199 4 2 1 1 4447 4554 3873 4071
16200 4 2 1 1 2465 4125 3117 2506
16201 4 2 1 1 905 902 904 4206
16202 4 2 1 1 2327 2573 2709 4032
16203 4 2 1 1 2495 3550 3446 4243
16204 4 2 1 1 966 4603 158 776
16205 4 2 1 1 1703 1578 1702 3930
16206 4 2 1 1 678 613 662 3193
16207 4 2 1 1 1873 1916 1970 3481
16208 4 2 1 1 993 4087 997 780
16209 4 2 1 1 2449 3608 3448 3824
16210 4 2 1 1 3184 4030 2271 4363
16211 4 2 1 1 1623 1593 1624 3884
16212 4 2 1 1 3328 1557 1560 3080
16213 4 2 1 1 2706 2550 3449 4460
16214 4 2 1 1 2454 2663 2904 2927
16215 4 2 1 1 2981 2318 3505 3953
16216 4 2 1 1 876 953 848 4461
16217 4 2 1 1 1610 1609 3983 4444
16218 4 2 1 1 3174 2398 3703 4040
16219 4 2 1 1 4259 3063 2820 4258
16220 4 2 1 1 2847 3562 3002 3714
16221 4 2 1 1 2860 3799 2258 4152
16222 4 2 1 1 3951 4101 3019 2385
16223 4 2 1 1 201 1273 202 3929
16224 4 2 1 1 1823 1818 1919 4228
16225 4 2 1 1 2880 2532 4045 4174
16226 4 2 1 1 3098 4023 2579 2323
16227 4 2 1 1 2697 4086 3215 4529
16228 4 2 1 1 192 191 4643 1219
16229 4 2 1 1 1535 1752 258 4516
16230 4 2 1 1 653 740 645 3494
16231 4 2 1 1 2764 3297 3667 3912
16232 4 2 1 1 2143 2169 2243 4201
16233 4 2 1 1 2458 3695 3166 4250
16234 4 2 1 1 2487 4071 3873 4554
16235 4 2 1 1 543 542 541 3901
16236 4 2 1 1 2283 2983 4028 4431
16237 4 2 1 1 2489 2632 3056 4099
16238 4 2 1 1 744 3036 632 4215
16239 4 2 1 1 1489 1492 2999 1387
16240 4 2 1 1 435 487 387 3533
16241 4 2 1 1 1926 4491 3294 4562
16242 4 2 1 1 4264 1507 225 1516
16243 4 2 1 1 690 3416 726 4274
16244 4 2 1 1 2308 2502 3473 4043
16245 4 2 1 1 4264 225 1507 4625
16246 4 2 1 1 2404 2256 2949 4099
16247 4 2 1 1 3325 3614 3033 2321
16248 4 2 1 1 1044 1134 1048 3457
16249 4 2 1 1 3525 4038 2814 4445
16250 4 2 1 1 2700 2562 3897 4152
16251 4 2 1 1 1113 1122 1248 3132
16252 4 2 1 1 777 4628 4453 978
16253 4 2 1 1 3641 3603 2553 3049
16254 4 2 1 1 2458 3166 3695 2674
16255 4 2 1 1 3063 3181 2496 4559
16256 4 2 1 1 4641 715 123 518
16257 4 2 1 1 1022 1216 184 3340
16258 4 2 1 1 1101 1208 1099 2705
16259 4 2 1 1 2312 3182 4025 4202
16260 4 2 1 1 3054 2627 2815 4552
16261 4 2 1 1 2575 2710 3330 3626
16262 4 2 1 1 626 629 630 3280
16263 4 2 1 1 2621 2898 2258 3045
16264 4 2 1 1 3197 4080 3776 2763
16265 4 2 1 1 2313 3713 3050 4054
16266 4 2 1 1 1754 4269 1668 4422
16267 4 2 1 1 353 300 298 4455
16268 4 2 1 1 770 1008 919 2865
16269 4 2 1 1 4604 279 32 471
16270 4 2 1 1 3339 3783 2895 4019
16271 4 2 1 1 3488 4506 2856 4523
16272 4 2 1 1 3641 2553 3603 2251
16273 4 2 1 1 3450 4139 2720 4277
16274 4 2 1 1 769 895 875 3480
16275 4 2 1 1 2291 4068 2671 4254
16276 4 2 1 1 2460 2949 2499 4463
16277 4 2 1 1 1819 1821 3557 3822
16278 4 2 1 1 1737 1527 1684 3766
16279 4 2 1 1 1457 1414 1320 3965
16280 4 2 1 1 1425 1464 4338 4473
16281 4 2 1 1 1586 3870 1591 4541
16282 4 2 1 1 2754 3769 3627 4177
16283 4 2 1 1 1579 1577 1578 4011
16284 4 2 1 1 2533 4317 2918 4356
16285 4 2 1 1 4600 4631 3275 452
16286 4 2 1 1 2637 2407 3960 3798
16287 4 2 1 1 1022 1038 1039 4135
16288 4 2 1 1 2786 3763 3306 4180
16289 4 2 1 1 3785 4334 2774 4439
16290 4 2 1 1 4099 3056 2949 2632
16291 4 2 1 1 2146 4121 2900 3124
16292 4 2 1 1 551 550 549 3632
16293 4 2 1 1 1880 1836 1950 4218
16294 4 2 1 1 4657 12 268 1770
16295 4 2 1 1 1023 4586 1244 165
16296 4 2 1 1 1756 1773 1543 3321
16297 4 2 1 1 1982 254 1807 4279
16298 4 2 1 1 1883 1961 1854 3317
16299 4 2 1 1 401 4109 303 3035
16300 4 2 1 1 2438 3046 3687 4498
16301 4 2 1 1 2735 3424 3927 4229
16302 4 2 1 1 748 4605 61 4187
16303 4 2 1 1 2936 3881 2569 3929
16304 4 2 1 1 4660 447 48 4606
16305 4 2 1 1 1716 1536 1636 4227
16306 4 2 1 1 3042 3948 1523 4269
16307 4 2 1 1 2321 4514 3936 3978
16308 4 2 1 1 2691 3838 3525 4497
16309 4 2 1 1 3388 2939 2590 2437
16310 4 2 1 1 86 514 85 4275
16311 4 2 1 1 1793 86 85 4275
16312 4 2 1 1 4111 4112 2626 4229
16313 4 2 1 1 2255 2493 2953 2287
16314 4 2 1 1 2534 4214 3582 4395
16315 4 2 1 1 2394 3730 3176 3885
16316 4 2 1 1 2345 3430 3347 3816
16317 4 2 1 1 581 663 547 4496
16318 4 2 1 1 3006 3189 2361 4146
16319 4 2 1 1 280 4665 473 3665
16320 4 2 1 1 2701 2794 3889 4387
16321 4 2 1 1 996 3161 932 931
16322 4 2 1 1 2949 3056 4099 2256
16323 4 2 1 1 1279 222 221 3594
16324 4 2 1 1 2645 2913 3767 3112
16325 4 2 1 1 2926 4213 3529 4301
16326 4 2 1 1 524 700 526 3757
16327 4 2 1 1 2321 3936 4514 3033
16328 4 2 1 1 3303 2467 4308 4460
16329 4 2 1 1 1632 1764 1540 3115
16330 4 2 1 1 2835 4044 4084 4295
16331 4 2 1 1 2329 3944 3529 4203
16332 4 2 1 1 1554 1557 1555 4348
16333 4 2 1 1 1323 1322 1321 3185
16334 4 2 1 1 3654 4241 2278 3683
16335 4 2 1 1 1712 1737 3171 4457
16336 4 2 1 1 3172 2253 3810 4076
16337 4 2 1 1 2397 3518 3201 4381
16338 4 2 1 1 3172 3810 2253 2503
16339 4 2 1 1 913 911 912 3962
16340 4 2 1 1 702 3874 84 4275
16341 4 2 1 1 1983 84 3874 4275
16342 4 2 1 1 598 664 734 3647
16343 4 2 1 1 1141 3450 1126 4458
16344 4 2 1 1 1769 1761 1547 3234
16345 4 2 1 1 1644 1646 1532 3834
16346 4 2 1 1 142 1151 141 4504
16347 4 2 1 1 3835 1835 1967 1838
16348 4 2 1 1 1062 1061 1060 3697
16349 4 2 1 1 2372 3725 3726 4383
16350 4 2 1 1 3999 3705 2536 2838
16351 4 2 1 1 2233 4612 2205 3423
16352 4 2 1 1 2063 2159 2061 4133
16353 4 2 1 1 1786 3155 4278 3238
16354 4 2 1 1 491 450 277 4048
16355 4 2 1 1 2697 3215 2509 4529
16356 4 2 1 1 1780 4140 1936 4299
16357 4 2 1 1 1711 3415 4128 4545
16358 4 2 1 1 794 796 797 3676
16359 4 2 1 1 758 4091 989 3227
16360 4 2 1 1 2615 2347 3288 4214
16361 4 2 1 1 1978 2962 1789 3720
16362 4 2 1 1 2839 4245 4119 4421
16363 4 2 1 1 899 142 141 4504
16364 4 2 1 1 1199 1114 1192 3216
16365 4 2 1 1 1806 2019 3385 4026
16366 4 2 1 1 641 640 610 3844
16367 4 2 1 1 1966 4225 3282 1895
16368 4 2 1 1 850 908 3414 4331
16369 4 2 1 1 2449 3824 3839 4292
16370 4 2 1 1 2244 2192 2144 3985
16371 4 2 1 1 2330 3631 3491 4267
16372 4 2 1 1 2399 3524 3090 4451
16373 4 2 1 1 3026 3472 2529 4332
16374 4 2 1 1 2446 3095 3513 4432
16375 4 2 1 1 2368 3714 3466 4147
16376 4 2 1 1 2427 3630 2703 4093
16377 4 2 1 1 2048 2212 2151 3152
16378 4 2 1 1 187 4338 188 1293
16379 4 2 1 1 2595 3126 4181 4429
16380 4 2 1 1 188 4338 187 1035
16381 4 2 1 1 2492 3936 4514 3978
16382 4 2 1 1 1331 3620 1329 4487
16383 4 2 1 1 1813 1816 3130 4411
16384 4 2 1 1 2900 2812 2421 4238
16385 4 2 1 1 1231 1035 1218 3315
16386 4 2 1 1 2827 4150 2648 4434
16387 4 2 1 1 2480 3305 3227 4408
16388 4 2 1 1 2575 3485 2710 3724
16389 4 2 1 1 4119 4245 2512 4421
16390 4 2 1 1 2162 4652 2161 2044
16391 4 2 1 1 3448 3824 2723 3839
16392 4 2 1 1 3416 95 96 726
16393 4 2 1 1 361 399 363 3257
16394 4 2 1 1 2492 4514 3936 3033
16395 4 2 1 1 2303 4443 4283 2696
16396 4 2 1 1 150 769 954 4415
16397 4 2 1 1 3161 3919 2473 4424
16398 4 2 1 1 2265 3567 2915 3912
16399 4 2 1 1 115 520 116 3308
16400 4 2 1 1 1455 1457 1335 4515
16401 4 2 1 1 765 4580 963 4461
16402 4 2 1 1 701 112 507 3419
16403 4 2 1 1 945 944 757 4469
16404 4 2 1 1 219 218 1275 4507
16405 4 2 1 1 1922 1921 1920 4015
16406 4 2 1 1 2255 2506 3431 4136
16407 4 2 1 1 2651 3168 2358 4292
16408 4 2 1 1 2543 3047 2992 4303
16409 4 2 1 1 1617 1667 1679 3777
16410 4 2 1 1 2403 3504 2976 3845
16411 4 2 1 1 1952 1847 1861 4260
16412 4 2 1 1 1497 1452 1501 3765
16413 4 2 1 1 453 4631 26 452
16414 4 2 1 1 2508 4528 3005 4558
16415 4 2 1 1 2346 3425 3895 4222
16416 4 2 1 1 2324 3562 3087 3002
16417 4 2 1 1 1889 1903 1869 3421
16418 4 2 1 1 528 525 527 3899
16419 4 2 1 1 931 935 4424 4567
16420 4 2 1 1 3287 2413 3800 4310
16421 4 2 1 1 2268 3573 3798 4094
16422 4 2 1 1 2945 3181 2425 4559
16423 4 2 1 1 2265 2632 2489 3218
16424 4 2 1 1 3731 3540 3103 3388
16425 4 2 1 1 2364 3420 3079 4075
16426 4 2 1 1 335 395 391 3307
16427 4 2 1 1 1725 1666 3519 4278
16428 4 2 1 1 2155 2118 3862 4033
16429 4 2 1 1 2339 2838 3705 3759
16430 4 2 1 1 2451 4130 3812 2688
16431 4 2 1 1 2437 3388 3454 4219
16432 4 2 1 1 422 360 343 3515
16433 4 2 1 1 2252 2543 2388 4282
16434 4 2 1 1 2407 2918 3900 2533
16435 4 2 1 1 925 988 987 3416
16436 4 2 1 1 3958 4236 2780 4258
16437 4 2 1 1 3709 4086 2697 4529
16438 4 2 1 1 752 4634 4668 157
16439 4 2 1 1 2340 3484 3585 3799
16440 4 2 1 1 3091 3972 2372 2559
16441 4 2 1 1 3300 4241 2716 2565
16442 4 2 1 1 2957 2456 3780 4280
16443 4 2 1 1 1630 1629 3737 4153
16444 4 2 1 1 3210 2412 2323 4416
16445 4 2 1 1 3087 3562 2324 2575
16446 4 2 1 1 2554 3213 3859 4541
16447 4 2 1 1 3381 3390 4097 4551
16448 4 2 1 1 721 722 623 3324
16449 4 2 1 1 2732 3254 3989 3794
16450 4 2 1 1 2558 3220 3434 4090
16451 4 2 1 1 3034 3795 2264 4349
16452 4 2 1 1 1457 1455 1415 3965
16453 4 2 1 1 1374 4001 1367 4324
16454 4 2 1 1 2616 3491 3350 3631
16455 4 2 1 1 2576 3909 3066 4015
16456 4 2 1 1 1931 1856 1932 4392
16457 4 2 1 1 649 648 646 3634
16458 4 2 1 1 3727 4160 3562 2933
16459 4 2 1 1 1899 1886 1962 3707
16460 4 2 1 1 3562 4160 3727 2266
16461 4 2 1 1 470 4474 4187 4479
16462 4 2 1 1 2408 4315 3563 4489
16463 4 2 1 1 1347 3007 1372 3342
16464 4 2 1 1 860 859 793 3468
16465 4 2 1 1 2702 2418 2622 4555
16466 4 2 1 1 595 3647 614 4330
16467 4 2 1 1 3923 2784 2907 2474
16468 4 2 1 1 3538 2347 2675 3052
16469 4 2 1 1 1858 1864 1857 3863
16470 4 2 1 1 1673 4546 1672 1671
16471 4 2 1 1 3923 2907 2784 2270
16472 4 2 1 1 4283 2715 2943 3506
16473 4 2 1 1 3240 832 847 839
16474 4 2 1 1 1877 1945 1897 4481
16475 4 2 1 1 3595 4514 2321 3978
16476 4 2 1 1 551 550 3632 4148
16477 4 2 1 1 14 4645 290 462
16478 4 2 1 1 500 3219 675 3879
16479 4 2 1 1 922 923 921 4020
16480 4 2 1 1 1773 1711 3415 4128
16481 4 2 1 1 2716 3560 3300 4227
16482 4 2 1 1 2680 3146 3796 4222
16483 4 2 1 1 4511 2318 3183 3953
16484 4 2 1 1 506 726 95 4563
16485 4 2 1 1 2571 3021 2668 2300
16486 4 2 1 1 3017 2480 3639 4408
16487 4 2 1 1 2765 3757 3387 4276
16488 4 2 1 1 1434 1433 1435 3955
16489 4 2 1 1 1745 257 256 3615
16490 4 2 1 1 2939 3261 3831 4270
16491 4 2 1 1 4511 3183 2318 4510
16492 4 2 1 1 1336 1334 1333 4082
16493 4 2 1 1 3009 3630 2748 4093
16494 4 2 1 1 3167 4388 3084 2517
16495 4 2 1 1 922 941 925 3503
16496 4 2 1 1 3341 3959 2445 4098
16497 4 2 1 1 2765 3757 4276 3988
16498 4 2 1 1 2394 3119 4115 4377
16499 4 2 1 1 2081 2180 2094 4341
16500 4 2 1 1 2866 2909 2349 3578
16501 4 2 1 1 2694 3178 4252 4522
16502 4 2 1 1 2392 3675 2957 4540
16503 4 2 1 1 3082 4317 2533 4356
16504 4 2 1 1 2259 3058 3471 4387
16505 4 2 1 1 2261 2644 3181 3278
16506 4 2 1 1 970 107 969 3214
16507 4 2 1 1 352 412 414 4333
16508 4 2 1 1 2650 4455 3422 4484
16509 4 2 1 1 3207 4038 2434 4497
16510 4 2 1 1 1545 4596 262 4666
16511 4 2 1 1 671 749 501 3195
16512 4 2 1 1 2184 2078 2077 4034
16513 4 2 1 1 2187 2228 2046 3490
16514 4 2 1 1 2556 3762 3483 3947
16515 4 2 1 1 2328 4112 2914 4556
16516 4 2 1 1 4166 2668 2792 4330
16517 4 2 1 1 3726 3727 2478 4160
16518 4 2 1 1 1628 3144 4060 4305
16519 4 2 1 1 1667 1627 1641 3630
16520 4 2 1 1 1118 1119 1104 3747
16521 4 2 1 1 2882 3189 2883 4446
16522 4 2 1 1 2252 2457 3016 3330
16523 4 2 1 1 618 4114 737 4485
16524 4 2 1 1 1173 1094 1112 3892
16525 4 2 1 1 2283 3843 3518 2717
16526 4 2 1 1 3391 3748 2775 1939
16527 4 2 1 1 2342 4297 3313 2890
16528 4 2 1 1 2471 4033 3862 4266
16529 4 2 1 1 2749 2818 2750 4526
16530 4 2 1 1 2358 3168 3839 4292
16531 4 2 1 1 2075 2083 2080 3432
16532 4 2 1 1 349 3341 347 327
16533 4 2 1 1 831 3942 855 4192
16534 4 2 1 1 2398 3916 3534 4309
16535 4 2 1 1 3370 3555 3369 2275
16536 4 2 1 1 1322 3185 1323 3020
16537 4 2 1 1 3137 2440 4005 3182
16538 4 2 1 1 1105 1142 1136 3276
16539 4 2 1 1 4320 3555 3369 3854
16540 4 2 1 1 2655 4254 2671 4290
16541 4 2 1 1 2375 3795 3034 4349
16542 4 2 1 1 2800 4119 3861 4245
16543 4 2 1 1 704 4591 3311 4393
16544 4 2 1 1 2503 2961 3172 3695
16545 4 2 1 1 3391 3748 2435 2775
16546 4 2 1 1 4320 3369 3555 2275
16547 4 2 1 1 3817 1801 275 4617
16548 4 2 1 1 4608 188 1259 4264
16549 4 2 1 1 2885 3808 3544 4339
16550 4 2 1 1 2179 3802 2097 4425
16551 4 2 1 1 2497 2290 3640 4485
16552 4 2 1 1 1793 2931 4275 4313
16553 4 2 1 1 2911 4167 3786 2596
16554 4 2 1 1 1055 1056 1057 3267
16555 4 2 1 1 2399 3208 3898 4536
16556 4 2 1 1 2273 3345 3442 4318
16557 4 2 1 1 3245 3924 2461 3939
16558 4 2 1 1 851 918 943 3143
16559 4 2 1 1 2550 3908 3879 4543
16560 4 2 1 1 3483 4204 2556 4354
16561 4 2 1 1 1851 1859 1953 3797
16562 4 2 1 1 3401 3875 3684 4549
16563 4 2 1 1 4627 195 1031 1231
16564 4 2 1 1 3538 3571 2883 2347
16565 4 2 1 1 2287 2493 2643 3614
16566 4 2 1 1 2358 3839 3030 4292
16567 4 2 1 1 1833 1834 1832 4291
16568 4 2 1 1 3174 3932 2398 4040
16569 4 2 1 1 2230 2037 2232 3380
16570 4 2 1 1 2643 4514 2287 3614
16571 4 2 1 1 97 96 512 3416
16572 4 2 1 1 2606 3998 3333 4129
16573 4 2 1 1 3333 3998 2583 4129
16574 4 2 1 1 2273 4176 3345 4318
16575 4 2 1 1 3786 4167 2911 2304
16576 4 2 1 1 2234 2233 2205 3423
16577 4 2 1 1 745 521 89 4087
16578 4 2 1 1 422 3515 343 4420
16579 4 2 1 1 548 547 549 4496
16580 4 2 1 1 3876 3410 3023 2354
16581 4 2 1 1 2390 3471 3071 4095
16582 4 2 1 1 2620 3486 3118 4294
16583 4 2 1 1 2476 3361 2926 3430
16584 4 2 1 1 3651 4069 2706 4481
16585 4 2 1 1 2301 2638 2693 3612
16586 4 2 1 1 2042 2053 2052 3308
16587 4 2 1 1 2425 4236 3958 4258
16588 4 2 1 1 1438 3094 1437 3982
16589 4 2 1 1 1890 3405 1891 4364
16590 4 2 1 1 962 3472 4332 4415
16591 4 2 1 1 413 328 354 4398
16592 4 2 1 1 3067 2932 2542 2307
16593 4 2 1 1 2215 3311 2214 4393
16594 4 2 1 1 2385 3434 3220 4090
16595 4 2 1 1 860 3468 793 4423
16596 4 2 1 1 2284 4107 3670 4316
16597 4 2 1 1 513 708 107 3214
16598 4 2 1 1 164 1023 165 3582
16599 4 2 1 1 1695 1579 1694 3376
16600 4 2 1 1 2163 2043 2164 3246
16601 4 2 1 1 3016 2857 3473 4043
16602 4 2 1 1 349 433 419 4098
16603 4 2 1 1 2991 4183 2664 4184
16604 4 2 1 1 295 4594 4647 4087
16605 4 2 1 1 3329 4239 4072 3034
16606 4 2 1 1 322 369 334 3462
16607 4 2 1 1 2120 2119 2145 3124
16608 4 2 1 1 787 2918 4317 4356
16609 4 2 1 1 933 763 3250 4235
16610 4 2 1 1 2822 3621 2881 2613
16611 4 2 1 1 83 82 4576 696
16612 4 2 1 1 3285 4133 2680 4271
16613 4 2 1 1 985 4211 949 3587
16614 4 2 1 1 475 3801 2747 3665
16615 4 2 1 1 3876 3023 3410 2602
16616 4 2 1 1 1382 3005 4404 4528
16617 4 2 1 1 3744 4040 2848 2592
16618 4 2 1 1 4624 1805 4168 2000
16619 4 2 1 1 3390 4551 3382 2262
16620 4 2 1 1 2586 2514 3398 2297
16621 4 2 1 1 218 217 1469 4577
16622 4 2 1 1 3382 4551 3390 3381
16623 4 2 1 1 1868 1870 1869 4169
16624 4 2 1 1 3461 3730 2369 4493
16625 4 2 1 1 2320 2881 3621 2613
16626 4 2 1 1 2348 3661 3057 4252
16627 4 2 1 1 2602 3930 3072 4568
16628 4 2 1 1 390 469 3701 3968
16629 4 2 1 1 996 3161 931 4424
16630 4 2 1 1 2515 4397 3074 4548
16631 4 2 1 1 475 3801 3665 438
16632 4 2 1 1 1699 3512 1744 4564
16633 4 2 1 1 2155 2117 2118 4033
16634 4 2 1 1 1270 1405 1483 3318
16635 4 2 1 1 2464 3841 3263 3854
16636 4 2 1 1 3210 4200 2412 4416
16637 4 2 1 1 3079 4064 2263 4065
16638 4 2 1 1 569 568 567 3815
16639 4 2 1 1 321 330 336 3716
16640 4 2 1 1 2387 3631 4241 2963
16641 4 2 1 1 2554 3859 3213 4334
16642 4 2 1 1 397 458 395 3931
16643 4 2 1 1 2700 4014 4152 4223
16644 4 2 1 1 2252 2388 3004 4282
16645 4 2 1 1 2674 3781 3322 4242
16646 4 2 1 1 3093 3916 2398 2688
16647 4 2 1 1 1835 1834 1833 3098
16648 4 2 1 1 1333 2920 4082 4470
16649 4 2 1 1 2528 3581 3580 4480
16650 4 2 1 1 2177 2138 2124 3351
16651 4 2 1 1 286 466 452 3275
16652 4 2 1 1 1733 2746 1521 1674
16653 4 2 1 1 752 4634 3124 4668
16654 4 2 1 1 752 4634 966 3124
16655 4 2 1 1 476 4607 448 280
16656 4 2 1 1 553 554 592 2670
16657 4 2 1 1 3744 2848 4040 3534
16658 4 2 1 1 1065 1228 1063 3453
16659 4 2 1 1 2827 4149 2828 4150
16660 4 2 1 1 2255 2952 3044 4240
16661 4 2 1 1 1406 1403 1480 3508
16662 4 2 1 1 3269 3382 2871 4372
16663 4 2 1 1 1067 3495 4255 4456
16664 4 2 1 1 2334 3600 2622 4555
16665 4 2 1 1 2513 3789 3656 4323
16666 4 2 1 1 2562 3743 4151 4152
16667 4 2 1 1 288 487 436 3617
16668 4 2 1 1 2541 2941 4379 4547
16669 4 2 1 1 3991 3456 3286 2581
16670 4 2 1 1 138 137 772 3577
16671 4 2 1 1 1545 4639 1733 3601
16672 4 2 1 1 2497 3640 3417 4485
16673 4 2 1 1 2641 3895 3425 4222
16674 4 2 1 1 974 888 144 3463
16675 4 2 1 1 2283 3571 2983 4431
16676 4 2 1 1 1852 4359 1876 3722
16677 4 2 1 1 4609 440 4654 4132
16678 4 2 1 1 3286 3456 3991 2294
16679 4 2 1 1 474 4648 50 482
16680 4 2 1 1 1800 4465 1898 3707
16681 4 2 1 1 2592 3744 3094 4565
16682 4 2 1 1 2257 2777 2989 3110
16683 4 2 1 1 4236 4258 3278 4434
16684 4 2 1 1 1420 3861 1419 4119
16685 4 2 1 1 2878 2274 2948 2949
16686 4 2 1 1 990 3227 4408 4293
16687 4 2 1 1 3488 3489 2856 4506
16688 4 2 1 1 3072 3930 2666 4568
16689 4 2 1 1 2907 3923 3266 2693
16690 4 2 1 1 2679 3982 3512 4564
16691 4 2 1 1 1334 3829 1337 4470
16692 4 2 1 1 441 4605 4656 4187
16693 4 2 1 1 2080 2190 2091 3760
16694 4 2 1 1 616 618 737 4485
16695 4 2 1 1 2263 2735 3087 4145
16696 4 2 1 1 3659 2797 2690 2258
16697 4 2 1 1 2249 3252 2143 4201
16698 4 2 1 1 1141 1126 1097 4458
16699 4 2 1 1 1018 1226 1207 4495
16700 4 2 1 1 3205 4158 3105 2391
16701 4 2 1 1 1810 1808 1811 3364
16702 4 2 1 1 2318 3505 3504 4384
16703 4 2 1 1 4452 3174 2484 2285
16704 4 2 1 1 3419 3979 3162 4461
16705 4 2 1 1 1754 1523 1668 4269
16706 4 2 1 1 2550 3449 3223 4509
16707 4 2 1 1 2734 2489 3218 2265
16708 4 2 1 1 1472 3898 1364 1431
16709 4 2 1 1 3537 3538 2475 3543
16710 4 2 1 1 485 4609 4132 440
16711 4 2 1 1 295 4599 4087 4647
16712 4 2 1 1 885 888 974 4102
16713 4 2 1 1 449 4609 38 3980
16714 4 2 1 1 3603 2648 2251 4244
16715 4 2 1 1 1302 3774 1305 4110
16716 4 2 1 1 2329 4213 3190 4301
16717 4 2 1 1 838 798 896 3273
16718 4 2 1 1 780 1005 89 4087
16719 4 2 1 1 2398 3916 3680 2688
16720 4 2 1 1 1581 1582 1583 4172
16721 4 2 1 1 4452 2484 3174 2647
16722 4 2 1 1 600 573 572 3771
16723 4 2 1 1 2442 3223 3551 3702
16724 4 2 1 1 2390 3471 3058 3889
16725 4 2 1 1 4507 3438 1297 1488
16726 4 2 1 1 2238 2142 2231 3415
16727 4 2 1 1 1471 201 200 4352
16728 4 2 1 1 2664 2991 2528 4183
16729 4 2 1 1 2838 2822 3705 3759
16730 4 2 1 1 1259 196 10 4608
16731 4 2 1 1 2447 3253 3652 3944
16732 4 2 1 1 619 3441 506 4293
16733 4 2 1 1 2263 2958 2735 4145
16734 4 2 1 1 2310 3576 3431 2793
16735 4 2 1 1 4507 1297 3438 4285
16736 4 2 1 1 1956 2011 2010 3418
16737 4 2 1 1 2582 3382 2871 4531
16738 4 2 1 1 1347 4182 1310 4525
16739 4 2 1 1 1630 1620 1724 3737
16740 4 2 1 1 2367 4152 4014 4223
16741 4 2 1 1 2519 3650 3277 3772
16742 4 2 1 1 925 988 3416 4091
16743 4 2 1 1 2361 3189 4126 4146
16744 4 2 1 1 2424 2909 3762 4106
16745 4 2 1 1 847 3203 884 890
16746 4 2 1 1 2312 4077 3211 4459
16747 4 2 1 1 3256 3657 2509 4343
16748 4 2 1 1 1365 1472 4082 1364
16749 4 2 1 1 2137 2245 2242 4477
16750 4 2 1 1 691 3243 3904 4329
16751 4 2 1 1 1220 1250 1010 3618
16752 4 2 1 1 1923 4015 1995 3877
16753 4 2 1 1 2361 4126 2882 4427
16754 4 2 1 1 1733 4592 264 1521
16755 4 2 1 1 4165 4042 2857 3356
16756 4 2 1 1 4165 2857 4042 4043
16757 4 2 1 1 3631 4282 4241 2963
16758 4 2 1 1 1633 2936 4010 3208
16759 4 2 1 1 3303 3908 2962 4460
16760 4 2 1 1 738 672 675 3219
16761 4 2 1 1 1050 2773 1116 2639
16762 4 2 1 1 2545 3384 3688 2888
16763 4 2 1 1 1720 1669 1523 3948
16764 4 2 1 1 2699 3879 3908 4543
16765 4 2 1 1 3668 495 17 736
16766 4 2 1 1 2147 2226 2191 3264
16767 4 2 1 1 4452 3578 2259 2671
16768 4 2 1 1 2389 3905 3363 3963
16769 4 2 1 1 1365 4082 1472 2609
16770 4 2 1 1 1354 3548 1352 1416
16771 4 2 1 1 2674 4242 2458 4482
16772 4 2 1 1 1662 1663 1715 3437
16773 4 2 1 1 2438 3046 3721 4362
16774 4 2 1 1 4241 4282 3631 2278
16775 4 2 1 1 2516 3865 3072 4159
16776 4 2 1 1 3620 4470 2920 4487
16777 4 2 1 1 2981 2271 3505 4083
16778 4 2 1 1 3778 168 167 1498
16779 4 2 1 1 2316 2922 2992 3459
16780 4 2 1 1 1564 1562 1601 3636
16781 4 2 1 1 3298 3453 2656 4553
16782 4 2 1 1 3866 3898 3208 4536
16783 4 2 1 1 2797 3659 3429 4483
16784 4 2 1 1 2889 2993 2313 3474
16785 4 2 1 1 3778 167 168 1021
16786 4 2 1 1 1177 3261 1167 1186
16787 4 2 1 1 1414 1340 1318 3374
16788 4 2 1 1 1871 1891 1890 3405
16789 4 2 1 1 219 1489 220 3948
16790 4 2 1 1 4641 715 518 3073
16791 4 2 1 1 2930 2472 3826 4051
16792 4 2 1 1 2844 3582 4324 4395
16793 4 2 1 1 1102 1100 1145 3545
16794 4 2 1 1 2607 3015 2695 3482
16795 4 2 1 1 1229 144 1140 3463
16796 4 2 1 1 2106 2084 2104 3678
16797 4 2 1 1 395 396 375 3931
16798 4 2 1 1 4480 3004 2330 3003
16799 4 2 1 1 2390 3071 3471 3889
16800 4 2 1 1 1103 1102 1117 3123
16801 4 2 1 1 4618 2048 2203 154
16802 4 2 1 1 1182 1111 1084 4337
16803 4 2 1 1 1549 1758 1766 4062
16804 4 2 1 1 855 3017 866 4192
16805 4 2 1 1 2433 3768 3450 4458
16806 4 2 1 1 3099 2938 2426 3557
16807 4 2 1 1 3103 3540 2567 3883
16808 4 2 1 1 3099 2938 2431 2426
16809 4 2 1 1 4480 2330 3004 4267
16810 4 2 1 1 2968 3833 2443 4396
16811 4 2 1 1 2893 2598 4055 4475
16812 4 2 1 1 1640 1618 1705 3249
16813 4 2 1 1 3544 3808 2908 4339
16814 4 2 1 1 512 726 690 3416
16815 4 2 1 1 2285 3174 3543 3932
16816 4 2 1 1 2267 3673 2938 2426
16817 4 2 1 1 2694 4171 3178 4522
16818 4 2 1 1 2407 2533 3082 4317
16819 4 2 1 1 3488 3489 2407 3798
16820 4 2 1 1 1750 3973 3191 4527
16821 4 2 1 1 784 882 783 4356
16822 4 2 1 1 2580 3313 3761 2342
16823 4 2 1 1 2261 3063 3278 3181
16824 4 2 1 1 1068 1089 1187 3495
16825 4 2 1 1 2396 3155 3519 2530
16826 4 2 1 1 545 547 546 4161
16827 4 2 1 1 2273 3580 3346 3581
16828 4 2 1 1 3303 2449 4292 4307
16829 4 2 1 1 2073 2077 2074 3322
16830 4 2 1 1 570 594 568 3815
16831 4 2 1 1 1836 1837 1839 3188
16832 4 2 1 1 3443 3848 2606 4365
16833 4 2 1 1 2312 4077 2629 2782
16834 4 2 1 1 1974 1871 1868 4169
16835 4 2 1 1 1721 1530 254 4279
16836 4 2 1 1 975 2697 903 911
16837 4 2 1 1 1405 1270 1462 3318
16838 4 2 1 1 831 937 858 3187
16839 4 2 1 1 1674 1774 1675 4545
16840 4 2 1 1 81 649 80 3871
16841 4 2 1 1 64 3720 698 3840
16842 4 2 1 1 1925 81 80 3871
16843 4 2 1 1 1402 1308 1312 4063
16844 4 2 1 1 1740 3846 1552 4503
16845 4 2 1 1 3063 3278 3181 2425
16846 4 2 1 1 3842 4255 2590 4456
16847 4 2 1 1 1926 1979 3294 4491
16848 4 2 1 1 3483 3762 2424 3947
16849 4 2 1 1 3327 4397 2402 4548
16850 4 2 1 1 2469 3123 3803 3913
16851 4 2 1 1 1284 1426 1468 4380
16852 4 2 1 1 2820 3029 2367 3586
16853 4 2 1 1 3188 3554 2461 4023
16854 4 2 1 1 1956 3418 2010 3000
16855 4 2 1 1 2491 3570 3112 4419
16856 4 2 1 1 2273 2862 2734 3967
16857 4 2 1 1 2778 2272 3703 3812
16858 4 2 1 1 2325 2934 3190 3626
16859 4 2 1 1 289 4611 445 30
16860 4 2 1 1 4331 4547 806 4108
16861 4 2 1 1 4331 806 4547 850
16862 4 2 1 1 2994 3268 2993 3713
16863 4 2 1 1 2469 3803 3123 4162
16864 4 2 1 1 2273 3580 3581 4480
16865 4 2 1 1 1902 4491 1926 4562
16866 4 2 1 1 2266 3725 3230 3726
16867 4 2 1 1 2503 2458 3102 3827
16868 4 2 1 1 3213 3884 3859 4541
16869 4 2 1 1 1668 1607 1626 4422
16870 4 2 1 1 3373 3827 2306 2695
16871 4 2 1 1 931 4424 3161 4567
16872 4 2 1 1 2557 3867 3117 2506
16873 4 2 1 1 3820 4018 2919 2835
16874 4 2 1 1 2818 2267 3120 3292
16875 4 2 1 1 2975 3868 2852 3950
16876 4 2 1 1 3526 3704 2892 4157
16877 4 2 1 1 2059 2076 2149 4517
16878 4 2 1 1 2819 3596 2814 4378
16879 4 2 1 1 3828 4488 2098 2704
16880 4 2 1 1 1670 1610 1609 3983
16881 4 2 1 1 18 444 457 3668
16882 4 2 1 1 342 340 343 4420
16883 4 2 1 1 460 16 278 4646
16884 4 2 1 1 1621 1701 1591 4541
16885 4 2 1 1 1776 1987 272 4612
16886 4 2 1 1 2275 2940 3370 3555
16887 4 2 1 1 1635 1714 1657 3560
16888 4 2 1 1 4489 3444 4065 3350
16889 4 2 1 1 2562 4246 3728 4308
16890 4 2 1 1 673 3195 671 4035
16891 4 2 1 1 2682 3684 3401 3875
16892 4 2 1 1 3177 4311 3461 3633
16893 4 2 1 1 324 3483 3807 4535
16894 4 2 1 1 4524 3936 2901 2923
16895 4 2 1 1 4524 3936 2923 2321
16896 4 2 1 1 729 730 611 3639
16897 4 2 1 1 2203 2052 2053 3308
16898 4 2 1 1 3632 2729 2744 4496
16899 4 2 1 1 1266 4613 229 1484
16900 4 2 1 1 2613 3338 3107 3934
16901 4 2 1 1 2426 3099 3557 3130
16902 4 2 1 1 2489 2915 2828 3056
16903 4 2 1 1 2605 3867 3117 4262
16904 4 2 1 1 2472 3915 3826 4051
16905 4 2 1 1 4488 2089 2098 2185
16906 4 2 1 1 1331 1330 1329 3620
16907 4 2 1 1 4041 4196 2791 4501
16908 4 2 1 1 1765 4648 1542 50
16909 4 2 1 1 1554 1551 1637 3427
16910 4 2 1 1 4313 3663 2605 4262
16911 4 2 1 1 440 36 4 4654
16912 4 2 1 1 2258 3558 2690 3659
16913 4 2 1 1 2393 3400 3642 4302
16914 4 2 1 1 1171 4553 1228 3453
16915 4 2 1 1 1543 4640 1735 266
16916 4 2 1 1 1738 3316 1700 4194
16917 4 2 1 1 2567 2717 2553 4028
16918 4 2 1 1 985 949 4211 983
16919 4 2 1 1 1543 1773 1735 3415
16920 4 2 1 1 659 711 503 4464
16921 4 2 1 1 2259 3058 3059 3471
16922 4 2 1 1 2069 4141 2908 4339
16923 4 2 1 1 1082 1095 1094 3506
16924 4 2 1 1 2437 3096 3925 4198
16925 4 2 1 1 4594 296 295 285
16926 4 2 1 1 2279 3167 2555 4014
16927 4 2 1 1 3086 4257 2324 3466
16928 4 2 1 1 4115 4450 4178 2356
16929 4 2 1 1 2968 2443 3833 4072
16930 4 2 1 1 655 654 709 3304
16931 4 2 1 1 4466 1624 3884 4305
16932 4 2 1 1 2890 4128 2470 4297
16933 4 2 1 1 1701 4466 1624 3884
16934 4 2 1 1 1694 1579 1581 3376
16935 4 2 1 1 4615 482 287 51
16936 4 2 1 1 499 71 72 3464
16937 4 2 1 1 2427 3630 3777 4073
16938 4 2 1 1 453 4631 452 4248
16939 4 2 1 1 2936 2563 4010 3208
16940 4 2 1 1 1649 1646 1645 3999
16941 4 2 1 1 2909 2671 3524 3928
16942 4 2 1 1 2943 3701 3618 3968
16943 4 2 1 1 2576 3909 3352 4325
16944 4 2 1 1 950 914 809 4343
16945 4 2 1 1 2266 3726 3230 4160
16946 4 2 1 1 3482 3827 2253 2907
16947 4 2 1 1 2504 3409 2738 4088
16948 4 2 1 1 2124 2177 3351 4488
16949 4 2 1 1 4046 1300 1301 1398
16950 4 2 1 1 2095 2098 2107 3349
16951 4 2 1 1 2254 2822 2881 2613
16952 4 2 1 1 904 975 973 3521
16953 4 2 1 1 3476 4088 4526 2364
16954 4 2 1 1 118 2219 2047 3996
16955 4 2 1 1 2498 3969 3434 4090
16956 4 2 1 1 669 735 668 3904
16957 4 2 1 1 4645 4602 14 290
16958 4 2 1 1 4524 3936 2321 3033
16959 4 2 1 1 3461 2521 3730 3177
16960 4 2 1 1 2889 3474 2313 3667
16961 4 2 1 1 3817 275 1801 1997
16962 4 2 1 1 2564 3642 3400 4302
16963 4 2 1 1 3466 3086 2891 2549
16964 4 2 1 1 1253 1153 1206 4007
16965 4 2 1 1 2084 2106 2190 3678
16966 4 2 1 1 2569 4068 3680 4254
16967 4 2 1 1 2113 2115 2114 4261
16968 4 2 1 1 2328 3740 3539 4550
16969 4 2 1 1 2767 3475 3231 4077
16970 4 2 1 1 1891 3405 1871 4557
16971 4 2 1 1 1843 1875 1874 3679
16972 4 2 1 1 2601 3899 2998 4074
16973 4 2 1 1 3059 3578 3110 3976
16974 4 2 1 1 963 3591 4461 4580
16975 4 2 1 1 1623 1628 4060 4305
16976 4 2 1 1 532 533 575 3339
16977 4 2 1 1 1157 1083 1156 4370
16978 4 2 1 1 777 4628 978 1003
16979 4 2 1 1 2489 4150 2828 4202
16980 4 2 1 1 3009 3630 2703 4503
16981 4 2 1 1 2094 2082 2081 3746
16982 4 2 1 1 2024 1985 1802 3470
16983 4 2 1 1 1560 1562 1561 3328
16984 4 2 1 1 3539 4358 2607 4550
16985 4 2 1 1 1111 1179 1081 4337
16986 4 2 1 1 2263 2750 3079 4065
16987 4 2 1 1 362 3749 361 4304
16988 4 2 1 1 2277 3728 3729 3897
16989 4 2 1 1 943 3143 944 4265
16990 4 2 1 1 2563 3866 3208 4536
16991 4 2 1 1 2501 3140 4059 4420
16992 4 2 1 1 1553 3427 1551 1554
16993 4 2 1 1 4604 4649 3618 471
16994 4 2 1 1 3078 2472 4064 4065
16995 4 2 1 1 1758 1628 1544 3144
16996 4 2 1 1 2256 2849 2850 2987
16997 4 2 1 1 3999 3705 2838 3055
16998 4 2 1 1 1891 3405 2853 4364
16999 4 2 1 1 2794 3301 2700 3956
17000 4 2 1 1 295 4599 4647 21
17001 4 2 1 1 2261 2648 4150 4434
17002 4 2 1 1 44 43 4653 288
17003 4 2 1 1 1741 3858 1531 4177
17004 4 2 1 1 2865 956 919 770
17005 4 2 1 1 1980 1985 1917 3672
17006 4 2 1 1 1930 1869 1903 4313
17007 4 2 1 1 746 116 520 3308
17008 4 2 1 1 2747 3959 347 431
17009 4 2 1 1 2307 3178 4171 4522
17010 4 2 1 1 4358 4550 3199 2574
17011 4 2 1 1 3370 3800 2940 4391
17012 4 2 1 1 2289 3044 2952 3232
17013 4 2 1 1 2275 3586 2624 3799
17014 4 2 1 1 1636 1644 1716 3834
17015 4 2 1 1 2850 2335 2499 4463
17016 4 2 1 1 1482 4650 4621 3710
17017 4 2 1 1 2386 3460 3315 4477
17018 4 2 1 1 2405 3802 3159 4425
17019 4 2 1 1 2570 3561 2772 4445
17020 4 2 1 1 2848 3622 3537 4138
17021 4 2 1 1 3129 2595 4181 4429
17022 4 2 1 1 1970 1871 1974 4557
17023 4 2 1 1 2637 2301 3266 3628
17024 4 2 1 1 4566 4551 2582 3499
17025 4 2 1 1 520 4610 746 3308
17026 4 2 1 1 1759 4010 3208 1633
17027 4 2 1 1 3102 3809 2503 3810
17028 4 2 1 1 2442 3897 4151 4152
17029 4 2 1 1 2271 2874 3049 3505
17030 4 2 1 1 82 509 81 3871
17031 4 2 1 1 1790 82 81 3871
17032 4 2 1 1 720 721 623 3691
17033 4 2 1 1 3456 3991 2294 4377
17034 4 2 1 1 4494 3218 2489 4099
17035 4 2 1 1 406 3 29 4578
17036 4 2 1 1 2281 3804 3569 4353
17037 4 2 1 1 615 751 665 2792
17038 4 2 1 1 766 92 991 3639
17039 4 2 1 1 399 398 319 4484
17040 4 2 1 1 3680 4068 2291 4254
17041 4 2 1 1 4624 1805 2000 2029
17042 4 2 1 1 228 227 4621 1482
17043 4 2 1 1 4494 2489 3218 2862
17044 4 2 1 1 4525 3342 4147 3007
17045 4 2 1 1 1323 3185 1321 4565
17046 4 2 1 1 3362 2514 2586 2297
17047 4 2 1 1 2356 4178 3499 4450
17048 4 2 1 1 2657 3506 4230 4443
17049 4 2 1 1 1777 4665 57 4607
17050 4 2 1 1 1859 1851 1853 3797
17051 4 2 1 1 1218 1035 1214 4338
17052 4 2 1 1 2493 2457 2953 2287
17053 4 2 1 1 319 302 392 4484
17054 4 2 1 1 285 4661 444 19
17055 4 2 1 1 78 77 3748 728
17056 4 2 1 1 534 536 3988 638
17057 4 2 1 1 3908 4035 2699 4186
17058 4 2 1 1 605 624 686 2815
17059 4 2 1 1 2874 3756 3296 4028
17060 4 2 1 1 3129 3837 2766 4429
17061 4 2 1 1 4602 706 517 15
17062 4 2 1 1 3067 3884 2542 4466
17063 4 2 1 1 2896 3715 2728 3923
17064 4 2 1 1 2539 3718 3158 3497
17065 4 2 1 1 4525 4147 3342 2549
17066 4 2 1 1 2482 3548 3935 4382
17067 4 2 1 1 3154 3237 2743 3792
17068 4 2 1 1 376 349 377 3959
17069 4 2 1 1 507 4386 3419 4532
17070 4 2 1 1 1329 3620 1330 4138
17071 4 2 1 1 1388 1373 1488 3438
17072 4 2 1 1 724 614 3259 4330
17073 4 2 1 1 3461 3633 2521 3177
17074 4 2 1 1 1135 1208 1045 3821
17075 4 2 1 1 2512 4314 4119 4473
17076 4 2 1 1 2741 4097 3143 4265
17077 4 2 1 1 2423 3393 3392 2626
17078 4 2 1 1 1612 3761 1615 3902
17079 4 2 1 1 2437 3388 4361 2590
17080 4 2 1 1 1557 1558 1555 2903
17081 4 2 1 1 116 1004 779 3308
17082 4 2 1 1 981 913 912 3204
17083 4 2 1 1 553 2670 3542 4148
17084 4 2 1 1 3195 671 4035 4419
17085 4 2 1 1 1326 1339 1433 3955
17086 4 2 1 1 2295 2961 3172 3848
17087 4 2 1 1 3211 2644 4025 3210
17088 4 2 1 1 1437 1344 1436 3197
17089 4 2 1 1 229 228 4632 1266
17090 4 2 1 1 2553 3603 4244 4566
17091 4 2 1 1 979 4662 22 4599
17092 4 2 1 1 424 340 4059 4420
17093 4 2 1 1 1258 1154 1219 3984
17094 4 2 1 1 3091 3712 2663 4157
17095 4 2 1 1 3330 3266 4094 2638
17096 4 2 1 1 2295 3848 3393 4245
17097 4 2 1 1 299 297 3669 4471
17098 4 2 1 1 857 936 830 4192
17099 4 2 1 1 4618 775 154 977
17100 4 2 1 1 3642 3791 2627 4519
17101 4 2 1 1 3315 3149 4264 4338
17102 4 2 1 1 841 843 842 3780
17103 4 2 1 1 2497 3455 3669 4485
17104 4 2 1 1 3973 2679 1278 3852
17105 4 2 1 1 2864 3711 4433 4496
17106 4 2 1 1 62 1977 63 4069
17107 4 2 1 1 1923 1995 4015 1922
17108 4 2 1 1 1812 1815 1813 4120
17109 4 2 1 1 4443 4146 2696 2303
17110 4 2 1 1 1180 1176 1179 3532
17111 4 2 1 1 2459 3517 3516 4256
17112 4 2 1 1 1573 1700 1738 3316
17113 4 2 1 1 629 3354 4299 3280
17114 4 2 1 1 4619 293 38 3980
17115 4 2 1 1 2270 3372 3116 4442
17116 4 2 1 1 1748 1710 1535 4516
17117 4 2 1 1 3331 3505 3049 2604
17118 4 2 1 1 3893 3895 2652 2429
17119 4 2 1 1 2496 3147 4472 4559
17120 4 2 1 1 2301 3221 3628 4426
17121 4 2 1 1 2251 2648 2367 3586
17122 4 2 1 1 4615 482 51 4648
17123 4 2 1 1 3938 1283 1496 1493
17124 4 2 1 1 2117 4033 3159 4425
17125 4 2 1 1 1733 2746 1674 3601
17126 4 2 1 1 1701 1624 4466 1704
17127 4 2 1 1 2271 3101 3184 3860
17128 4 2 1 1 2449 3303 4246 4307
17129 4 2 1 1 1660 2813 4116 1563
17130 4 2 1 1 1627 1618 1639 3994
17131 4 2 1 1 916 4379 851 4547
17132 4 2 1 1 4550 4556 3018 4112
17133 4 2 1 1 3049 3505 3331 2271
17134 4 2 1 1 2897 4369 3659 4483
17135 4 2 1 1 606 625 636 3479
17136 4 2 1 1 1040 1038 1215 3750
17137 4 2 1 1 3206 3600 2487 4554
17138 4 2 1 1 4483 4369 2546 4029
17139 4 2 1 1 2057 2058 2059 3718
17140 4 2 1 1 4348 2408 2519 2903
17141 4 2 1 1 2517 2259 4223 4388
17142 4 2 1 1 675 674 677 3879
17143 4 2 1 1 3190 4213 2969 4301
17144 4 2 1 1 279 4671 3701 4604
17145 4 2 1 1 1913 1810 1813 4120
17146 4 2 1 1 112 113 4580 701
17147 4 2 1 1 1196 1197 1195 4003
17148 4 2 1 1 3129 3961 2288 4181
17149 4 2 1 1 2113 2114 2599 4261
17150 4 2 1 1 330 332 428 3228
17151 4 2 1 1 411 413 400 3552
17152 4 2 1 1 4494 2730 2822 3200
17153 4 2 1 1 3067 2542 2932 4466
17154 4 2 1 1 308 309 307 3493
17155 4 2 1 1 2725 3407 3942 4185
17156 4 2 1 1 1969 1786 2001 3155
17157 4 2 1 1 2588 4131 2957 2392
17158 4 2 1 1 1752 1535 1710 4516
17159 4 2 1 1 3101 2376 3704 4030
17160 4 2 1 1 2528 3218 3097 3581
17161 4 2 1 1 1742 256 255 4587
17162 4 2 1 1 1470 1270 1483 4227
17163 4 2 1 1 2969 3190 2934 3626
17164 4 2 1 1 2606 4129 3443 4365
17165 4 2 1 1 724 4645 517 717
17166 4 2 1 1 1691 3770 1692 4375
17167 4 2 1 1 1151 142 1012 4504
17168 4 2 1 1 2338 4170 2849 4302
17169 4 2 1 1 2877 3681 2993 3825
17170 4 2 1 1 363 362 361 4304
17171 4 2 1 1 4425 2102 2117 4033
17172 4 2 1 1 2570 4038 3207 4497
17173 4 2 1 1 347 348 2747 431
17174 4 2 1 1 2256 2502 2949 3056
17175 4 2 1 1 867 853 868 3135
17176 4 2 1 1 4494 2822 2730 3758
17177 4 2 1 1 1668 4269 1609 4444
17178 4 2 1 1 2622 2418 2989 4555
17179 4 2 1 1 2663 2388 2922 2254
17180 4 2 1 1 941 922 829 3503
17181 4 2 1 1 2075 2080 2079 3808
17182 4 2 1 1 903 902 826 3709
17183 4 2 1 1 3787 4521 2031 1960
17184 4 2 1 1 4037 4205 2971 4318
17185 4 2 1 1 4122 2788 3489 4053
17186 4 2 1 1 2293 2485 2685 2757
17187 4 2 1 1 3684 3875 2708 4549
17188 4 2 1 1 3122 4004 2522 4341
17189 4 2 1 1 2818 3291 2750 3292
17190 4 2 1 1 2490 3322 3746 4197
17191 4 2 1 1 379 371 373 3522
17192 4 2 1 1 3755 3895 2652 2486
17193 4 2 1 1 951 3691 768 4346
17194 4 2 1 1 1159 1045 3821 4050
17195 4 2 1 1 2980 3965 3148 4515
17196 4 2 1 1 1205 1201 1085 3907
17197 4 2 1 1 946 838 898 3686
17198 4 2 1 1 3897 3728 4308 2562
17199 4 2 1 1 2243 3601 2049 4201
17200 4 2 1 1 3130 3936 2561 4120
17201 4 2 1 1 1651 1588 1567 4476
17202 4 2 1 1 1869 1930 1867 3413
17203 4 2 1 1 798 3273 838 4549
17204 4 2 1 1 2553 4244 2757 4566
17205 4 2 1 1 1023 4586 165 3582
17206 4 2 1 1 470 426 425 4474
17207 4 2 1 1 279 390 469 3701
17208 4 2 1 1 879 875 861 4238
17209 4 2 1 1 2274 3403 3360 3572
17210 4 2 1 1 187 4338 186 1214
17211 4 2 1 1 186 4338 187 1464
17212 4 2 1 1 214 1716 213 4227
17213 4 2 1 1 441 4187 4656 4479
17214 4 2 1 1 2320 3065 2976 2613
17215 4 2 1 1 4595 4660 3986 281
17216 4 2 1 1 4418 4416 2323 3121
17217 4 2 1 1 2277 3283 3728 3956
17218 4 2 1 1 822 821 820 3666
17219 4 2 1 1 3409 4088 3813 2738
17220 4 2 1 1 804 4108 2955 4331
17221 4 2 1 1 3570 4247 2585 4284
17222 4 2 1 1 4368 2844 4281 3312
17223 4 2 1 1 4368 4281 2844 2692
17224 4 2 1 1 2488 4124 3329 4239
17225 4 2 1 1 2497 3669 2290 4485
17226 4 2 1 1 4244 2499 2262 3603
17227 4 2 1 1 426 290 461 3259
17228 4 2 1 1 4244 2262 2499 3382
17229 4 2 1 1 2388 2252 3004 3218
17230 4 2 1 1 4452 2517 2259 2647
17231 4 2 1 1 309 310 312 4428
17232 4 2 1 1 3198 4047 1106 4050
17233 4 2 1 1 2549 4182 3342 4525
17234 4 2 1 1 3029 3585 2860 3586
17235 4 2 1 1 3017 3942 2510 4192
17236 4 2 1 1 1952 3412 1845 4260
17237 4 2 1 1 2331 2780 4434 2902
17238 4 2 1 1 1221 1257 1120 3782
17239 4 2 1 1 2599 4196 4041 4501
17240 4 2 1 1 2531 4251 3118 4376
17241 4 2 1 1 2510 3017 3717 4185
17242 4 2 1 1 1824 1826 1879 3721
17243 4 2 1 1 2135 2214 2215 3311
17244 4 2 1 1 2506 3032 2557 4136
17245 4 2 1 1 1023 4319 1122 1245
17246 4 2 1 1 2413 3800 3370 4391
17247 4 2 1 1 2784 2896 2474 3923
17248 4 2 1 1 1875 3679 1843 2863
17249 4 2 1 1 4166 4474 4210 3196
17250 4 2 1 1 1023 1122 4319 3582
17251 4 2 1 1 2498 3392 3393 2626
17252 4 2 1 1 1044 1041 1134 4390
17253 4 2 1 1 4046 1300 1398 2990
17254 4 2 1 1 2137 2124 2138 3351
17255 4 2 1 1 420 367 381 3990
17256 4 2 1 1 4122 3489 2788 2525
17257 4 2 1 1 401 314 3559 3035
17258 4 2 1 1 666 677 3299 3879
17259 4 2 1 1 2908 2551 4141 4342
17260 4 2 1 1 547 548 546 3326
17261 4 2 1 1 3063 4258 3278 2425
17262 4 2 1 1 1311 1346 1403 4322
17263 4 2 1 1 1683 1712 1737 3171
17264 4 2 1 1 1336 1365 1366 3645
17265 4 2 1 1 3363 3905 2539 3963
17266 4 2 1 1 410 354 356 3383
17267 4 2 1 1 2333 2700 3045 4544
17268 4 2 1 1 1902 3378 1927 4491
17269 4 2 1 1 2408 3491 4315 4490
17270 4 2 1 1 2363 4124 3203 4239
17271 4 2 1 1 3878 1122 4319 1245
17272 4 2 1 1 882 4317 3082 4356
17273 4 2 1 1 1045 4047 3821 4050
17274 4 2 1 1 2910 4422 3042 4507
17275 4 2 1 1 796 794 795 3676
17276 4 2 1 1 2337 3118 3486 4294
17277 4 2 1 1 2261 3278 3063 4258
17278 4 2 1 1 2398 3680 3916 4309
17279 4 2 1 1 2603 2974 3237 3950
17280 4 2 1 1 697 62 63 4069
17281 4 2 1 1 2477 3345 4176 4318
17282 4 2 1 1 2472 3444 4064 4065
17283 4 2 1 1 1655 1561 1597 4116
17284 4 2 1 1 2284 3260 2896 3754
17285 4 2 1 1 3105 4158 353 4455
17286 4 2 1 1 1717 1547 1747 4153
17287 4 2 1 1 2251 2648 3586 4244
17288 4 2 1 1 2456 3156 4280 4367
17289 4 2 1 1 1436 1454 1486 3197
17290 4 2 1 1 708 108 107 3214
17291 4 2 1 1 625 606 587 3479
17292 4 2 1 1 3299 3496 2383 4543
17293 4 2 1 1 2797 2897 2258 3659
17294 4 2 1 1 2540 4026 3579 4153
17295 4 2 1 1 2447 2904 3940 4104
17296 4 2 1 1 2129 2191 3264 4226
17297 4 2 1 1 2620 2687 2280 4560
17298 4 2 1 1 1802 3470 1985 4168
17299 4 2 1 1 3318 3683 2536 4412
17300 4 2 1 1 2311 2929 4100 4351
17301 4 2 1 1 1598 4172 1580 4405
17302 4 2 1 1 114 695 115 3752
17303 4 2 1 1 3878 4319 1122 3582
17304 4 2 1 1 1298 1299 1300 4127
17305 4 2 1 1 2689 3757 3399 4532
17306 4 2 1 1 2488 3203 4124 4239
17307 4 2 1 1 2272 3174 2778 3703
17308 4 2 1 1 2457 2287 2664 3825
17309 4 2 1 1 2204 2049 2243 3601
17310 4 2 1 1 2263 3202 3444 4335
17311 4 2 1 1 2179 2181 2097 3802
17312 4 2 1 1 4612 4620 3423 1987
17313 4 2 1 1 2175 2174 2139 4081
17314 4 2 1 1 967 994 867 4248
17315 4 2 1 1 2657 3878 3132 3954
17316 4 2 1 1 559 3767 561 3112
17317 4 2 1 1 1535 258 257 4516
17318 4 2 1 1 1358 1419 1420 3861
17319 4 2 1 1 2285 3174 2805 4452
17320 4 2 1 1 3419 3979 765 4532
17321 4 2 1 1 1999 1806 2019 3385
17322 4 2 1 1 2275 2624 3586 4244
17323 4 2 1 1 3519 246 3238 1525
17324 4 2 1 1 2288 3129 4181 4429
17325 4 2 1 1 2301 2693 2638 3266
17326 4 2 1 1 2295 3443 3848 4245
17327 4 2 1 1 2272 2778 3174 2647
17328 4 2 1 1 2398 4130 3093 2688
17329 4 2 1 1 3456 4115 3119 4377
17330 4 2 1 1 3326 2523 4100 4161
17331 4 2 1 1 2300 4357 3869 4483
17332 4 2 1 1 682 561 559 3767
17333 4 2 1 1 1303 1304 1309 4110
17334 4 2 1 1 2121 2103 2192 4344
17335 4 2 1 1 2261 3063 3062 3690
17336 4 2 1 1 118 4659 3996 718
17337 4 2 1 1 909 958 772 3577
17338 4 2 1 1 801 901 799 3684
17339 4 2 1 1 1029 1170 137 4056
17340 4 2 1 1 3793 3901 2665 2544
17341 4 2 1 1 2271 2874 2567 3049
17342 4 2 1 1 4620 272 271 1987
17343 4 2 1 1 1421 1513 1422 4119
17344 4 2 1 1 1023 1245 1244 4319
17345 4 2 1 1 3590 3963 2978 4316
17346 4 2 1 1 2794 2537 3564 3956
17347 4 2 1 1 666 3720 500 3879
17348 4 2 1 1 4594 296 285 3455
17349 4 2 1 1 2254 2663 3331 3953
17350 4 2 1 1 2437 3389 3648 3925
17351 4 2 1 1 2371 3447 3186 3064
17352 4 2 1 1 1584 1582 1680 3992
17353 4 2 1 1 2953 3044 2952 4512
17354 4 2 1 1 1258 1221 1120 3984
17355 4 2 1 1 1485 1443 1448 3744
17356 4 2 1 1 392 353 4158 4455
17357 4 2 1 1 2131 4021 2218 4249
17358 4 2 1 1 980 981 768 4191
17359 4 2 1 1 2632 2489 3218 4099
17360 4 2 1 1 3897 4308 3729 2442
17361 4 2 1 1 3480 3790 2421 4238
17362 4 2 1 1 458 3668 378 4471
17363 4 2 1 1 2531 3511 2085 3343
17364 4 2 1 1 3626 3974 3190 4520
17365 4 2 1 1 2713 3106 3990 4368
17366 4 2 1 1 2405 3372 3373 4442
17367 4 2 1 1 2309 3224 2878 4043
17368 4 2 1 1 2319 3809 3051 4197
17369 4 2 1 1 2367 3029 2820 3030
17370 4 2 1 1 2267 3004 2528 3643
17371 4 2 1 1 2578 3524 3976 4451
17372 4 2 1 1 1856 1973 3498 1972
17373 4 2 1 1 1847 3649 1848 4340
17374 4 2 1 1 2097 2096 2099 4226
17375 4 2 1 1 3862 4033 3402 4266
17376 4 2 1 1 1302 1305 1304 4110
17377 4 2 1 1 364 2942 4006 359
17378 4 2 1 1 2260 3409 3813 4298
17379 4 2 1 1 2399 3524 3928 4536
17380 4 2 1 1 1898 1899 1800 3707
17381 4 2 1 1 2273 3442 3346 3580
17382 4 2 1 1 2744 3632 4148 4449
17383 4 2 1 1 916 3414 850 909
17384 4 2 1 1 552 2670 553 4148
17385 4 2 1 1 977 779 1004 3308
17386 4 2 1 1 2740 4029 3559 3035
17387 4 2 1 1 3216 3878 2534 4319
17388 4 2 1 1 3519 246 1525 1725
17389 4 2 1 1 2432 3572 3517 4256
17390 4 2 1 1 2837 2971 2388 4267
17391 4 2 1 1 1381 4001 1380 3151
17392 4 2 1 1 1264 1177 1178 4570
17393 4 2 1 1 2353 3792 3154 4189
17394 4 2 1 1 2789 3386 2511 4402
17395 4 2 1 1 489 288 436 3617
17396 4 2 1 1 3573 2994 3377 4276
17397 4 2 1 1 2605 3874 3663 4275
17398 4 2 1 1 2555 3167 2779 4223
17399 4 2 1 1 1704 1634 1522 4466
17400 4 2 1 1 2324 3485 3018 4257
17401 4 2 1 1 3735 3911 2502 4394
17402 4 2 1 1 2278 2837 3847 4282
17403 4 2 1 1 2462 4427 4000 2868
17404 4 2 1 1 2952 3232 3044 4240
17405 4 2 1 1 2511 3114 4413 4414
17406 4 2 1 1 2878 4043 3224 4394
17407 4 2 1 1 2545 3688 3687 2888
17408 4 2 1 1 2961 2295 4250 4365
17409 4 2 1 1 1468 1268 184 3340
17410 4 2 1 1 3416 95 726 4563
17411 4 2 1 1 4000 4427 2462 2882
17412 4 2 1 1 1652 1651 1596 3440
17413 4 2 1 1 4057 248 249 1715
17414 4 2 1 1 2001 3155 1786 3238
17415 4 2 1 1 2658 3741 3175 4326
17416 4 2 1 1 935 814 837 4424
17417 4 2 1 1 3287 3800 2299 4310
17418 4 2 1 1 4057 249 248 1785
17419 4 2 1 1 4469 4089 932 3919
17420 4 2 1 1 704 494 4591 4393
17421 4 2 1 1 2647 3607 2251 4223
17422 4 2 1 1 2389 3963 3590 4374
17423 4 2 1 1 3751 3863 2492 4228
17424 4 2 1 1 1001 3124 4131 4438
17425 4 2 1 1 3576 3971 2877 2793
17426 4 2 1 1 1580 4172 3072 4405
17427 4 2 1 1 2412 4023 3098 2323
17428 4 2 1 1 2563 3928 3179 4536
17429 4 2 1 1 221 220 1492 3948
17430 4 2 1 1 2928 4085 2565 4241
17431 4 2 1 1 1044 4067 1041 4390
17432 4 2 1 1 2892 2316 3526 4157
17433 4 2 1 1 2268 3798 3330 4094
17434 4 2 1 1 235 1717 1541 3579
17435 4 2 1 1 1345 1317 1315 4080
17436 4 2 1 1 791 793 859 3468
17437 4 2 1 1 3318 3834 2716 4227
17438 4 2 1 1 2261 4149 4150 2644
17439 4 2 1 1 2256 3056 2729 3258
17440 4 2 1 1 4469 932 4089 1007
17441 4 2 1 1 71 1781 72 3464
17442 4 2 1 1 1196 1201 1205 3907
17443 4 2 1 1 2615 4324 4214 4395
17444 4 2 1 1 3392 3593 2558 4090
17445 4 2 1 1 1683 1737 1684 3766
17446 4 2 1 1 504 722 721 3324
17447 4 2 1 1 2131 2115 2132 4021
17448 4 2 1 1 4069 4479 4330 724
17449 4 2 1 1 4264 1259 4608 3315
17450 4 2 1 1 2789 2624 2690 4289
17451 4 2 1 1 2900 861 900 3675
17452 4 2 1 1 2263 3292 4065 4490
17453 4 2 1 1 1544 1628 1631 4305
17454 4 2 1 1 2883 2577 2347 4446
17455 4 2 1 1 3325 4008 2321 4524
17456 4 2 1 1 3006 2979 4493 4539
17457 4 2 1 1 4528 1494 3396 1376
17458 4 2 1 1 1443 1485 1274 3093
17459 4 2 1 1 2664 2528 4036 4183
17460 4 2 1 1 3401 3875 2416 4143
17461 4 2 1 1 1359 1360 1428 4389
17462 4 2 1 1 2220 2221 2041 3817
17463 4 2 1 1 2395 3573 3377 4276
17464 4 2 1 1 2275 2648 3586 2902
17465 4 2 1 1 2888 4036 3097 4183
17466 4 2 1 1 3091 2316 4157 2922
17467 4 2 1 1 1621 1634 1704 4466
17468 4 2 1 1 4483 3248 4357 2797
17469 4 2 1 1 2361 3216 4126 4427
17470 4 2 1 1 2162 4624 2199 2161
17471 4 2 1 1 633 750 632 3699
17472 4 2 1 1 900 2900 966 999
17473 4 2 1 1 2852 4099 3868 4150
17474 4 2 1 1 3260 3963 2539 2486
17475 4 2 1 1 692 70 71 4584
17476 4 2 1 1 1597 1563 1660 4116
17477 4 2 1 1 1600 1664 1665 3989
17478 4 2 1 1 369 322 415 3462
17479 4 2 1 1 2253 2735 3420 4076
17480 4 2 1 1 2938 2267 3277 3673
17481 4 2 1 1 4599 296 446 295
17482 4 2 1 1 2324 3424 2735 3485
17483 4 2 1 1 712 714 660 4273
17484 4 2 1 1 2442 3223 3248 3551
17485 4 2 1 1 1538 3973 1750 4527
17486 4 2 1 1 4646 495 706 16
17487 4 2 1 1 1058 1155 1083 4370
17488 4 2 1 1 289 4611 30 4649
17489 4 2 1 1 907 804 802 4331
17490 4 2 1 1 1997 2028 1803 3817
17491 4 2 1 1 413 410 400 3552
17492 4 2 1 1 2124 3351 2137 4477
17493 4 2 1 1 3373 3827 2695 3482
17494 4 2 1 1 2969 3974 3626 4118
17495 4 2 1 1 1481 4487 1430 1441
17496 4 2 1 1 3036 4407 2436 2887
17497 4 2 1 1 1571 1569 1570 3367
17498 4 2 1 1 3230 4160 3726 4383
17499 4 2 1 1 1836 1835 1837 4173
17500 4 2 1 1 2479 3765 3623 3951
17501 4 2 1 1 3036 2436 4407 3699
17502 4 2 1 1 360 398 361 4142
17503 4 2 1 1 1987 4620 1802 271
17504 4 2 1 1 2334 2622 2989 4555
17505 4 2 1 1 2076 3862 2156 4517
17506 4 2 1 1 1845 1846 1847 3649
17507 4 2 1 1 2618 3832 3587 4478
17508 4 2 1 1 2678 4069 3651 4481
17509 4 2 1 1 2491 3195 4035 4419
17510 4 2 1 1 4036 3004 2252 3218
17511 4 2 1 1 2040 3315 2242 4264
17512 4 2 1 1 1785 1992 1993 4221
17513 4 2 1 1 1798 63 1977 4069
17514 4 2 1 1 1607 1668 1609 4444
17515 4 2 1 1 2620 2819 2814 4298
17516 4 2 1 1 2262 3388 3389 4219
17517 4 2 1 1 2228 2226 2036 3984
17518 4 2 1 1 349 3341 327 4098
17519 4 2 1 1 1538 1699 1744 4564
17520 4 2 1 1 2316 2992 2922 3091
17521 4 2 1 1 2476 3016 2632 3224
17522 4 2 1 1 4425 2117 2102 2100
17523 4 2 1 1 1100 1144 1145 3545
17524 4 2 1 1 3346 3442 2515 4548
17525 4 2 1 1 2139 2121 2241 4344
17526 4 2 1 1 2541 4108 2997 4547
17527 4 2 1 1 2281 3969 3434 3970
17528 4 2 1 1 1823 1919 1920 3751
17529 4 2 1 1 4509 4166 2286 2668
17530 4 2 1 1 472 454 407 3786
17531 4 2 1 1 4572 4047 2468 3821
17532 4 2 1 1 2732 4012 3171 4457
17533 4 2 1 1 1026 1234 173 3435
17534 4 2 1 1 2476 2759 3361 3430
17535 4 2 1 1 2789 3558 2511 2690
17536 4 2 1 1 244 243 1527 3937
17537 4 2 1 1 3456 4115 2685 4450
17538 4 2 1 1 1974 1866 1918 3406
17539 4 2 1 1 2363 3329 4124 4239
17540 4 2 1 1 2554 3870 4327 4541
17541 4 2 1 1 2276 3633 4311 4402
17542 4 2 1 1 3097 3218 2528 4036
17543 4 2 1 1 3284 4117 3516 4463
17544 4 2 1 1 508 730 92 3639
17545 4 2 1 1 4601 1544 1766 46
17546 4 2 1 1 3499 3836 2582 4178
17547 4 2 1 1 2529 3610 3609 4300
17548 4 2 1 1 510 630 629 3280
17549 4 2 1 1 2671 2349 2909 3578
17550 4 2 1 1 2851 1451 1452 3951
17551 4 2 1 1 3434 3969 2558 4090
17552 4 2 1 1 2472 2982 3915 4051
17553 4 2 1 1 3155 4278 3519 2530
17554 4 2 1 1 385 373 481 3986
17555 4 2 1 1 4483 4357 3248 2300
17556 4 2 1 1 2511 3386 2789 2690
17557 4 2 1 1 2156 2076 2155 3862
17558 4 2 1 1 1871 1890 1870 3405
17559 4 2 1 1 2909 3109 2282 3976
17560 4 2 1 1 2500 4367 3156 4426
17561 4 2 1 1 1752 1710 1756 3290
17562 4 2 1 1 2950 3899 2689 4386
17563 4 2 1 1 3050 4054 3445 3901
17564 4 2 1 1 2544 3445 4054 3901
17565 4 2 1 1 1471 1431 3208 3866
17566 4 2 1 1 2513 3242 3789 4323
17567 4 2 1 1 2465 3325 3033 4524
17568 4 2 1 1 2669 2436 4407 2887
17569 4 2 1 1 647 646 3212 4220
17570 4 2 1 1 1362 1356 1359 3779
17571 4 2 1 1 2307 3522 4333 2755
17572 4 2 1 1 1482 4650 3710 1290
17573 4 2 1 1 914 807 809 4343
17574 4 2 1 1 2460 2499 3390 4463
17575 4 2 1 1 2865 4253 3170 4561
17576 4 2 1 1 2682 4086 3709 4529
17577 4 2 1 1 648 644 646 3634
17578 4 2 1 1 2352 2335 3381 3382
17579 4 2 1 1 2669 4407 2436 3699
17580 4 2 1 1 214 213 1270 4227
17581 4 2 1 1 3542 4148 2670 4449
17582 4 2 1 1 2010 2011 1782 3418
17583 4 2 1 1 1341 1394 1402 4063
17584 4 2 1 1 744 630 632 3036
17585 4 2 1 1 453 25 4616 282
17586 4 2 1 1 383 283 465 3588
17587 4 2 1 1 3610 3922 3116 2270
17588 4 2 1 1 944 4469 932 3919
17589 4 2 1 1 1762 1677 1548 3012
17590 4 2 1 1 517 724 614 3259
17591 4 2 1 1 1266 4613 1484 2985
17592 4 2 1 1 2459 3648 3389 3925
17593 4 2 1 1 2539 3963 3905 2486
17594 4 2 1 1 3610 3922 2270 3609
17595 4 2 1 1 1586 1585 1584 4327
17596 4 2 1 1 2718 2544 3793 4499
17597 4 2 1 1 392 4455 4158 4484
17598 4 2 1 1 2750 3079 2364 3420
17599 4 2 1 1 1927 1902 1865 3378
17600 4 2 1 1 2005 2006 1787 3502
17601 4 2 1 1 2358 3891 3063 4559
17602 4 2 1 1 1866 2901 1918 3406
17603 4 2 1 1 1021 1242 3778 4571
17604 4 2 1 1 2590 3731 3388 4361
17605 4 2 1 1 1369 3217 4001 4508
17606 4 2 1 1 3247 3832 2560 4406
17607 4 2 1 1 2312 4025 3818 4459
17608 4 2 1 1 2621 4071 3873 2487
17609 4 2 1 1 724 4645 717 4479
17610 4 2 1 1 442 4667 294 3385
17611 4 2 1 1 2875 3509 3015 4442
17612 4 2 1 1 2199 2051 270 4168
17613 4 2 1 1 597 541 654 3901
17614 4 2 1 1 2578 3110 3109 3186
17615 4 2 1 1 2216 4664 230 4613
17616 4 2 1 1 3258 4100 2523 4499
17617 4 2 1 1 2818 3292 2750 4526
17618 4 2 1 1 2517 2292 3084 3167
17619 4 2 1 1 1435 3938 3955 2977
17620 4 2 1 1 804 806 4108 4331
17621 4 2 1 1 1159 1104 1119 3747
17622 4 2 1 1 2316 3242 2981 4157
17623 4 2 1 1 389 3275 466 4347
17624 4 2 1 1 2261 3062 3366 3690
17625 4 2 1 1 3474 3297 2313 3667
17626 4 2 1 1 2791 4208 4041 4501
17627 4 2 1 1 170 1491 1493 3365
17628 4 2 1 1 2604 3065 3641 4058
17629 4 2 1 1 1670 3983 3025 4546
17630 4 2 1 1 3388 2262 3540 4566
17631 4 2 1 1 2243 2249 2143 4201
17632 4 2 1 1 595 614 3647 598
17633 4 2 1 1 2510 3942 3017 4185
17634 4 2 1 1 2332 2849 2850 4092
17635 4 2 1 1 2673 4164 3508 4513
17636 4 2 1 1 3447 4224 2970 2371
17637 4 2 1 1 1643 1645 1644 3999
17638 4 2 1 1 506 4293 3441 4563
17639 4 2 1 1 1503 1294 1509 4281
17640 4 2 1 1 2851 3220 3951 2385
17641 4 2 1 1 447 483 486 3477
17642 4 2 1 1 2502 3056 2256 3258
17643 4 2 1 1 2313 2994 2967 3474
17644 4 2 1 1 579 674 672 4035
17645 4 2 1 1 1194 1196 3907 1201
17646 4 2 1 1 1180 1211 1015 2879
17647 4 2 1 1 919 868 853 3872
17648 4 2 1 1 289 472 445 3375
17649 4 2 1 1 3898 1273 1481 1431
17650 4 2 1 1 1332 1334 1337 4470
17651 4 2 1 1 541 538 654 3901
17652 4 2 1 1 2837 3758 2838 3847
17653 4 2 1 1 1848 1847 1846 3649
17654 4 2 1 1 1142 1087 1047 4179
17655 4 2 1 1 2242 3149 2206 4264
17656 4 2 1 1 2293 4539 2485 3607
17657 4 2 1 1 2272 3314 3336 3703
17658 4 2 1 1 2905 4100 3258 4499
17659 4 2 1 1 3392 2558 3969 4090
17660 4 2 1 1 2743 3084 2292 3167
17661 4 2 1 1 4616 4663 3037 282
17662 4 2 1 1 2779 3641 3338 3950
17663 4 2 1 1 1001 900 862 4131
17664 4 2 1 1 2271 3331 2981 3505
17665 4 2 1 1 951 982 768 3691
17666 4 2 1 1 2539 3158 3895 3497
17667 4 2 1 1 2330 2971 4267 4480
17668 4 2 1 1 805 806 807 4108
17669 4 2 1 1 2783 3828 3349 3961
17670 4 2 1 1 2663 3712 2904 3011
17671 4 2 1 1 1798 4069 1977 4481
17672 4 2 1 1 3325 2538 4008 4524
17673 4 2 1 1 2415 3760 3432 3808
17674 4 2 1 1 2827 3279 2960 4149
17675 4 2 1 1 777 879 978 4453
17676 4 2 1 1 1472 3898 1431 3866
17677 4 2 1 1 611 730 508 3639
17678 4 2 1 1 4625 2050 2206 226
17679 4 2 1 1 1662 1715 1719 4057
17680 4 2 1 1 2209 2146 2223 4453
17681 4 2 1 1 1829 1831 1830 4385
17682 4 2 1 1 280 473 475 3665
17683 4 2 1 1 4344 2192 2193 3985
17684 4 2 1 1 781 765 3979 4532
17685 4 2 1 1 2540 4153 3579 4252
17686 4 2 1 1 2988 4017 2727 4274
17687 4 2 1 1 2070 2067 2069 4339
17688 4 2 1 1 2287 3467 3033 4514
17689 4 2 1 1 1796 1900 2014 3579
17690 4 2 1 1 2316 3242 2922 3459
17691 4 2 1 1 2619 3306 3763 4180
17692 4 2 1 1 2271 3184 3101 4030
17693 4 2 1 1 1767 4660 48 4606
17694 4 2 1 1 2476 2934 2575 3330
17695 4 2 1 1 2381 3688 3384 2265
17696 4 2 1 1 3434 3804 2281 4353
17697 4 2 1 1 1102 1101 1100 2705
17698 4 2 1 1 1594 1602 1595 3563
17699 4 2 1 1 473 4633 58 463
17700 4 2 1 1 3017 3942 3407 4185
17701 4 2 1 1 1994 1785 1942 4057
17702 4 2 1 1 4248 389 452 453
17703 4 2 1 1 2637 3798 3573 4094
17704 4 2 1 1 594 677 568 3299
17705 4 2 1 1 1029 1172 1171 3736
17706 4 2 1 1 2734 3150 2381 2495
17707 4 2 1 1 1338 1334 1432 3829
17708 4 2 1 1 2440 3181 3278 2425
17709 4 2 1 1 3211 4077 2767 4459
17710 4 2 1 1 2830 2385 3773 4188
17711 4 2 1 1 657 588 606 3362
17712 4 2 1 1 485 4609 440 449
17713 4 2 1 1 1623 1624 1628 4305
17714 4 2 1 1 403 402 398 4142
17715 4 2 1 1 189 4589 9 2163
17716 4 2 1 1 270 269 4624 2000
17717 4 2 1 1 2271 2591 3049 3540
17718 4 2 1 1 619 727 506 3441
17719 4 2 1 1 415 369 3462 4535
17720 4 2 1 1 4629 467 35 4635
17721 4 2 1 1 2976 4510 2613 4511
17722 4 2 1 1 2407 3798 3489 3960
17723 4 2 1 1 1265 4328 3170 4561
17724 4 2 1 1 2136 2176 2236 3358
17725 4 2 1 1 3189 2989 4146 4539
17726 4 2 1 1 1781 1904 1905 3464
17727 4 2 1 1 2663 3953 2922 4157
17728 4 2 1 1 2067 4141 2069 4339
17729 4 2 1 1 3246 2421 3790 4238
17730 4 2 1 1 2933 2934 2325 3562
17731 4 2 1 1 1531 1749 1654 4505
17732 4 2 1 1 2398 3703 4040 4130
17733 4 2 1 1 2273 3345 3344 3967
17734 4 2 1 1 4629 467 283 35
17735 4 2 1 1 4301 3727 2927 2934
17736 4 2 1 1 1128 1039 1042 4135
17737 4 2 1 1 4248 452 389 3275
17738 4 2 1 1 2100 2179 2097 4425
17739 4 2 1 1 2348 3178 3661 4252
17740 4 2 1 1 878 891 971 3335
17741 4 2 1 1 1446 1435 1339 3955
17742 4 2 1 1 1651 3440 1652 4476
17743 4 2 1 1 2542 3144 2996 3477
17744 4 2 1 1 2563 4352 4010 3208
17745 4 2 1 1 3594 3948 2526 4039
17746 4 2 1 1 2627 3791 3841 4519
17747 4 2 1 1 2116 2103 2121 4344
17748 4 2 1 1 765 4580 4461 3419
17749 4 2 1 1 2040 2242 2197 4264
17750 4 2 1 1 1773 1711 1735 3415
17751 4 2 1 1 2365 3687 3046 4498
17752 4 2 1 1 819 3549 829 4403
17753 4 2 1 1 2836 4217 3351 4488
17754 4 2 1 1 3434 2281 4188 4353
17755 4 2 1 1 1613 1612 1610 3983
17756 4 2 1 1 617 516 736 3668
17757 4 2 1 1 3384 2265 3688 2888
17758 4 2 1 1 1020 170 1239 3365
17759 4 2 1 1 246 3238 247 1996
17760 4 2 1 1 4149 3182 2382 2828
17761 4 2 1 1 2262 3603 3540 4566
17762 4 2 1 1 1825 1826 3721 4362
17763 4 2 1 1 247 3238 246 1525
17764 4 2 1 1 1760 4614 1543 267
17765 4 2 1 1 1533 2936 1757 1633
17766 4 2 1 1 2279 2743 3154 3167
17767 4 2 1 1 2388 4267 3004 4282
17768 4 2 1 1 2542 3144 2380 2996
17769 4 2 1 1 2498 3393 3392 4090
17770 4 2 1 1 3539 4358 4572 2607
17771 4 2 1 1 3868 4099 2852 4494
17772 4 2 1 1 324 3807 423 4535
17773 4 2 1 1 931 932 764 4089
17774 4 2 1 1 3187 3942 2725 4287
17775 4 2 1 1 2800 4314 3395 4473
17776 4 2 1 1 1354 3890 1353 4382
17777 4 2 1 1 974 755 886 3293
17778 4 2 1 1 171 1272 1491 4137
17779 4 2 1 1 1106 4047 1045 4050
17780 4 2 1 1 84 496 83 3874
17781 4 2 1 1 1778 84 83 3874
17782 4 2 1 1 1909 1874 1888 3147
17783 4 2 1 1 4359 1876 2706 1946
17784 4 2 1 1 1016 132 133 4089
17785 4 2 1 1 2764 3016 2967 3473
17786 4 2 1 1 1513 1482 1422 3710
17787 4 2 1 1 2498 3392 3969 4090
17788 4 2 1 1 2426 4113 2991 2643
17789 4 2 1 1 1677 2811 1676 1718
17790 4 2 1 1 1677 2811 2520 1676
17791 4 2 1 1 781 3979 3399 4532
17792 4 2 1 1 4452 2517 2647 2291
17793 4 2 1 1 2439 3860 3505 4399
17794 4 2 1 1 360 422 403 4142
17795 4 2 1 1 3059 3110 3109 3976
17796 4 2 1 1 364 484 436 4558
17797 4 2 1 1 607 588 657 3362
17798 4 2 1 1 2430 2756 3876 3451
17799 4 2 1 1 2272 3065 2604 3845
17800 4 2 1 1 718 118 519 3996
17801 4 2 1 1 2358 3690 3030 3839
17802 4 2 1 1 3146 3796 4222 4342
17803 4 2 1 1 3259 2571 4166 4330
17804 4 2 1 1 2327 3492 3482 4533
17805 4 2 1 1 4458 3768 1126 1097
17806 4 2 1 1 2425 4329 2945 3904
17807 4 2 1 1 2425 4329 3904 3243
17808 4 2 1 1 2492 4228 3863 4411
17809 4 2 1 1 4458 1126 3768 3450
17810 4 2 1 1 1353 1354 1355 3890
17811 4 2 1 1 1170 4198 1263 1169
17812 4 2 1 1 2357 3659 3113 4071
17813 4 2 1 1 4564 4527 1699 3512
17814 4 2 1 1 2265 2887 3567 3912
17815 4 2 1 1 2493 2664 2643 3597
17816 4 2 1 1 4623 4630 4048 450
17817 4 2 1 1 3824 3608 2279 4014
17818 4 2 1 1 985 760 983 4211
17819 4 2 1 1 4591 2035 2214 4393
17820 4 2 1 1 3202 3350 2963 2263
17821 4 2 1 1 2685 2757 2294 4450
17822 4 2 1 1 4564 1699 4527 1538
17823 4 2 1 1 3344 3345 2273 4176
17824 4 2 1 1 2081 2082 2077 3746
17825 4 2 1 1 2174 2093 2184 4034
17826 4 2 1 1 2294 2582 2757 2871
17827 4 2 1 1 2271 3049 2591 3331
17828 4 2 1 1 1804 61 2027 4187
17829 4 2 1 1 1824 1825 1826 3721
17830 4 2 1 1 2489 3211 2782 2265
17831 4 2 1 1 962 4332 769 4415
17832 4 2 1 1 2624 2275 2871 4244
17833 4 2 1 1 2395 3377 3573 3960
17834 4 2 1 1 1692 1691 1753 3770
17835 4 2 1 1 752 4634 157 966
17836 4 2 1 1 1975 1873 1911 4312
17837 4 2 1 1 800 802 801 3401
17838 4 2 1 1 2673 4164 3683 4412
17839 4 2 1 1 438 4633 463 3068
17840 4 2 1 1 2517 2779 2647 3606
17841 4 2 1 1 2343 3883 3108 4410
17842 4 2 1 1 2547 3108 3883 4410
17843 4 2 1 1 2437 3648 3389 4219
17844 4 2 1 1 2541 3516 4117 4256
17845 4 2 1 1 471 4649 289 31
17846 4 2 1 1 3357 3683 2673 4164
17847 4 2 1 1 1021 4045 1197 4571
17848 4 2 1 1 1799 1896 2007 3068
17849 4 2 1 1 1192 1080 1086 4230
17850 4 2 1 1 2183 2218 3996 4249
17851 4 2 1 1 279 4671 4604 33
17852 4 2 1 1 2628 3841 3791 4519
17853 4 2 1 1 1828 1826 1827 3550
17854 4 2 1 1 2243 2169 2240 3601
17855 4 2 1 1 2437 3925 3096 4361
17856 4 2 1 1 3668 516 736 18
17857 4 2 1 1 3030 4292 3824 4307
17858 4 2 1 1 2279 3448 3608 3824
17859 4 2 1 1 1508 1374 1367 4324
17860 4 2 1 1 2222 2242 3315 4477
17861 4 2 1 1 2242 3315 3149 4264
17862 4 2 1 1 282 3205 24 4663
17863 4 2 1 1 1021 1242 1241 3778
17864 4 2 1 1 1591 1586 1619 3870
17865 4 2 1 1 3329 2363 3488 4523
17866 4 2 1 1 2564 4191 3691 4346
17867 4 2 1 1 2789 4311 3637 4402
17868 4 2 1 1 2258 2959 2860 3551
17869 4 2 1 1 299 378 297 4471
17870 4 2 1 1 1986 4617 274 1801
17871 4 2 1 1 3207 4312 3615 4497
17872 4 2 1 1 1990 252 1784 3583
17873 4 2 1 1 2551 3796 3146 4342
17874 4 2 1 1 650 648 509 3880
17875 4 2 1 1 1759 201 1533 3208
17876 4 2 1 1 2272 2779 2647 3641
17877 4 2 1 1 2218 2131 2132 4021
17878 4 2 1 1 4359 1876 1946 1965
17879 4 2 1 1 904 903 975 3521
17880 4 2 1 1 3428 3974 3833 4072
17881 4 2 1 1 1814 1873 1970 3481
17882 4 2 1 1 4075 4076 3420 2735
17883 4 2 1 1 1750 4194 1653 1739
17884 4 2 1 1 3202 3350 2263 3444
17885 4 2 1 1 1768 1545 1733 3601
17886 4 2 1 1 294 480 442 3385
17887 4 2 1 1 1437 1438 1344 3094
17888 4 2 1 1 4358 3492 3482 2327
17889 4 2 1 1 282 3205 451 24
17890 4 2 1 1 973 104 972 3952
17891 4 2 1 1 770 128 127 4561
17892 4 2 1 1 2942 4204 2556 4537
17893 4 2 1 1 4037 4205 2813 2336
17894 4 2 1 1 1834 3098 4218 4291
17895 4 2 1 1 2968 2443 4072 4239
17896 4 2 1 1 248 1994 247 4057
17897 4 2 1 1 3428 3833 2443 4072
17898 4 2 1 1 999 4603 776 4453
17899 4 2 1 1 2357 4071 3113 4447
17900 4 2 1 1 2607 2253 3849 4550
17901 4 2 1 1 3474 2268 2967 3016
17902 4 2 1 1 2827 3806 2937 4092
17903 4 2 1 1 2981 3526 2316 4157
17904 4 2 1 1 4360 4428 309 3493
17905 4 2 1 1 4360 309 4428 310
17906 4 2 1 1 1552 1551 1553 4503
17907 4 2 1 1 917 909 3164 4379
17908 4 2 1 1 2687 3409 2738 3734
17909 4 2 1 1 2254 2388 2922 3758
17910 4 2 1 1 3280 3748 2435 4022
17911 4 2 1 1 474 4648 482 3986
17912 4 2 1 1 786 785 788 3514
17913 4 2 1 1 1181 3170 1265 4328
17914 4 2 1 1 2864 4433 2729 4496
17915 4 2 1 1 2663 2388 2254 4099
17916 4 2 1 1 2215 2035 2154 4393
17917 4 2 1 1 705 120 494 4651
17918 4 2 1 1 2813 2633 4116 3535
17919 4 2 1 1 1296 1297 1295 4285
17920 4 2 1 1 2710 2693 2907 3266
17921 4 2 1 1 730 93 92 3639
17922 4 2 1 1 132 1006 764 4089
17923 4 2 1 1 1482 4650 1290 227
17924 4 2 1 1 2402 3442 3580 4548
17925 4 2 1 1 4003 3216 1086 3111
17926 4 2 1 1 3150 3344 2862 4418
17927 4 2 1 1 4495 2559 3038 2372
17928 4 2 1 1 2551 4141 3781 4339
17929 4 2 1 1 2578 2282 3109 3976
17930 4 2 1 1 2516 3072 2808 4159
17931 4 2 1 1 4520 2639 4345 2840
17932 4 2 1 1 4003 1086 3216 1195
17933 4 2 1 1 2280 4534 3032 2687
17934 4 2 1 1 278 397 460 3708
17935 4 2 1 1 2731 3970 3226 4075
17936 4 2 1 1 2679 3197 3852 3957
17937 4 2 1 1 2283 3571 3843 2983
17938 4 2 1 1 866 855 992 3017
17939 4 2 1 1 2974 3237 3154 3792
17940 4 2 1 1 1587 3213 4327 4541
17941 4 2 1 1 1154 3123 1117 4162
17942 4 2 1 1 525 526 527 3899
17943 4 2 1 1 4520 4345 2639 2325
17944 4 2 1 1 3277 3673 2519 4070
17945 4 2 1 1 2953 2457 3330 4094
17946 4 2 1 1 2285 3538 3537 3543
17947 4 2 1 1 4572 4047 3821 3040
17948 4 2 1 1 1923 1921 1922 4015
17949 4 2 1 1 3434 3969 2498 3970
17950 4 2 1 1 2146 2210 2145 3124
17951 4 2 1 1 3825 4325 2287 4184
17952 4 2 1 1 2437 3388 3389 4361
17953 4 2 1 1 2253 3485 2735 4076
17954 4 2 1 1 933 998 763 4235
17955 4 2 1 1 3415 4268 2470 4297
17956 4 2 1 1 609 4393 704 3311
17957 4 2 1 1 104 973 103 4273
17958 4 2 1 1 100 720 4191 3691
17959 4 2 1 1 1892 3423 2025 4364
17960 4 2 1 1 1067 1069 1185 3842
17961 4 2 1 1 1516 1293 188 4264
17962 4 2 1 1 3022 3356 3304 2377
17963 4 2 1 1 23 3205 451 291
17964 4 2 1 1 1676 1671 1678 4546
17965 4 2 1 1 2263 3292 2750 4065
17966 4 2 1 1 2320 2906 3065 3337
17967 4 2 1 1 3304 3356 3022 2665
17968 4 2 1 1 1459 1346 1307 3664
17969 4 2 1 1 320 4204 4354 427
17970 4 2 1 1 2418 2622 2989 3558
17971 4 2 1 1 705 519 119 4644
17972 4 2 1 1 1616 1636 1635 4237
17973 4 2 1 1 1522 1631 1704 4466
17974 4 2 1 1 38 1511 1289 3980
17975 4 2 1 1 405 478 287 3234
17976 4 2 1 1 2900 4121 4296 3124
17977 4 2 1 1 294 4638 55 448
17978 4 2 1 1 4244 2262 2582 4566
17979 4 2 1 1 1826 1827 3550 4362
17980 4 2 1 1 924 923 922 4478
17981 4 2 1 1 2564 4191 3008 4500
17982 4 2 1 1 1158 4468 1156 4495
17983 4 2 1 1 1406 1480 1407 3769
17984 4 2 1 1 2555 2723 2367 3366
17985 4 2 1 1 2582 2262 4244 3382
17986 4 2 1 1 3345 3967 3346 3987
17987 4 2 1 1 3346 3967 2495 3987
17988 4 2 1 1 2237 2660 3358 4168
17989 4 2 1 1 1371 1401 1499 3921
17990 4 2 1 1 1415 1412 1414 3965
17991 4 2 1 1 1537 1550 252 3583
17992 4 2 1 1 656 632 3566 4215
17993 4 2 1 1 2277 3729 3302 3897
17994 4 2 1 1 1990 1915 1991 3882
17995 4 2 1 1 1019 1238 1153 4007
17996 4 2 1 1 1603 1605 1604 4051
17997 4 2 1 1 2819 3595 2322 3597
17998 4 2 1 1 684 685 683 3263
17999 4 2 1 1 2237 2660 4168 2162
18000 4 2 1 1 1864 1858 1865 3378
18001 4 2 1 1 128 1028 127 4561
18002 4 2 1 1 4217 4421 4081 2512
18003 4 2 1 1 4217 4081 4421 2836
18004 4 2 1 1 1593 1701 3884 4541
18005 4 2 1 1 2632 2764 2265 3056
18006 4 2 1 1 2299 2940 3800 4289
18007 4 2 1 1 3030 3839 3824 4292
18008 4 2 1 1 3390 2499 2335 4463
18009 4 2 1 1 3189 2989 4539 3607
18010 4 2 1 1 2629 4140 3354 4299
18011 4 2 1 1 1300 1302 1303 4110
18012 4 2 1 1 2358 4472 3147 4559
18013 4 2 1 1 2578 2257 3110 3186
18014 4 2 1 1 612 3354 626 4212
18015 4 2 1 1 277 40 4623 450
18016 4 2 1 1 1819 1820 1821 3822
18017 4 2 1 1 2368 3230 3714 4147
18018 4 2 1 1 531 529 642 3348
18019 4 2 1 1 284 4187 470 4474
18020 4 2 1 1 2355 2591 3010 3731
18021 4 2 1 1 2267 3597 2817 2643
18022 4 2 1 1 2278 2928 4282 4303
18023 4 2 1 1 4044 4295 2803 2559
18024 4 2 1 1 3416 4091 988 4563
18025 4 2 1 1 2437 3389 3925 4361
18026 4 2 1 1 2000 4624 270 4168
18027 4 2 1 1 669 3592 670 4419
18028 4 2 1 1 2938 3673 3277 4070
18029 4 2 1 1 4044 2803 4295 2835
18030 4 2 1 1 429 372 342 2596
18031 4 2 1 1 2237 2660 2162 2236
18032 4 2 1 1 562 560 561 3112
18033 4 2 1 1 3712 2803 4295 2559
18034 4 2 1 1 2581 3689 3119 4567
18035 4 2 1 1 318 322 323 3719
18036 4 2 1 1 2457 3268 2994 4094
18037 4 2 1 1 1582 1580 1598 4172
18038 4 2 1 1 3185 3197 1321 4565
18039 4 2 1 1 2730 3344 3794 4417
18040 4 2 1 1 210 209 1473 4177
18041 4 2 1 1 475 3801 438 437
18042 4 2 1 1 3110 2700 2702 2418
18043 4 2 1 1 475 431 476 2747
18044 4 2 1 1 1802 270 4620 4168
18045 4 2 1 1 1595 1558 1594 3563
18046 4 2 1 1 2080 2083 2084 3432
18047 4 2 1 1 595 615 665 2792
18048 4 2 1 1 2637 2638 3798 4094
18049 4 2 1 1 2647 2779 2517 4223
18050 4 2 1 1 704 494 121 4591
18051 4 2 1 1 2317 4295 2803 2835
18052 4 2 1 1 3330 2457 2268 4094
18053 4 2 1 1 2264 3795 2654 4349
18054 4 2 1 1 4619 450 39 293
18055 4 2 1 1 3025 3983 2580 4546
18056 4 2 1 1 579 3570 4035 4419
18057 4 2 1 1 4509 4166 2668 2792
18058 4 2 1 1 444 285 297 3455
18059 4 2 1 1 1009 3984 193 1221
18060 4 2 1 1 2450 2998 3988 4276
18061 4 2 1 1 1798 1977 2032 4481
18062 4 2 1 1 2418 2251 3607 4223
18063 4 2 1 1 2237 2660 2236 3358
18064 4 2 1 1 1556 1641 1553 4503
18065 4 2 1 1 2472 2982 4051 4489
18066 4 2 1 1 1986 4617 1801 2791
18067 4 2 1 1 4487 4138 3534 2640
18068 4 2 1 1 556 558 580 3599
18069 4 2 1 1 3118 2466 3805 4376
18070 4 2 1 1 2257 2696 3064 3447
18071 4 2 1 1 2071 2158 2196 3497
18072 4 2 1 1 3119 3991 3456 4377
18073 4 2 1 1 1332 3620 1331 4470
18074 4 2 1 1 3648 4219 3499 4551
18075 4 2 1 1 2259 2700 3060 3110
18076 4 2 1 1 2141 2240 2169 4373
18077 4 2 1 1 221 1720 220 3948
18078 4 2 1 1 1616 1635 1602 4237
18079 4 2 1 1 1593 1587 1701 4541
18080 4 2 1 1 104 103 712 4273
18081 4 2 1 1 1745 1535 257 4516
18082 4 2 1 1 3345 3346 2273 3442
18083 4 2 1 1 2770 3880 3294 4462
18084 4 2 1 1 3294 3880 2417 4462
18085 4 2 1 1 2124 2137 2123 4477
18086 4 2 1 1 2267 3004 3277 3650
18087 4 2 1 1 3824 3608 4014 2562
18088 4 2 1 1 3514 848 785 788
18089 4 2 1 1 4413 2690 3386 2511
18090 4 2 1 1 2637 2638 4094 3266
18091 4 2 1 1 1028 1212 127 4561
18092 4 2 1 1 2768 3634 3212 4366
18093 4 2 1 1 2255 4560 3614 2506
18094 4 2 1 1 2454 3712 3091 3038
18095 4 2 1 1 1256 1219 1154 3490
18096 4 2 1 1 2619 3763 3306 4088
18097 4 2 1 1 500 65 66 3720
18098 4 2 1 1 432 362 389 4347
18099 4 2 1 1 190 189 4637 1233
18100 4 2 1 1 2129 2191 2226 3264
18101 4 2 1 1 574 656 3566 4448
18102 4 2 1 1 2457 2953 2287 3681
18103 4 2 1 1 1943 1996 1994 3238
18104 4 2 1 1 3006 4146 2979 4539
18105 4 2 1 1 1286 1487 173 3435
18106 4 2 1 1 3205 774 23 995
18107 4 2 1 1 2764 3474 2889 3667
18108 4 2 1 1 1507 4625 226 1290
18109 4 2 1 1 1082 1081 1080 4230
18110 4 2 1 1 3445 3988 2450 4154
18111 4 2 1 1 2557 3076 3867 4136
18112 4 2 1 1 3698 212 211 1647
18113 4 2 1 1 3698 211 212 1467
18114 4 2 1 1 2888 4036 4183 4184
18115 4 2 1 1 1176 1255 1175 3510
18116 4 2 1 1 2934 3330 2476 4118
18117 4 2 1 1 2734 2862 3211 3150
18118 4 2 1 1 294 4638 448 4231
18119 4 2 1 1 655 711 597 4190
18120 4 2 1 1 1646 1648 1647 3458
18121 4 2 1 1 132 764 133 4089
18122 4 2 1 1 283 383 467 3588
18123 4 2 1 1 3425 3733 3734 2305
18124 4 2 1 1 1192 1095 1082 4230
18125 4 2 1 1 2295 3848 3443 4365
18126 4 2 1 1 2404 2591 2499 3603
18127 4 2 1 1 3 28 4578 406
18128 4 2 1 1 2696 4146 4126 4446
18129 4 2 1 1 203 202 1474 4437
18130 4 2 1 1 3474 3297 3667 2764
18131 4 2 1 1 4452 3607 2484 2647
18132 4 2 1 1 2264 4072 3329 4118
18133 4 2 1 1 2162 4652 2044 3321
18134 4 2 1 1 3337 3934 3338 2613
18135 4 2 1 1 2529 3609 3610 3993
18136 4 2 1 1 1344 3197 3094 4565
18137 4 2 1 1 1442 1481 1441 3209
18138 4 2 1 1 646 645 647 3212
18139 4 2 1 1 1793 4275 1983 4313
18140 4 2 1 1 2677 3589 4121 4296
18141 4 2 1 1 1364 1365 1336 4082
18142 4 2 1 1 2280 3118 3805 4376
18143 4 2 1 1 3550 3721 1826 4362
18144 4 2 1 1 2512 4245 4119 4314
18145 4 2 1 1 2800 4119 4245 4314
18146 4 2 1 1 2860 3586 3585 3799
18147 4 2 1 1 954 875 879 4238
18148 4 2 1 1 2189 2101 2211 3589
18149 4 2 1 1 3883 3518 2717 2567
18150 4 2 1 1 1878 1819 1821 3557
18151 4 2 1 1 2404 3011 2591 3331
18152 4 2 1 1 2270 2907 3373 3482
18153 4 2 1 1 1347 1348 1310 4182
18154 4 2 1 1 2166 2173 2125 3323
18155 4 2 1 1 4591 4651 4393 494
18156 4 2 1 1 637 534 530 3783
18157 4 2 1 1 555 676 557 3850
18158 4 2 1 1 1962 1961 1883 3317
18159 4 2 1 1 3346 3580 3442 4548
18160 4 2 1 1 2302 3662 3312 4368
18161 4 2 1 1 892 842 895 4332
18162 4 2 1 1 2159 2063 2068 4133
18163 4 2 1 1 1914 1819 1878 3557
18164 4 2 1 1 2509 3739 3204 2338
18165 4 2 1 1 809 810 811 3568
18166 4 2 1 1 2274 3360 3403 3528
18167 4 2 1 1 2119 2120 2118 3402
18168 4 2 1 1 782 781 765 3979
18169 4 2 1 1 503 105 104 3952
18170 4 2 1 1 2292 3167 2779 3237
18171 4 2 1 1 1319 1436 1321 3197
18172 4 2 1 1 787 4317 882 4356
18173 4 2 1 1 2090 2088 2089 3828
18174 4 2 1 1 1810 1811 1812 4120
18175 4 2 1 1 1819 3557 1914 3130
18176 4 2 1 1 2123 2222 3460 4477
18177 4 2 1 1 1615 1612 1707 3761
18178 4 2 1 1 2253 2626 3849 4550
18179 4 2 1 1 1553 3427 1554 4348
18180 4 2 1 1 1912 3817 1803 4155
18181 4 2 1 1 2502 2256 2987 4170
18182 4 2 1 1 1843 1874 1844 3679
18183 4 2 1 1 245 244 1727 4278
18184 4 2 1 1 1579 1695 1577 4011
18185 4 2 1 1 1233 4626 190 1033
18186 4 2 1 1 1164 1186 1167 3261
18187 4 2 1 1 2118 3402 3862 4033
18188 4 2 1 1 2981 3704 3526 4157
18189 4 2 1 1 324 337 423 3807
18190 4 2 1 1 469 4604 3701 3618
18191 4 2 1 1 4202 2915 2489 2782
18192 4 2 1 1 3338 3934 3337 2354
18193 4 2 1 1 2464 4320 3001 2902
18194 4 2 1 1 3818 4025 2589 4459
18195 4 2 1 1 623 722 624 4552
18196 4 2 1 1 411 400 309 4428
18197 4 2 1 1 2328 3333 3849 3998
18198 4 2 1 1 2401 3202 4144 4145
18199 4 2 1 1 1140 145 1024 4277
18200 4 2 1 1 2443 3463 4102 4396
18201 4 2 1 1 371 370 373 3522
18202 4 2 1 1 2724 3369 2628 4372
18203 4 2 1 1 2865 2521 3872 3250
18204 4 2 1 1 3891 2425 3063 4559
18205 4 2 1 1 2889 3069 2993 3825
18206 4 2 1 1 608 3844 640 2593
18207 4 2 1 1 2046 4643 191 4626
18208 4 2 1 1 1607 1606 1605 3915
18209 4 2 1 1 1961 1886 1860 3920
18210 4 2 1 1 284 470 464 4474
18211 4 2 1 1 3356 4042 2857 4122
18212 4 2 1 1 2892 3436 3011 3704
18213 4 2 1 1 4041 4208 2608 4501
18214 4 2 1 1 9 160 4589 1003
18215 4 2 1 1 678 553 593 3542
18216 4 2 1 1 2437 3389 3388 4219
18217 4 2 1 1 1506 1501 1288 3623
18218 4 2 1 1 727 4274 3441 4321
18219 4 2 1 1 2418 3045 2702 2622
18220 4 2 1 1 1745 1748 1535 4516
18221 4 2 1 1 1431 1364 1430 3898
18222 4 2 1 1 515 64 698 3840
18223 4 2 1 1 2283 3830 3518 4134
18224 4 2 1 1 2874 3296 2283 4028
18225 4 2 1 1 2791 4041 3380 4196
18226 4 2 1 1 1178 1177 1175 3510
18227 4 2 1 1 3869 4357 2797 4483
18228 4 2 1 1 2534 3288 4214 4395
18229 4 2 1 1 608 661 589 2593
18230 4 2 1 1 4487 3534 4138 1343
18231 4 2 1 1 2271 3704 3101 4083
18232 4 2 1 1 3124 2588 4131 4438
18233 4 2 1 1 3639 866 990 991
18234 4 2 1 1 2367 2723 2555 4014
18235 4 2 1 1 2870 3010 2591 3011
18236 4 2 1 1 804 850 806 4331
18237 4 2 1 1 2554 4327 2964 4334
18238 4 2 1 1 320 4204 427 325
18239 4 2 1 1 2072 2075 3808 4339
18240 4 2 1 1 500 738 675 3219
18241 4 2 1 1 320 4204 325 3483
18242 4 2 1 1 2507 4142 3169 4447
18243 4 2 1 1 1872 3863 1864 4562
18244 4 2 1 1 3842 4361 4456 2590
18245 4 2 1 1 3482 3492 3015 4533
18246 4 2 1 1 4131 3124 900 3675
18247 4 2 1 1 2277 2794 3283 3956
18248 4 2 1 1 2710 3626 3724 4032
18249 4 2 1 1 847 3203 890 3547
18250 4 2 1 1 2401 4144 3086 4145
18251 4 2 1 1 3594 2999 2526 3948
18252 4 2 1 1 2578 3524 2282 3976
18253 4 2 1 1 2363 2984 4124 4506
18254 4 2 1 1 1872 1857 1864 3863
18255 4 2 1 1 4187 4474 2678 4479
18256 4 2 1 1 2353 2723 3154 3366
18257 4 2 1 1 2550 3223 3702 4543
18258 4 2 1 1 392 302 300 4455
18259 4 2 1 1 475 3801 437 2747
18260 4 2 1 1 4131 900 3124 1001
18261 4 2 1 1 2260 2619 3306 4088
18262 4 2 1 1 1448 1343 1327 3534
18263 4 2 1 1 786 787 784 4356
18264 4 2 1 1 3278 4236 2425 4258
18265 4 2 1 1 2618 3832 3247 4406
18266 4 2 1 1 4492 2715 4167 2809
18267 4 2 1 1 244 2002 1797 3937
18268 4 2 1 1 1719 248 247 4057
18269 4 2 1 1 552 554 553 2670
18270 4 2 1 1 1087 1046 1047 4179
18271 4 2 1 1 2479 4188 3677 4353
18272 4 2 1 1 1354 1418 1355 3890
18273 4 2 1 1 3380 4041 2791 4208
18274 4 2 1 1 4268 4373 4297 3415
18275 4 2 1 1 1913 1809 1810 4002
18276 4 2 1 1 1926 1902 1979 4491
18277 4 2 1 1 2430 3949 3876 4538
18278 4 2 1 1 2251 2555 2852 3641
18279 4 2 1 1 3903 3454 4450 2356
18280 4 2 1 1 1251 1016 4089 4570
18281 4 2 1 1 3573 4074 3738 4512
18282 4 2 1 1 1665 1525 1725 3519
18283 4 2 1 1 1999 4667 54 4622
18284 4 2 1 1 702 652 651 3663
18285 4 2 1 1 4373 4297 3415 2746
18286 4 2 1 1 2271 3101 3704 4030
18287 4 2 1 1 3688 2265 3097 2888
18288 4 2 1 1 2479 3951 3019 2385
18289 4 2 1 1 327 323 433 4098
18290 4 2 1 1 101 102 980 4191
18291 4 2 1 1 3425 3733 2305 4342
18292 4 2 1 1 2468 4047 3198 4050
18293 4 2 1 1 729 94 93 4293
18294 4 2 1 1 1093 1164 1165 3831
18295 4 2 1 1 2117 2179 2100 4425
18296 4 2 1 1 3793 543 597 3901
18297 4 2 1 1 2504 2738 3102 3810
18298 4 2 1 1 496 84 702 3874
18299 4 2 1 1 1983 84 1778 3874
18300 4 2 1 1 1942 1785 1993 4221
18301 4 2 1 1 2484 3049 2553 4028
18302 4 2 1 1 3731 3540 3388 2591
18303 4 2 1 1 2271 2981 3704 4083
18304 4 2 1 1 2251 2757 2624 3607
18305 4 2 1 1 2794 3471 3071 3889
18306 4 2 1 1 2295 4217 3443 4245
18307 4 2 1 1 1971 2026 1838 3835
18308 4 2 1 1 318 312 3775 4428
18309 4 2 1 1 245 1786 2002 4278
18310 4 2 1 1 3070 2470 4268 4297
18311 4 2 1 1 2548 3776 3197 4080
18312 4 2 1 1 3025 4269 2760 4444
18313 4 2 1 1 2331 4434 3279 2902
18314 4 2 1 1 1131 1213 1036 3790
18315 4 2 1 1 3402 4121 2119 3124
18316 4 2 1 1 255 1788 1807 4279
18317 4 2 1 1 2869 3794 3013 4417
18318 4 2 1 1 99 98 504 4211
18319 4 2 1 1 485 4609 449 3980
18320 4 2 1 1 3691 4191 768 4346
18321 4 2 1 1 2258 3248 2959 3551
18322 4 2 1 1 359 364 346 4006
18323 4 2 1 1 2306 2907 2504 3827
18324 4 2 1 1 3670 3851 2728 2392
18325 4 2 1 1 2963 3087 2616 4282
18326 4 2 1 1 349 3341 4098 3959
18327 4 2 1 1 101 505 102 4191
18328 4 2 1 1 3240 832 839 4502
18329 4 2 1 1 2934 3562 2933 3727
18330 4 2 1 1 3351 4217 2704 4488
18331 4 2 1 1 611 619 729 4293
18332 4 2 1 1 2624 2258 3799 4152
18333 4 2 1 1 2011 1887 1901 4061
18334 4 2 1 1 545 543 658 3793
18335 4 2 1 1 3116 4300 2812 4540
18336 4 2 1 1 2325 3723 2847 3724
18337 4 2 1 1 3294 2770 4462 4491
18338 4 2 1 1 2606 3849 3333 3998
18339 4 2 1 1 3734 2652 3755 3425
18340 4 2 1 1 3793 597 543 658
18341 4 2 1 1 712 503 104 3952
18342 4 2 1 1 2515 3074 4221 4548
18343 4 2 1 1 990 3227 4293 758
18344 4 2 1 1 667 670 669 3592
18345 4 2 1 1 3508 4164 2673 4412
18346 4 2 1 1 2294 3286 2871 4430
18347 4 2 1 1 1556 1555 1656 3853
18348 4 2 1 1 382 491 484 4558
18349 4 2 1 1 2493 2664 2457 2287
18350 4 2 1 1 1816 4228 3130 4411
18351 4 2 1 1 4001 4214 2615 4324
18352 4 2 1 1 3067 3870 2554 4541
18353 4 2 1 1 983 760 98 4211
18354 4 2 1 1 2019 3385 4026 4465
18355 4 2 1 1 2890 3761 3313 2342
18356 4 2 1 1 1760 4614 267 4652
18357 4 2 1 1 2723 3824 3030 3839
18358 4 2 1 1 3116 3715 4266 3372
18359 4 2 1 1 3642 4092 2849 2332
18360 4 2 1 1 3540 3603 2553 4566
18361 4 2 1 1 890 790 832 3547
18362 4 2 1 1 3442 4397 2515 4548
18363 4 2 1 1 2369 3946 3461 4492
18364 4 2 1 1 3242 2922 3953 4157
18365 4 2 1 1 4492 3027 2369 3946
18366 4 2 1 1 2261 4149 2644 3278
18367 4 2 1 1 2551 3102 4242 4482
18368 4 2 1 1 2485 2294 2685 2757
18369 4 2 1 1 321 336 427 4354
18370 4 2 1 1 320 4204 3483 4354
18371 4 2 1 1 317 321 320 4354
18372 4 2 1 1 1728 1726 1681 3896
18373 4 2 1 1 389 452 466 3275
18374 4 2 1 1 391 299 301 4471
18375 4 2 1 1 2006 1949 1787 3502
18376 4 2 1 1 727 506 3441 4563
18377 4 2 1 1 990 3227 758 872
18378 4 2 1 1 1464 1424 3395 4473
18379 4 2 1 1 1482 4650 227 4621
18380 4 2 1 1 2305 3425 3032 3734
18381 4 2 1 1 1077 1078 1079 4055
18382 4 2 1 1 2263 2616 3292 4490
18383 4 2 1 1 2582 3836 3382 4531
18384 4 2 1 1 1349 1350 1351 3935
18385 4 2 1 1 1765 4648 50 4595
18386 4 2 1 1 383 4635 3701 468
18387 4 2 1 1 2066 2157 2168 3653
18388 4 2 1 1 1536 1714 1635 3560
18389 4 2 1 1 3174 3543 3932 4040
18390 4 2 1 1 604 3632 549 4496
18391 4 2 1 1 2194 2195 2232 4196
18392 4 2 1 1 1140 1024 1139 4277
18393 4 2 1 1 1963 1848 1862 3584
18394 4 2 1 1 1911 1984 1975 4312
18395 4 2 1 1 2276 3271 3461 3633
18396 4 2 1 1 3004 4267 2616 4282
18397 4 2 1 1 4190 513 655 710
18398 4 2 1 1 772 917 909 3164
18399 4 2 1 1 666 698 3720 3840
18400 4 2 1 1 3038 4078 2722 4370
18401 4 2 1 1 589 661 693 2593
18402 4 2 1 1 916 3414 909 4379
18403 4 2 1 1 2779 3237 3950 2603
18404 4 2 1 1 731 508 618 4114
18405 4 2 1 1 4635 467 34 468
18406 4 2 1 1 1354 3548 1416 2914
18407 4 2 1 1 1802 2000 270 4168
18408 4 2 1 1 1111 1180 1179 4337
18409 4 2 1 1 2550 3879 3299 4543
18410 4 2 1 1 2446 4007 3253 4049
18411 4 2 1 1 2643 2817 3595 3597
18412 4 2 1 1 571 4215 656 4448
18413 4 2 1 1 1779 1995 79 3877
18414 4 2 1 1 1862 1959 1963 3584
18415 4 2 1 1 2622 3113 3222 3558
18416 4 2 1 1 2504 3733 2738 3734
18417 4 2 1 1 582 621 583 3975
18418 4 2 1 1 345 343 360 3515
18419 4 2 1 1 2295 3172 3393 3848
18420 4 2 1 1 774 997 869 3500
18421 4 2 1 1 198 1549 197 4336
18422 4 2 1 1 402 311 306 3873
18423 4 2 1 1 1665 1664 1731 3989
18424 4 2 1 1 985 3587 940 4478
18425 4 2 1 1 2113 2599 3511 4261
18426 4 2 1 1 1031 194 4627 3782
18427 4 2 1 1 911 910 834 3962
18428 4 2 1 1 1456 1434 3938 4515
18429 4 2 1 1 3148 2980 2631 4399
18430 4 2 1 1 1691 1757 1755 3929
18431 4 2 1 1 2804 3736 3298 4553
18432 4 2 1 1 2878 2274 2949 3224
18433 4 2 1 1 516 616 737 3455
18434 4 2 1 1 2314 3268 2993 3681
18435 4 2 1 1 2199 2162 2237 4168
18436 4 2 1 1 2969 4118 2934 4301
18437 4 2 1 1 928 929 927 3764
18438 4 2 1 1 1417 1468 1426 3742
18439 4 2 1 1 684 685 3263 4552
18440 4 2 1 1 1892 1987 2025 3423
18441 4 2 1 1 489 42 3617 459
18442 4 2 1 1 3617 288 43 489
18443 4 2 1 1 4156 4261 2196 2167
18444 4 2 1 1 505 4191 720 4500
18445 4 2 1 1 1555 1556 1553 4348
18446 4 2 1 1 2253 2961 2503 3827
18447 4 2 1 1 2429 3032 4123 4534
18448 4 2 1 1 1756 1543 1760 3321
18449 4 2 1 1 1351 3935 1352 4382
18450 4 2 1 1 989 872 758 3227
18451 4 2 1 1 1566 1567 1565 3682
18452 4 2 1 1 4156 2196 4261 3497
18453 4 2 1 1 2805 4452 3090 2285
18454 4 2 1 1 577 682 689 4017
18455 4 2 1 1 4315 2387 4237 2930
18456 4 2 1 1 571 634 744 4215
18457 4 2 1 1 1495 2999 1428 4389
18458 4 2 1 1 4315 4237 2387 2483
18459 4 2 1 1 1657 1526 1658 3826
18460 4 2 1 1 1759 4010 1633 1763
18461 4 2 1 1 750 656 632 3566
18462 4 2 1 1 1646 1649 1648 3458
18463 4 2 1 1 677 594 666 3299
18464 4 2 1 1 2252 2632 2476 3016
18465 4 2 1 1 1793 1983 1930 4313
18466 4 2 1 1 1371 1400 1401 3921
18467 4 2 1 1 1740 1721 1552 3846
18468 4 2 1 1 2644 2975 4200 4416
18469 4 2 1 1 2288 3837 3129 4429
18470 4 2 1 1 486 483 412 3477
18471 4 2 1 1 1838 1833 1971 3835
18472 4 2 1 1 994 938 854 3784
18473 4 2 1 1 1388 1301 1409 3469
18474 4 2 1 1 3371 3484 2383 3551
18475 4 2 1 1 2423 3848 3393 2626
18476 4 2 1 1 4167 3946 4492 2809
18477 4 2 1 1 1530 4587 255 4279
18478 4 2 1 1 1801 274 275 4617
18479 4 2 1 1 4344 2193 2192 2121
18480 4 2 1 1 3683 4164 2536 4412
18481 4 2 1 1 3327 4397 4548 3074
18482 4 2 1 1 2634 4518 3512 4527
18483 4 2 1 1 1828 1941 1826 3550
18484 4 2 1 1 2275 3586 2648 4244
18485 4 2 1 1 156 965 4593 752
18486 4 2 1 1 3242 3953 2981 4157
18487 4 2 1 1 2213 2150 2120 4263
18488 4 2 1 1 4321 727 619 3441
18489 4 2 1 1 2281 3569 3226 4355
18490 4 2 1 1 814 813 812 3247
18491 4 2 1 1 2328 3849 3539 3998
18492 4 2 1 1 827 811 813 3247
18493 4 2 1 1 2283 3843 2717 2983
18494 4 2 1 1 2735 3087 2575 3420
18495 4 2 1 1 3551 3702 3371 4151
18496 4 2 1 1 1410 1314 1316 3656
18497 4 2 1 1 4492 3027 3946 4167
18498 4 2 1 1 1094 1084 1082 3506
18499 4 2 1 1 1549 1758 4062 4336
18500 4 2 1 1 1240 1032 1232 3375
18501 4 2 1 1 3286 4430 4391 2871
18502 4 2 1 1 2112 2122 2194 4196
18503 4 2 1 1 1595 1603 1604 4051
18504 4 2 1 1 1378 1375 1370 3646
18505 4 2 1 1 783 961 781 3399
18506 4 2 1 1 4042 3709 2682 2842
18507 4 2 1 1 1382 3645 1376 4528
18508 4 2 1 1 1454 1345 1408 4080
18509 4 2 1 1 4321 619 727 620
18510 4 2 1 1 2119 4121 2146 3124
18511 4 2 1 1 444 378 457 3668
18512 4 2 1 1 1926 1979 1790 3294
18513 4 2 1 1 4042 2682 3709 3735
18514 4 2 1 1 3830 2874 2397 2631
18515 4 2 1 1 462 426 470 4479
18516 4 2 1 1 987 988 96 3416
18517 4 2 1 1 2749 2750 3476 4526
18518 4 2 1 1 1896 1877 1897 4105
18519 4 2 1 1 4464 581 660 659
18520 4 2 1 1 3204 3962 2509 2338
18521 4 2 1 1 4464 660 581 3711
18522 4 2 1 1 4145 2963 2351 3087
18523 4 2 1 1 1872 1920 1919 3751
18524 4 2 1 1 1743 1538 208 3973
18525 4 2 1 1 608 640 3844 610
18526 4 2 1 1 435 364 436 4006
18527 4 2 1 1 1421 4119 1419 4473
18528 4 2 1 1 401 314 439 3559
18529 4 2 1 1 2259 2647 2517 4223
18530 4 2 1 1 4145 2351 2963 4144
18531 4 2 1 1 2557 4136 3867 2506
18532 4 2 1 1 1966 4225 1895 1875
18533 4 2 1 1 2213 2208 2151 4263
18534 4 2 1 1 1216 185 184 4380
18535 4 2 1 1 1498 3778 1283 2977
18536 4 2 1 1 2572 4113 3822 4498
18537 4 2 1 1 3935 2636 1371 3548
18538 4 2 1 1 919 2865 3872 3250
18539 4 2 1 1 199 1764 198 4336
18540 4 2 1 1 1695 1694 1693 3887
18541 4 2 1 1 2484 3538 3543 4431
18542 4 2 1 1 2776 4074 3573 4512
18543 4 2 1 1 3830 2397 2874 3518
18544 4 2 1 1 920 933 763 3250
18545 4 2 1 1 1973 2004 1932 4392
18546 4 2 1 1 962 895 769 4332
18547 4 2 1 1 2492 3130 4228 4411
18548 4 2 1 1 2264 3428 3034 4072
18549 4 2 1 1 2287 2877 3069 3825
18550 4 2 1 1 916 851 808 4547
18551 4 2 1 1 1032 1240 1184 3375
18552 4 2 1 1 673 749 3195 4521
18553 4 2 1 1 1478 207 206 4564
18554 4 2 1 1 3935 1371 2636 1350
18555 4 2 1 1 3476 4088 2619 2260
18556 4 2 1 1 2434 4312 3207 4497
18557 4 2 1 1 2259 3060 2700 3471
18558 4 2 1 1 4086 801 3401 2682
18559 4 2 1 1 325 359 346 4204
18560 4 2 1 1 4624 4652 2162 3864
18561 4 2 1 1 2541 4256 3414 4379
18562 4 2 1 1 2336 2730 3758 2971
18563 4 2 1 1 2646 3064 2989 4146
18564 4 2 1 1 817 819 829 4403
18565 4 2 1 1 3105 4158 2650 2391
18566 4 2 1 1 1727 3937 244 1527
18567 4 2 1 1 673 749 671 3195
18568 4 2 1 1 1025 186 185 4380
18569 4 2 1 1 1783 2031 1958 3787
18570 4 2 1 1 4301 3727 2934 2329
18571 4 2 1 1 2570 3525 4445 4038
18572 4 2 1 1 1965 1850 1963 4359
18573 4 2 1 1 3333 2606 3848 3849
18574 4 2 1 1 2455 3801 3665 2747
18575 4 2 1 1 2783 3961 3349 4181
18576 4 2 1 1 4086 3401 801 803
18577 4 2 1 1 946 898 947 3686
18578 4 2 1 1 2256 2404 2949 2499
18579 4 2 1 1 845 900 861 3675
18580 4 2 1 1 2045 2193 2244 3985
18581 4 2 1 1 2275 3370 2940 4391
18582 4 2 1 1 2278 2837 2838 3847
18583 4 2 1 1 1630 1747 1629 4153
18584 4 2 1 1 2717 3540 2553 2714
18585 4 2 1 1 2004 1938 1932 3391
18586 4 2 1 1 2524 3404 3917 4542
18587 4 2 1 1 2119 2102 2189 4121
18588 4 2 1 1 2281 2731 3969 3970
18589 4 2 1 1 3116 3715 3372 2270
18590 4 2 1 1 975 913 756 3964
18591 4 2 1 1 2285 3543 3537 3932
18592 4 2 1 1 3505 4083 2439 4384
18593 4 2 1 1 2511 3386 3114 4402
18594 4 2 1 1 1323 3020 3185 4565
18595 4 2 1 1 3013 4417 3344 4418
18596 4 2 1 1 1533 202 1755 3929
18597 4 2 1 1 2819 3596 3595 3614
18598 4 2 1 1 3857 3939 3949 3245
18599 4 2 1 1 2269 2869 3107 3949
18600 4 2 1 1 754 892 962 4332
18601 4 2 1 1 4278 4457 3519 2530
18602 4 2 1 1 1868 1871 1870 4169
18603 4 2 1 1 3001 3799 2940 2340
18604 4 2 1 1 2579 4218 3098 4291
18605 4 2 1 1 1727 3937 1527 1737
18606 4 2 1 1 624 676 2815 4552
18607 4 2 1 1 1874 1875 3147 3679
18608 4 2 1 1 1981 1780 1936 4299
18609 4 2 1 1 2263 3444 3350 4065
18610 4 2 1 1 2281 2619 3226 3970
18611 4 2 1 1 799 901 835 3684
18612 4 2 1 1 558 667 580 3599
18613 4 2 1 1 1126 1141 1210 3450
18614 4 2 1 1 1158 3175 4468 4495
18615 4 2 1 1 3539 3849 2606 3998
18616 4 2 1 1 1131 1127 1213 3790
18617 4 2 1 1 816 818 817 4403
18618 4 2 1 1 2449 3839 3168 4292
18619 4 2 1 1 2863 1875 3147 4225
18620 4 2 1 1 3231 2767 4077 4459
18621 4 2 1 1 2635 4306 3679 4472
18622 4 2 1 1 4610 124 123 715
18623 4 2 1 1 2793 2255 4136 4240
18624 4 2 1 1 2295 3443 4217 4365
18625 4 2 1 1 1758 4601 1766 4062
18626 4 2 1 1 690 726 727 4274
18627 4 2 1 1 2105 2599 4196 3343
18628 4 2 1 1 107 970 106 4467
18629 4 2 1 1 3434 3804 2558 3969
18630 4 2 1 1 2569 3916 3209 4437
18631 4 2 1 1 4474 284 3068 464
18632 4 2 1 1 2309 4042 2857 4043
18633 4 2 1 1 1353 1351 1352 4382
18634 4 2 1 1 2474 2896 3221 3923
18635 4 2 1 1 2896 3754 3260 3755
18636 4 2 1 1 3557 3822 2572 4113
18637 4 2 1 1 2407 3960 3082 2533
18638 4 2 1 1 2403 3604 3504 3845
18639 4 2 1 1 2424 3807 3483 4535
18640 4 2 1 1 2863 3147 1875 3679
18641 4 2 1 1 1529 1692 1753 3770
18642 4 2 1 1 1318 1319 1320 2763
18643 4 2 1 1 1505 1287 1494 3617
18644 4 2 1 1 2454 2663 2927 3091
18645 4 2 1 1 1732 1686 1680 3992
18646 4 2 1 1 2579 4023 3098 4218
18647 4 2 1 1 1939 1938 2004 3391
18648 4 2 1 1 2167 2196 2113 4261
18649 4 2 1 1 3072 4172 2808 4405
18650 4 2 1 1 1083 1155 1156 4370
18651 4 2 1 1 840 833 841 4502
18652 4 2 1 1 975 756 973 4273
18653 4 2 1 1 2808 2666 2422 3084
18654 4 2 1 1 4080 1319 1454 1317
18655 4 2 1 1 2329 3541 3039 3267
18656 4 2 1 1 2269 3107 2869 3200
18657 4 2 1 1 1233 4626 1033 3075
18658 4 2 1 1 2607 3015 3482 3492
18659 4 2 1 1 1804 2027 1998 4187
18660 4 2 1 1 4289 3386 2690 2789
18661 4 2 1 1 2253 3420 2504 4076
18662 4 2 1 1 3212 2518 3941 4366
18663 4 2 1 1 2612 3621 3440 4286
18664 4 2 1 1 1592 1585 1587 4327
18665 4 2 1 1 1845 1847 1952 4260
18666 4 2 1 1 3531 4388 2774 4435
18667 4 2 1 1 4183 4184 2545 2888
18668 4 2 1 1 4183 2545 4184 2365
18669 4 2 1 1 2256 2827 2828 4150
18670 4 2 1 1 4190 513 710 4467
18671 4 2 1 1 3292 4526 3597 2493
18672 4 2 1 1 501 68 69 4579
18673 4 2 1 1 2486 2652 2255 3076
18674 4 2 1 1 1549 1764 1758 4336
18675 4 2 1 1 508 91 732 4114
18676 4 2 1 1 2263 3087 2735 3420
18677 4 2 1 1 1301 4046 3469 4127
18678 4 2 1 1 1208 1159 1045 3821
18679 4 2 1 1 1173 1124 1010 3701
18680 4 2 1 1 2476 2575 2252 3330
18681 4 2 1 1 1025 1216 1209 4380
18682 4 2 1 1 2812 3116 4199 4300
18683 4 2 1 1 3048 4080 1317 2763
18684 4 2 1 1 632 631 633 3699
18685 4 2 1 1 2849 2987 2256 4170
18686 4 2 1 1 1488 1386 1275 4507
18687 4 2 1 1 2056 3363 2058 2978
18688 4 2 1 1 418 417 420 3530
18689 4 2 1 1 2582 2294 2757 4450
18690 4 2 1 1 1126 1098 1097 3768
18691 4 2 1 1 2272 3604 2604 3756
18692 4 2 1 1 2759 2856 2476 3224
18693 4 2 1 1 598 734 614 3647
18694 4 2 1 1 2274 3403 3572 4441
18695 4 2 1 1 2066 2067 2065 4141
18696 4 2 1 1 3208 1471 3866 4352
18697 4 2 1 1 4149 3182 2828 4202
18698 4 2 1 1 2790 4102 3293 4396
18699 4 2 1 1 1841 1839 1840 4103
18700 4 2 1 1 2604 3953 3504 4511
18701 4 2 1 1 2616 3004 3292 3650
18702 4 2 1 1 2489 3868 2644 3211
18703 4 2 1 1 2744 4148 3542 4449
18704 4 2 1 1 4664 1484 230 4613
18705 4 2 1 1 540 653 645 3494
18706 4 2 1 1 2582 3499 4178 4450
18707 4 2 1 1 2372 3091 2559 3038
18708 4 2 1 1 1939 1795 1938 4022
18709 4 2 1 1 2550 3702 3449 4460
18710 4 2 1 1 1198 1243 1244 4045
18711 4 2 1 1 2218 2047 2183 3996
18712 4 2 1 1 1183 1184 1240 3693
18713 4 2 1 1 4089 928 931 3161
18714 4 2 1 1 4599 22 21 446
18715 4 2 1 1 766 992 871 3407
18716 4 2 1 1 931 930 935 4567
18717 4 2 1 1 4089 931 928 764
18718 4 2 1 1 3617 1505 1287 43
18719 4 2 1 1 2728 3923 3922 4367
18720 4 2 1 1 3101 4030 3184 4486
18721 4 2 1 1 310 416 3926 4360
18722 4 2 1 1 3734 2652 3425 3032
18723 4 2 1 1 1630 3579 1717 4153
18724 4 2 1 1 1292 3396 1463 4336
18725 4 2 1 1 1209 1133 1025 3945
18726 4 2 1 1 1629 1621 1620 3737
18727 4 2 1 1 1776 4655 273 1986
18728 4 2 1 1 2529 4199 3610 4300
18729 4 2 1 1 2072 2069 2075 4339
18730 4 2 1 1 2574 3199 3740 4550
18731 4 2 1 1 4226 3349 4181 2783
18732 4 2 1 1 1294 4609 1511 1517
18733 4 2 1 1 1307 1305 1459 3664
18734 4 2 1 1 1332 1330 1331 3620
18735 4 2 1 1 2746 4297 3415 4545
18736 4 2 1 1 4080 1319 1317 2763
18737 4 2 1 1 4226 4181 3349 3264
18738 4 2 1 1 2091 2079 2080 3760
18739 4 2 1 1 581 658 659 4464
18740 4 2 1 1 3039 3541 2329 2639
18741 4 2 1 1 4474 3068 284 4187
18742 4 2 1 1 993 766 871 3407
18743 4 2 1 1 2604 3641 3331 4058
18744 4 2 1 1 2603 3338 3107 3950
18745 4 2 1 1 4339 3781 2067 4141
18746 4 2 1 1 3936 4120 3130 4411
18747 4 2 1 1 830 831 855 4192
18748 4 2 1 1 2460 2404 2870 2591
18749 4 2 1 1 2559 3194 4295 2658
18750 4 2 1 1 2677 3402 4033 4266
18751 4 2 1 1 1650 1649 1588 4476
18752 4 2 1 1 3127 2473 4265 4424
18753 4 2 1 1 513 107 106 4467
18754 4 2 1 1 1183 1240 1212 3170
18755 4 2 1 1 2734 3211 2489 2265
18756 4 2 1 1 2647 3606 2779 2778
18757 4 2 1 1 2066 2064 2157 3653
18758 4 2 1 1 1727 4457 1666 4278
18759 4 2 1 1 2473 2916 3648 3143
18760 4 2 1 1 1663 1662 1601 3437
18761 4 2 1 1 1007 932 945 4469
18762 4 2 1 1 457 378 458 3668
18763 4 2 1 1 2878 3224 2949 4394
18764 4 2 1 1 1172 1253 1109 3736
18765 4 2 1 1 2547 2717 3843 4410
18766 4 2 1 1 2074 2173 2070 3781
18767 4 2 1 1 691 3904 692 4329
18768 4 2 1 1 505 720 622 4500
18769 4 2 1 1 185 1468 184 4380
18770 4 2 1 1 2125 2086 2088 3706
18771 4 2 1 1 2735 3485 3424 4229
18772 4 2 1 1 2723 3030 3690 3839
18773 4 2 1 1 512 96 726 3416
18774 4 2 1 1 205 204 1274 4585
18775 4 2 1 1 2248 2175 2139 4081
18776 4 2 1 1 1720 1678 1669 4039
18777 4 2 1 1 2460 3516 3517 4117
18778 4 2 1 1 531 693 661 2593
18779 4 2 1 1 1949 1882 1948 3404
18780 4 2 1 1 4339 2067 3781 2070
18781 4 2 1 1 4550 4112 3485 2626
18782 4 2 1 1 2277 3728 3897 3956
18783 4 2 1 1 1603 1657 1658 3826
18784 4 2 1 1 4246 4307 3303 4308
18785 4 2 1 1 839 840 874 4502
18786 4 2 1 1 2269 3121 3924 3939
18787 4 2 1 1 2225 2224 194 3782
18788 4 2 1 1 2108 2094 2109 4341
18789 4 2 1 1 2423 3392 4111 2626
18790 4 2 1 1 277 4636 41 459
18791 4 2 1 1 2284 2824 3851 4107
18792 4 2 1 1 2940 2690 2624 4289
18793 4 2 1 1 4609 440 449 37
18794 4 2 1 1 2255 3044 2486 4240
18795 4 2 1 1 1221 194 1031 3782
18796 4 2 1 1 2227 2041 2221 3817
18797 4 2 1 1 1033 4643 1219 3490
18798 4 2 1 1 2256 2949 2850 2499
18799 4 2 1 1 2730 2862 2273 3344
18800 4 2 1 1 138 958 139 3577
18801 4 2 1 1 2586 2676 2297 4021
18802 4 2 1 1 318 411 312 4428
18803 4 2 1 1 2255 4560 2506 3032
18804 4 2 1 1 3174 3703 3336 4040
18805 4 2 1 1 2480 3227 4293 4408
18806 4 2 1 1 1219 3984 192 1009
18807 4 2 1 1 839 832 833 4502
18808 4 2 1 1 333 424 340 4059
18809 4 2 1 1 2278 3631 2837 4282
18810 4 2 1 1 2260 3306 3813 4088
18811 4 2 1 1 3173 3377 2268 2994
18812 4 2 1 1 2015 1906 1904 4233
18813 4 2 1 1 2839 4090 3393 4421
18814 4 2 1 1 772 957 917 3164
18815 4 2 1 1 1318 3048 1317 2763
18816 4 2 1 1 4526 4378 2819 2260
18817 4 2 1 1 2255 3614 3409 2493
18818 4 2 1 1 2274 2949 3224 4440
18819 4 2 1 1 2553 2714 3540 4566
18820 4 2 1 1 3474 2268 3016 2457
18821 4 2 1 1 432 466 454 4347
18822 4 2 1 1 2466 4041 3805 4376
18823 4 2 1 1 2211 2186 2229 4209
18824 4 2 1 1 1863 1942 1941 3446
18825 4 2 1 1 1594 1559 1655 4052
18826 4 2 1 1 2473 2916 3143 3919
18827 4 2 1 1 3049 3505 2874 3756
18828 4 2 1 1 446 291 455 3500
18829 4 2 1 1 2928 4282 3087 2963
18830 4 2 1 1 2259 2517 2774 4388
18831 4 2 1 1 1426 1418 1417 3742
18832 4 2 1 1 3485 4112 4550 3018
18833 4 2 1 1 2537 2794 2701 4387
18834 4 2 1 1 2862 2273 3344 3967
18835 4 2 1 1 2968 4072 3329 4239
18836 4 2 1 1 2540 4026 3385 4465
18837 4 2 1 1 2718 3901 3793 2544
18838 4 2 1 1 1062 1064 1063 3820
18839 4 2 1 1 1749 1741 1648 3858
18840 4 2 1 1 3389 4219 3648 4551
18841 4 2 1 1 412 3477 483 4333
18842 4 2 1 1 2284 2798 3244 3754
18843 4 2 1 1 2701 4388 3531 4435
18844 4 2 1 1 1853 1961 1860 3920
18845 4 2 1 1 2291 2805 3680 2778
18846 4 2 1 1 2574 3740 3018 4550
18847 4 2 1 1 2969 3626 2934 4118
18848 4 2 1 1 2187 2226 2228 3490
18849 4 2 1 1 3369 4372 3269 2275
18850 4 2 1 1 1310 1348 1349 4182
18851 4 2 1 1 2604 3604 3505 3756
18852 4 2 1 1 1984 3207 4516 1975
18853 4 2 1 1 2326 4076 2735 4229
18854 4 2 1 1 2632 2252 3218 4036
18855 4 2 1 1 490 4619 450 4048
18856 4 2 1 1 2506 2255 3032 4136
18857 4 2 1 1 1712 1666 1737 4457
18858 4 2 1 1 2259 2647 3110 4452
18859 4 2 1 1 1741 1531 210 4177
18860 4 2 1 1 2272 3338 2779 3641
18861 4 2 1 1 1072 1071 1070 4350
18862 4 2 1 1 2404 2663 4099 4440
18863 4 2 1 1 2714 2757 2685 4450
18864 4 2 1 1 1265 3170 1212 4561
18865 4 2 1 1 1349 1389 1398 4046
18866 4 2 1 1 3731 3540 2591 4363
18867 4 2 1 1 640 591 661 2593
18868 4 2 1 1 3065 3024 3338 3337
18869 4 2 1 1 1984 1975 4516 1794
18870 4 2 1 1 2263 3444 4064 4335
18871 4 2 1 1 727 688 4274 4321
18872 4 2 1 1 2223 2146 2189 4121
18873 4 2 1 1 1159 1106 1045 4050
18874 4 2 1 1 3825 4036 2889 4184
18875 4 2 1 1 1984 3207 1975 4312
18876 4 2 1 1 1469 4285 1297 4507
18877 4 2 1 1 2500 3221 4367 4426
18878 4 2 1 1 686 676 555 2815
18879 4 2 1 1 1601 2566 3437 3636
18880 4 2 1 1 2347 2577 3288 4446
18881 4 2 1 1 1293 1425 1464 4338
18882 4 2 1 1 1352 3935 3548 4382
18883 4 2 1 1 845 862 900 3675
18884 4 2 1 1 2317 2870 3010 4104
18885 4 2 1 1 1712 1572 1570 4012
18886 4 2 1 1 1382 3645 4528 4404
18887 4 2 1 1 2467 3722 2706 4359
18888 4 2 1 1 711 710 503 4190
18889 4 2 1 1 1720 1539 1678 4039
18890 4 2 1 1 2977 4174 1498 3778
18891 4 2 1 1 1601 2566 1713 3437
18892 4 2 1 1 3431 3814 2611 4462
18893 4 2 1 1 3764 2787 131 3510
18894 4 2 1 1 791 787 790 4317
18895 4 2 1 1 3072 4159 3865 4568
18896 4 2 1 1 545 544 543 4161
18897 4 2 1 1 260 259 1546 3864
18898 4 2 1 1 4493 2979 2646 4539
18899 4 2 1 1 2411 3833 3428 3974
18900 4 2 1 1 1600 1712 1570 4012
18901 4 2 1 1 1741 1749 1531 3858
18902 4 2 1 1 811 2741 812 3247
18903 4 2 1 1 942 829 819 3549
18904 4 2 1 1 1333 1332 1331 4470
18905 4 2 1 1 2512 3351 4217 4314
18906 4 2 1 1 3239 2441 3911 4165
18907 4 2 1 1 1424 1284 1464 3395
18908 4 2 1 1 1834 4218 1968 4291
18909 4 2 1 1 303 401 335 4109
18910 4 2 1 1 3607 3110 2989 2418
18911 4 2 1 1 146 147 1210 4139
18912 4 2 1 1 1750 4194 1739 4527
18913 4 2 1 1 392 300 353 4455
18914 4 2 1 1 876 765 963 4461
18915 4 2 1 1 4550 4556 4112 2328
18916 4 2 1 1 2550 3702 3908 4543
18917 4 2 1 1 937 854 938 3784
18918 4 2 1 1 2724 3382 4372 2499
18919 4 2 1 1 2828 2489 3056 4150
18920 4 2 1 1 697 515 751 4069
18921 4 2 1 1 2822 2254 2881 3759
18922 4 2 1 1 2254 3331 2663 4099
18923 4 2 1 1 3754 3232 2486 3044
18924 4 2 1 1 2557 3398 3076 4123
18925 4 2 1 1 2540 3234 4026 4153
18926 4 2 1 1 1778 1902 1927 4491
18927 4 2 1 1 1901 2013 3579 4061
18928 4 2 1 1 3473 3297 2308 2967
18929 4 2 1 1 2589 4025 3210 4459
18930 4 2 1 1 2271 2981 3011 3704
18931 4 2 1 1 624 684 676 4552
18932 4 2 1 1 3301 3897 2898 2700
18933 4 2 1 1 1313 1403 1406 4322
18934 4 2 1 1 1469 1297 1488 4507
18935 4 2 1 1 971 894 905 4206
18936 4 2 1 1 362 388 389 4304
18937 4 2 1 1 1699 1538 1750 4527
18938 4 2 1 1 2497 3417 4079 4485
18939 4 2 1 1 996 4265 837 944
18940 4 2 1 1 1050 1048 1115 3997
18941 4 2 1 1 3063 2425 3181 4559
18942 4 2 1 1 850 908 909 3414
18943 4 2 1 1 1065 1067 1110 4456
18944 4 2 1 1 2170 2157 2167 4156
18945 4 2 1 1 1046 1043 1044 4067
18946 4 2 1 1 2485 3176 3177 4493
18947 4 2 1 1 2650 4158 3105 4455
18948 4 2 1 1 100 101 4191 720
18949 4 2 1 1 2268 2457 2994 4094
18950 4 2 1 1 996 4265 944 3919
18951 4 2 1 1 2257 3186 3447 3064
18952 4 2 1 1 1947 4103 1882 1841
18953 4 2 1 1 2780 4258 4236 4434
18954 4 2 1 1 1650 1651 1652 4476
18955 4 2 1 1 2036 2147 2225 3984
18956 4 2 1 1 1107 1136 1052 3855
18957 4 2 1 1 3221 3266 3044 2474
18958 4 2 1 1 1478 2679 1278 4564
18959 4 2 1 1 549 604 551 3632
18960 4 2 1 1 2889 3352 3069 3825
18961 4 2 1 1 106 761 105 4467
18962 4 2 1 1 146 960 147 4139
18963 4 2 1 1 3215 3962 2697 2509
18964 4 2 1 1 2460 3517 3572 4117
18965 4 2 1 1 2253 2607 4358 4550
18966 4 2 1 1 1586 1587 4327 4541
18967 4 2 1 1 4106 4016 3533 2380
18968 4 2 1 1 406 4611 29 445
18969 4 2 1 1 2773 3997 3457 4345
18970 4 2 1 1 1097 1098 1088 3768
18971 4 2 1 1 440 4629 4654 4132
18972 4 2 1 1 1416 1352 1371 3548
18973 4 2 1 1 1292 198 197 4336
18974 4 2 1 1 857 855 866 4192
18975 4 2 1 1 559 560 558 3112
18976 4 2 1 1 1610 1608 1609 4444
18977 4 2 1 1 2271 3704 3011 4363
18978 4 2 1 1 2671 3976 3524 4451
18979 4 2 1 1 2471 3715 3372 4266
18980 4 2 1 1 3329 4072 2968 4118
18981 4 2 1 1 406 4611 445 2947
18982 4 2 1 1 667 669 668 3592
18983 4 2 1 1 355 354 348 3605
18984 4 2 1 1 1725 1666 1665 3519
18985 4 2 1 1 2268 3377 3173 4053
18986 4 2 1 1 944 932 4469 945
18987 4 2 1 1 1469 1275 218 4507
18988 4 2 1 1 930 836 3689 4567
18989 4 2 1 1 2883 3538 2484 4431
18990 4 2 1 1 542 543 544 4448
18991 4 2 1 1 3898 1273 1431 3208
18992 4 2 1 1 1039 1040 1041 4390
18993 4 2 1 1 2685 4115 3456 4377
18994 4 2 1 1 3571 2283 3843 4134
18995 4 2 1 1 650 509 696 3880
18996 4 2 1 1 3984 2225 2036 193
18997 4 2 1 1 67 4579 749 4521
18998 4 2 1 1 3780 4300 2456 4540
18999 4 2 1 1 2634 4194 3191 4527
19000 4 2 1 1 462 441 4656 4479
19001 4 2 1 1 313 310 416 3926
19002 4 2 1 1 2800 4119 4314 4473
19003 4 2 1 1 448 4607 56 280
19004 4 2 1 1 3764 131 2787 929
19005 4 2 1 1 2404 4099 2949 4440
19006 4 2 1 1 3938 1283 1493 2661
19007 4 2 1 1 544 571 656 4448
19008 4 2 1 1 2498 3970 3969 4076
19009 4 2 1 1 2685 2757 2714 2293
19010 4 2 1 1 1951 1881 2006 3624
19011 4 2 1 1 1947 1882 4103 3412
19012 4 2 1 1 260 4657 2029 3864
19013 4 2 1 1 2253 2607 2961 3827
19014 4 2 1 1 1711 4128 1708 4545
19015 4 2 1 1 2135 2056 2054 2978
19016 4 2 1 1 1291 224 223 4573
19017 4 2 1 1 2810 1882 4103 1841
19018 4 2 1 1 215 1536 214 4227
19019 4 2 1 1 3060 4095 3943 4544
19020 4 2 1 1 2613 4058 3065 4511
19021 4 2 1 1 710 106 105 4467
19022 4 2 1 1 1061 1109 1206 4553
19023 4 2 1 1 1225 1207 1147 3478
19024 4 2 1 1 2269 3245 2869 3949
19025 4 2 1 1 2582 4178 3456 4450
19026 4 2 1 1 4451 2805 2640 4309
19027 4 2 1 1 4550 4556 2328 3740
19028 4 2 1 1 2874 3505 3860 4399
19029 4 2 1 1 4528 1494 1376 1520
19030 4 2 1 1 2474 3221 2896 3754
19031 4 2 1 1 2002 2003 1797 3937
19032 4 2 1 1 2640 4138 3620 4487
19033 4 2 1 1 3326 4100 2929 4161
19034 4 2 1 1 1613 1707 1612 3761
19035 4 2 1 1 2207 4632 228 4621
19036 4 2 1 1 1892 1891 1893 4364
19037 4 2 1 1 2265 3218 3097 4036
19038 4 2 1 1 2847 4163 3466 3018
19039 4 2 1 1 2542 4305 3477 4466
19040 4 2 1 1 351 435 387 3533
19041 4 2 1 1 2267 2664 2528 3004
19042 4 2 1 1 4036 2764 3016 3474
19043 4 2 1 1 3865 4159 2292 4568
19044 4 2 1 1 2255 2287 2953 3681
19045 4 2 1 1 1725 1727 1666 4278
19046 4 2 1 1 1101 1099 1100 2705
19047 4 2 1 1 3350 4489 4315 4490
19048 4 2 1 1 1435 1447 1496 2977
19049 4 2 1 1 2810 4103 1882 3412
19050 4 2 1 1 305 401 303 3035
19051 4 2 1 1 1362 1359 1363 3779
19052 4 2 1 1 694 635 591 3638
19053 4 2 1 1 1266 228 4621 1482
19054 4 2 1 1 2297 3398 3076 2514
19055 4 2 1 1 4075 3420 4076 2364
19056 4 2 1 1 2208 4668 156 4593
19057 4 2 1 1 579 4035 671 4419
19058 4 2 1 1 2881 3759 3705 2822
19059 4 2 1 1 1533 2936 1633 3208
19060 4 2 1 1 1114 1245 1122 3878
19061 4 2 1 1 135 136 4590 757
19062 4 2 1 1 2619 3226 2364 3476
19063 4 2 1 1 2243 2240 2204 3601
19064 4 2 1 1 2856 4043 2857 3016
19065 4 2 1 1 2429 2305 3032 4534
19066 4 2 1 1 2441 4042 3735 4165
19067 4 2 1 1 2687 3813 3409 4298
19068 4 2 1 1 4451 2640 2805 3090
19069 4 2 1 1 2470 4128 3415 4297
19070 4 2 1 1 2280 3325 2620 4560
19071 4 2 1 1 1934 2020 1937 3475
19072 4 2 1 1 2928 3047 2543 4303
19073 4 2 1 1 692 71 499 4329
19074 4 2 1 1 2441 3356 4042 4165
19075 4 2 1 1 1059 1060 1061 3697
19076 4 2 1 1 689 682 683 4017
19077 4 2 1 1 2877 3431 3576 2793
19078 4 2 1 1 2123 2140 2107 3460
19079 4 2 1 1 2438 3721 3550 4362
19080 4 2 1 1 1221 193 194 3782
19081 4 2 1 1 2537 2700 2259 4223
19082 4 2 1 1 2664 4183 4036 4184
19083 4 2 1 1 4480 3643 2528 3004
19084 4 2 1 1 599 733 628 4005
19085 4 2 1 1 2578 2883 2257 2577
19086 4 2 1 1 3705 3759 2881 2339
19087 4 2 1 1 1583 1688 1590 3811
19088 4 2 1 1 401 305 314 3035
19089 4 2 1 1 821 822 823 3666
19090 4 2 1 1 313 416 317 3926
19091 4 2 1 1 4610 2052 2042 124
19092 4 2 1 1 295 4594 285 20
19093 4 2 1 1 2757 2871 2582 4244
19094 4 2 1 1 2738 3810 2504 4088
19095 4 2 1 1 1182 1108 1184 3693
19096 4 2 1 1 3651 4509 3085 2706
19097 4 2 1 1 3211 3150 2862 4418
19098 4 2 1 1 1669 1609 1668 4269
19099 4 2 1 1 2364 3226 3079 3476
19100 4 2 1 1 2317 2870 4104 2904
19101 4 2 1 1 2663 3331 3953 4157
19102 4 2 1 1 3651 3085 4509 2286
19103 4 2 1 1 2333 2898 3045 2700
19104 4 2 1 1 3449 3085 4509 2706
19105 4 2 1 1 1447 1498 1283 2977
19106 4 2 1 1 2446 3513 4007 4049
19107 4 2 1 1 612 498 626 3354
19108 4 2 1 1 2251 2367 2555 4223
19109 4 2 1 1 3425 3895 2641 2429
19110 4 2 1 1 2652 3895 3425 2429
19111 4 2 1 1 2272 3065 3338 3641
19112 4 2 1 1 3415 4297 4128 4545
19113 4 2 1 1 2253 3810 2504 3827
19114 4 2 1 1 2273 2734 2862 3218
19115 4 2 1 1 875 954 769 3480
19116 4 2 1 1 215 214 1470 4227
19117 4 2 1 1 1338 1337 1334 3829
19118 4 2 1 1 102 714 103 4273
19119 4 2 1 1 3449 4509 3085 2286
19120 4 2 1 1 3213 2554 4327 4541
19121 4 2 1 1 2253 2607 3482 4358
19122 4 2 1 1 476 4607 280 2966
19123 4 2 1 1 1834 1880 1968 4218
19124 4 2 1 1 3970 4075 3969 4076
19125 4 2 1 1 1598 1682 3896 4405
19126 4 2 1 1 2468 3821 4047 4050
19127 4 2 1 1 1404 1480 1403 3508
19128 4 2 1 1 2154 4651 2035 2217
19129 4 2 1 1 2033 1936 1780 4140
19130 4 2 1 1 1986 2025 1776 3380
19131 4 2 1 1 2095 2090 2089 3828
19132 4 2 1 1 2464 3854 3555 4320
19133 4 2 1 1 1661 1564 1601 3636
19134 4 2 1 1 3610 4199 3116 4300
19135 4 2 1 1 3449 2442 4308 3702
19136 4 2 1 1 2953 3268 2952 3681
19137 4 2 1 1 968 859 877 4400
19138 4 2 1 1 2551 3146 4141 4342
19139 4 2 1 1 94 729 506 4293
19140 4 2 1 1 2255 3614 2493 2287
19141 4 2 1 1 2275 3269 2871 4372
19142 4 2 1 1 441 470 4187 4479
19143 4 2 1 1 2253 2710 2575 3485
19144 4 2 1 1 820 818 836 3689
19145 4 2 1 1 1690 3881 1691 4375
19146 4 2 1 1 631 742 633 3699
19147 4 2 1 1 3735 3911 2441 4165
19148 4 2 1 1 2154 4651 2217 3819
19149 4 2 1 1 3508 4322 2673 4513
19150 4 2 1 1 3817 2198 2041 276
19151 4 2 1 1 3214 3387 877 2788
19152 4 2 1 1 1254 1034 1125 3588
19153 4 2 1 1 1481 4487 1441 3209
19154 4 2 1 1 2574 3723 2573 3724
19155 4 2 1 1 186 1284 185 4380
19156 4 2 1 1 3969 3970 2731 4075
19157 4 2 1 1 4618 4597 3308 1004
19158 4 2 1 1 295 4599 21 446
19159 4 2 1 1 2092 2158 2060 3497
19160 4 2 1 1 3919 4265 2473 4424
19161 4 2 1 1 460 397 461 3708
19162 4 2 1 1 2670 4148 2815 4449
19163 4 2 1 1 3214 877 3387 969
19164 4 2 1 1 1133 1214 1025 3945
19165 4 2 1 1 1040 1215 1222 3750
19166 4 2 1 1 2498 3172 3810 4076
19167 4 2 1 1 1965 1964 1946 4359
19168 4 2 1 1 3680 2805 4068 4309
19169 4 2 1 1 850 907 908 4331
19170 4 2 1 1 1744 1699 1698 3512
19171 4 2 1 1 4158 4455 2650 4484
19172 4 2 1 1 279 4671 33 468
19173 4 2 1 1 482 385 474 3986
19174 4 2 1 1 1614 1612 1615 3902
19175 4 2 1 1 3013 2269 4417 4418
19176 4 2 1 1 585 586 584 3918
19177 4 2 1 1 959 964 881 3981
19178 4 2 1 1 934 852 824 3334
19179 4 2 1 1 2340 3799 2940 2690
19180 4 2 1 1 2268 2857 2967 3016
19181 4 2 1 1 2883 3189 2983 3607
19182 4 2 1 1 2723 2367 3366 3690
19183 4 2 1 1 392 4158 393 4484
19184 4 2 1 1 2258 2860 2959 3799
19185 4 2 1 1 2350 3604 3336 3756
19186 4 2 1 1 1761 1747 1547 3234
19187 4 2 1 1 4526 4378 2260 2749
19188 4 2 1 1 2485 3558 2789 4430
19189 4 2 1 1 2328 3849 4112 4550
19190 4 2 1 1 812 943 837 4265
19191 4 2 1 1 1581 1583 1590 3811
19192 4 2 1 1 716 516 737 3455
19193 4 2 1 1 1176 1015 1255 4235
19194 4 2 1 1 3727 2543 2266 3091
19195 4 2 1 1 212 3698 213 1532
19196 4 2 1 1 213 3698 212 1462
19197 4 2 1 1 2327 3199 4358 4572
19198 4 2 1 1 1183 1212 1265 3170
19199 4 2 1 1 4096 2260 2814 2410
19200 4 2 1 1 4198 4056 1263 2742
19201 4 2 1 1 2272 2906 3065 3845
19202 4 2 1 1 2578 2285 3090 4452
19203 4 2 1 1 964 1000 865 3981
19204 4 2 1 1 2782 3211 2489 4202
19205 4 2 1 1 1128 1022 1039 4135
19206 4 2 1 1 1168 1251 134 4469
19207 4 2 1 1 384 370 414 4333
19208 4 2 1 1 948 827 940 3832
19209 4 2 1 1 910 903 826 4086
19210 4 2 1 1 2502 3239 3911 4165
19211 4 2 1 1 1390 1361 1397 4066
19212 4 2 1 1 1343 1448 1443 3534
19213 4 2 1 1 1864 1902 1926 4562
19214 4 2 1 1 2129 2096 2191 4226
19215 4 2 1 1 2418 2624 3558 3607
19216 4 2 1 1 2251 2852 3603 3641
19217 4 2 1 1 1898 1900 1885 4465
19218 4 2 1 1 2253 4358 2574 4550
19219 4 2 1 1 2259 3060 3059 3110
19220 4 2 1 1 76 75 1981 4299
19221 4 2 1 1 4036 3016 2764 2632
19222 4 2 1 1 2320 3337 3065 2613
19223 4 2 1 1 855 831 856 3942
19224 4 2 1 1 2058 2060 2059 3718
19225 4 2 1 1 2265 2632 3218 4036
19226 4 2 1 1 2537 3956 2700 4014
19227 4 2 1 1 1155 1147 1156 4078
19228 4 2 1 1 2257 2777 3186 3064
19229 4 2 1 1 1291 1506 1515 3623
19230 4 2 1 1 440 4629 4132 283
19231 4 2 1 1 2294 3287 4430 2789
19232 4 2 1 1 1759 4010 1763 4352
19233 4 2 1 1 2256 2949 2502 2987
19234 4 2 1 1 2333 4095 2700 4544
19235 4 2 1 1 3060 2700 4095 4544
19236 4 2 1 1 1926 1924 1872 4562
19237 4 2 1 1 887 884 847 3575
19238 4 2 1 1 2818 2819 2322 3597
19239 4 2 1 1 485 4609 3980 4132
19240 4 2 1 1 574 542 656 4448
19241 4 2 1 1 2512 4245 4217 4421
19242 4 2 1 1 808 807 806 4547
19243 4 2 1 1 2814 3306 4298 2260
19244 4 2 1 1 1901 1884 2013 4061
19245 4 2 1 1 1011 1210 147 4139
19246 4 2 1 1 1963 1964 1965 4359
19247 4 2 1 1 2814 4445 4096 2410
19248 4 2 1 1 2280 2506 3325 4560
19249 4 2 1 1 3586 3743 2367 4152
19250 4 2 1 1 1613 3983 1670 4546
19251 4 2 1 1 2262 2591 3540 3603
19252 4 2 1 1 3419 4386 2689 4532
19253 4 2 1 1 2922 3357 3241 3759
19254 4 2 1 1 3170 4328 2865 4561
19255 4 2 1 1 4096 4445 2814 2772
19256 4 2 1 1 3520 2282 4016 4537
19257 4 2 1 1 1344 1321 3197 4565
19258 4 2 1 1 2321 3033 3325 4524
19259 4 2 1 1 2050 2245 2247 3710
19260 4 2 1 1 1867 1865 1866 3378
19261 4 2 1 1 63 515 697 4069
19262 4 2 1 1 2646 2989 2485 4539
19263 4 2 1 1 2613 4510 2881 4511
19264 4 2 1 1 944 943 918 3143
19265 4 2 1 1 841 952 843 4280
19266 4 2 1 1 2272 2604 3065 3641
19267 4 2 1 1 2700 2537 4014 4223
19268 4 2 1 1 3884 4305 2542 4466
19269 4 2 1 1 650 621 582 3975
19270 4 2 1 1 3204 3964 3962 2338
19271 4 2 1 1 1200 1202 1085 2547
19272 4 2 1 1 2578 3090 4451 4452
19273 4 2 1 1 310 409 416 4360
19274 4 2 1 1 1501 1451 1518 3951
19275 4 2 1 1 690 688 689 4274
19276 4 2 1 1 863 906 880 3685
19277 4 2 1 1 1586 1591 1587 4541
19278 4 2 1 1 1622 1633 1625 4010
19279 4 2 1 1 534 533 530 3783
19280 4 2 1 1 756 102 103 4273
19281 4 2 1 1 1431 1273 1471 3208
19282 4 2 1 1 1042 1045 1106 4047
19283 4 2 1 1 2140 2123 2222 3460
19284 4 2 1 1 4307 3303 4186 4292
19285 4 2 1 1 1324 1322 1323 3020
19286 4 2 1 1 2701 3058 3531 4387
19287 4 2 1 1 2222 2242 2040 3315
19288 4 2 1 1 2291 3680 4024 2778
19289 4 2 1 1 664 603 617 4079
19290 4 2 1 1 3897 4308 2442 4151
19291 4 2 1 1 4307 4186 3303 2296
19292 4 2 1 1 2218 4021 2154 3819
19293 4 2 1 1 2734 3211 2381 3150
19294 4 2 1 1 2981 3505 3331 3953
19295 4 2 1 1 1606 1679 1642 4073
19296 4 2 1 1 1434 1496 1456 3938
19297 4 2 1 1 2839 3393 4245 4421
19298 4 2 1 1 1800 1999 2019 3385
19299 4 2 1 1 2615 4214 3288 4395
19300 4 2 1 1 3519 4278 3155 3238
19301 4 2 1 1 3331 3953 2604 4511
19302 4 2 1 1 4298 3306 2772 3180
19303 4 2 1 1 1698 1751 1746 3694
19304 4 2 1 1 2312 4025 3211 4202
19305 4 2 1 1 998 933 927 3764
19306 4 2 1 1 2364 3810 2504 4076
19307 4 2 1 1 2689 3979 3419 4532
19308 4 2 1 1 2729 3806 2256 4170
19309 4 2 1 1 2154 4021 2218 2132
19310 4 2 1 1 2812 4300 3780 4540
19311 4 2 1 1 2934 3190 4301 2329
19312 4 2 1 1 408 4653 288 44
19313 4 2 1 1 2797 3869 3640 4357
19314 4 2 1 1 3619 4052 2483 4237
19315 4 2 1 1 1251 1167 1016 4570
19316 4 2 1 1 298 299 297 3669
19317 4 2 1 1 1479 1478 206 3982
19318 4 2 1 1 255 1807 254 4279
19319 4 2 1 1 4417 2359 2730 3200
19320 4 2 1 1 365 464 425 4474
19321 4 2 1 1 1971 1831 1937 4385
19322 4 2 1 1 2971 4205 4176 4318
19323 4 2 1 1 1146 1116 1143 2639
19324 4 2 1 1 3485 4076 2626 4229
19325 4 2 1 1 1170 4198 1169 1014
19326 4 2 1 1 4615 404 52 287
19327 4 2 1 1 1161 1090 1160 4044
19328 4 2 1 1 2781 4016 3762 4537
19329 4 2 1 1 3906 3229 1073 1075
19330 4 2 1 1 1792 1956 2010 3000
19331 4 2 1 1 1530 255 254 4279
19332 4 2 1 1 2259 3059 3058 3578
19333 4 2 1 1 2644 2489 3211 4202
19334 4 2 1 1 1188 1190 1191 4013
19335 4 2 1 1 1008 955 4253 4561
19336 4 2 1 1 424 422 340 4420
19337 4 2 1 1 2498 3810 3970 4076
19338 4 2 1 1 3615 4312 2691 4497
19339 4 2 1 1 2953 3266 3044 4512
19340 4 2 1 1 837 943 944 4265
19341 4 2 1 1 2325 3562 2934 3724
19342 4 2 1 1 393 353 394 4158
19343 4 2 1 1 963 3591 771 953
19344 4 2 1 1 1740 1552 1641 4503
19345 4 2 1 1 2404 2460 2949 2499
19346 4 2 1 1 4014 2537 3167 4223
19347 4 2 1 1 1429 1495 1428 4389
19348 4 2 1 1 2814 3306 2260 4096
19349 4 2 1 1 406 4600 286 28
19350 4 2 1 1 3033 3614 2287 4514
19351 4 2 1 1 4064 2958 3079 2263
19352 4 2 1 1 940 827 939 3832
19353 4 2 1 1 1546 4652 1770 3864
19354 4 2 1 1 4616 26 25 453
19355 4 2 1 1 427 359 325 4204
19356 4 2 1 1 4064 2958 2263 4335
19357 4 2 1 1 2255 3409 3032 3734
19358 4 2 1 1 2308 3258 2905 3473
19359 4 2 1 1 1542 1765 1775 3986
19360 4 2 1 1 4452 3578 2671 3976
19361 4 2 1 1 2274 2927 2904 4440
19362 4 2 1 1 2838 3758 2822 3759
19363 4 2 1 1 2907 3266 3923 2474
19364 4 2 1 1 968 877 759 4400
19365 4 2 1 1 1066 1067 1065 4456
19366 4 2 1 1 3287 4289 4391 4430
19367 4 2 1 1 326 413 411 4398
19368 4 2 1 1 2562 3897 3728 3956
19369 4 2 1 1 1031 3439 3315 1218
19370 4 2 1 1 1153 1253 1019 4007
19371 4 2 1 1 1997 1803 1912 3817
19372 4 2 1 1 1998 2027 60 4187
19373 4 2 1 1 2491 4035 3570 4419
19374 4 2 1 1 2284 3590 4107 4316
19375 4 2 1 1 1111 1182 1181 4337
19376 4 2 1 1 2367 3824 2723 4014
19377 4 2 1 1 2992 2922 2543 4303
19378 4 2 1 1 2169 2171 2141 4373
19379 4 2 1 1 2019 4026 2014 4465
19380 4 2 1 1 344 429 342 2596
19381 4 2 1 1 2960 3279 2827 3806
19382 4 2 1 1 1031 3439 1218 1257
19383 4 2 1 1 1180 1111 1181 4337
19384 4 2 1 1 2604 2976 3504 3845
19385 4 2 1 1 4609 440 37 4654
19386 4 2 1 1 2933 3562 2847 3714
19387 4 2 1 1 1471 1285 3866 4352
19388 4 2 1 1 1689 1691 1690 3881
19389 4 2 1 1 2904 4440 2870 4441
19390 4 2 1 1 3004 3650 2616 4267
19391 4 2 1 1 2582 2262 3382 4551
19392 4 2 1 1 4301 3727 2329 3529
19393 4 2 1 1 2254 3331 4058 4511
19394 4 2 1 1 2363 4124 3488 4506
19395 4 2 1 1 4400 783 882 3082
19396 4 2 1 1 4400 882 783 968
19397 4 2 1 1 3399 3979 2689 4532
19398 4 2 1 1 2253 2504 3810 4076
19399 4 2 1 1 2364 3079 2750 3476
19400 4 2 1 1 3055 1645 1649 1660
19401 4 2 1 1 2779 3950 3237 2555
19402 4 2 1 1 2112 2114 2122 2599
19403 4 2 1 1 4126 4146 3189 4446
19404 4 2 1 1 2646 3222 2276 3558
19405 4 2 1 1 391 458 378 4471
19406 4 2 1 1 999 776 879 4453
19407 4 2 1 1 3607 2989 3110 2257
19408 4 2 1 1 2632 2265 2764 4036
19409 4 2 1 1 2219 2183 2047 3996
19410 4 2 1 1 4652 2161 2044 268
19411 4 2 1 1 85 702 84 4275
19412 4 2 1 1 85 84 1983 4275
19413 4 2 1 1 2883 2257 3189 3607
19414 4 2 1 1 1188 1089 1190 4013
19415 4 2 1 1 76 629 75 4299
19416 4 2 1 1 1510 1382 1520 4528
19417 4 2 1 1 2036 2226 2147 3984
19418 4 2 1 1 2215 2214 2035 4393
19419 4 2 1 1 2025 1986 1940 3380
19420 4 2 1 1 3906 1073 3229 2597
19421 4 2 1 1 2274 2460 4440 4441
19422 4 2 1 1 2827 2960 2828 4149
19423 4 2 1 1 3287 4289 3800 4391
19424 4 2 1 1 199 3115 1285 4352
19425 4 2 1 1 2870 4440 2460 4441
19426 4 2 1 1 787 882 784 4356
19427 4 2 1 1 90 89 521 4087
19428 4 2 1 1 2404 3331 2852 4099
19429 4 2 1 1 1063 1228 1109 4553
19430 4 2 1 1 3060 3471 4095 2700
19431 4 2 1 1 3393 3848 3172 2626
19432 4 2 1 1 3580 3581 2528 3598
19433 4 2 1 1 2307 4193 3178 4522
19434 4 2 1 1 1293 3149 1507 1425
19435 4 2 1 1 3754 3232 3044 2798
19436 4 2 1 1 208 1538 207 4564
19437 4 2 1 1 2278 4282 3847 4303
19438 4 2 1 1 2504 3420 2364 4076
19439 4 2 1 1 2697 3962 3964 2338
19440 4 2 1 1 2968 4072 3974 4118
19441 4 2 1 1 3302 3729 2442 3897
19442 4 2 1 1 862 863 864 4131
19443 4 2 1 1 441 462 470 4479
19444 4 2 1 1 1951 1950 1881 3624
19445 4 2 1 1 3868 3211 2862 4418
19446 4 2 1 1 1754 1626 1659 4422
19447 4 2 1 1 2268 3377 3573 2994
19448 4 2 1 1 757 135 945 4469
19449 4 2 1 1 2510 3114 4185 4413
19450 4 2 1 1 2408 4315 4489 4490
19451 4 2 1 1 2254 2852 3331 4099
19452 4 2 1 1 2367 4014 2555 4223
19453 4 2 1 1 2498 3393 3172 2626
19454 4 2 1 1 1285 3115 199 1463
19455 4 2 1 1 2697 3962 2338 2509
19456 4 2 1 1 2263 4064 3444 4065
19457 4 2 1 1 165 166 4586 1244
19458 4 2 1 1 1584 1680 1686 3992
19459 4 2 1 1 2626 4112 3849 4550
19460 4 2 1 1 499 72 733 3464
19461 4 2 1 1 4649 32 31 471
19462 4 2 1 1 4598 60 284 4187
19463 4 2 1 1 2261 3063 3690 4259
19464 4 2 1 1 2642 3737 4153 4522
19465 4 2 1 1 631 3280 510 3748
19466 4 2 1 1 3573 3738 2637 4512
19467 4 2 1 1 4475 2979 2369 3006
19468 4 2 1 1 4202 2915 2782 3274
19469 4 2 1 1 2477 4176 4205 4318
19470 4 2 1 1 752 1001 965 4438
19471 4 2 1 1 2325 2847 3562 3724
19472 4 2 1 1 578 682 559 3767
19473 4 2 1 1 3762 4016 2781 4106
19474 4 2 1 1 3409 3813 4088 2260
19475 4 2 1 1 2510 4185 3717 4413
19476 4 2 1 1 4656 717 4479 748
19477 4 2 1 1 2404 3331 2591 3603
19478 4 2 1 1 985 940 923 4478
19479 4 2 1 1 100 721 720 3691
19480 4 2 1 1 992 855 856 3942
19481 4 2 1 1 2269 3924 3245 3939
19482 4 2 1 1 1506 1288 231 3623
19483 4 2 1 1 2969 4213 2926 4301
19484 4 2 1 1 1249 162 161 4132
19485 4 2 1 1 3274 2782 4202 2312
19486 4 2 1 1 2258 2624 2418 4152
19487 4 2 1 1 2856 4043 3016 3224
19488 4 2 1 1 1738 1700 1739 4194
19489 4 2 1 1 1422 1420 1421 4119
19490 4 2 1 1 1552 1721 1550 3846
19491 4 2 1 1 1660 1565 1588 3055
19492 4 2 1 1 2296 3303 4307 4308
19493 4 2 1 1 2257 2696 3447 4446
19494 4 2 1 1 2543 2922 2388 3847
19495 4 2 1 1 2506 3614 3325 4560
19496 4 2 1 1 1854 1852 1876 3722
19497 4 2 1 1 1591 1619 1620 3870
19498 4 2 1 1 437 438 365 3801
19499 4 2 1 1 1958 1957 1909 3787
19500 4 2 1 1 2805 2647 4452 3174
19501 4 2 1 1 960 754 147 4139
19502 4 2 1 1 2333 4095 3301 2700
19503 4 2 1 1 1148 1138 1107 3894
19504 4 2 1 1 4475 2369 2979 2893
19505 4 2 1 1 1813 1815 1816 4411
19506 4 2 1 1 997 774 979 3500
19507 4 2 1 1 2511 3558 3113 3659
19508 4 2 1 1 4493 2646 2979 4492
19509 4 2 1 1 3004 3218 2528 4480
19510 4 2 1 1 4311 3637 2294 2789
19511 4 2 1 1 2634 3191 4518 4527
19512 4 2 1 1 2489 2862 2734 3218
19513 4 2 1 1 3274 3182 4202 2828
19514 4 2 1 1 1875 1895 1894 4225
19515 4 2 1 1 2993 3474 2889 3825
19516 4 2 1 1 757 957 136 4056
19517 4 2 1 1 2402 4397 3442 4548
19518 4 2 1 1 707 526 700 3757
19519 4 2 1 1 138 1246 1029 3577
19520 4 2 1 1 4605 60 2027 4187
19521 4 2 1 1 1438 1485 1440 3744
19522 4 2 1 1 2480 4293 3639 4408
19523 4 2 1 1 658 711 659 4464
19524 4 2 1 1 2574 2710 3724 4032
19525 4 2 1 1 1772 1549 1766 4062
19526 4 2 1 1 1903 1793 1930 4313
19527 4 2 1 1 2072 2075 2079 3808
19528 4 2 1 1 2287 2643 4325 4514
19529 4 2 1 1 4202 3182 3274 2312
19530 4 2 1 1 1170 4590 1014 136
19531 4 2 1 1 2856 3016 2268 3330
19532 4 2 1 1 737 618 732 4114
19533 4 2 1 1 1062 1090 1064 3820
19534 4 2 1 1 2499 2724 4092 4372
19535 4 2 1 1 2126 2180 2172 4004
19536 4 2 1 1 4237 4315 4052 2483
19537 4 2 1 1 3825 4325 4184 3352
19538 4 2 1 1 2332 2850 2724 4092
19539 4 2 1 1 1347 1310 1309 4525
19540 4 2 1 1 2068 2166 2178 2680
19541 4 2 1 1 2254 2388 3758 4494
19542 4 2 1 1 2258 2418 2624 3558
19543 4 2 1 1 574 656 750 3566
19544 4 2 1 1 2882 4126 3189 4446
19545 4 2 1 1 4052 4315 4237 3563
19546 4 2 1 1 199 1285 200 4352
19547 4 2 1 1 2654 2270 3482 2693
19548 4 2 1 1 2254 2822 3200 4494
19549 4 2 1 1 4466 1624 4305 1631
19550 4 2 1 1 1776 4655 1986 3380
19551 4 2 1 1 1511 1294 1503 3980
19552 4 2 1 1 3049 3540 2591 3603
19553 4 2 1 1 462 3259 290 426
19554 4 2 1 1 3726 4160 2478 4383
19555 4 2 1 1 2967 3016 2764 3474
19556 4 2 1 1 2554 3213 4327 4334
19557 4 2 1 1 449 293 488 3980
19558 4 2 1 1 919 3872 920 3250
19559 4 2 1 1 441 284 60 4187
19560 4 2 1 1 2053 2055 2212 4272
19561 4 2 1 1 2687 3409 3032 4560
19562 4 2 1 1 2252 2457 2664 4036
19563 4 2 1 1 833 789 883 4409
19564 4 2 1 1 2145 2119 2146 3124
19565 4 2 1 1 406 4600 28 4578
19566 4 2 1 1 998 131 130 4235
19567 4 2 1 1 1185 1069 1093 3842
19568 4 2 1 1 1905 1906 1907 4233
19569 4 2 1 1 130 1015 129 4235
19570 4 2 1 1 130 129 763 4235
19571 4 2 1 1 3185 3020 2592 4565
19572 4 2 1 1 437 348 431 2747
19573 4 2 1 1 2883 2983 3571 4431
19574 4 2 1 1 2934 3190 2969 4301
19575 4 2 1 1 4065 4489 3350 4490
19576 4 2 1 1 4590 1168 135 4469
19577 4 2 1 1 2485 2789 3558 4311
19578 4 2 1 1 1915 1878 1991 3882
19579 4 2 1 1 462 3259 426 4479
19580 4 2 1 1 3623 2165 2045 232
19581 4 2 1 1 553 550 552 4148
19582 4 2 1 1 765 781 111 4532
19583 4 2 1 1 4624 1805 2029 3864
19584 4 2 1 1 2723 3366 3062 3690
19585 4 2 1 1 1230 4044 4084 1161
19586 4 2 1 1 95 758 94 4563
19587 4 2 1 1 2485 2989 3607 4539
19588 4 2 1 1 1033 190 191 4626
19589 4 2 1 1 643 535 540 4207
19590 4 2 1 1 1733 1674 1768 3601
19591 4 2 1 1 2418 3110 2989 4555
19592 4 2 1 1 2257 3447 3186 2577
19593 4 2 1 1 1230 4044 1161 1157
19594 4 2 1 1 940 985 949 3587
19595 4 2 1 1 349 327 433 4098
19596 4 2 1 1 2408 4489 3291 4490
19597 4 2 1 1 1059 1057 1058 3652
19598 4 2 1 1 3150 2767 2323 3211
19599 4 2 1 1 1257 1218 1121 3439
19600 4 2 1 1 1177 3261 1186 2854
19601 4 2 1 1 2281 3677 4188 4353
19602 4 2 1 1 3454 4219 3388 4566
19603 4 2 1 1 3642 4092 2937 3806
19604 4 2 1 1 2273 2971 3003 4480
19605 4 2 1 1 2937 3642 3806 2393
19606 4 2 1 1 3029 3371 2296 3743
19607 4 2 1 1 2276 3222 3113 3558
19608 4 2 1 1 1369 1374 1380 4001
19609 4 2 1 1 2294 2871 2757 4430
19610 4 2 1 1 1647 212 1532 3698
19611 4 2 1 1 4311 2294 3637 3177
19612 4 2 1 1 2281 3226 2731 3970
19613 4 2 1 1 1445 1339 1328 3622
19614 4 2 1 1 2644 3181 4025 4200
19615 4 2 1 1 672 673 671 4035
19616 4 2 1 1 3922 4300 3116 4540
19617 4 2 1 1 1070 1068 1187 4255
19618 4 2 1 1 1366 1365 1376 3645
19619 4 2 1 1 2398 3703 4130 2688
19620 4 2 1 1 1970 1916 1891 4557
19621 4 2 1 1 4302 3642 3806 2849
19622 4 2 1 1 1302 1385 1305 3774
19623 4 2 1 1 2259 4387 2537 4388
19624 4 2 1 1 1021 1197 4045 1243
19625 4 2 1 1 930 836 818 3689
19626 4 2 1 1 2254 2852 4099 4494
19627 4 2 1 1 2259 3110 3059 3578
19628 4 2 1 1 1795 1981 1935 4022
19629 4 2 1 1 1265 1028 4328 4561
19630 4 2 1 1 1852 1876 4359 1965
19631 4 2 1 1 2562 3743 4307 4308
19632 4 2 1 1 2591 3331 3049 3603
19633 4 2 1 1 1387 1495 1492 2999
19634 4 2 1 1 1493 1456 1496 3938
19635 4 2 1 1 1912 1801 1997 3817
19636 4 2 1 1 622 2864 719 4500
19637 4 2 1 1 1557 1638 1560 3080
19638 4 2 1 1 1997 275 276 3817
19639 4 2 1 1 842 843 844 3780
19640 4 2 1 1 1667 1642 1679 4073
19641 4 2 1 1 1913 1989 1809 4002
19642 4 2 1 1 4628 2163 2043 160
19643 4 2 1 1 1374 1369 1367 4001
19644 4 2 1 1 3474 2268 2457 2994
19645 4 2 1 1 1691 1689 1757 3881
19646 4 2 1 1 3519 246 1725 4278
19647 4 2 1 1 506 95 94 4563
19648 4 2 1 1 1162 1163 1235 4084
19649 4 2 1 1 4582 88 87 522
19650 4 2 1 1 4302 3806 3642 2393
19651 4 2 1 1 4656 462 13 441
19652 4 2 1 1 2279 2743 3167 2537
19653 4 2 1 1 1495 1387 1428 2999
19654 4 2 1 1 986 955 778 4253
19655 4 2 1 1 392 393 399 4484
19656 4 2 1 1 2278 2838 3357 3847
19657 4 2 1 1 1382 3645 4404 1366
19658 4 2 1 1 485 449 488 3980
19659 4 2 1 1 1125 1034 1123 3588
19660 4 2 1 1 3897 4308 4151 2562
19661 4 2 1 1 110 111 781 4532
19662 4 2 1 1 2274 3528 3403 4441
19663 4 2 1 1 2024 1893 1985 3470
19664 4 2 1 1 3113 3558 4402 2276
19665 4 2 1 1 1109 1171 1172 3736
19666 4 2 1 1 1256 1117 1131 4162
19667 4 2 1 1 1611 1617 1679 3777
19668 4 2 1 1 3883 3518 2567 4381
19669 4 2 1 1 2553 2484 4028 2983
19670 4 2 1 1 2968 3974 2969 4118
19671 4 2 1 1 2255 2953 2952 3681
19672 4 2 1 1 2287 4325 3467 4514
19673 4 2 1 1 1358 1418 1419 3861
19674 4 2 1 1 2909 2282 3109 3762
19675 4 2 1 1 1097 1087 1105 4458
19676 4 2 1 1 1534 1730 241 3502
19677 4 2 1 1 2805 2647 3174 2778
19678 4 2 1 1 2550 3908 3702 4460
19679 4 2 1 1 2622 3222 2989 3558
19680 4 2 1 1 362 345 361 3749
19681 4 2 1 1 3049 3641 2604 3756
19682 4 2 1 1 423 337 352 3807
19683 4 2 1 1 569 572 573 3771
19684 4 2 1 1 2278 3847 3357 4303
19685 4 2 1 1 2974 3939 2975 3950
19686 4 2 1 1 2267 2818 2817 3597
19687 4 2 1 1 189 4637 1233 1260
19688 4 2 1 1 2234 2051 2237 4168
19689 4 2 1 1 4451 2291 2671 4452
19690 4 2 1 1 2150 2149 2156 4517
19691 4 2 1 1 1832 1968 1944 4291
19692 4 2 1 1 4608 225 4264 2197
19693 4 2 1 1 1673 4546 1671 1676
19694 4 2 1 1 928 836 930 4567
19695 4 2 1 1 1696 1695 1693 3887
19696 4 2 1 1 2290 4413 3114 4414
19697 4 2 1 1 2279 3089 2537 3608
19698 4 2 1 1 2485 2294 2757 4430
19699 4 2 1 1 660 663 581 3711
19700 4 2 1 1 1042 1043 1045 4047
19701 4 2 1 1 1113 1114 1122 3878
19702 4 2 1 1 1298 1300 1301 4127
19703 4 2 1 1 2616 3491 3631 4267
19704 4 2 1 1 1258 1219 1009 3984
19705 4 2 1 1 3762 4016 2282 4537
19706 4 2 1 1 110 524 111 4532
19707 4 2 1 1 3776 4080 3048 2763
19708 4 2 1 1 2555 4014 3167 4223
19709 4 2 1 1 3690 4472 3063 3062
19710 4 2 1 1 2266 3230 3714 4160
19711 4 2 1 1 3690 3839 3062 2723
19712 4 2 1 1 295 4594 20 4647
19713 4 2 1 1 1705 1614 1615 3902
19714 4 2 1 1 2062 2060 2158 3497
19715 4 2 1 1 1746 1751 1529 3694
19716 4 2 1 1 739 636 519 3996
19717 4 2 1 1 3366 3690 2367 4259
19718 4 2 1 1 1001 864 965 4438
19719 4 2 1 1 2651 2358 4186 4292
19720 4 2 1 1 2289 3738 4074 4512
19721 4 2 1 1 1724 1541 3579 4569
19722 4 2 1 1 1905 72 1781 3464
19723 4 2 1 1 1052 1049 1051 4027
19724 4 2 1 1 2269 2869 3013 4417
19725 4 2 1 1 647 713 646 4220
19726 4 2 1 1 1566 3989 1568 3254
19727 4 2 1 1 3003 3580 2273 4480
19728 4 2 1 1 3221 3923 2728 4367
19729 4 2 1 1 4358 3492 2327 4572
19730 4 2 1 1 2276 2646 3558 4311
19731 4 2 1 1 1053 1052 1051 4027
19732 4 2 1 1 330 321 329 3716
19733 4 2 1 1 1136 1107 1137 3855
19734 4 2 1 1 2632 3016 3473 4043
19735 4 2 1 1 2273 3346 3345 3967
19736 4 2 1 1 2554 4171 3531 4435
19737 4 2 1 1 3531 4171 2701 4435
19738 4 2 1 1 294 448 477 4231
19739 4 2 1 1 2229 2186 2187 4209
19740 4 2 1 1 3441 4293 3227 4563
19741 4 2 1 1 2418 2702 3110 4555
19742 4 2 1 1 979 1005 780 4087
19743 4 2 1 1 521 745 716 4087
19744 4 2 1 1 2275 2902 2628 4372
19745 4 2 1 1 1568 3989 1566 1664
19746 4 2 1 1 138 772 958 3577
19747 4 2 1 1 1170 136 137 4056
19748 4 2 1 1 611 731 600 2972
19749 4 2 1 1 2369 4492 3461 4493
19750 4 2 1 1 4599 296 295 4087
19751 4 2 1 1 4311 4493 2485 3177
19752 4 2 1 1 2327 3199 2573 4358
19753 4 2 1 1 666 698 500 3720
19754 4 2 1 1 3314 3703 2272 3812
19755 4 2 1 1 3606 2647 2291 2778
19756 4 2 1 1 1328 1329 1330 4138
19757 4 2 1 1 1341 1402 1312 4063
19758 4 2 1 1 4615 404 287 3234
19759 4 2 1 1 2256 2828 3056 4150
19760 4 2 1 1 1563 1597 1561 4116
19761 4 2 1 1 2291 2647 3606 2517
19762 4 2 1 1 1329 1328 1327 4138
19763 4 2 1 1 2759 3430 2476 4523
19764 4 2 1 1 2502 4043 3735 4394
19765 4 2 1 1 1382 3645 1366 1376
19766 4 2 1 1 149 150 1027 4415
19767 4 2 1 1 149 769 150 4415
19768 4 2 1 1 1580 1582 1581 4172
19769 4 2 1 1 2772 4038 2570 4445
19770 4 2 1 1 434 372 469 3968
19771 4 2 1 1 365 355 437 3801
19772 4 2 1 1 894 902 905 4206
19773 4 2 1 1 2180 2081 2172 4004
19774 4 2 1 1 2326 4075 2735 4076
19775 4 2 1 1 1476 1278 1486 3852
19776 4 2 1 1 4466 1624 1631 1704
19777 4 2 1 1 3113 3659 2622 4071
19778 4 2 1 1 2961 2253 3849 2607
19779 4 2 1 1 2264 2654 4032 2693
19780 4 2 1 1 2270 3373 3372 4442
19781 4 2 1 1 2182 2131 2183 4249
19782 4 2 1 1 4437 1442 1481 1474
19783 4 2 1 1 1821 1820 1822 3822
19784 4 2 1 1 208 207 1278 4564
19785 4 2 1 1 1269 1473 1407 4177
19786 4 2 1 1 1681 1598 1682 3896
19787 4 2 1 1 124 4610 746 715
19788 4 2 1 1 1276 1465 175 4326
19789 4 2 1 1 562 561 563 4247
19790 4 2 1 1 2265 3097 2888 4036
19791 4 2 1 1 2620 2819 4298 4560
19792 4 2 1 1 397 395 375 3931
19793 4 2 1 1 2388 3218 3004 4480
19794 4 2 1 1 1739 1697 1699 4527
19795 4 2 1 1 2838 3759 3357 3847
19796 4 2 1 1 2265 2888 2889 4036
19797 4 2 1 1 2266 3727 3726 4160
19798 4 2 1 1 232 1506 3623 1515
19799 4 2 1 1 1198 1197 1243 4045
19800 4 2 1 1 4437 1481 1442 3209
19801 4 2 1 1 4512 3266 4094 2953
19802 4 2 1 1 2569 3770 3916 4437
19803 4 2 1 1 1207 1158 1156 4495
19804 4 2 1 1 743 4651 494 4393
19805 4 2 1 1 75 1780 1981 4299
19806 4 2 1 1 507 111 524 4532
19807 4 2 1 1 498 74 75 4299
19808 4 2 1 1 64 65 698 3720
19809 4 2 1 1 1478 1278 207 4564
19810 4 2 1 1 2287 2664 3825 4184
19811 4 2 1 1 2814 4294 2620 4298
19812 4 2 1 1 919 852 920 3872
19813 4 2 1 1 2864 2729 3632 4496
19814 4 2 1 1 1660 2813 1563 1565
19815 4 2 1 1 2154 2217 2218 3819
19816 4 2 1 1 2793 3431 2310 4136
19817 4 2 1 1 806 805 804 4108
19818 4 2 1 1 279 4671 468 3701
19819 4 2 1 1 1147 1155 1091 4078
19820 4 2 1 1 4390 3723 2428 3457
19821 4 2 1 1 136 957 137 4056
19822 4 2 1 1 3329 3330 3488 2638
19823 4 2 1 1 4390 3723 3457 2573
19824 4 2 1 1 1750 1743 1654 3973
19825 4 2 1 1 2922 3241 3357 4303
19826 4 2 1 1 1759 1763 1540 4352
19827 4 2 1 1 2000 1802 1985 4168
19828 4 2 1 1 977 153 4618 1004
19829 4 2 1 1 1504 1508 1280 4324
19830 4 2 1 1 389 466 432 4347
19831 4 2 1 1 2893 4230 3506 4443
19832 4 2 1 1 1946 1945 1876 2706
19833 4 2 1 1 430 471 469 3618
19834 4 2 1 1 2487 4554 3600 2622
19835 4 2 1 1 2261 4149 3278 4434
19836 4 2 1 1 3335 4122 3022 2377
19837 4 2 1 1 2275 4244 2648 4372
19838 4 2 1 1 2298 3586 3001 3585
19839 4 2 1 1 3022 4122 3335 2842
19840 4 2 1 1 2860 3585 3484 3799
19841 4 2 1 1 1670 1613 1610 3983
19842 4 2 1 1 2702 2418 2700 3045
19843 4 2 1 1 2283 4028 2983 2717
19844 4 2 1 1 2710 3626 2575 3724
19845 4 2 1 1 2439 4399 3966 2980
19846 4 2 1 1 1724 1541 1630 3579
19847 4 2 1 1 2083 2908 2075 2168
19848 4 2 1 1 1849 1847 1848 4340
19849 4 2 1 1 1456 1455 1434 4515
19850 4 2 1 1 2364 2504 3810 4088
19851 4 2 1 1 2118 2117 2102 4033
19852 4 2 1 1 2646 2485 4493 4539
19853 4 2 1 1 393 392 353 4158
19854 4 2 1 1 1027 1217 149 4415
19855 4 2 1 1 769 149 962 4415
19856 4 2 1 1 318 312 315 3775
19857 4 2 1 1 2247 2207 2050 3710
19858 4 2 1 1 2800 4245 3443 4314
19859 4 2 1 1 3966 4399 2439 3505
19860 4 2 1 1 2557 3408 4123 4534
19861 4 2 1 1 1556 1656 1642 3853
19862 4 2 1 1 2973 4322 3508 4513
19863 4 2 1 1 2757 3558 2624 3607
19864 4 2 1 1 3330 2268 2457 3016
19865 4 2 1 1 4026 234 235 1717
19866 4 2 1 1 4656 717 748 13
19867 4 2 1 1 225 2197 2206 4264
19868 4 2 1 1 1897 1945 2032 4481
19869 4 2 1 1 3228 4059 332 3262
19870 4 2 1 1 2511 3558 2789 4402
19871 4 2 1 1 3414 4256 3164 4379
19872 4 2 1 1 1421 1419 1424 4473
19873 4 2 1 1 1451 1501 1452 3951
19874 4 2 1 1 586 585 587 3918
19875 4 2 1 1 1901 1796 2012 3579
19876 4 2 1 1 2776 3573 4094 4512
19877 4 2 1 1 4026 235 234 2014
19878 4 2 1 1 745 4647 4087 89
19879 4 2 1 1 797 835 893 3732
19880 4 2 1 1 4380 3395 1426 3742
19881 4 2 1 1 4605 60 4187 441
19882 4 2 1 1 1049 1048 1050 3997
19883 4 2 1 1 1186 1075 1092 3906
19884 4 2 1 1 1124 1252 1010 3701
19885 4 2 1 1 692 691 668 3904
19886 4 2 1 1 727 726 506 4563
19887 4 2 1 1 4380 1426 3395 1284
19888 4 2 1 1 2259 3110 2647 4223
19889 4 2 1 1 3580 3598 2528 3643
19890 4 2 1 1 2256 3806 2827 4092
19891 4 2 1 1 2646 4146 2989 4539
19892 4 2 1 1 787 791 882 4317
19893 4 2 1 1 199 198 1463 4336
19894 4 2 1 1 442 4581 404 53
19895 4 2 1 1 4624 4657 3864 2029
19896 4 2 1 1 2272 2604 3641 3756
19897 4 2 1 1 2710 2264 3626 4032
19898 4 2 1 1 2180 2109 2094 4341
19899 4 2 1 1 3697 4553 3745 2656
19900 4 2 1 1 541 539 538 3901
19901 4 2 1 1 2926 3529 2927 4301
19902 4 2 1 1 443 4574 408 45
19903 4 2 1 1 666 500 675 3879
19904 4 2 1 1 2404 2852 3331 3603
19905 4 2 1 1 2299 3800 3287 4289
19906 4 2 1 1 1652 1653 1654 4505
19907 4 2 1 1 1444 1378 1370 3646
19908 4 2 1 1 1381 1445 1439 4508
19909 4 2 1 1 4566 4551 3499 4219
19910 4 2 1 1 2989 3222 2646 3558
19911 4 2 1 1 2442 3449 3223 3702
19912 4 2 1 1 1251 1016 133 4089
19913 4 2 1 1 2093 2177 2185 4488
19914 4 2 1 1 2128 2136 2130 4268
19915 4 2 1 1 1830 1828 1829 4243
19916 4 2 1 1 349 376 347 3959
19917 4 2 1 1 2620 3614 2819 4560
19918 4 2 1 1 556 555 557 3850
19919 4 2 1 1 551 552 550 4148
19920 4 2 1 1 1490 1458 1272 4137
19921 4 2 1 1 3745 4553 3697 2804
19922 4 2 1 1 499 627 691 4329
19923 4 2 1 1 4657 1770 3864 260
19924 4 2 1 1 579 672 671 4035
19925 4 2 1 1 1436 1344 1321 3197
19926 4 2 1 1 636 718 519 3996
19927 4 2 1 1 1980 1917 1794 3672
19928 4 2 1 1 635 525 528 4386
19929 4 2 1 1 2926 2927 2476 4301
19930 4 2 1 1 2264 3329 2638 3330
19931 4 2 1 1 2865 956 770 4588
19932 4 2 1 1 3301 3302 2898 3897
19933 4 2 1 1 4566 4551 4219 2262
19934 4 2 1 1 1464 1425 1424 4473
19935 4 2 1 1 2562 4307 4246 4308
19936 4 2 1 1 363 456 388 4304
19937 4 2 1 1 2266 3726 3727 3091
19938 4 2 1 1 2757 4450 4566 2582
19939 4 2 1 1 2141 2171 2127 4373
19940 4 2 1 1 2643 3597 3595 3614
19941 4 2 1 1 2710 4032 2574 4358
19942 4 2 1 1 1438 1437 1478 3982
19943 4 2 1 1 3614 3431 2255 2506
19944 4 2 1 1 2330 3650 3004 4267
19945 4 2 1 1 1336 1333 1364 4082
19946 4 2 1 1 2644 4025 3210 4200
19947 4 2 1 1 2309 3735 4042 4043
19948 4 2 1 1 2275 2871 4244 4372
19949 4 2 1 1 1850 1849 1848 4340
19950 4 2 1 1 2652 4123 2429 3032
19951 4 2 1 1 629 3354 3280 626
19952 4 2 1 1 1283 1498 168 3778
19953 4 2 1 1 629 3354 626 498
19954 4 2 1 1 1830 1863 1828 4243
19955 4 2 1 1 1646 1644 1645 3999
19956 4 2 1 1 2940 2624 2690 3799
19957 4 2 1 1 1344 1323 1321 4565
19958 4 2 1 1 2104 2188 2133 4288
19959 4 2 1 1 1509 1280 1379 4281
19960 4 2 1 1 2254 3200 2613 4058
19961 4 2 1 1 1901 1887 1884 4061
19962 4 2 1 1 332 4059 3788 333
19963 4 2 1 1 3389 3390 2262 4551
19964 4 2 1 1 339 333 340 4059
19965 4 2 1 1 276 1997 3817 2028
19966 4 2 1 1 485 283 440 4132
19967 4 2 1 1 2265 2889 2764 4036
19968 4 2 1 1 1196 1242 1197 4571
19969 4 2 1 1 4209 2101 2099 3136
19970 4 2 1 1 1819 1914 1817 3130
19971 4 2 1 1 4659 4669 2859 747
19972 4 2 1 1 2975 3366 2974 3950
19973 4 2 1 1 2898 3302 2442 3897
19974 4 2 1 1 4209 2099 2101 2186
19975 4 2 1 1 604 549 663 4496
19976 4 2 1 1 982 100 768 3691
19977 4 2 1 1 1669 1668 1523 4269
19978 4 2 1 1 684 722 685 4552
19979 4 2 1 1 475 473 438 3665
19980 4 2 1 1 2652 4123 3032 3076
19981 4 2 1 1 2367 3586 3029 3743
19982 4 2 1 1 2908 4141 3653 4342
19983 4 2 1 1 3189 2989 3607 2257
19984 4 2 1 1 2388 2837 3758 2971
19985 4 2 1 1 2701 4387 3531 4388
19986 4 2 1 1 2794 2537 2700 4387
19987 4 2 1 1 1297 1469 1295 4285
19988 4 2 1 1 2337 3486 4038 4294
19989 4 2 1 1 2732 3519 4457 2530
19990 4 2 1 1 1489 1492 220 3948
19991 4 2 1 1 2557 4123 3032 4534
19992 4 2 1 1 3029 3586 2860 3743
19993 4 2 1 1 2268 2856 2857 3016
19994 4 2 1 1 860 893 891 4423
19995 4 2 1 1 4605 13 1 441
19996 4 2 1 1 3743 3824 2562 4307
19997 4 2 1 1 2255 2952 2953 3044
19998 4 2 1 1 2260 2819 2814 4378
19999 4 2 1 1 3799 3001 2275 3586
20000 4 2 1 1 160 1003 978 4628
20001 4 2 1 1 2257 3447 2577 4446
20002 4 2 1 1 2454 3091 3726 3038
20003 4 2 1 1 599 627 733 4005
20004 4 2 1 1 1780 2022 1907 4140
20005 4 2 1 1 910 826 803 4086
20006 4 2 1 1 2254 3758 2822 4494
20007 4 2 1 1 1827 1825 1931 4362
20008 4 2 1 1 1315 1314 1313 4234
20009 4 2 1 1 2266 3714 3562 4160
20010 4 2 1 1 2927 2934 2476 4301
20011 4 2 1 1 3727 3562 2927 2934
20012 4 2 1 1 2258 3045 2898 4152
20013 4 2 1 1 1804 1998 2007 4187
20014 4 2 1 1 2624 3558 2789 2690
20015 4 2 1 1 2273 2730 4176 2971
20016 4 2 1 1 536 535 534 4154
20017 4 2 1 1 415 423 369 4535
20018 4 2 1 1 917 851 916 4379
20019 4 2 1 1 1158 1157 1156 4468
20020 4 2 1 1 1630 1541 1717 3579
20021 4 2 1 1 2418 3045 2258 4152
20022 4 2 1 1 2253 2503 2961 3172
20023 4 2 1 1 600 602 611 2972
20024 4 2 1 1 2268 3489 3377 4053
20025 4 2 1 1 2122 2195 2194 4196
20026 4 2 1 1 656 4215 3566 4448
20027 4 2 1 1 2537 3564 3956 3608
20028 4 2 1 1 3799 2275 3001 2940
20029 4 2 1 1 1530 3994 1740 1639
20030 4 2 1 1 2256 2850 2849 4092
20031 4 2 1 1 2256 3806 2849 4170
20032 4 2 1 1 2328 3539 3849 4550
20033 4 2 1 1 1673 4546 1676 2520
20034 4 2 1 1 2156 2155 2118 3862
20035 4 2 1 1 1146 1050 1116 2639
20036 4 2 1 1 2489 2862 3868 3211
20037 4 2 1 1 2093 2078 2184 4034
20038 4 2 1 1 74 1780 75 4299
20039 4 2 1 1 1467 1462 212 3698
20040 4 2 1 1 1747 1630 1717 4153
20041 4 2 1 1 2418 3558 2989 3607
20042 4 2 1 1 3727 2543 3091 2927
20043 4 2 1 1 671 669 670 4419
20044 4 2 1 1 4417 2359 3200 2869
20045 4 2 1 1 3189 4146 3006 4539
20046 4 2 1 1 2290 4185 3114 4413
20047 4 2 1 1 665 751 515 3840
20048 4 2 1 1 2827 3279 2937 3806
20049 4 2 1 1 1899 1898 1886 3707
20050 4 2 1 1 1244 1245 1198 4319
20051 4 2 1 1 570 568 569 3815
20052 4 2 1 1 1007 133 764 4089
20053 4 2 1 1 245 1727 1725 4278
20054 4 2 1 1 443 4574 45 4601
20055 4 2 1 1 3653 4141 3146 4342
20056 4 2 1 1 1530 3994 1639 1742
20057 4 2 1 1 3443 4245 4217 4314
20058 4 2 1 1 2512 4217 4245 4314
20059 4 2 1 1 1711 1709 1708 4128
20060 4 2 1 1 1728 1681 1682 3896
20061 4 2 1 1 3288 2696 4126 4446
20062 4 2 1 1 1890 1891 1892 4364
20063 4 2 1 1 1148 1149 1138 3894
20064 4 2 1 1 2487 4071 4554 2622
20065 4 2 1 1 2663 4157 3712 3011
20066 4 2 1 1 1519 4101 1422 2985
20067 4 2 1 1 2404 2460 2499 2591
20068 4 2 1 1 2254 4099 2388 4494
20069 4 2 1 1 1241 168 1021 3778
20070 4 2 1 1 2157 2071 2167 4156
20071 4 2 1 1 1159 1132 1106 4050
20072 4 2 1 1 2663 3331 2404 4099
20073 4 2 1 1 965 4642 4438 775
20074 4 2 1 1 2254 3331 2852 4058
20075 4 2 1 1 656 744 632 4215
20076 4 2 1 1 1080 1079 1078 4055
20077 4 2 1 1 920 763 956 3250
20078 4 2 1 1 1938 1795 1935 4022
20079 4 2 1 1 1734 1637 1722 2739
20080 4 2 1 1 2856 3330 3488 4523
20081 4 2 1 1 2251 2624 2757 4244
20082 4 2 1 1 390 434 469 3968
20083 4 2 1 1 2043 159 2209 4453
20084 4 2 1 1 620 688 727 4321
20085 4 2 1 1 3291 4489 4065 4490
20086 4 2 1 1 1314 1312 1313 4234
20087 4 2 1 1 631 510 728 3748
20088 4 2 1 1 2259 2700 2537 4387
20089 4 2 1 1 1471 200 1285 4352
20090 4 2 1 1 2007 1897 1977 4481
20091 4 2 1 1 4628 978 159 4453
20092 4 2 1 1 1294 4609 1517 4132
20093 4 2 1 1 3644 4410 2717 2714
20094 4 2 1 1 1277 1500 1380 4174
20095 4 2 1 1 1331 1329 1441 4487
20096 4 2 1 1 2258 3558 2624 2690
20097 4 2 1 1 846 843 952 4280
20098 4 2 1 1 941 989 925 4091
20099 4 2 1 1 2632 3224 3016 4043
20100 4 2 1 1 619 506 729 4293
20101 4 2 1 1 4672 1762 261 1771
20102 4 2 1 1 2764 3056 2632 3473
20103 4 2 1 1 3301 3897 2700 3956
20104 4 2 1 1 2604 3331 3505 3953
20105 4 2 1 1 310 308 409 4360
20106 4 2 1 1 390 279 468 3701
20107 4 2 1 1 2779 2555 3641 3950
20108 4 2 1 1 1007 945 134 4469
20109 4 2 1 1 1711 1708 1675 4545
20110 4 2 1 1 364 2942 359 382
20111 4 2 1 1 745 4647 89 2
20112 4 2 1 1 2252 2632 3016 4036
20113 4 2 1 1 1593 1701 1624 3884
20114 4 2 1 1 3058 3531 2259 3578
20115 4 2 1 1 1183 1182 1184 3693
20116 4 2 1 1 2922 3758 2388 3847
20117 4 2 1 1 775 4642 4438 3152
20118 4 2 1 1 915 951 981 4346
20119 4 2 1 1 3044 3221 2474 3754
20120 4 2 1 1 2567 3049 2874 4028
20121 4 2 1 1 2287 3681 2877 3825
20122 4 2 1 1 2486 3044 2255 3755
20123 4 2 1 1 1630 1629 1620 3737
20124 4 2 1 1 2252 3016 2457 4036
20125 4 2 1 1 2255 2287 3681 3431
20126 4 2 1 1 2001 1786 1996 3238
20127 4 2 1 1 1716 1644 1532 3834
20128 4 2 1 1 1109 1061 1063 4553
20129 4 2 1 1 2261 3690 3366 4259
20130 4 2 1 1 1504 1374 1508 4324
20131 4 2 1 1 2499 2648 4244 4372
20132 4 2 1 1 3058 3889 3471 4387
20133 4 2 1 1 268 1770 1760 4652
20134 4 2 1 1 1904 1906 1905 4233
20135 4 2 1 1 1262 1254 1249 4132
20136 4 2 1 1 1351 1350 1352 3935
20137 4 2 1 1 2296 3030 3029 3743
20138 4 2 1 1 597 543 541 3901
20139 4 2 1 1 2183 2131 2218 4249
20140 4 2 1 1 1806 2014 2019 4026
20141 4 2 1 1 2136 2142 2130 4268
20142 4 2 1 1 1765 1634 1775 3986
20143 4 2 1 1 1880 1834 1836 4218
20144 4 2 1 1 2604 2976 3845 3065
20145 4 2 1 1 2264 3329 4072 3034
20146 4 2 1 1 2780 2820 4258 4259
20147 4 2 1 1 872 857 866 4408
20148 4 2 1 1 1422 4101 1519 1423
20149 4 2 1 1 2456 4300 3922 4540
20150 4 2 1 1 2774 3531 2259 4388
20151 4 2 1 1 1166 1014 1169 4198
20152 4 2 1 1 3883 2717 2547 4410
20153 4 2 1 1 1826 1825 1827 4362
20154 4 2 1 1 2750 3292 2263 3420
20155 4 2 1 1 1255 1178 1175 3510
20156 4 2 1 1 2259 3531 2774 3578
20157 4 2 1 1 4494 4417 2730 3200
20158 4 2 1 1 3013 3794 3344 4417
20159 4 2 1 1 4669 7 276 2028
20160 4 2 1 1 440 4629 283 36
20161 4 2 1 1 1264 131 2787 1178
20162 4 2 1 1 1978 1789 65 3720
20163 4 2 1 1 965 4642 775 155
20164 4 2 1 1 4149 4150 2644 4202
20165 4 2 1 1 2266 2992 3725 3091
20166 4 2 1 1 1289 1511 1503 3980
20167 4 2 1 1 2575 3626 2934 3724
20168 4 2 1 1 385 481 474 3986
20169 4 2 1 1 2271 3011 2981 3331
20170 4 2 1 1 2735 4076 3485 4229
20171 4 2 1 1 755 899 897 4504
20172 4 2 1 1 2252 3016 2476 3330
20173 4 2 1 1 690 727 688 4274
20174 4 2 1 1 1162 1161 1163 4084
20175 4 2 1 1 1773 1709 1711 4128
20176 4 2 1 1 1473 1269 210 4177
20177 4 2 1 1 1434 1455 1335 4515
20178 4 2 1 1 4603 159 776 4453
20179 4 2 1 1 666 675 677 3879
20180 4 2 1 1 2113 2196 2115 4261
20181 4 2 1 1 2687 3032 3409 3734
20182 4 2 1 1 3734 2652 3032 2255
20183 4 2 1 1 3642 4092 3806 2849
20184 4 2 1 1 1157 1161 1160 4044
20185 4 2 1 1 1477 1474 1442 4437
20186 4 2 1 1 2273 3581 3218 4480
20187 4 2 1 1 4438 2151 2048 2208
20188 4 2 1 1 415 324 423 4535
20189 4 2 1 1 1903 1912 1976 4155
20190 4 2 1 1 2555 2852 3641 3950
20191 4 2 1 1 2222 2137 2242 4477
20192 4 2 1 1 1540 200 1759 4352
20193 4 2 1 1 1842 1841 1840 4103
20194 4 2 1 1 81 1925 1790 3871
20195 4 2 1 1 3499 4450 2582 4566
20196 4 2 1 1 899 755 142 4504
20197 4 2 1 1 509 649 81 3871
20198 4 2 1 1 1913 1817 1914 3130
20199 4 2 1 1 912 911 834 3962
20200 4 2 1 1 1609 1608 1607 4444
20201 4 2 1 1 4356 785 786 3514
20202 4 2 1 1 1500 1277 1498 4174
20203 4 2 1 1 913 975 911 3964
20204 4 2 1 1 1342 1390 1397 4066
20205 4 2 1 1 1389 1301 1398 4046
20206 4 2 1 1 1165 1166 1093 3831
20207 4 2 1 1 3510 2787 131 1178
20208 4 2 1 1 2493 2504 3420 4526
20209 4 2 1 1 3558 4311 2789 4402
20210 4 2 1 1 4502 4409 832 833
20211 4 2 1 1 2820 3586 2367 4259
20212 4 2 1 1 2009 1956 1792 3000
20213 4 2 1 1 2367 3030 2820 3690
20214 4 2 1 1 1169 1185 1166 4198
20215 4 2 1 1 2574 2253 2710 4358
20216 4 2 1 1 1453 1450 1423 4101
20217 4 2 1 1 2476 2759 3224 3361
20218 4 2 1 1 2146 2119 2189 4121
20219 4 2 1 1 3743 2296 4307 4308
20220 4 2 1 1 2147 2140 2225 3782
20221 4 2 1 1 1966 1875 1843 2863
20222 4 2 1 1 647 742 497 4220
20223 4 2 1 1 3064 2334 2989 2777
20224 4 2 1 1 134 135 1168 4469
20225 4 2 1 1 3167 4388 4223 2537
20226 4 2 1 1 1485 1448 1440 3744
20227 4 2 1 1 292 4606 3144 4601
20228 4 2 1 1 1778 1979 1902 4491
20229 4 2 1 1 2700 3956 2562 4014
20230 4 2 1 1 2067 2066 2069 4141
20231 4 2 1 1 4606 3144 1544 3477
20232 4 2 1 1 3218 3581 2528 4480
20233 4 2 1 1 3016 3474 2457 4036
20234 4 2 1 1 3097 3687 3688 2888
20235 4 2 1 1 1909 1783 1958 3787
20236 4 2 1 1 1044 1043 1041 4067
20237 4 2 1 1 2484 3756 3049 4028
20238 4 2 1 1 679 688 620 4321
20239 4 2 1 1 2983 3607 3189 2293
20240 4 2 1 1 2258 3799 2959 2690
20241 4 2 1 1 1655 1616 1594 4052
20242 4 2 1 1 2877 2793 3681 3431
20243 4 2 1 1 2124 2185 2177 4488
20244 4 2 1 1 2909 2282 3524 3976
20245 4 2 1 1 1168 4198 1014 1166
20246 4 2 1 1 260 4657 12 2029
20247 4 2 1 1 4597 116 8 746
20248 4 2 1 1 4669 7 88 747
20249 4 2 1 1 4589 152 9 1003
20250 4 2 1 1 2294 3287 2789 3637
20251 4 2 1 1 1333 1334 1332 4470
20252 4 2 1 1 2757 2485 3558 3607
20253 4 2 1 1 2489 2644 3868 4150
20254 4 2 1 1 2299 2690 2940 4289
20255 4 2 1 1 2687 4534 4376 2280
20256 4 2 1 1 1692 1693 1690 4375
20257 4 2 1 1 3331 3603 2852 3641
20258 4 2 1 1 1168 4198 1166 3831
20259 4 2 1 1 4128 4297 2890 4545
20260 4 2 1 1 2644 4200 3210 4416
20261 4 2 1 1 2604 3505 3049 3756
20262 4 2 1 1 3585 3586 3001 3799
20263 4 2 1 1 2296 3371 3702 4151
20264 4 2 1 1 3338 3641 3065 4058
20265 4 2 1 1 2277 3302 3301 3897
20266 4 2 1 1 2113 2114 2112 2599
20267 4 2 1 1 1837 1835 1967 4173
20268 4 2 1 1 3076 4136 2255 4240
20269 4 2 1 1 1395 1465 1276 4326
20270 4 2 1 1 1361 1347 1309 4525
20271 4 2 1 1 4259 4434 2780 2902
20272 4 2 1 1 2442 3702 3551 4151
20273 4 2 1 1 346 364 435 4006
20274 4 2 1 1 2065 2166 2068 2680
20275 4 2 1 1 2275 2628 3369 4372
20276 4 2 1 1 1966 4225 1875 2863
20277 4 2 1 1 2502 3911 3735 4165
20278 4 2 1 1 800 798 838 4549
20279 4 2 1 1 1421 1425 1513 4473
20280 4 2 1 1 2257 2989 2777 3064
20281 4 2 1 1 2555 2974 3154 3366
20282 4 2 1 1 2404 2870 2591 3011
20283 4 2 1 1 2276 4311 3558 4402
20284 4 2 1 1 3482 3827 2695 2607
20285 4 2 1 1 858 938 870 4287
20286 4 2 1 1 2905 3258 3056 3473
20287 4 2 1 1 2776 2994 3268 4094
20288 4 2 1 1 1952 1955 1948 4542
20289 4 2 1 1 1041 1040 1134 4390
20290 4 2 1 1 2275 2648 2902 4372
20291 4 2 1 1 644 643 540 4207
20292 4 2 1 1 203 1474 1477 4437
20293 4 2 1 1 3971 2793 3681 2877
20294 4 2 1 1 4452 3578 3976 3110
20295 4 2 1 1 1457 1415 1414 3965
20296 4 2 1 1 2019 2014 1900 4465
20297 4 2 1 1 2254 3953 3331 4511
20298 4 2 1 1 1703 1598 1580 4405
20299 4 2 1 1 1613 1670 1671 4546
20300 4 2 1 1 1291 1501 1506 3623
20301 4 2 1 1 2862 3344 2730 4417
20302 4 2 1 1 134 945 135 4469
20303 4 2 1 1 1198 1245 1199 4319
20304 4 2 1 1 2264 3974 3428 4072
20305 4 2 1 1 2476 2856 3016 3224
20306 4 2 1 1 3167 4388 2517 4223
20307 4 2 1 1 3109 3110 2578 3976
20308 4 2 1 1 2702 2622 3600 4555
20309 4 2 1 1 2254 4058 2613 4511
20310 4 2 1 1 117 747 4659 718
20311 4 2 1 1 3514 848 788 2500
20312 4 2 1 1 3971 3681 2793 2314
20313 4 2 1 1 1622 1763 1633 4010
20314 4 2 1 1 2574 3018 3485 4550
20315 4 2 1 1 2604 3504 3604 3845
20316 4 2 1 1 4301 3430 2926 2969
20317 4 2 1 1 412 483 384 4333
20318 4 2 1 1 3800 4289 2940 4391
20319 4 2 1 1 2993 2994 2457 3268
20320 4 2 1 1 490 450 491 4048
20321 4 2 1 1 2305 4534 3465 2687
20322 4 2 1 1 562 563 564 4247
20323 4 2 1 1 2975 3868 3121 4416
20324 4 2 1 1 931 928 930 4567
20325 4 2 1 1 505 622 719 4500
20326 4 2 1 1 2033 1780 1907 4140
20327 4 2 1 1 980 768 101 4191
20328 4 2 1 1 2266 3725 3726 3091
20329 4 2 1 1 303 335 301 4109
20330 4 2 1 1 1948 1955 2009 4542
20331 4 2 1 1 789 786 883 4409
20332 4 2 1 1 924 985 923 4478
20333 4 2 1 1 4672 1548 1771 4573
20334 4 2 1 1 2253 3485 2626 4550
20335 4 2 1 1 1435 1433 1339 3955
20336 4 2 1 1 925 989 988 4091
20337 4 2 1 1 3097 4183 3687 2888
20338 4 2 1 1 4042 4043 3735 4165
20339 4 2 1 1 1523 220 1720 3948
20340 4 2 1 1 617 603 616 4079
20341 4 2 1 1 1816 1815 1857 4411
20342 4 2 1 1 635 507 525 4386
20343 4 2 1 1 1290 1482 1513 3710
20344 4 2 1 1 2553 2567 3049 3540
20345 4 2 1 1 1547 1717 234 4026
20346 4 2 1 1 749 67 68 4579
20347 4 2 1 1 2622 3113 3558 3659
20348 4 2 1 1 1008 770 955 4561
20349 4 2 1 1 1070 1069 1068 4255
20350 4 2 1 1 579 671 670 4419
20351 4 2 1 1 2123 2137 2222 4477
20352 4 2 1 1 2283 4028 3296 4431
20353 4 2 1 1 3614 3431 2506 3033
20354 4 2 1 1 1189 1202 1200 2547
20355 4 2 1 1 2476 3330 2856 4523
20356 4 2 1 1 1769 233 6 4581
20357 4 2 1 1 2269 3200 2869 4417
20358 4 2 1 1 2794 2700 2537 3956
20359 4 2 1 1 4654 161 1517 4132
20360 4 2 1 1 2259 2700 3110 4223
20361 4 2 1 1 381 380 488 3990
20362 4 2 1 1 613 612 626 4212
20363 4 2 1 1 1075 1077 1092 3906
20364 4 2 1 1 1739 1653 1738 4194
20365 4 2 1 1 3329 4118 2968 4523
20366 4 2 1 1 2700 3471 2794 4387
20367 4 2 1 1 881 964 865 3981
20368 4 2 1 1 4574 44 408 5
20369 4 2 1 1 1524 1734 1722 2739
20370 4 2 1 1 1754 1668 1626 4422
20371 4 2 1 1 1755 1757 1533 3929
20372 4 2 1 1 800 799 798 4549
20373 4 2 1 1 442 4581 53 4622
20374 4 2 1 1 3079 3226 2364 4075
20375 4 2 1 1 2274 4440 2904 4441
20376 4 2 1 1 2562 4151 3743 4308
20377 4 2 1 1 2292 2743 3167 3237
20378 4 2 1 1 1325 1324 1323 3020
20379 4 2 1 1 996 931 935 4424
20380 4 2 1 1 1585 1586 1587 4327
20381 4 2 1 1 1009 1221 1258 3984
20382 4 2 1 1 4356 786 785 784
20383 4 2 1 1 3331 3641 2852 4058
20384 4 2 1 1 2013 1796 1901 3579
20385 4 2 1 1 2506 2280 3032 4560
20386 4 2 1 1 1770 260 1546 3864
20387 4 2 1 1 1912 1803 1976 4155
20388 4 2 1 1 3573 2994 2776 4094
20389 4 2 1 1 1001 4131 864 4438
20390 4 2 1 1 2626 3172 2253 3849
20391 4 2 1 1 1515 11 224 4658
20392 4 2 1 1 1259 10 188 4608
20393 4 2 1 1 2757 2871 2624 4430
20394 4 2 1 1 2989 3558 2485 3607
20395 4 2 1 1 2675 4470 3995 3620
20396 4 2 1 1 3975 576 3339 2617
20397 4 2 1 1 582 3339 575 3092
20398 4 2 1 1 1890 1892 2025 4364
20399 4 2 1 1 1806 234 2014 4026
20400 4 2 1 1 955 127 126 4561
20401 4 2 1 1 2442 2258 2898 4152
20402 4 2 1 1 2316 2922 3242 4157
20403 4 2 1 1 2460 3516 4117 4463
20404 4 2 1 1 2968 2969 3430 4118
20405 4 2 1 1 4270 4178 2473 3499
20406 4 2 1 1 978 776 159 4453
20407 4 2 1 1 4451 2291 4452 2805
20408 4 2 1 1 1891 1871 1970 4557
20409 4 2 1 1 2029 4624 269 2000
20410 4 2 1 1 906 788 848 2500
20411 4 2 1 1 981 951 768 4346
20412 4 2 1 1 2327 4032 3482 4358
20413 4 2 1 1 988 758 95 4563
20414 4 2 1 1 127 1212 126 4561
20415 4 2 1 1 3154 3167 2743 3237
20416 4 2 1 1 544 545 546 4161
20417 4 2 1 1 3715 3922 2728 3923
20418 4 2 1 1 32 33 279 4604
20419 4 2 1 1 1194 1196 1195 4003
20420 4 2 1 1 1995 1779 1923 3877
20421 4 2 1 1 1031 1257 1221 3782
20422 4 2 1 1 3995 4470 2675 2406
20423 4 2 1 1 1002 125 3 4578
20424 4 2 1 1 1 61 748 4605
20425 4 2 1 1 852 919 853 3872
20426 4 2 1 1 1919 1818 1816 4228
20427 4 2 1 1 2624 4391 4289 4430
20428 4 2 1 1 326 328 413 4398
20429 4 2 1 1 1632 1623 1628 4060
20430 4 2 1 1 2251 2553 2757 3607
20431 4 2 1 1 2256 2849 3806 4092
20432 4 2 1 1 2016 1883 1896 4105
20433 4 2 1 1 2779 3167 2555 3237
20434 4 2 1 1 381 367 380 3990
20435 4 2 1 1 2485 2757 3558 4430
20436 4 2 1 1 1870 1940 1889 4208
20437 4 2 1 1 1655 3619 4116 1643
20438 4 2 1 1 2504 2785 3733 3734
20439 4 2 1 1 1072 1073 1071 4350
20440 4 2 1 1 1655 3619 1643 1616
20441 4 2 1 1 1423 1519 1453 4101
20442 4 2 1 1 2603 3949 2974 3950
20443 4 2 1 1 735 692 668 3904
20444 4 2 1 1 2789 3558 2624 4430
20445 4 2 1 1 2907 3482 2270 2693
20446 4 2 1 1 2258 2442 3551 4152
20447 4 2 1 1 2860 3484 3371 3551
20448 4 2 1 1 2258 2624 3799 2690
20449 4 2 1 1 440 4629 36 4654
20450 4 2 1 1 560 559 561 3112
20451 4 2 1 1 2260 2749 3476 4526
20452 4 2 1 1 2714 2983 2293 2553
20453 4 2 1 1 1287 1520 1494 3617
20454 4 2 1 1 2648 2261 4259 4434
20455 4 2 1 1 1900 1796 2013 3579
20456 4 2 1 1 2968 4118 3430 4523
20457 4 2 1 1 2498 3172 4076 2626
20458 4 2 1 1 2054 2055 2053 4272
20459 4 2 1 1 2418 3110 2700 4223
20460 4 2 1 1 1813 1810 1812 4120
20461 4 2 1 1 2922 2254 3759 3953
20462 4 2 1 1 4494 4417 3200 3868
20463 4 2 1 1 2485 3006 4493 4539
20464 4 2 1 1 2257 3064 2696 4146
20465 4 2 1 1 422 343 340 4420
20466 4 2 1 1 2223 2043 2209 4453
20467 4 2 1 1 2364 2504 4088 4526
20468 4 2 1 1 1444 1432 1366 4404
20469 4 2 1 1 1805 260 2029 3864
20470 4 2 1 1 1749 1652 1654 4505
20471 4 2 1 1 1994 248 1785 4057
20472 4 2 1 1 2262 3388 4219 4566
20473 4 2 1 1 4357 2497 3417 2924
20474 4 2 1 1 2574 2573 3199 4358
20475 4 2 1 1 1454 1317 1345 4080
20476 4 2 1 1 673 67 749 4521
20477 4 2 1 1 4357 3417 2497 3640
20478 4 2 1 1 3065 2976 2613 4511
20479 4 2 1 1 2072 2070 2069 4339
20480 4 2 1 1 3474 2268 2994 2967
20481 4 2 1 1 3221 3266 2474 3923
20482 4 2 1 1 505 101 720 4191
20483 4 2 1 1 1304 1303 1302 4110
20484 4 2 1 1 1441 1430 1331 4487
20485 4 2 1 1 2254 4058 2852 4494
20486 4 2 1 1 3292 3420 2750 4526
20487 4 2 1 1 1265 1212 1028 4561
20488 4 2 1 1 246 1996 1786 3238
20489 4 2 1 1 2828 4150 4149 4202
20490 4 2 1 1 3296 3756 2484 4028
20491 4 2 1 1 1313 1311 1403 4322
20492 4 2 1 1 4311 4493 3177 3461
20493 4 2 1 1 956 129 128 4588
20494 4 2 1 1 4270 2473 4178 2796
20495 4 2 1 1 196 1231 4608 1259
20496 4 2 1 1 860 793 893 4423
20497 4 2 1 1 1834 1968 1832 4291
20498 4 2 1 1 1743 1750 1538 3973
20499 4 2 1 1 2149 2076 2156 4517
20500 4 2 1 1 3682 4205 3636 2477
20501 4 2 1 1 514 702 85 4275
20502 4 2 1 1 1983 1793 85 4275
20503 4 2 1 1 1408 1476 1486 3852
20504 4 2 1 1 1716 214 1536 4227
20505 4 2 1 1 398 360 403 4142
20506 4 2 1 1 1105 1141 1097 4458
20507 4 2 1 1 2168 2170 2083 2795
20508 4 2 1 1 2474 3044 2953 3266
20509 4 2 1 1 929 998 927 3764
20510 4 2 1 1 818 819 817 4403
20511 4 2 1 1 2644 4150 2489 4202
20512 4 2 1 1 1158 1207 1226 4495
20513 4 2 1 1 2255 2953 2474 3044
20514 4 2 1 1 67 1960 2031 4521
20515 4 2 1 1 1323 1344 1440 4565
20516 4 2 1 1 2928 3087 4282 2543
20517 4 2 1 1 1379 1503 1509 4281
20518 4 2 1 1 764 932 1007 4089
20519 4 2 1 1 3735 4043 2502 4165
20520 4 2 1 1 1429 1428 1360 4389
20521 4 2 1 1 500 698 65 3720
20522 4 2 1 1 3482 4032 2654 2693
20523 4 2 1 1 1554 1555 1553 4348
20524 4 2 1 1 4290 3881 1625 1688
20525 4 2 1 1 412 384 414 4333
20526 4 2 1 1 3409 4088 2504 4526
20527 4 2 1 1 1421 1420 1419 4119
20528 4 2 1 1 618 508 732 4114
20529 4 2 1 1 2562 4151 3897 4152
20530 4 2 1 1 3260 3754 2486 3755
20531 4 2 1 1 1774 1711 1675 4545
20532 4 2 1 1 1158 1230 1157 4468
20533 4 2 1 1 2555 3154 2974 3237
20534 4 2 1 1 2274 2460 2949 4440
20535 4 2 1 1 1719 1715 248 4057
20536 4 2 1 1 3065 2613 3337 3338
20537 4 2 1 1 2253 2574 3485 4550
20538 4 2 1 1 2257 3186 2578 2577
20539 4 2 1 1 4480 3643 3004 3003
20540 4 2 1 1 2023 1889 1940 4208
20541 4 2 1 1 806 916 808 4547
20542 4 2 1 1 1888 1875 1894 4225
20543 4 2 1 1 3121 4416 3868 4418
20544 4 2 1 1 2021 4232 1960 4521
20545 4 2 1 1 2099 2096 2129 4226
20546 4 2 1 1 3107 3949 2603 3950
20547 4 2 1 1 2743 3084 3167 2537
20548 4 2 1 1 2251 2757 2553 4244
20549 4 2 1 1 103 714 712 4273
20550 4 2 1 1 1285 1472 1471 3866
20551 4 2 1 1 2253 3482 2710 4358
20552 4 2 1 1 4512 4094 3266 2637
20553 4 2 1 1 2485 3558 2646 4311
20554 4 2 1 1 2837 3631 4267 4282
20555 4 2 1 1 1008 955 868 4253
20556 4 2 1 1 2814 2819 2260 4298
20557 4 2 1 1 2889 3474 2764 4036
20558 4 2 1 1 2261 4258 3063 4259
20559 4 2 1 1 686 624 676 2815
20560 4 2 1 1 710 711 655 4190
20561 4 2 1 1 3499 4219 3454 4566
20562 4 2 1 1 1625 4290 1688 1592
20563 4 2 1 1 470 284 441 4187
20564 4 2 1 1 1937 1831 1829 4385
20565 4 2 1 1 1192 1082 1080 4230
20566 4 2 1 1 830 855 857 4192
20567 4 2 1 1 1438 1478 1479 3982
20568 4 2 1 1 1471 1472 1431 3866
20569 4 2 1 1 2543 4282 2928 4303
20570 4 2 1 1 2700 3897 2562 3956
20571 4 2 1 1 2260 4088 3409 4526
20572 4 2 1 1 614 615 595 4330
20573 4 2 1 1 691 692 499 4329
20574 4 2 1 1 2243 2049 2249 4201
20575 4 2 1 1 3471 3889 2794 4387
20576 4 2 1 1 2237 2051 2199 4168
20577 4 2 1 1 761 106 970 4467
20578 4 2 1 1 1671 1670 1678 4546
20579 4 2 1 1 4583 163 164 1247
20580 4 2 1 1 704 121 122 4591
20581 4 2 1 1 75 629 498 4299
20582 4 2 1 1 1973 1932 1856 4392
20583 4 2 1 1 858 870 869 4287
20584 4 2 1 1 2474 2255 3044 3755
20585 4 2 1 1 2476 3016 2856 3330
20586 4 2 1 1 1758 1632 1628 4060
20587 4 2 1 1 963 953 876 4461
20588 4 2 1 1 1366 1382 1444 4404
20589 4 2 1 1 1896 1883 1877 4105
20590 4 2 1 1 1592 2655 4290 1688
20591 4 2 1 1 2646 2979 4146 4539
20592 4 2 1 1 3049 3603 3331 3641
20593 4 2 1 1 411 309 312 4428
20594 4 2 1 1 1369 1381 1439 4508
20595 4 2 1 1 2460 2870 2404 4440
20596 4 2 1 1 1354 1353 1352 4382
20597 4 2 1 1 1598 1703 1682 4405
20598 4 2 1 1 4654 161 4132 1262
20599 4 2 1 1 2269 2975 3939 3950
20600 4 2 1 1 2648 4259 3586 2902
20601 4 2 1 1 3636 4205 3682 2813
20602 4 2 1 1 2493 3420 3292 4526
20603 4 2 1 1 1744 207 1538 4564
20604 4 2 1 1 2140 2224 2225 3782
20605 4 2 1 1 399 319 392 4484
20606 4 2 1 1 2822 3758 2254 3759
20607 4 2 1 1 917 916 909 4379
20608 4 2 1 1 717 523 724 4479
20609 4 2 1 1 2700 3045 2418 4152
20610 4 2 1 1 890 832 847 3547
20611 4 2 1 1 2269 3868 3200 4417
20612 4 2 1 1 2717 2553 4028 2983
20613 4 2 1 1 3848 3849 3172 2626
20614 4 2 1 1 2457 2994 2993 3474
20615 4 2 1 1 1587 1591 1701 4541
20616 4 2 1 1 2904 2927 2663 4440
20617 4 2 1 1 2364 3970 2619 4088
20618 4 2 1 1 2266 3002 3562 3714
20619 4 2 1 1 2457 2993 3268 3681
20620 4 2 1 1 2981 3331 3011 4157
20621 4 2 1 1 1154 1117 1256 4162
20622 4 2 1 1 1180 1181 1211 4328
20623 4 2 1 1 1270 1470 214 4227
20624 4 2 1 1 724 615 614 4330
20625 4 2 1 1 66 67 738 4521
20626 4 2 1 1 494 704 743 4393
20627 4 2 1 1 956 919 920 3250
20628 4 2 1 1 3482 3827 2607 2253
20629 4 2 1 1 425 464 470 4474
20630 4 2 1 1 66 2021 67 4521
20631 4 2 1 1 862 864 1001 4131
20632 4 2 1 1 2269 3121 2975 3868
20633 4 2 1 1 2757 2624 3558 4430
20634 4 2 1 1 1514 197 5 4574
20635 4 2 1 1 4254 3785 4024 2899
20636 4 2 1 1 2860 3371 3029 3743
20637 4 2 1 1 2624 2871 4391 4430
20638 4 2 1 1 2255 4560 3032 3409
20639 4 2 1 1 2253 2504 2907 3827
20640 4 2 1 1 549 547 663 4496
20641 4 2 1 1 1549 198 1764 4336
20642 4 2 1 1 1214 1035 187 4338
20643 4 2 1 1 1858 1866 1865 3378
20644 4 2 1 1 2273 3218 2862 2971
20645 4 2 1 1 321 427 320 4354
20646 4 2 1 1 996 944 932 3919
20647 4 2 1 1 2367 3824 3030 2723
20648 4 2 1 1 2553 3049 2567 4028
20649 4 2 1 1 879 776 978 4453
20650 4 2 1 1 2573 4032 2327 4358
20651 4 2 1 1 1651 1650 1588 4476
20652 4 2 1 1 4254 4024 3785 2291
20653 4 2 1 1 477 448 476 4231
20654 4 2 1 1 1491 1272 1458 4137
20655 4 2 1 1 3011 3704 2981 4157
20656 4 2 1 1 27 28 286 4600
20657 4 2 1 1 3743 3824 4307 3030
20658 4 2 1 1 4639 264 263 1733
20659 4 2 1 1 571 744 656 4215
20660 4 2 1 1 515 698 665 3840
20661 4 2 1 1 895 962 892 4332
20662 4 2 1 1 3189 2989 2257 4146
20663 4 2 1 1 2404 2949 2460 4440
20664 4 2 1 1 3044 3221 3754 2798
20665 4 2 1 1 3268 4512 2776 4094
20666 4 2 1 1 362 363 388 4304
20667 4 2 1 1 1730 3081 1685 1729
20668 4 2 1 1 491 490 3530 418
20669 4 2 1 1 3614 3431 3033 2287
20670 4 2 1 1 955 986 868 4253
20671 4 2 1 1 3180 3813 2687 4298
20672 4 2 1 1 965 864 1000 4438
20673 4 2 1 1 2150 2213 2151 4263
20674 4 2 1 1 2273 2862 2730 2971
20675 4 2 1 1 3121 3868 2269 4418
20676 4 2 1 1 2537 4387 2701 4388
20677 4 2 1 1 2254 3759 3953 4511
20678 4 2 1 1 16 17 278 4670
20679 4 2 1 1 1552 1553 1641 4503
20680 4 2 1 1 3338 3950 3641 4058
20681 4 2 1 1 2504 2364 3420 4526
20682 4 2 1 1 3389 2262 4219 4551
20683 4 2 1 1 2280 2687 3032 4560
20684 4 2 1 1 2789 4289 3287 4430
20685 4 2 1 1 155 156 965 4593
20686 4 2 1 1 3011 3331 2663 4157
20687 4 2 1 1 1724 1723 1541 4569
20688 4 2 1 1 3810 3809 3172 2498
20689 4 2 1 1 804 907 850 4331
20690 4 2 1 1 1028 1211 1181 4328
20691 4 2 1 1 1959 1960 2021 4232
20692 4 2 1 1 3551 4151 2860 4152
20693 4 2 1 1 1872 1864 1926 4562
20694 4 2 1 1 1690 1691 1692 4375
20695 4 2 1 1 2296 3030 3743 4307
20696 4 2 1 1 1376 1520 1382 4528
20697 4 2 1 1 2632 3016 2764 3473
20698 4 2 1 1 2981 3953 3331 4157
20699 4 2 1 1 3382 4244 2871 4372
20700 4 2 1 1 378 299 391 4471
20701 4 2 1 1 2664 4036 3825 4184
20702 4 2 1 1 49 281 48 4660
20703 4 2 1 1 2663 3011 2404 3331
20704 4 2 1 1 2296 4151 3702 4308
20705 4 2 1 1 2251 2553 3603 4244
20706 4 2 1 1 4602 15 14 290
20707 4 2 1 1 812 813 811 3247
20708 4 2 1 1 640 661 608 2593
20709 4 2 1 1 613 626 634 4212
20710 4 2 1 1 1619 1687 1724 4569
20711 4 2 1 1 2700 4152 2418 4223
20712 4 2 1 1 1533 1633 1759 3208
20713 4 2 1 1 4301 3430 2969 4118
20714 4 2 1 1 837 996 935 4424
20715 4 2 1 1 2837 2388 3758 3847
20716 4 2 1 1 2388 4099 3218 4494
20717 4 2 1 1 27 26 4631 452
20718 4 2 1 1 1294 1517 161 4132
20719 4 2 1 1 103 973 756 4273
20720 4 2 1 1 19 18 4661 444
20721 4 2 1 1 1319 1318 1317 2763
20722 4 2 1 1 2276 3633 3461 4311
20723 4 2 1 1 2975 2644 3868 4416
20724 4 2 1 1 2457 3681 2287 3825
20725 4 2 1 1 4645 14 13 462
20726 4 2 1 1 710 513 106 4467
$EndElements
