family,x_nm,y_nm,z_nm,radius_nm,nx,ny,nz,defects
c,326.0592300204492,187.59676682688215,363.7638285967405,28.02126241747556,0.0,0.0,1.0,108526.07388542093
c,269.8740507926496,120.9731529481456,397.4115459143565,28.010068517609923,0.0,0.0,1.0,108439.38347608948
c,210.94189796053305,346.41016149999984,488.9728700094919,1.3875845123046116,0.0,0.0,1.0,400.0003256715725
c,210.84898458716538,281.7341120340231,427.25949490263133,28.025171944303196,0.0,0.0,1.0,108556.35911591463
c,318.99701589448983,48.55888062440893,532.9223982464913,20.697212896061153,0.0,0.0,1.0,59208.27812602891
c,174.9135920319982,184.7212315572684,521.3661004157397,27.997230725769754,0.0,0.0,1.0,108340.00469682389
c,125.58891920054468,49.95372948472591,166.98827652112357,27.965215635186926,0.0,0.0,1.0,108092.37078198104
c,196.8129163468716,195.7562603851938,442.99293356292895,27.978036245891072,0.0,0.0,1.0,108191.50306726435
c,158.7616366623439,234.32694253403537,343.88839568974055,28.001657485864744,0.0,0.0,1.0,108374.26759443618
c,108.82620158932377,345.2199834982077,488.2735789962352,1.3875845123046116,0.0,0.0,1.0,400.0003256715725
c,202.11807845817478,70.04168864254159,241.60724144800272,28.023488153657755,0.0,0.0,1.0,108543.31507883793
c,94.08822867704585,153.85733555980673,254.25567064471497,28.026724750904055,0.0,0.0,1.0,108568.38913673161
c,363.30941142178693,126.98648366874083,566.0548809141175,22.618944487457824,0.0,0.0,1.0,70713.66826819879
c,313.64243857423713,172.63236417406034,587.2605412085084,28.046555020933774,0.0,0.0,1.0,108722.07831357476
c,133.0527826487995,21.722106507613532,42.76207736427863,26.31481268388851,0.0,0.0,1.0,95710.4290897515
c,201.48341777291293,237.69318030411313,266.2205676768242,27.992542825633226,0.0,0.0,1.0,108303.72649437762
c,335.5283809198341,221.18334825612416,603.5607955410578,27.64214437767659,0.0,0.0,1.0,105609.29887322288
c,218.04937277150665,148.32298022411769,397.74681594598604,27.97797911227817,0.0,0.0,1.0,108191.06119456897
c,75.73088290552705,299.78506796260666,384.56989391870763,1.3875845123046116,0.0,0.0,1.0,400.0003256715725
c,272.47683218449276,13.657122496619984,263.1801029001414,22.562654505704725,0.0,0.0,1.0,70362.14716546974
c,290.1438219090527,95.40143549623168,248.7893514136144,28.023504073426846,0.0,0.0,1.0,108543.43840288621
c,161.62844105261334,22.373818131297984,204.62863891559465,27.420550153308596,0.0,0.0,1.0,103922.84450654741
c,303.0331265917722,146.93827851258263,275.3770873542682,28.02275328718583,0.0,0.0,1.0,108537.62244009723
c,351.5626155525232,169.89575326985613,560.5260039167595,27.905339760474153,0.0,0.0,1.0,107629.9966202439
c,331.78097429854995,174.15401722652933,96.47633692755461,28.03024181091842,0.0,0.0,1.0,108595.63923478658
c,213.0452725601473,284.62561095263055,313.3900005588246,28.023297404851327,0.0,0.0,1.0,108541.83743000145
c,133.397264846173,128.56064518122287,234.387099249707,28.007015011313495,0.0,0.0,1.0,108415.74181369641
c,237.26680140817086,2.593399974778251,217.41637592606,1.3875845123046116,0.0,0.0,1.0,400.0003256715725
c,166.02403806293935,326.1683807263776,527.5199286501324,27.414797911698322,0.0,0.0,1.0,103879.24752505602
c,251.11590398792112,33.77268961485927,392.6507793281234,27.838314121480785,0.0,0.0,1.0,107113.5860859768
c,74.90722236629627,156.35368927693744,431.7207400873126,28.022487579725905,0.0,0.0,1.0,108535.56417559019
c,337.51427434847625,227.36982459563217,489.59982933161757,27.493357186511677,0.0,0.0,1.0,104475.44895722737
c,311.5123986365274,231.3785748654231,200.39317146455784,28.001084256490955,0.0,0.0,1.0,108369.83052297297
c,351.2679041772693,154.18956383596893,453.0872744918156,27.81634449892814,0.0,0.0,1.0,106944.58759909621
c,105.99006702234364,212.52091569682872,135.69224164296696,28.034951065780188,0.0,0.0,1.0,108632.13178487263
c,280.18342555511833,313.1122714614782,108.77867621654137,27.53241197649028,0.0,0.0,1.0,104772.47814387847
c,119.04543731737911,2.756621597654885e-14,65.05703760290666,1.3875845123046116,0.0,0.0,1.0,400.0003256715725
c,251.16604943626396,119.4069814835427,246.81910213845225,28.0029412741461,0.0,0.0,1.0,108384.20506361185
c,278.0608243316222,231.71077338268037,324.6036441331499,28.01940236897096,0.0,0.0,1.0,108511.66646447145
c,253.96523744615504,269.21473832056785,6.6743212770776665,21.064247977342138,0.0,0.0,1.0,61326.84392050167
c,278.71113024930276,165.23004915605995,598.6534714041586,28.03706685209096,0.0,0.0,1.0,108648.52924887078
c,334.1863317451919,149.40174755366732,477.51382672252447,27.97466226072412,0.0,0.0,1.0,108165.41013402832
c,311.5732684254988,135.78021925236405,457.3973159124823,28.02419894674565,0.0,0.0,1.0,108548.82137527892
c,33.47764248092008,155.7955636840711,264.7671519514054,26.996188053685703,0.0,0.0,1.0,100731.10239941912
c,159.7993496948477,232.12040798743368,596.1326441521489,28.04199689462181,0.0,0.0,1.0,108686.74215941633
c,280.20881526270557,207.00845622892493,343.2260921306377,28.009230457323053,0.0,0.0,1.0,108432.89456791547
c,288.29257805669255,171.26023725841756,391.96037630837776,28.01535839615531,0.0,0.0,1.0,108480.34627021482
c,192.80427910256347,56.53914493250046,231.03878014663036,28.02090065678261,0.0,0.0,1.0,108523.27171229423
c,210.16571450879246,345.0547375386334,371.3507381996535,1.3875845123046116,0.0,0.0,1.0,400.0003256715725
c,309.75511110182634,273.8270759864251,254.01934782472645,27.76443934437676,0.0,0.0,1.0,106545.84388189964
c,304.18281064158407,80.75474697195156,308.43049405036817,27.887275235380034,0.0,0.0,1.0,107490.693141052
c,43.752549175740675,180.28862162578326,366.1783171251981,27.812799483033842,0.0,0.0,1.0,106917.33052334127
c,44.86631560383176,232.88720443807708,356.2585232399275,23.050315644386203,0.0,0.0,1.0,73436.58133750869
c,291.9138835180191,216.65321254740923,283.9654127926487,28.020567897136488,0.0,0.0,1.0,108520.69421119888
c,84.17203450696972,281.2864346619579,363.32452713703276,27.330968226051365,0.0,0.0,1.0,103244.92947051438
c,202.41639542545397,273.21540770459933,13.697334190443296,24.162705150768357,0.0,0.0,1.0,80695.59091130584
c,58.904499297950196,209.8051527483517,276.43568965080647,27.84135553509767,0.0,0.0,1.0,107136.99228175872
c,158.60456056311608,78.79367394466583,31.426642998185038,27.815912898420326,0.0,0.0,1.0,106941.26890420253
c,117.93614940280095,302.3128737624368,259.0966865890627,27.907015883369283,0.0,0.0,1.0,107642.92651258322
c,256.3005052006174,229.19431566256023,92.42259266087221,28.042062018972867,0.0,0.0,1.0,108687.24698521724
c,207.01908963012767,0.8436641062435534,296.23045026959625,1.3875845123046116,0.0,0.0,1.0,400.0003256715725
c,333.87888837906956,77.89658275811078,15.782279784743757,10.490132463692175,0.0,0.0,1.0,15209.699786984007
c,162.89811613642826,215.39613890632083,606.6107137778805,28.016586732079887,0.0,0.0,1.0,108489.85913995834
c,253.10060097997282,278.0769555887258,329.25027047969525,28.02807065651336,0.0,0.0,1.0,108578.81677776366
c,161.47576700921618,215.657245161707,288.11526812048845,27.98990035505886,0.0,0.0,1.0,108283.27991300568
c,174.15028814450645,25.96668722615951,69.58336107712701,27.427795912506944,0.0,0.0,1.0,103977.77406782465
c,101.86107686139886,310.9489151414758,168.6241107664588,26.623466539714983,0.0,0.0,1.0,97968.82575790548
c,144.67367059159523,284.287775870476,63.214489708944186,28.03483831805644,0.0,0.0,1.0,108631.2580183426
c,87.53471186501916,99.86049339019756,43.44830170386621,27.75827229658505,0.0,0.0,1.0,106498.51713213953
c,146.39825040892367,215.24519682030854,205.0995419403139,28.00275920723755,0.0,0.0,1.0,108382.79570358722
c,177.6422568436864,333.1322382104594,268.4691931542962,25.3742128852657,0.0,0.0,1.0,88990.54280592094
c,199.05024095715345,97.501855041382,526.8096204816895,28.02418989833941,0.0,0.0,1.0,108548.75127916835
c,341.48258419655326,148.64058950103467,29.30421278335751,27.46336580938873,0.0,0.0,1.0,104247.63730512005
c,146.63557487152178,188.5603234996804,518.9227278515477,28.005918004721984,0.0,0.0,1.0,108407.24890903622
c,333.05562712867834,176.99423713006797,68.2796379793138,28.006191999098665,0.0,0.0,1.0,108409.37011226804
c,106.24304534583108,333.69500797638364,212.561284480213,15.294020396338086,0.0,0.0,1.0,32329.726264840545
c,117.07960982789571,133.8096561527143,281.17932993285064,28.01233577963256,0.0,0.0,1.0,108456.93933792475
c,76.4708701301521,134.5622835604729,497.7189886023493,28.002449017986315,0.0,0.0,1.0,108380.39458362643
c,57.069472810923756,187.44767547750956,250.44075968130372,27.937642134277613,0.0,0.0,1.0,107879.31927152528
c,82.57791789173342,244.1192788109943,361.2643271066727,27.908776479378037,0.0,0.0,1.0,107656.50888094955
c,331.16244539091036,140.09065748693575,316.3545233272179,27.989904661454034,0.0,0.0,1.0,108283.31323292639
c,46.910558466747915,144.51253979753224,542.6385819837905,27.563870305229813,0.0,0.0,1.0,105012.03943163066
c,76.58797425436528,122.14486375479693,386.4049065005027,27.970916713204755,0.0,0.0,1.0,108136.44738497496
c,105.67701659772908,313.8544963643008,561.0155946534336,27.041400270743928,0.0,0.0,1.0,101068.78638087648
c,81.31107975847081,103.7004736011638,475.40848802907044,27.941141623582624,0.0,0.0,1.0,107906.3470476404
c,265.31006051416057,252.00004743800008,14.59368112643341,25.493599230130616,0.0,0.0,1.0,89829.91854408605
c,51.950762882090366,171.87806593008054,222.61346109406057,27.9518520256274,0.0,0.0,1.0,107989.0882527834
c,158.33628830264544,337.0620296614752,107.24441110569043,23.547106648008878,0.0,0.0,1.0,76636.17120482327
c,251.24620371561235,155.64772130228397,652.8253498594779,1.3875845123046116,0.0,0.0,1.0,400.0003256715725
c,341.1396506124283,133.61417937706582,442.23975119894055,27.783027945629236,0.0,0.0,1.0,106688.55889794194
c,105.2615969422817,137.1632888627452,524.9070285128055,28.03724778130248,0.0,0.0,1.0,108649.93151796413
c,99.56255668328744,316.3537129282202,112.17492961593946,24.452106869920797,0.0,0.0,1.0,82640.1825535955
c,232.83979856135272,216.3260227530045,194.57932517519228,27.991425611972655,0.0,0.0,1.0,108295.08162142747
c,136.58290844890317,18.194529111693765,8.692508253746356,11.717975689842975,0.0,0.0,1.0,18978.587336566212
c,269.3398619566999,0.0,126.1136793341662,1.3875845123046116,0.0,0.0,1.0,400.0003256715725
c,137.96886772864582,173.90874073601395,529.9163342022513,28.015615251532225,0.0,0.0,1.0,108482.33545682937
c,341.1624671758492,253.66047063429,374.7432550513665,20.775563584207386,0.0,0.0,1.0,59657.40043046868
c,201.05630931906572,298.37641725156567,553.106973211099,28.0284199179252,0.0,0.0,1.0,108581.52282396897
c,240.99009567865255,151.26860104839992,163.83842047464086,27.99508514271779,0.0,0.0,1.0,108323.39994236494
c,171.45604396472848,292.0178921591116,328.7605737541049,28.017574903809702,0.0,0.0,1.0,108497.51235649316
c,332.08835593646006,187.05818113471415,524.2747199826937,28.02786518032772,0.0,0.0,1.0,108577.22478239541
a1,241.26830833233797,1.2014990644193724,332.40195400597196,1.8551455046836318,1.0,0.0,0.0,299.99957748946235
a1,216.56399712645265,0.0,642.2037539153384,1.8551455046836318,1.0,0.0,0.0,299.99957748946235
a1,318.1916607806054,314.90128075518635,39.17347024003571,1.8551455046836318,1.0,0.0,0.0,299.99957748946235
a1,68.92442269016927,289.8758494760498,171.85946508780572,1.8551455046836318,1.0,0.0,0.0,299.99957748946235
a1,275.00293851115504,338.2189427400301,313.6143100758784,4.814791955981362,1.0,0.0,0.0,1962.1372552152422
a1,338.77820753814484,279.24433582015337,241.73943562385412,1.8551455046836318,1.0,0.0,0.0,299.99957748946235
a1,224.5791406890439,232.2496600195554,605.4028873032411,4.762639633167002,1.0,0.0,0.0,1919.8609479167596
a1,90.191428212384,16.98894468516192,348.9263715156662,1.8551455046836318,1.0,0.0,0.0,299.99957748946235
a1,50.1753663897297,86.29879687806029,381.8327192614242,1.8551455046836318,1.0,0.0,0.0,299.99957748946235
a1,397.06819284004837,170.33918659677863,100.79752121773366,1.8551455046836318,1.0,0.0,0.0,299.99957748946235
a1,321.821603974537,308.6140347149581,634.4300027259735,1.8551455046836318,1.0,0.0,0.0,299.99957748946235
a1,300.00000000000006,0.0,540.5769931034482,1.8551455046836318,1.0,0.0,0.0,299.99957748946235
a1,243.53843205443965,44.89296717159926,343.1121361651105,4.763606639855032,1.0,0.0,0.0,1920.6406444689017
a1,188.55749434807916,2.756621597654885e-14,100.03242355578257,1.8551455046836318,1.0,0.0,0.0,299.99957748946235
a1,123.35326994404379,303.5818290194123,651.6417453288457,1.8551455046836318,1.0,0.0,0.0,299.99957748946235
a1,389.3815504261172,154.8925229445075,312.8361192138737,1.8551455046836318,1.0,0.0,0.0,299.99957748946235
a1,259.20945784900385,0.0,266.7363650327695,1.8551455046836318,1.0,0.0,0.0,299.99957748946235
a1,182.44074911020465,346.4101615000001,275.93980845614897,1.8551455046836318,1.0,0.0,0.0,299.99957748946235
a1,235.77028105418208,345.2304245821176,42.29351000939749,1.8551455046836318,1.0,0.0,0.0,299.99957748946235
a1,212.31584522560772,0.6726288343455148,354.4121208948629,1.8551455046836318,1.0,0.0,0.0,299.99957748946235
a1,379.30538585385204,209.04920389273653,128.80831796972606,1.8551455046836318,1.0,0.0,0.0,299.99957748946235
a1,19.20399973768002,206.01312270660728,481.4786281917047,1.8551455046836318,1.0,0.0,0.0,299.99957748946235
a1,268.04831017820214,108.21372993798929,0.0,1.8551455046836318,1.0,0.0,0.0,299.99957748946235
a1,373.4085550916456,219.26281437610695,354.4375379460843,1.8551455046836318,1.0,0.0,0.0,299.99957748946235
a1,41.10303344146552,240.75444610433024,287.0284682637437,1.8551455046836318,1.0,0.0,0.0,299.99957748946235
a1,115.36326291777412,8.00595688040045,43.70744336253909,4.826731615633658,1.0,0.0,0.0,1971.8806869281268
a1,185.60372520394773,266.6497963071498,0.0,1.8551455046836318,1.0,0.0,0.0,299.99957748946235
a1,253.26883513690635,343.49214349387256,526.1277854381301,1.8551455046836318,1.0,0.0,0.0,299.99957748946235
a1,157.7961446978088,334.82389925879653,264.8941826150735,4.805757960960571,1.0,0.0,0.0,1954.7810459480074
a1,329.5852843665227,51.24321567715267,471.918168449462,1.8551455046836318,1.0,0.0,0.0,299.99957748946235
a1,43.10026705641183,123.33352746948256,370.3496751662493,4.801592845669596,1.0,0.0,0.0,1951.3941254108054
a1,69.58169265269754,293.7241076963216,597.2173271986217,1.8551455046836318,1.0,0.0,0.0,299.99957748946235
a1,115.42297215020618,50.225357859020264,652.3907486549205,1.8551455046836318,1.0,0.0,0.0,299.99957748946235
a1,300.00000000000006,0.0,259.02647586206905,1.8551455046836318,1.0,0.0,0.0,299.99957748946235
a1,94.97289096073725,337.70295322915433,310.5376703540599,1.8551455046836318,1.0,0.0,0.0,299.99957748946235
a1,369.30362732948544,225.95199047429443,426.5170924237375,1.8551455046836318,1.0,0.0,0.0,299.99957748946235
a1,9.52152523784585,189.69684622684255,325.22366830038914,1.8551455046836318,1.0,0.0,0.0,299.99957748946235
a1,73.74431719629166,300.93398489837307,212.82638348631028,1.8551455046836318,1.0,0.0,0.0,299.99957748946235
a1,84.96457318064647,318.19787270543054,453.86646448663083,1.8551455046836318,1.0,0.0,0.0,299.99957748946235
a1,8.87850350526761,186.3753112483137,209.5714315026488,1.8551455046836318,1.0,0.0,0.0,299.99957748946235
a1,229.3563812152258,0.0,249.33664395582431,1.8551455046836318,1.0,0.0,0.0,299.99957748946235
a1,43.13993012496952,247.92563155844704,63.296930702859285,1.8551455046836318,1.0,0.0,0.0,299.99957748946235
a1,208.36365718555328,345.90242685621877,522.1949157748041,1.8551455046836318,1.0,0.0,0.0,299.99957748946235
a1,159.35728047978037,57.08597047844417,653.1971999999998,1.8551455046836318,1.0,0.0,0.0,299.99957748946235
a1,379.4468978005091,137.60606348874168,459.91283169486314,1.8551455046836318,1.0,0.0,0.0,299.99957748946235
a1,358.45503619621957,106.55202043852093,633.5891725483397,1.8551455046836318,1.0,0.0,0.0,299.99957748946235
a1,91.61960850175548,18.67969180360551,245.51702040934825,1.8551455046836318,1.0,0.0,0.0,299.99957748946235
a1,304.85192767010346,118.42937466514971,652.844244134161,1.8551455046836318,1.0,0.0,0.0,299.99957748946235
a1,95.0611038865282,8.554419001497354,50.32799108558252,1.8551455046836318,1.0,0.0,0.0,299.99957748946235
a1,129.84909566148767,0.18227420305872746,339.3392456119628,1.8551455046836318,1.0,0.0,0.0,299.99957748946235
a1,314.51340695590534,321.27220326244816,318.7237352344887,1.8551455046836318,1.0,0.0,0.0,299.99957748946235
a1,341.11823950482204,270.78342881064805,109.01197203416348,1.8551455046836318,1.0,0.0,0.0,299.99957748946235
a1,34.78662479063879,229.34803896423793,327.5706177989787,1.8551455046836318,1.0,0.0,0.0,299.99957748946235
a1,214.2463711681169,276.87076919147177,653.1971999999998,1.8551455046836318,1.0,0.0,0.0,299.99957748946235
a1,91.68799714727999,329.57061670618623,7.843646960075715,1.8551455046836318,1.0,0.0,0.0,299.99957748946235
a1,113.63868076603866,8.668946838760334,167.62900578445425,4.821873415341549,1.0,0.0,0.0,1967.9132112250884
a1,179.97230366498252,2.6661740570122183,198.43337816963216,1.8551455046836318,1.0,0.0,0.0,299.99957748946235
a1,314.3654393713196,321.5284906368137,341.89483793562067,1.8551455046836318,1.0,0.0,0.0,299.99957748946235
a1,179.49245215523868,296.47071242946515,0.0,1.8551455046836318,1.0,0.0,0.0,299.99957748946235
a1,123.7452863095504,163.39606565618573,589.1234665275972,4.75678193232958,1.0,0.0,0.0,1915.1412730791938
a1,106.29744673808155,166.0543784792239,0.0,1.8551455046836318,1.0,0.0,0.0,299.99957748946235
a1,212.5948329214051,1.081134765603773,272.250812809713,1.8551455046836318,1.0,0.0,0.0,299.99957748946235
a1,192.42474448515196,251.04727380076474,518.5317108545333,4.747787438298994,1.0,0.0,0.0,1907.9055237344085
a1,221.90122082221527,0.0,609.3472512547879,1.8551455046836318,1.0,0.0,0.0,299.99957748946235
a1,230.39270367498617,0.5793445265891283,350.7210403316486,1.8551455046836318,1.0,0.0,0.0,299.99957748946235
a1,188.8552086095557,2.756621597654885e-14,146.051460553492,1.8551455046836318,1.0,0.0,0.0,299.99957748946235
a1,341.90469267488896,131.94994879408006,444.13763767780887,4.778084751533111,1.0,0.0,0.0,1932.333258648054
a1,127.8823201978331,246.12728571874112,2.8936237644333715,1.8551455046836318,1.0,0.0,0.0,299.99957748946235
a1,44.688049275811075,95.80310891623161,226.58477561763684,1.8551455046836318,1.0,0.0,0.0,299.99957748946235
a1,337.25495815538835,70.38377407266782,411.8419136618447,1.8551455046836318,1.0,0.0,0.0,299.99957748946235
a1,171.64151145732637,154.88553331404685,652.725411888833,1.8551455046836318,1.0,0.0,0.0,299.99957748946235
a1,278.33635619773065,207.97009213821644,653.1971999999998,1.8551455046836318,1.0,0.0,0.0,299.99957748946235
a1,140.06585256507185,226.24796763491355,653.1971999999998,1.8551455046836318,1.0,0.0,0.0,299.99957748946235
a1,98.69884713946679,337.39530260796073,165.7756879682556,1.8551455046836318,1.0,0.0,0.0,299.99957748946235
a1,349.617731953164,260.4697288042038,597.3508801387604,1.8551455046836318,1.0,0.0,0.0,299.99957748946235
a1,232.24689554079458,346.41016149999984,259.0070187831345,1.8551455046836318,1.0,0.0,0.0,299.99957748946235
a1,227.66400085323397,117.69280602970011,653.1971999999998,1.8551455046836318,1.0,0.0,0.0,299.99957748946235
a1,274.35304384382806,346.41016149999984,627.392886477505,1.8551455046836318,1.0,0.0,0.0,299.99957748946235
a1,111.1886799275688,197.7432576505414,3.1784859466691158,1.8551455046836318,1.0,0.0,0.0,299.99957748946235
a1,86.92360948034163,284.75379669766664,1.5850906250042331,1.8551455046836318,1.0,0.0,0.0,299.99957748946235
a1,214.2463711681169,276.87076919147177,0.0,1.8551455046836318,1.0,0.0,0.0,299.99957748946235
a1,379.58026834661257,137.8370680508169,482.92014602549176,1.8551455046836318,1.0,0.0,0.0,299.99957748946235
a1,75.58640090877506,300.29762128757955,21.875910115598828,1.8551455046836318,1.0,0.0,0.0,299.99957748946235
a1,95.10246904384036,8.482772447372449,230.67114219475374,1.8551455046836318,1.0,0.0,0.0,299.99957748946235
a1,319.5077537519743,312.62174086138185,380.83097351116965,1.8551455046836318,1.0,0.0,0.0,299.99957748946235
a1,53.77433817844982,266.34496661476203,293.2630134958105,1.8551455046836318,1.0,0.0,0.0,299.99957748946235
a1,336.8998769631166,280.0695486673095,79.02402992574382,1.8551455046836318,1.0,0.0,0.0,299.99957748946235
a1,209.5697344966063,187.2257459069976,653.1971999999998,1.8551455046836318,1.0,0.0,0.0,299.99957748946235
a1,309.76610761701346,16.915394584179918,461.3378126657919,1.8551455046836318,1.0,0.0,0.0,299.99957748946235
a1,56.37580078540652,266.0819354805774,566.840261069535,1.8551455046836318,1.0,0.0,0.0,299.99957748946235
a1,311.3423213079375,25.835446503162398,205.79632671230254,1.8551455046836318,1.0,0.0,0.0,299.99957748946235
a1,234.24812010064977,48.519114219664914,653.1971999999998,1.8551455046836318,1.0,0.0,0.0,299.99957748946235
a1,63.686200322333484,120.74604828458963,650.7851947294466,1.8551455046836318,1.0,0.0,0.0,299.99957748946235
a1,9.565967736761879,189.77382289297736,268.3188017541843,1.8551455046836318,1.0,0.0,0.0,299.99957748946235
a1,312.5328658951863,22.873737090389213,34.637021698987084,1.8551455046836318,1.0,0.0,0.0,299.99957748946235
a1,21.252018533280545,141.1313436422638,232.6243875191266,1.8551455046836318,1.0,0.0,0.0,299.99957748946235
a1,232.70663984976653,344.4704691826901,503.6529796094442,1.8551455046836318,1.0,0.0,0.0,299.99957748946235
a1,49.6006589827696,87.29421930636171,22.1641193059562,1.8551455046836318,1.0,0.0,0.0,299.99957748946235
a1,95.10432307988073,8.47956116275159,298.30645318777005,1.8551455046836318,1.0,0.0,0.0,299.99957748946235
a1,150.42586944363174,0.2381321480298205,413.81503760740463,1.8551455046836318,1.0,0.0,0.0,299.99957748946235
a1,307.7177661288325,326.6265940942143,552.6521954398186,1.8551455046836318,1.0,0.0,0.0,299.99957748946235
a1,312.77047351435846,322.505226665552,134.8560561531279,1.8551455046836318,1.0,0.0,0.0,299.99957748946235
a1,209.83191477273115,264.48936341998785,0.07611692916743217,1.8551455046836318,1.0,0.0,0.0,299.99957748946235
a1,203.35774281638547,2.5117223730725633,564.7417483361376,1.8551455046836318,1.0,0.0,0.0,299.99957748946235
a1,348.29058666760005,262.7684118677345,115.00329837272669,1.8551455046836318,1.0,0.0,0.0,299.99957748946235
a1,290.9068794147192,346.41016149999984,613.8969206604183,1.8551455046836318,1.0,0.0,0.0,299.99957748946235
a1,379.897960840037,207.6093810925693,162.48365299025204,1.8551455046836318,1.0,0.0,0.0,299.99957748946235
a1,323.79350749621335,300.8307638462623,501.229006363968,1.8551455046836318,1.0,0.0,0.0,299.99957748946235
a1,188.87095428372436,0.03407695121928339,250.85340845696106,1.8551455046836318,1.0,0.0,0.0,299.99957748946235
a1,375.8923116266211,190.43688528154868,570.7084134637722,4.810356636354269,1.0,0.0,0.0,1958.5239329564179
a1,228.9284793507493,0.0,24.727825657193062,1.8551455046836318,1.0,0.0,0.0,299.99957748946235
a1,48.552984599323146,257.3013169317927,195.53658847541598,1.8551455046836318,1.0,0.0,0.0,299.99957748946235
a1,189.9653063486637,129.44258701946774,650.8836977849531,1.8551455046836318,1.0,0.0,0.0,299.99957748946235
a1,170.7910633800718,2.756621597654885e-14,433.79894841251706,1.8551455046836318,1.0,0.0,0.0,299.99957748946235
a1,124.28219693662335,346.4101615000001,203.09620013178213,1.8551455046836318,1.0,0.0,0.0,299.99957748946235
a1,231.98996760996158,346.41016149999984,282.0158345032056,1.8551455046836318,1.0,0.0,0.0,299.99957748946235
a1,151.49199642947173,344.67725877733915,430.75860817598937,1.8551455046836318,1.0,0.0,0.0,299.99957748946235
a1,231.93011654556838,306.8981306461172,653.1971999999998,1.8551455046836318,1.0,0.0,0.0,299.99957748946235
a1,4.857734116919889,181.61892304983138,354.0720007007906,1.8551455046836318,1.0,0.0,0.0,299.99957748946235
a1,231.7142216093942,346.2134904344141,476.905664388032,1.8551455046836318,1.0,0.0,0.0,299.99957748946235
a1,58.687556544758166,274.8549104535503,252.9305201906712,1.8551455046836318,1.0,0.0,0.0,299.99957748946235
a1,161.9370711568898,346.4101615000001,356.37943758467264,1.8551455046836318,1.0,0.0,0.0,299.99957748946235
a1,16.872879991115784,148.62086126582037,169.71467202424182,1.8551455046836318,1.0,0.0,0.0,299.99957748946235
a1,91.98584157798216,317.95125331138667,337.2305296385858,4.816550504994956,1.0,0.0,0.0,1963.5708144207922
a1,260.81376804769525,343.77109297674997,565.0869232843414,1.8551455046836318,1.0,0.0,0.0,299.99957748946235
a1,269.65203426210593,0.0,194.65138351614837,1.8551455046836318,1.0,0.0,0.0,299.99957748946235
a1,334.7504805478337,286.22056360611145,546.6247271837474,1.8551455046836318,1.0,0.0,0.0,299.99957748946235
a1,70.37302098959772,51.31543291875278,485.1052219596306,1.8551455046836318,1.0,0.0,0.0,299.99957748946235
a1,159.56950088226247,2.756621597654885e-14,335.7242929174806,1.8551455046836318,1.0,0.0,0.0,299.99957748946235
a1,12.557716299489552,191.71077402147253,189.99570965982736,1.8551455046836318,1.0,0.0,0.0,299.99957748946235
a1,319.71425794871703,312.2640651006615,495.1461140773066,1.8551455046836318,1.0,0.0,0.0,299.99957748946235
a1,145.52851115146353,176.1546445678527,497.1710931019034,4.745302306907351,1.0,0.0,0.0,1905.9087388833661
a1,265.3448252443089,239.19402792557625,394.85746369966193,4.748705168179721,1.0,0.0,0.0,1908.6431772864323
a1,268.7766946260066,230.16581958859854,608.1914105267887,4.767950042857126,1.0,0.0,0.0,1924.1446783222714
a1,390.1636888922064,159.28393788608705,170.24578396995508,1.8551455046836318,1.0,0.0,0.0,299.99957748946235
a1,345.5473300972422,81.14137901954922,100.66832785864625,1.8551455046836318,1.0,0.0,0.0,299.99957748946235
a1,227.38756759375474,24.263363478633785,653.1971999999998,1.8551455046836318,1.0,0.0,0.0,299.99957748946235
a1,145.1056010210663,198.86872400203427,651.541619323814,1.8551455046836318,1.0,0.0,0.0,299.99957748946235
a1,209.88118585269345,2.468340878825952,263.3492674905802,1.8551455046836318,1.0,0.0,0.0,299.99957748946235
a1,14.823379287742783,147.53023468478636,217.45756045319487,1.8551455046836318,1.0,0.0,0.0,299.99957748946235
a1,240.768659527872,1.1954199490626947,209.24096906402582,1.8551455046836318,1.0,0.0,0.0,299.99957748946235
a1,24.2996193493767,215.29325606603055,351.7181661650428,1.8551455046836318,1.0,0.0,0.0,299.99957748946235
a1,328.37750490301426,49.15128028210074,46.606514732014766,1.8551455046836318,1.0,0.0,0.0,299.99957748946235
a1,84.59367533382951,319.72562442135217,477.35905894707855,1.8551455046836318,1.0,0.0,0.0,299.99957748946235
a1,205.45303432824886,25.955663866564592,0.0,1.8551455046836318,1.0,0.0,0.0,299.99957748946235
a1,95.1234019924064,337.9636459830947,84.46515517241387,1.8551455046836318,1.0,0.0,0.0,299.99957748946235
a1,122.68988222596458,236.00351630061257,653.1971999999998,1.8551455046836318,1.0,0.0,0.0,299.99957748946235
a1,250.19839717840236,0.2990675203913032,42.92583520639651,1.8551455046836318,1.0,0.0,0.0,299.99957748946235
a1,90.23306360991423,16.916830061249126,507.1971310989042,1.8551455046836318,1.0,0.0,0.0,299.99957748946235
a1,344.8992881840972,78.05101687000452,175.3543020365898,1.8551455046836318,1.0,0.0,0.0,299.99957748946235
a1,166.58768370713682,216.78877000423705,0.5570550209534376,1.8551455046836318,1.0,0.0,0.0,299.99957748946235
a1,69.18193016587045,53.378462741795396,105.46287037527973,1.8551455046836318,1.0,0.0,0.0,299.99957748946235
a1,338.95503952729183,278.1118060329407,184.16087318058507,1.8551455046836318,1.0,0.0,0.0,299.99957748946235
a1,307.7976144355508,16.585395236893508,620.2041939065257,1.8551455046836318,1.0,0.0,0.0,299.99957748946235
a1,91.51726852866902,20.035182811052557,450.46580483304257,1.8551455046836318,1.0,0.0,0.0,299.99957748946235
a1,301.72263504063585,338.2653253144561,229.9106946108641,1.8551455046836318,1.0,0.0,0.0,299.99957748946235
a1,300.00000000000006,346.41016149999984,326.5986000000001,1.8551455046836318,1.0,0.0,0.0,299.99957748946235
a1,300.00000000000006,346.41016149999984,202.7163724137932,1.8551455046836318,1.0,0.0,0.0,299.99957748946235
a1,330.7247203608729,251.67264659178147,652.6347956408791,1.8551455046836318,1.0,0.0,0.0,299.99957748946235
a1,326.8380919158787,52.48387242365344,112.60751995035031,1.8551455046836318,1.0,0.0,0.0,299.99957748946235
a1,59.49287747492423,276.249767220941,494.53018163076246,1.8551455046836318,1.0,0.0,0.0,299.99957748946235
a1,0.0,173.20508075000004,146.40626896551734,1.8551455046836318,1.0,0.0,0.0,299.99957748946235
a1,49.5555341923806,256.56581670347964,391.88150597331645,1.8551455046836318,1.0,0.0,0.0,299.99957748946235
a1,38.439802472348994,239.7847716623726,149.64762259632292,1.8551455046836318,1.0,0.0,0.0,299.99957748946235
a1,14.673691056578155,198.62065919355177,455.3689096605553,1.8551455046836318,1.0,0.0,0.0,299.99957748946235
a1,309.82889216364003,17.024140608863082,438.52655561213805,1.8551455046836318,1.0,0.0,0.0,299.99957748946235
a1,171.91690925235463,343.6323577504365,371.60226836290167,1.8551455046836318,1.0,0.0,0.0,299.99957748946235
a1,351.285751707946,200.33251526477125,653.1971999999998,1.8551455046836318,1.0,0.0,0.0,299.99957748946235
a1,323.4684074803692,304.08300138611617,108.13665259867172,1.8551455046836318,1.0,0.0,0.0,299.99957748946235
a1,44.612105529772435,202.1976466013439,280.93316475260195,4.788257158191393,1.0,0.0,0.0,1940.5697821811864
a1,106.80704134917127,265.7486878951544,653.1971999999998,1.8551455046836318,1.0,0.0,0.0,299.99957748946235
a1,108.28614857167365,285.4801442627532,0.0,1.8551455046836318,1.0,0.0,0.0,299.99957748946235
a1,218.48494822726752,0.0,105.59145753658221,1.8551455046836318,1.0,0.0,0.0,299.99957748946235
a1,271.14838539789827,346.41016149999984,364.55689272100847,1.8551455046836318,1.0,0.0,0.0,299.99957748946235
a1,367.56258344740917,117.0218272168713,42.33128030635071,1.8551455046836318,1.0,0.0,0.0,299.99957748946235
a1,338.6510919295765,276.6208448072165,135.84396641194766,1.8551455046836318,1.0,0.0,0.0,299.99957748946235
a1,42.02574286654476,245.54404171633672,153.65876852466724,1.8551455046836318,1.0,0.0,0.0,299.99957748946235
a1,364.61338284539664,234.49649956732395,534.7318465892012,1.8551455046836318,1.0,0.0,0.0,299.99957748946235
a1,41.38902318383988,169.9800969311789,653.1971999999998,1.8551455046836318,1.0,0.0,0.0,299.99957748946235
a1,282.26354292677314,92.45787619767546,640.4606086957674,4.811424732885161,1.0,0.0,0.0,1959.393774849487
a1,44.441611715349715,96.22995129182705,146.0836630505343,1.8551455046836318,1.0,0.0,0.0,299.99957748946235
a1,106.46335369556384,71.91232705672716,574.5761420690839,4.770828767071161,1.0,0.0,0.0,1926.468844465177
a1,158.9410103108397,2.756621597654885e-14,94.47137806000946,1.8551455046836318,1.0,0.0,0.0,299.99957748946235
a1,361.979541555316,110.67111663358703,353.77266319177477,1.8551455046836318,1.0,0.0,0.0,299.99957748946235
a1,123.88704321099887,136.37448598007796,653.1971999999998,1.8551455046836318,1.0,0.0,0.0,299.99957748946235
a1,103.13528492797049,235.86919729553526,1.2276999067243688,1.8551455046836318,1.0,0.0,0.0,299.99957748946235
a1,300.5459514672219,71.20532242555412,455.5784568719865,4.774023894543416,1.0,0.0,0.0,1929.050104453111
a1,314.2462212594179,321.3153340447654,274.73785070263415,1.8551455046836318,1.0,0.0,0.0,299.99957748946235
a1,14.559348410494197,196.21713070134356,477.30864280415324,1.8551455046836318,1.0,0.0,0.0,299.99957748946235
a1,95.17831659666832,8.351400632249865,580.438919788917,1.8551455046836318,1.0,0.0,0.0,299.99957748946235
a1,353.4787885923117,92.62797896543519,178.2144209553381,1.8551455046836318,1.0,0.0,0.0,299.99957748946235
a1,357.60705392146536,244.15227009793887,435.04566906762807,1.8551455046836318,1.0,0.0,0.0,299.99957748946235
a1,260.5800579601785,0.0,450.5199900330682,1.8551455046836318,1.0,0.0,0.0,299.99957748946235
a1,275.4158234516195,0.0,636.0915937237008,1.8551455046836318,1.0,0.0,0.0,299.99957748946235
a1,351.58054004543845,251.0339920972612,226.35186917887447,1.8551455046836318,1.0,0.0,0.0,299.99957748946235
a1,317.9061748930772,301.5005999994695,62.773471419377145,4.809928520716722,1.0,0.0,0.0,1958.1753361790902
a1,271.9014086444999,317.15090984220194,0.0,1.8551455046836318,1.0,0.0,0.0,299.99957748946235
a1,367.04277669766174,150.02382649851188,1.8884815073026595,1.8551455046836318,1.0,0.0,0.0,299.99957748946235
a1,356.7936849036044,98.3695477981887,37.649038095898895,1.8551455046836318,1.0,0.0,0.0,299.99957748946235
a1,266.5335361070823,184.47788893783294,234.95395627990965,4.7454564171422176,1.0,0.0,0.0,1906.032534921582
a1,190.73614704880515,318.71226619019,0.0925855425120743,1.8551455046836318,1.0,0.0,0.0,299.99957748946235
a1,110.0192322095806,2.6108753213266325,164.0507288553154,1.8551455046836318,1.0,0.0,0.0,299.99957748946235
a1,331.4342548756865,288.9580948732792,269.20156404076846,1.8551455046836318,1.0,0.0,0.0,299.99957748946235
a1,300.00000000000006,346.41016149999984,529.3149724137932,1.8551455046836318,1.0,0.0,0.0,299.99957748946235
a1,30.729041866386325,119.98081897162426,531.6542796059166,1.8551455046836318,1.0,0.0,0.0,299.99957748946235
a1,351.63587923860365,248.89540902636045,534.5961675017685,1.8551455046836318,1.0,0.0,0.0,299.99957748946235
a1,72.38246390990122,293.9894642674757,600.369312541674,1.8551455046836318,1.0,0.0,0.0,299.99957748946235
a1,277.29827641612906,229.1539362685602,633.4459234829966,4.789413480197572,1.0,0.0,0.0,1941.5071564338307
a1,325.91440488529213,231.7743985229207,652.0935677430386,1.8551455046836318,1.0,0.0,0.0,299.99957748946235
a1,318.8548944712493,178.50242390790675,653.1971999999998,1.8551455046836318,1.0,0.0,0.0,299.99957748946235
a1,188.82204759281004,46.828509579351454,650.2116428259669,1.8551455046836318,1.0,0.0,0.0,299.99957748946235
a1,84.66993097835015,26.55245842797929,126.11367933416614,1.8551455046836318,1.0,0.0,0.0,299.99957748946235
a1,84.77593099007474,320.04130047792313,488.973587498944,1.8551455046836318,1.0,0.0,0.0,299.99957748946235
a1,394.15326049341445,182.01773960724344,73.5638463374799,1.8551455046836318,1.0,0.0,0.0,299.99957748946235
a1,109.75319601518727,346.4101615000001,275.91950689655175,1.8551455046836318,1.0,0.0,0.0,299.99957748946235
a1,60.96800941744976,274.00698302894165,411.2288934596815,1.8551455046836318,1.0,0.0,0.0,299.99957748946235
a1,374.2330210712326,128.57536408959294,431.05888920484307,1.8551455046836318,1.0,0.0,0.0,299.99957748946235
a1,188.59776304827835,345.78422067484405,384.4078701852054,1.8551455046836318,1.0,0.0,0.0,299.99957748946235
a1,114.54396539758952,2.756621597654885e-14,14.535426209490648,1.8551455046836318,1.0,0.0,0.0,299.99957748946235
a1,304.46022067049694,9.430814158141416,578.8684117758244,1.8551455046836318,1.0,0.0,0.0,299.99957748946235
a1,259.7962358951581,1.9347198858202053,278.23383107930806,1.8551455046836318,1.0,0.0,0.0,299.99957748946235
a1,92.98017898437597,18.626747185044565,79.20142327483053,1.8551455046836318,1.0,0.0,0.0,299.99957748946235
a1,300.00000000000006,0.0,315.3365793103449,1.8551455046836318,1.0,0.0,0.0,299.99957748946235
a1,318.47066044352675,198.3422929633083,0.0,1.8551455046836318,1.0,0.0,0.0,299.99957748946235
a1,50.3633133085087,85.973263265622,439.35639545084507,1.8551455046836318,1.0,0.0,0.0,299.99957748946235
a1,379.20737079780906,137.191190550297,150.3077441307826,1.8551455046836318,1.0,0.0,0.0,299.99957748946235
a1,302.90760041629414,34.58693275729189,651.9766691107867,1.8551455046836318,1.0,0.0,0.0,299.99957748946235
a1,81.39676023043963,37.42821730655049,62.913794381338,1.8551455046836318,1.0,0.0,0.0,299.99957748946235
a1,46.24747744160375,247.59077512893356,327.3840787767031,1.8551455046836318,1.0,0.0,0.0,299.99957748946235
a1,212.71060287006037,346.41016149999984,212.85852729066013,1.8551455046836318,1.0,0.0,0.0,299.99957748946235
a1,28.58804473703339,222.72102672162475,149.7762243732165,1.8551455046836318,1.0,0.0,0.0,299.99957748946235
a1,341.5600464363764,76.29780865920075,261.53766394300806,1.8551455046836318,1.0,0.0,0.0,299.99957748946235
a1,249.82266629784388,7.763299299308286,653.1971999999998,1.8551455046836318,1.0,0.0,0.0,299.99957748946235
a1,32.21780554442322,188.3345523356402,461.2776336773145,4.79328286837251,1.0,0.0,0.0,1944.6455279827967
a1,109.86236593423992,343.83912725792925,155.77148631261565,1.8551455046836318,1.0,0.0,0.0,299.99957748946235
a1,29.638254496937893,224.54004338431173,494.93145296348195,1.8551455046836318,1.0,0.0,0.0,299.99957748946235
a1,377.56940496712167,171.40625074588948,625.213362348835,4.810410514404904,1.0,0.0,0.0,1958.5678058126518
a1,250.49080827443393,217.36435071129057,399.0421337520931,4.745375161973746,1.0,0.0,0.0,1905.9672625198643
a1,251.26256428172704,345.41768534714157,120.72646586554973,1.8551455046836318,1.0,0.0,0.0,299.99957748946235
a1,251.0509276878322,39.289945216955815,0.4982603516072328,1.8551455046836318,1.0,0.0,0.0,299.99957748946235
a1,24.870208848963873,214.97544270666987,236.68001605098277,1.8551455046836318,1.0,0.0,0.0,299.99957748946235
a1,323.25363790844887,302.7895047769659,337.77299513806264,1.8551455046836318,1.0,0.0,0.0,299.99957748946235
a1,111.29926497690124,343.3103550699055,570.3001151612552,1.8551455046836318,1.0,0.0,0.0,299.99957748946235
a1,70.82023055475194,295.0115921012194,414.7738090317632,1.8551455046836318,1.0,0.0,0.0,299.99957748946235
a1,359.4627043297607,102.9924250504955,483.0253315174506,1.8551455046836318,1.0,0.0,0.0,299.99957748946235
a1,139.6724641958156,143.40866503712158,652.7991041629651,1.8551455046836318,1.0,0.0,0.0,299.99957748946235
a1,338.32841390483145,175.4858902592831,452.2044756845929,4.765327779804632,1.0,0.0,0.0,1922.0287895371584
a1,362.39754166014586,233.1108089778604,522.6468658047645,1.8551455046836318,1.0,0.0,0.0,299.99957748946235
a1,278.5884300173142,188.05155161347696,0.0,1.8551455046836318,1.0,0.0,0.0,299.99957748946235
a1,89.70116143916671,328.5720498543965,437.99556218441734,1.8551455046836318,1.0,0.0,0.0,299.99957748946235
a1,161.9370711568898,346.4101615000001,356.37943758467264,1.8551455046836318,1.0,0.0,0.0,299.99957748946235
a1,343.24454571748265,78.3644306671446,362.1809318848175,1.8551455046836318,1.0,0.0,0.0,299.99957748946235
a1,144.6579345996678,33.54926668485406,1.5314757067559501,1.8551455046836318,1.0,0.0,0.0,299.99957748946235
a1,311.9822479146065,39.351557573288396,52.04239596207144,4.810060479013431,1.0,0.0,0.0,1958.2827810300546
a1,199.62435178171003,2.756621597654885e-14,301.30254432045655,1.8551455046836318,1.0,0.0,0.0,299.99957748946235
a1,280.49360796962543,0.0,326.5986000000001,1.8551455046836318,1.0,0.0,0.0,299.99957748946235
a1,44.47882110387095,96.16550274039226,157.58842236306964,1.8551455046836318,1.0,0.0,0.0,299.99957748946235
a1,354.718802609266,94.91213687219468,201.32647821879073,1.8551455046836318,1.0,0.0,0.0,299.99957748946235
a1,283.4147679219558,61.98918377799149,653.1971999999998,1.8551455046836318,1.0,0.0,0.0,299.99957748946235
a1,95.14332182420672,8.41201335615026,163.2993000000001,1.8551455046836318,1.0,0.0,0.0,299.99957748946235
a1,358.81989735685875,122.74092212170072,182.92102914588168,4.806266626952743,1.0,0.0,0.0,1955.194875887348
a1,317.33391449386625,31.393029365050534,460.1343172339549,1.8551455046836318,1.0,0.0,0.0,299.99957748946235
a1,232.57807311553722,187.50222454695555,0.0,1.8551455046836318,1.0,0.0,0.0,299.99957748946235
a1,335.1521918319492,189.23126691291714,0.0,1.8551455046836318,1.0,0.0,0.0,299.99957748946235
a1,251.24558682621543,230.85728768024072,185.27384206043573,4.746779729843579,1.0,0.0,0.0,1907.095711366843
a1,363.1793844119933,236.980257711854,97.55107696953004,1.8551455046836318,1.0,0.0,0.0,299.99957748946235
a1,98.29170853790399,88.09167604078645,0.0,1.8551455046836318,1.0,0.0,0.0,299.99957748946235
a1,195.94331219256293,0.3553927160683185,186.32810174230397,1.8551455046836318,1.0,0.0,0.0,299.99957748946235
a1,4.784173997414727,164.91864831455734,242.00366092989418,1.8551455046836318,1.0,0.0,0.0,299.99957748946235
a1,261.06172844329274,345.51993828170924,356.72794976861394,1.8551455046836318,1.0,0.0,0.0,299.99957748946235
a1,353.32860903014654,254.0423011664832,132.19540114399746,1.8551455046836318,1.0,0.0,0.0,299.99957748946235
a1,45.82850385239409,248.05737285796224,117.92757060525383,1.8551455046836318,1.0,0.0,0.0,299.99957748946235
a1,23.485119600253174,132.5276603821474,30.2861846557924,1.8551455046836318,1.0,0.0,0.0,299.99957748946235
a1,29.713833835664445,121.73921086101659,175.03806967196877,1.8551455046836318,1.0,0.0,0.0,299.99957748946235
a1,221.3738376800452,346.41016149999984,414.26604837188137,1.8551455046836318,1.0,0.0,0.0,299.99957748946235
a1,194.75453723518606,138.9779239614592,651.9546854851433,1.8551455046836318,1.0,0.0,0.0,299.99957748946235
a1,328.7899918652875,49.865728658189184,149.77358834668019,1.8551455046836318,1.0,0.0,0.0,299.99957748946235
a1,309.681626979896,268.66252608244537,653.0788688440023,1.8551455046836318,1.0,0.0,0.0,299.99957748946235
a1,202.8931974228748,346.41016149999984,195.53658303608347,1.8551455046836318,1.0,0.0,0.0,299.99957748946235
a1,169.09154442814452,2.756621597654885e-14,146.17930223133146,1.8551455046836318,1.0,0.0,0.0,299.99957748946235
a1,161.2830502560745,346.4101615000001,459.885645417203,1.8551455046836318,1.0,0.0,0.0,299.99957748946235
a1,307.81476663120173,118.87291998076793,0.0,1.8551455046836318,1.0,0.0,0.0,299.99957748946235
a1,53.36541140318648,84.63929367213525,545.0534507724769,1.8551455046836318,1.0,0.0,0.0,299.99957748946235
a1,201.81214824008032,116.7259026601106,298.00916859870256,4.744618961576576,1.0,0.0,0.0,1905.359859179599
a1,359.2303944714567,102.59005257283007,413.99686795866137,1.8551455046836318,1.0,0.0,0.0,299.99957748946235
a1,336.06752578150224,168.96953910678283,0.0,1.8551455046836318,1.0,0.0,0.0,299.99957748946235
a1,41.38902318383988,169.9800969311789,0.0,1.8551455046836318,1.0,0.0,0.0,299.99957748946235
a1,385.25405847738955,148.92096978483667,430.95948774712735,1.8551455046836318,1.0,0.0,0.0,299.99957748946235
a1,192.61140549716947,2.5383523500044363,407.76780501039656,1.8551455046836318,1.0,0.0,0.0,299.99957748946235
a1,321.9790022899005,111.24137898377438,653.1971999999998,1.8551455046836318,1.0,0.0,0.0,299.99957748946235
a1,10.47885680350276,187.8294822133157,494.58628233319376,1.8551455046836318,1.0,0.0,0.0,299.99957748946235
a1,317.33182601901154,238.64773802145746,653.1971999999998,1.8551455046836318,1.0,0.0,0.0,299.99957748946235
a1,193.93755638740737,343.90807139111706,384.54107666388217,1.8551455046836318,1.0,0.0,0.0,299.99957748946235
a1,82.96820164233333,164.59844306118976,2.4724533404570694,1.8551455046836318,1.0,0.0,0.0,299.99957748946235
a1,348.96639468360297,261.59787804790165,322.0888875321681,1.8551455046836318,1.0,0.0,0.0,299.99957748946235
a1,211.06212614683258,312.4583343029429,567.4261841749463,4.778006204285238,1.0,0.0,0.0,1932.2697276645004
a1,214.91032840501552,81.12198371539836,363.97495313865966,4.748501306999299,1.0,0.0,0.0,1908.479305289589
a1,297.0864977231277,345.24701531380845,554.3852292529899,1.8551455046836318,1.0,0.0,0.0,299.99957748946235
a1,313.36273402089824,320.4609712676769,68.60021016482239,1.8551455046836318,1.0,0.0,0.0,299.99957748946235
a1,239.0235464317034,0.0,209.00576939881572,1.8551455046836318,1.0,0.0,0.0,299.99957748946235
a1,377.88856383167246,134.9069498796635,18.784257555551278,1.8551455046836318,1.0,0.0,0.0,299.99957748946235
a1,390.02257979044316,188.4657679272118,30.29058764927046,1.8551455046836318,1.0,0.0,0.0,299.99957748946235
a1,392.0275933947345,164.65147765606062,239.64200591709906,1.8551455046836318,1.0,0.0,0.0,299.99957748946235
a1,142.33722137132338,306.12966759528587,653.1971999999998,1.8551455046836318,1.0,0.0,0.0,299.99957748946235
a1,344.9383352437492,239.44684547844267,470.5633574247909,4.802507942679524,1.0,0.0,0.0,1952.1379973505088
a1,319.2061064537484,313.1442093078543,197.9391364763739,1.8551455046836318,1.0,0.0,0.0,299.99957748946235
a1,321.17641409703447,50.31203678527806,493.40007534625494,4.8122386407559,1.0,0.0,0.0,1960.0567389361274
a1,319.2183804402895,313.1229501395546,186.4268816146705,1.8551455046836318,1.0,0.0,0.0,299.99957748946235
a1,246.89093925591493,2.0288586606222747,318.66575353297947,1.8551455046836318,1.0,0.0,0.0,299.99957748946235
a1,332.1969131413473,284.9025329354055,224.8462395993068,1.8551455046836318,1.0,0.0,0.0,299.99957748946235
a1,87.45423740653636,138.69837222694898,2.5953380474052508,1.8551455046836318,1.0,0.0,0.0,299.99957748946235
a1,339.67616460311746,277.6890285606677,608.2274455475887,1.8551455046836318,1.0,0.0,0.0,299.99957748946235
a1,99.9999999999999,2.756621597654885e-14,315.3365793103449,1.8551455046836318,1.0,0.0,0.0,299.99957748946235
a1,291.7301372812993,343.67751381688606,330.53308343264086,1.8551455046836318,1.0,0.0,0.0,299.99957748946235
a1,341.2510320887859,202.23013962525997,650.5437601672958,1.8551455046836318,1.0,0.0,0.0,299.99957748946235
a1,142.0285237221151,308.9866794724081,650.3398543097074,1.8551455046836318,1.0,0.0,0.0,299.99957748946235
a1,180.70965952865268,346.4101615000001,540.5494290876948,1.8551455046836318,1.0,0.0,0.0,299.99957748946235
a1,130.2098377880554,2.756621597654885e-14,410.9716255198718,1.8551455046836318,1.0,0.0,0.0,299.99957748946235
a1,62.88817097296227,228.63332623353637,653.1971999999998,1.8551455046836318,1.0,0.0,0.0,299.99957748946235
a1,311.69605413127806,288.926463249551,256.61717105352653,4.7933177077869855,1.0,0.0,0.0,1944.6737969415187
a1,196.79784526213683,2.2995268067506633,300.4335037539905,1.8551455046836318,1.0,0.0,0.0,299.99957748946235
a1,136.85199762671584,1.5547516145375961,49.51630997068607,1.8551455046836318,1.0,0.0,0.0,299.99957748946235
a1,308.9494808254664,330.87695339087713,384.3585032341528,1.8551455046836318,1.0,0.0,0.0,299.99957748946235
a1,9.715468233839774,190.03276534966275,347.75933933261575,1.8551455046836318,1.0,0.0,0.0,299.99957748946235
a1,223.92896625841306,0.381286396640687,510.31091175946256,1.8551455046836318,1.0,0.0,0.0,299.99957748946235
a1,208.3618015332824,2.329498188656638,386.22967072186015,1.8551455046836318,1.0,0.0,0.0,299.99957748946235
a1,61.00844157089523,67.53536026281428,631.2103078306777,1.8551455046836318,1.0,0.0,0.0,299.99957748946235
a1,353.21597435852635,92.17277135958493,97.68113628549438,1.8551455046836318,1.0,0.0,0.0,299.99957748946235
a1,359.3427501134298,102.78465825323642,448.5111505242986,1.8551455046836318,1.0,0.0,0.0,299.99957748946235
a1,353.18510707979397,249.2885285069953,510.7342217398502,1.8551455046836318,1.0,0.0,0.0,299.99957748946235
a1,341.8007442181889,268.87373301316205,375.6371846730172,1.8551455046836318,1.0,0.0,0.0,299.99957748946235
a1,94.85058071958338,337.49110567719833,432.97617419565694,1.8551455046836318,1.0,0.0,0.0,299.99957748946235
a1,185.7360405120021,345.83606187724445,193.58301204167876,1.8551455046836318,1.0,0.0,0.0,299.99957748946235
a1,122.99503013066995,343.57296671586647,402.7768188990192,1.8551455046836318,1.0,0.0,0.0,299.99957748946235
a1,70.24725120837257,292.9726181291812,139.42990811741146,1.8551455046836318,1.0,0.0,0.0,299.99957748946235
a1,64.5888176748732,62.42657277004615,259.5871979462202,1.8551455046836318,1.0,0.0,0.0,299.99957748946235
a1,21.26975552129546,207.836034695927,120.6026356562525,1.8551455046836318,1.0,0.0,0.0,299.99957748946235
a1,309.5084765267686,329.94099705371553,222.9160353243392,1.8551455046836318,1.0,0.0,0.0,299.99957748946235
a1,69.86106964724237,52.20215865468005,312.5483444737804,1.8551455046836318,1.0,0.0,0.0,299.99957748946235
a1,220.07885957404963,0.2224447368778791,50.915590355996045,1.8551455046836318,1.0,0.0,0.0,299.99957748946235
a1,12.436008458513694,154.84440285813,417.80077492408316,1.8551455046836318,1.0,0.0,0.0,299.99957748946235
a1,85.33975975446499,25.392280955422784,558.6989196995854,1.8551455046836318,1.0,0.0,0.0,299.99957748946235
a1,341.8038153643408,74.92737615365726,201.28665677883754,1.8551455046836318,1.0,0.0,0.0,299.99957748946235
a1,283.4109148547698,1.7801145114910633,157.98070579624,1.8551455046836318,1.0,0.0,0.0,299.99957748946235
a1,175.83726036138094,284.83074536917235,650.5455000835381,1.8551455046836318,1.0,0.0,0.0,299.99957748946235
a1,184.1631223995775,291.3650227450057,293.0969597999889,4.757243666028462,1.0,0.0,0.0,1915.5130909151176
a1,212.8378553090263,0.33473682320715836,307.4272265996966,1.8551455046836318,1.0,0.0,0.0,299.99957748946235
a1,244.8240781689933,307.0693145854236,651.1081683068397,1.8551455046836318,1.0,0.0,0.0,299.99957748946235
a1,105.84628262397928,245.4601712336074,0.0,1.8551455046836318,1.0,0.0,0.0,299.99957748946235
a1,25.14021764512675,129.6609464770324,376.49199802670336,1.8551455046836318,1.0,0.0,0.0,299.99957748946235
a1,100.62851197812927,86.57638058406926,651.261092505202,1.8551455046836318,1.0,0.0,0.0,299.99957748946235
a1,391.82505038468264,161.0499584815315,228.44686103470696,1.8551455046836318,1.0,0.0,0.0,299.99957748946235
a1,366.55591556661886,118.69948548924609,204.42104701699375,1.8551455046836318,1.0,0.0,0.0,299.99957748946235
a1,266.72098301339895,287.7878156311075,2.6504603314746964,1.8551455046836318,1.0,0.0,0.0,299.99957748946235
a1,339.3781485304191,68.20495395996701,437.2666646620023,1.8551455046836318,1.0,0.0,0.0,299.99957748946235
a1,30.24809016590271,120.81385175281535,393.5931520812142,1.8551455046836318,1.0,0.0,0.0,299.99957748946235
a1,339.34080722472225,68.14027692128222,425.76178950334975,1.8551455046836318,1.0,0.0,0.0,299.99957748946235
a1,259.23779047354583,345.9602628108271,333.6432417925638,1.8551455046836318,1.0,0.0,0.0,299.99957748946235
a1,164.65274574523116,344.9198456104974,140.07519060680445,1.8551455046836318,1.0,0.0,0.0,299.99957748946235
a1,174.57837167936674,226.66213136413748,653.1971999999998,1.8551455046836318,1.0,0.0,0.0,299.99957748946235
a1,290.4059004534563,346.41016149999984,229.7443403789666,1.8551455046836318,1.0,0.0,0.0,299.99957748946235
a1,37.1485569414999,203.58490634984975,653.1971999999998,1.8551455046836318,1.0,0.0,0.0,299.99957748946235
a1,96.36552309795414,69.83397418528178,347.53494896053513,4.779177582564689,1.0,0.0,0.0,1933.2172761366683
a1,165.98457109156888,276.18423007088563,653.0010988377313,1.8551455046836318,1.0,0.0,0.0,299.99957748946235
a1,4.905041061926654,181.70086108213073,534.9839274845824,1.8551455046836318,1.0,0.0,0.0,299.99957748946235
a1,223.17049902653253,60.13011164517462,603.844484037943,4.7703859367254555,1.0,0.0,0.0,1926.1112297556429
a1,100.58237802323416,193.80835788639249,1.68564593386541,1.8551455046836318,1.0,0.0,0.0,299.99957748946235
a1,233.29636950161998,127.72482718170167,653.1971999999998,1.8551455046836318,1.0,0.0,0.0,299.99957748946235
a1,241.0848631475195,80.56437252006718,650.5848221471871,1.8551455046836318,1.0,0.0,0.0,299.99957748946235
a1,26.893400578703883,162.523314079604,0.0,1.8551455046836318,1.0,0.0,0.0,299.99957748946235
a1,302.7150473597607,6.787042510659234,634.4473806210227,1.8551455046836318,1.0,0.0,0.0,299.99957748946235
a1,324.70031850809386,303.627954882549,523.7177887944032,1.8551455046836318,1.0,0.0,0.0,299.99957748946235
a1,323.5601098818186,208.54331369205607,653.1971999999998,1.8551455046836318,1.0,0.0,0.0,299.99957748946235
a1,314.8326017484118,25.690819835662413,616.0228654483133,1.8551455046836318,1.0,0.0,0.0,299.99957748946235
a1,361.143623691215,236.31844140782027,615.1857221557295,1.8551455046836318,1.0,0.0,0.0,299.99957748946235
a1,368.76308491059626,119.10115674558925,335.4333821632027,1.8551455046836318,1.0,0.0,0.0,299.99957748946235
a1,376.1446376742668,209.65733818175192,242.74123978078978,1.8551455046836318,1.0,0.0,0.0,299.99957748946235
a1,329.0135200036615,296.157270749241,287.833611108377,1.8551455046836318,1.0,0.0,0.0,299.99957748946235
a1,278.0175220465133,0.11340544489779089,89.7866432730787,1.8551455046836318,1.0,0.0,0.0,299.99957748946235
a1,243.2374146453815,273.8726974799139,582.1071386536782,4.759794182037086,1.0,0.0,0.0,1917.5675816235894
a1,326.94658860639805,47.9024682704859,425.48525691167373,1.8551455046836318,1.0,0.0,0.0,299.99957748946235
a1,241.82181111187566,345.9246566057857,391.48886155428465,1.8551455046836318,1.0,0.0,0.0,299.99957748946235
a1,134.03826303337806,198.2928387235135,1.9860860115244066,1.8551455046836318,1.0,0.0,0.0,299.99957748946235
a1,280.44152549199686,241.09046790871457,402.9486804072151,4.752450062986472,1.0,0.0,0.0,1911.6547292966684
a1,321.17496414614357,302.1721285633725,170.14381149844593,1.8551455046836318,1.0,0.0,0.0,299.99957748946235
a1,300.00000000000006,0.0,551.8390137931036,1.8551455046836318,1.0,0.0,0.0,299.99957748946235
a1,220.4201587998191,346.41016149999984,563.7597350383691,1.8551455046836318,1.0,0.0,0.0,299.99957748946235
a1,220.29094364076366,0.18877490868121072,211.56312542154586,1.8551455046836318,1.0,0.0,0.0,299.99957748946235
a1,383.2997091322581,145.23669419839504,532.2352464583537,1.8551455046836318,1.0,0.0,0.0,299.99957748946235
a1,109.99545165785415,345.29992864249294,410.18939243005923,1.8551455046836318,1.0,0.0,0.0,299.99957748946235
a1,206.9318015434977,166.9844722127339,293.18241684779156,4.743183908179294,1.0,0.0,0.0,1904.2074464547343
a1,76.0793843364902,82.92717034885833,592.2308237293845,4.792042606204079,1.0,0.0,0.0,1943.639303935598
a1,304.34800924766705,338.8791885715608,38.8960993436286,1.8551455046836318,1.0,0.0,0.0,299.99957748946235
a1,374.682232937483,129.3534218652701,511.72700162072005,1.8551455046836318,1.0,0.0,0.0,299.99957748946235
a1,169.8933401522968,287.2593096605009,286.2790610884712,4.7569838734368695,1.0,0.0,0.0,1915.3038846784302
a1,377.7047011541297,139.69148520792712,507.8119624427597,1.8551455046836318,1.0,0.0,0.0,299.99957748946235
a1,288.88888888888886,0.0,653.1971999999998,1.8551455046836318,1.0,0.0,0.0,299.99957748946235
a1,153.17721722734314,346.4101615000001,98.48280974512693,1.8551455046836318,1.0,0.0,0.0,299.99957748946235
a1,20.060053552725293,138.46004879550892,267.703020100125,1.8551455046836318,1.0,0.0,0.0,299.99957748946235
a1,175.5360898462793,146.9594515290926,653.1971999999998,1.8551455046836318,1.0,0.0,0.0,299.99957748946235
a1,83.75674689663398,318.12761807724854,497.3840806816406,1.8551455046836318,1.0,0.0,0.0,299.99957748946235
a1,303.19660485474486,335.46923793101746,384.8412385443518,1.8551455046836318,1.0,0.0,0.0,299.99957748946235
a1,243.24400530053447,32.089759697950655,653.1971999999998,1.8551455046836318,1.0,0.0,0.0,299.99957748946235
a1,153.80823863801243,236.08271326765976,491.45122385085716,4.747178050470396,1.0,0.0,0.0,1907.4157883345406
a1,251.94563082619837,345.9093401503926,189.4269408355036,1.8551455046836318,1.0,0.0,0.0,299.99957748946235
a1,400.0000000000001,173.20508075,439.21880689655165,1.8551455046836318,1.0,0.0,0.0,299.99957748946235
a1,364.71904432414067,112.0966729822561,569.2460841568347,1.8551455046836318,1.0,0.0,0.0,299.99957748946235
a1,140.911169762111,2.756621597654885e-14,485.5697741563014,1.8551455046836318,1.0,0.0,0.0,299.99957748946235
a1,260.3089032117381,158.6226573586571,55.05466746819765,4.758678357680253,1.0,0.0,0.0,1916.6686277051804
a1,110.00790226816187,327.34324759430007,652.0326527780185,1.8551455046836318,1.0,0.0,0.0,299.99957748946235
a1,221.67570010102952,346.41016149999984,368.2393843710146,1.8551455046836318,1.0,0.0,0.0,299.99957748946235
a1,319.0072735061917,157.0085134706454,1.9969608124129385,1.8551455046836318,1.0,0.0,0.0,299.99957748946235
a1,118.63967787681484,324.3249380361655,356.5761246746181,4.79541211839473,1.0,0.0,0.0,1946.3735946605348
a1,169.48929812679725,3.1516664433228057,294.7231412156569,1.8551455046836318,1.0,0.0,0.0,299.99957748946235
a1,328.46394483443197,276.8797794151552,375.15058187384255,4.8121295505166035,1.0,0.0,0.0,1959.9678735863254
a1,395.12340199240646,164.75856523309446,95.72717586206905,1.8551455046836318,1.0,0.0,0.0,299.99957748946235
a1,5.8960479838340865,179.09747585235777,263.39082622908495,1.8551455046836318,1.0,0.0,0.0,299.99957748946235
a1,326.40444838804706,48.313948198393625,403.99018833338147,1.8551455046836318,1.0,0.0,0.0,299.99957748946235
a1,85.21699563682122,25.604914644519745,478.9809371889778,1.8551455046836318,1.0,0.0,0.0,299.99957748946235
a1,122.67252717942509,16.78139652886021,651.2159866200411,1.8551455046836318,1.0,0.0,0.0,299.99957748946235
a1,142.2182641147159,2.756621597654885e-14,613.3701773069525,1.8551455046836318,1.0,0.0,0.0,299.99957748946235
a1,0.0,173.20508075000004,191.454351724138,1.8551455046836318,1.0,0.0,0.0,299.99957748946235
a1,27.418805238373082,132.24593732165684,183.60631363365096,1.8551455046836318,1.0,0.0,0.0,299.99957748946235
a1,73.29522672320063,52.08156598956234,553.6398165377548,1.8551455046836318,1.0,0.0,0.0,299.99957748946235
a1,389.21345212870693,160.67406025158527,634.5145982276721,1.8551455046836318,1.0,0.0,0.0,299.99957748946235
a1,85.16486629255338,320.71495618264663,34.75024224160531,1.8551455046836318,1.0,0.0,0.0,299.99957748946235
a1,188.63191734750663,2.756621597654885e-14,111.53718284124928,1.8551455046836318,1.0,0.0,0.0,299.99957748946235
a1,150.03065073622284,2.756621597654885e-14,272.2374983285585,1.8551455046836318,1.0,0.0,0.0,299.99957748946235
a1,210.79289059648858,0.0015185450083219122,388.3499255664315,1.8551455046836318,1.0,0.0,0.0,299.99957748946235
a1,221.55276782406116,147.51239612645352,653.1971999999998,1.8551455046836318,1.0,0.0,0.0,299.99957748946235
a1,249.1462782190951,2.706589404441488,557.2158635683752,1.8551455046836318,1.0,0.0,0.0,299.99957748946235
a1,323.71944611969866,189.97478637761273,651.277481212084,1.8551455046836318,1.0,0.0,0.0,299.99957748946235
a1,128.1974870453418,344.9292663594315,317.85877361141684,1.8551455046836318,1.0,0.0,0.0,299.99957748946235
a1,364.11257184398704,122.66855976499856,1.1646061775633503,1.8551455046836318,1.0,0.0,0.0,299.99957748946235
a1,119.58945518495463,2.756621597654885e-14,563.184875773697,1.8551455046836318,1.0,0.0,0.0,299.99957748946235
a1,179.49245215523868,296.47071242946515,0.0,1.8551455046836318,1.0,0.0,0.0,299.99957748946235
a1,396.01943357136855,166.31053745298124,177.3937420337373,1.8551455046836318,1.0,0.0,0.0,299.99957748946235
a1,112.05133373701904,345.28429969705957,402.0921344016803,1.8551455046836318,1.0,0.0,0.0,299.99957748946235
a1,49.416660130744326,258.7972468334087,460.14601470912027,1.8551455046836318,1.0,0.0,0.0,299.99957748946235
a1,199.37083810276965,106.86500905597454,2.0709987796939946,1.8551455046836318,1.0,0.0,0.0,299.99957748946235
a1,318.3458332826261,196.94258256820876,1.3627426893236403,1.8551455046836318,1.0,0.0,0.0,299.99957748946235
a1,151.03530330724917,2.756621597654885e-14,491.33924105288673,1.8551455046836318,1.0,0.0,0.0,299.99957748946235
a1,371.13939077147734,125.00428898326034,310.28282421047436,1.8551455046836318,1.0,0.0,0.0,299.99957748946235
a1,334.0565593633674,229.2034634722569,653.1971999999998,1.8551455046836318,1.0,0.0,0.0,299.99957748946235
a1,371.2339022998433,218.82924539254782,144.75592040222602,1.8551455046836318,1.0,0.0,0.0,299.99957748946235
a1,237.6260479173356,2.4866941323216114,348.18695263839544,1.8551455046836318,1.0,0.0,0.0,299.99957748946235
a1,328.17288207131503,50.77615515093876,604.5164522613757,1.8551455046836318,1.0,0.0,0.0,299.99957748946235
a1,4.546560292640565,181.07995417621558,613.8969206604187,1.8551455046836318,1.0,0.0,0.0,299.99957748946235
a1,290.24680398481274,0.0,320.96758965517256,1.8551455046836318,1.0,0.0,0.0,299.99957748946235
a1,36.97738660612432,112.39935282144857,503.43885944991314,1.8551455046836318,1.0,0.0,0.0,299.99957748946235
a1,103.68383858596722,207.41695658924,11.522731941934147,4.806360751692676,1.0,0.0,0.0,1955.2714567454298
a1,307.55673296353615,13.75851729448636,132.76439058943367,1.8551455046836318,1.0,0.0,0.0,299.99957748946235
a1,369.5072277148769,226.02011160936144,482.89422341638294,1.8551455046836318,1.0,0.0,0.0,299.99957748946235
a1,218.1545040459328,333.9444619905219,2.245968841676932,1.8551455046836318,1.0,0.0,0.0,299.99957748946235
a1,221.9710602222969,346.41016149999984,322.21884659870864,1.8551455046836318,1.0,0.0,0.0,299.99957748946235
a1,387.11552539841784,191.90579307187974,264.5274759049566,1.8551455046836318,1.0,0.0,0.0,299.99957748946235
a1,206.45245632302576,208.5017395722656,2.5071583937341315,1.8551455046836318,1.0,0.0,0.0,299.99957748946235
a1,244.0897770401323,15.526598598616571,653.1971999999998,1.8551455046836318,1.0,0.0,0.0,299.99957748946235
a1,334.7504805478337,286.22056360611145,546.6247271837474,1.8551455046836318,1.0,0.0,0.0,299.99957748946235
a1,9.912567135191724,190.3741506609068,56.424255463278456,1.8551455046836318,1.0,0.0,0.0,299.99957748946235
a1,143.09295059794704,344.879454307537,447.326952262587,1.8551455046836318,1.0,0.0,0.0,299.99957748946235
a1,260.99037908153593,0.0,576.2204834654585,1.8551455046836318,1.0,0.0,0.0,299.99957748946235
a1,366.6148437573953,223.4762538584924,450.48790916761715,1.8551455046836318,1.0,0.0,0.0,299.99957748946235
a1,75.23254981179338,163.8475179336094,652.1917014355284,1.8551455046836318,1.0,0.0,0.0,299.99957748946235
a1,320.8656118648746,41.001106861221466,142.71047985941547,1.8551455046836318,1.0,0.0,0.0,299.99957748946235
a1,381.0798555493267,205.97573222380547,414.77966819780505,1.8551455046836318,1.0,0.0,0.0,299.99957748946235
a1,392.5896136405774,166.67444938245782,97.89365851626147,1.8551455046836318,1.0,0.0,0.0,299.99957748946235
a1,258.7881092824532,3.032322015754737,599.233563971802,1.8551455046836318,1.0,0.0,0.0,299.99957748946235
a1,241.57339728841842,265.1338822019017,2.9598943825073847,1.8551455046836318,1.0,0.0,0.0,299.99957748946235
a1,349.7164615162144,260.29872418479835,552.1737732318959,1.8551455046836318,1.0,0.0,0.0,299.99957748946235
a1,33.82912149864239,231.79883795873914,224.4919018285631,1.8551455046836318,1.0,0.0,0.0,299.99957748946235
a1,132.90313714417331,234.17782520315916,87.41003032938741,4.75349299311369,1.0,0.0,0.0,1912.4938506112815
a1,159.79555340357302,313.5776560566217,2.0358061842499358,1.8551455046836318,1.0,0.0,0.0,299.99957748946235
a1,150.59084781014934,346.4101615000001,591.6223258260153,1.8551455046836318,1.0,0.0,0.0,299.99957748946235
a1,59.54014642522938,70.07852205551315,197.6295320661905,1.8551455046836318,1.0,0.0,0.0,299.99957748946235
a1,270.6516216610394,0.0,513.1661360026162,1.8551455046836318,1.0,0.0,0.0,299.99957748946235
a1,302.4129925648079,10.8708322550407,567.4471282227653,1.8551455046836318,1.0,0.0,0.0,299.99957748946235
a1,21.2265175062637,141.96792276181546,60.83431825820907,1.8551455046836318,1.0,0.0,0.0,299.99957748946235
a1,41.126874543467935,242.10227072024298,124.21517381695139,1.8551455046836318,1.0,0.0,0.0,299.99957748946235
a1,74.09218501286088,44.87365186903485,76.99757893066807,1.8551455046836318,1.0,0.0,0.0,299.99957748946235
a1,100.00000000000003,346.4101615000001,540.5769931034482,1.8551455046836318,1.0,0.0,0.0,299.99957748946235
a1,7.441598667499676,186.09430773113377,78.59769287358732,1.8551455046836318,1.0,0.0,0.0,299.99957748946235
a1,279.22510983106764,96.10479613259784,233.89494264398306,4.753346381355238,1.0,0.0,0.0,1912.375878516747
a1,358.4792660643166,101.28906000870718,183.90176877377442,1.8551455046836318,1.0,0.0,0.0,299.99957748946235
a1,351.5870247361833,94.1575353586248,84.23123733260336,1.8551455046836318,1.0,0.0,0.0,299.99957748946235
a1,79.29655988232696,133.98710340324968,652.8943624468133,1.8551455046836318,1.0,0.0,0.0,299.99957748946235
a1,299.5824110960656,158.0090612344123,457.07759452778396,4.750499757854413,1.0,0.0,0.0,1910.0860457881524
a1,374.09995828072505,218.06526892415377,430.86452239695944,1.8551455046836318,1.0,0.0,0.0,299.99957748946235
a1,158.45152693297356,1.449454991158333,131.34367906881306,1.8551455046836318,1.0,0.0,0.0,299.99957748946235
a1,30.097812879085385,121.07413964879626,347.6405924991467,1.8551455046836318,1.0,0.0,0.0,299.99957748946235
a1,62.42003804224227,279.0368779987316,549.8329480631897,1.8551455046836318,1.0,0.0,0.0,299.99957748946235
a1,268.9461743185914,2.740465622716285,322.19748968278975,1.8551455046836318,1.0,0.0,0.0,299.99957748946235
a1,319.5997260250141,312.4624402115957,403.65187775090874,1.8551455046836318,1.0,0.0,0.0,299.99957748946235
a1,315.40273066419473,259.95619539335485,651.680800260555,1.8551455046836318,1.0,0.0,0.0,299.99957748946235
a1,131.07273079112056,346.4101615000001,103.29506787086304,1.8551455046836318,1.0,0.0,0.0,299.99957748946235
a1,4.8765980075934845,181.65159626690516,557.470024137931,1.8551455046836318,1.0,0.0,0.0,299.99957748946235
a1,369.5552304983389,225.93696834950336,9.836592218498144,1.8551455046836318,1.0,0.0,0.0,299.99957748946235
a1,39.2191320486933,105.2755514156116,71.33477827907083,1.8551455046836318,1.0,0.0,0.0,299.99957748946235
a1,106.21793690140245,48.72495346227015,3.0103333863916317,1.8551455046836318,1.0,0.0,0.0,299.99957748946235
a1,245.0694158410409,67.91693453240931,335.2771670706779,4.753294864164552,1.0,0.0,0.0,1912.3344257417937
a1,307.40943638964194,18.886405518911726,180.0351779167642,1.8551455046836318,1.0,0.0,0.0,299.99957748946235
a1,377.7166881647322,207.32116526968107,495.7105088907076,1.8551455046836318,1.0,0.0,0.0,299.99957748946235
a1,153.2436224782788,201.29507561608506,335.49849094781854,4.744333039998443,1.0,0.0,0.0,1905.1302234228347
a1,35.41451221022545,232.62466044476645,456.5608898738227,1.8551455046836318,1.0,0.0,0.0,299.99957748946235
a1,326.2292843615472,190.40891642145448,652.3337971337955,1.8551455046836318,1.0,0.0,0.0,299.99957748946235
a1,319.5997259864691,33.94772122164241,403.6518777511564,1.8551455046836318,1.0,0.0,0.0,299.99957748946235
a1,90.11162960076989,329.2830015651544,585.6984630870727,1.8551455046836318,1.0,0.0,0.0,299.99957748946235
a1,177.5975324248343,18.35466109079835,653.1971999999998,1.8551455046836318,1.0,0.0,0.0,299.99957748946235
a1,336.77200622509747,276.61686487363465,598.4924048831624,1.8551455046836318,1.0,0.0,0.0,299.99957748946235
a1,230.17087766120832,207.55415373243477,652.1576424647586,1.8551455046836318,1.0,0.0,0.0,299.99957748946235
a1,341.5024840278777,271.2929881342509,453.11391640061294,1.8551455046836318,1.0,0.0,0.0,299.99957748946235
a1,151.0222468011971,346.4101615000001,167.4268658126189,1.8551455046836318,1.0,0.0,0.0,299.99957748946235
a1,269.7281533602087,343.866857715056,435.99038724349197,1.8551455046836318,1.0,0.0,0.0,299.99957748946235
a1,368.593514254616,227.60270974602946,616.5988245314621,1.8551455046836318,1.0,0.0,0.0,299.99957748946235
a1,314.20533163742056,26.974445688480476,241.14165322826994,1.8551455046836318,1.0,0.0,0.0,299.99957748946235
a1,389.86304889631754,190.7627950947213,460.847455261512,1.8551455046836318,1.0,0.0,0.0,299.99957748946235
a1,206.32469636746507,28.793472265423752,1.2651371026814937,1.8551455046836318,1.0,0.0,0.0,299.99957748946235
a1,365.5488693060704,119.26263820224204,151.63603281362688,1.8551455046836318,1.0,0.0,0.0,299.99957748946235
a1,35.35828347836451,111.96273729948481,422.29420066173856,1.8551455046836318,1.0,0.0,0.0,299.99957748946235
a1,86.98660086735924,323.8702930239897,25.129508321756514,1.8551455046836318,1.0,0.0,0.0,299.99957748946235
a1,331.8242058798949,288.5595399764808,233.57202759596456,1.8551455046836318,1.0,0.0,0.0,299.99957748946235
a1,10.67127557532794,156.8651496247286,167.1375401210833,1.8551455046836318,1.0,0.0,0.0,299.99957748946235
a1,183.4421991418305,346.210805976172,68.28702203534165,1.8551455046836318,1.0,0.0,0.0,299.99957748946235
a1,235.40223852043283,40.40412027180675,271.8011601488023,4.767312031756619,1.0,0.0,0.0,1923.629763729243
a1,14.609039060850169,147.90148284785545,69.09089831961339,1.8551455046836318,1.0,0.0,0.0,299.99957748946235
a1,79.41613675954481,310.3099409819657,210.07918547087328,1.8551455046836318,1.0,0.0,0.0,299.99957748946235
a1,290.63608600631636,60.324960354423986,270.2083801233781,4.768603203831991,1.0,0.0,0.0,1924.6718911854086
a1,186.84965696466705,144.5298504536743,652.1274598315747,1.8551455046836318,1.0,0.0,0.0,299.99957748946235
a1,348.3209875137809,160.11736352731813,38.95595017023845,4.784899868974139,1.0,0.0,0.0,1937.849472986012
a1,212.72605228679816,81.95133929436481,461.37129302771535,4.749045589917734,1.0,0.0,0.0,1908.916837955529
a1,40.4270423651716,142.3694474899761,278.0409693802673,4.788273313911901,1.0,0.0,0.0,1940.5828772823397
a1,381.7065260205424,198.71936442081295,509.2047235740502,1.8551455046836318,1.0,0.0,0.0,299.99957748946235
a1,55.74707140445148,79.6950819611362,189.72276590780154,1.8551455046836318,1.0,0.0,0.0,299.99957748946235
a1,347.90639464783914,263.35658516922695,262.1832466032864,1.8551455046836318,1.0,0.0,0.0,299.99957748946235
a1,329.16556188745005,50.516235018349015,333.9693502477698,1.8551455046836318,1.0,0.0,0.0,299.99957748946235
a1,4.876598007593601,164.75856523309463,320.9675896551726,1.8551455046836318,1.0,0.0,0.0,299.99957748946235
a1,232.62640588717318,346.2127172561003,384.7488056967856,1.8551455046836318,1.0,0.0,0.0,299.99957748946235
a1,344.90574069761755,129.11643379144496,568.2063828369685,4.7873235119434225,1.0,0.0,0.0,1939.8130855388627
a1,225.1833950816795,345.0076691878356,92.61993333459988,1.8551455046836318,1.0,0.0,0.0,299.99957748946235
a1,17.670622616693798,147.87316708080905,288.1750456628185,1.8551455046836318,1.0,0.0,0.0,299.99957748946235
a1,88.603085432571,326.6701264204761,159.94102101683413,1.8551455046836318,1.0,0.0,0.0,299.99957748946235
a1,328.18934471770456,160.2467320493757,1.0195533473597964,1.8551455046836318,1.0,0.0,0.0,299.99957748946235
a1,252.99019353889958,95.30149564309653,299.1657907098158,4.749195970533121,1.0,0.0,0.0,1909.037733250545
a1,68.26931005554587,57.091821499219385,515.6777271813162,1.8551455046836318,1.0,0.0,0.0,299.99957748946235
a1,331.1822193654713,285.46219749396147,87.05776257041472,1.8551455046836318,1.0,0.0,0.0,299.99957748946235
a1,53.58572680947309,225.404938104454,494.9525608471171,4.790363622189035,1.0,0.0,0.0,1942.2775599346814
a1,385.2736507035198,148.23689861511033,183.3304858706013,1.8551455046836318,1.0,0.0,0.0,299.99957748946235
a1,366.49671721297506,118.94927248358037,44.01438589044567,1.8551455046836318,1.0,0.0,0.0,299.99957748946235
a1,360.95683115999157,110.58511392789947,84.2180757478814,1.8551455046836318,1.0,0.0,0.0,299.99957748946235
a1,323.9838452335558,130.16586190754933,0.0,1.8551455046836318,1.0,0.0,0.0,299.99957748946235
a1,255.12871691232291,265.7723590533419,1.6552488780875432,1.8551455046836318,1.0,0.0,0.0,299.99957748946235
a1,29.44292912537549,122.20843158322809,105.97697550450485,1.8551455046836318,1.0,0.0,0.0,299.99957748946235
a1,59.079984226094076,275.53461513589343,367.97784814208404,1.8551455046836318,1.0,0.0,0.0,299.99957748946235
a1,74.38174582430527,302.03804366824767,442.69818472749273,1.8551455046836318,1.0,0.0,0.0,299.99957748946235
a1,133.3333333333333,2.756621597654885e-14,635.3018693258944,1.8551455046836318,1.0,0.0,0.0,299.99957748946235
a1,316.7310135884616,314.52511301928786,183.96610046795269,1.8551455046836318,1.0,0.0,0.0,299.99957748946235
a1,248.16797822182528,0.0,65.5434043513239,1.8551455046836318,1.0,0.0,0.0,299.99957748946235
a1,362.559220705831,234.13595731359922,140.4691646539009,1.8551455046836318,1.0,0.0,0.0,299.99957748946235
a1,131.92902647699876,2.0921163706338692,328.51290574306137,1.8551455046836318,1.0,0.0,0.0,299.99957748946235
a1,388.0476687466625,191.12874751788087,281.459276383755,1.8551455046836318,1.0,0.0,0.0,299.99957748946235
a1,176.91904195051657,232.9116398792107,222.6867807668657,4.7452343832713595,1.0,0.0,0.0,1905.854177417508
a1,277.47517100062294,1.5240329772454777,484.6558656864772,1.8551455046836318,1.0,0.0,0.0,299.99957748946235
a1,211.5518119012735,346.41016149999984,612.5904328389686,1.8551455046836318,1.0,0.0,0.0,299.99957748946235
a1,318.8520985363853,139.0646365580675,653.1971999999998,1.8551455046836318,1.0,0.0,0.0,299.99957748946235
a1,172.41694970032447,130.7362223643996,30.40104056498271,4.780403693926624,1.0,0.0,0.0,1934.2093479670364
a1,59.77609830573669,205.35450787040162,0.0,1.8551455046836318,1.0,0.0,0.0,299.99957748946235
a1,219.66659397703003,153.88624246589495,85.34393258751207,4.748650326209012,1.0,0.0,0.0,1908.5990923642953
a1,211.00632710327613,67.67093660393505,653.1971999999998,1.8551455046836318,1.0,0.0,0.0,299.99957748946235
a1,63.63076381474402,283.41679659716914,303.59988033595386,1.8551455046836318,1.0,0.0,0.0,299.99957748946235
a1,393.68146174398476,182.23662868659105,605.1487362764467,1.8551455046836318,1.0,0.0,0.0,299.99957748946235
a1,87.15339583127101,22.250971124079808,627.4003458096877,1.8551455046836318,1.0,0.0,0.0,299.99957748946235
a1,277.731613228026,189.80665449914704,3.1527855242596012,1.8551455046836318,1.0,0.0,0.0,299.99957748946235
a1,302.90553917292027,8.180940642856857,616.2995782217583,1.8551455046836318,1.0,0.0,0.0,299.99957748946235
a1,288.425445787902,70.86530875915108,653.1971999999998,1.8551455046836318,1.0,0.0,0.0,299.99957748946235
a1,65.53705523670787,63.33749895660039,330.8833568353764,1.8551455046836318,1.0,0.0,0.0,299.99957748946235
a1,173.15838738619325,346.4101615000001,224.10562119216016,1.8551455046836318,1.0,0.0,0.0,299.99957748946235
a1,293.37418641392816,345.8499434459623,27.031821886110624,1.8551455046836318,1.0,0.0,0.0,299.99957748946235
a1,325.61530955190693,301.4375351754646,362.8917888876116,1.8551455046836318,1.0,0.0,0.0,299.99957748946235
a1,186.15714278474636,33.48254090039955,650.0817268864873,1.8551455046836318,1.0,0.0,0.0,299.99957748946235
a1,340.58792383743906,122.38565769539359,0.0,1.8551455046836318,1.0,0.0,0.0,299.99957748946235
a1,376.0668291917617,214.6585485744447,28.404991442130438,1.8551455046836318,1.0,0.0,0.0,299.99957748946235
a1,72.66781412832243,48.429761744437315,487.8960221939586,1.8551455046836318,1.0,0.0,0.0,299.99957748946235
a1,184.8586750154397,104.35304262422503,2.9568889785408503,1.8551455046836318,1.0,0.0,0.0,299.99957748946235
a1,48.10286274149502,256.52168300446806,57.47952360024534,1.8551455046836318,1.0,0.0,0.0,299.99957748946235
a1,128.30229484454853,29.553891442311432,181.6679609229883,4.783806807386076,1.0,0.0,0.0,1936.9642102047437
a1,185.35849576672211,247.55578672171092,2.9160745841684785,1.8551455046836318,1.0,0.0,0.0,299.99957748946235
a1,152.1962307850658,345.2917936788782,258.6637507460987,1.8551455046836318,1.0,0.0,0.0,299.99957748946235
a1,26.146366081732268,216.40659175339647,285.8189360291363,1.8551455046836318,1.0,0.0,0.0,299.99957748946235
a1,363.1042946309117,237.11031702781176,74.54156706386041,1.8551455046836318,1.0,0.0,0.0,299.99957748946235
a1,319.8865232181655,239.86996449943257,18.048880096602126,4.803914019329813,1.0,0.0,0.0,1953.2812572921637
a1,120.22660203172872,346.4101615000001,494.9512233965776,1.8551455046836318,1.0,0.0,0.0,299.99957748946235
a1,79.34468278006214,310.6341026300379,436.8807762703429,1.8551455046836318,1.0,0.0,0.0,299.99957748946235
a1,283.6070558414996,44.435640009551584,651.321310032289,1.8551455046836318,1.0,0.0,0.0,299.99957748946235
a1,127.32871054745465,345.775225995482,6.2542994462394566,1.8551455046836318,1.0,0.0,0.0,299.99957748946235
a1,59.07147018456846,193.39661347857626,652.0590103413839,1.8551455046836318,1.0,0.0,0.0,299.99957748946235
a1,182.05941076230084,248.2600806621442,144.33027812653913,4.747727679300008,1.0,0.0,0.0,1907.8574955494037
a1,45.62623643682753,247.45631010912751,158.236112048823,1.8551455046836318,1.0,0.0,0.0,299.99957748946235
a1,97.26955079912007,235.42654174712283,327.4048592760381,4.758573487434407,1.0,0.0,0.0,1916.584150764197
a1,199.28930473183502,3.04076660233634,404.76203869132235,1.8551455046836318,1.0,0.0,0.0,299.99957748946235
a1,53.21597389594293,265.37785130836687,97.68113632234078,1.8551455046836318,1.0,0.0,0.0,299.99957748946235
a1,152.04152519623088,346.4101615000001,234.39522728651002,1.8551455046836318,1.0,0.0,0.0,299.99957748946235
a1,190.63836794228186,346.4101615000001,546.3616005638918,1.8551455046836318,1.0,0.0,0.0,299.99957748946235
a1,258.33859796940436,0.0,105.33366336446782,1.8551455046836318,1.0,0.0,0.0,299.99957748946235
a1,137.48634109570358,25.671464602819675,0.0,1.8551455046836318,1.0,0.0,0.0,299.99957748946235
a1,179.64623024738577,2.756621597654885e-14,266.6929880830709,1.8551455046836318,1.0,0.0,0.0,299.99957748946235
a1,43.06484049071626,247.7955724968038,40.28742079527301,1.8551455046836318,1.0,0.0,0.0,299.99957748946235
a1,75.08891276270943,43.147268765051976,605.9176231242064,1.8551455046836318,1.0,0.0,0.0,299.99957748946235
a1,153.96552098413926,193.14533821113136,173.80600673369287,4.74495339451756,1.0,0.0,0.0,1905.6284740311264
a1,356.7131974805081,190.9676741243344,0.0,1.8551455046836318,1.0,0.0,0.0,299.99957748946235
a1,270.65261788684296,346.41016149999984,455.3689096605559,1.8551455046836318,1.0,0.0,0.0,299.99957748946235
a1,145.8210134367643,275.2204040282567,1.8833820334052431,1.8551455046836318,1.0,0.0,0.0,299.99957748946235
a1,397.3369402928528,171.22911515954732,425.90865194759937,1.8551455046836318,1.0,0.0,0.0,299.99957748946235
a1,49.8371941945252,86.88452830183829,278.291742284245,1.8551455046836318,1.0,0.0,0.0,299.99957748946235
a1,44.57642101226379,95.99645474024851,192.07049800528864,1.8551455046836318,1.0,0.0,0.0,299.99957748946235
a1,234.63713771052858,92.88216080663847,75.09475686824706,4.754387662108025,1.0,0.0,0.0,1913.2138306231475
a1,15.642904393754703,148.05898284184852,285.5537183898921,1.8551455046836318,1.0,0.0,0.0,299.99957748946235
a1,322.0818809885535,306.79728358442566,214.15472729186718,1.8551455046836318,1.0,0.0,0.0,299.99957748946235
a1,118.68485305397336,168.53294295482232,650.2895360697178,1.8551455046836318,1.0,0.0,0.0,299.99957748946235
a1,248.09917959787592,337.51420912415324,8.666071717405565,4.833585722160708,1.0,0.0,0.0,1977.4849249763868
a1,333.94257246087795,124.9100233508622,8.732446709874889,4.811608146325587,1.0,0.0,0.0,1959.5431634498227
a1,239.59037131932158,3.0768491664348194,48.55472369154126,1.8551455046836318,1.0,0.0,0.0,299.99957748946235
a1,95.13888103017034,8.419705037046928,152.03727931034493,1.8551455046836318,1.0,0.0,0.0,299.99957748946235
a1,343.2901091955948,271.42949291100695,109.31595055429082,1.8551455046836318,1.0,0.0,0.0,299.99957748946235
a1,325.19805847425886,43.78319950869262,107.12227017716482,1.8551455046836318,1.0,0.0,0.0,299.99957748946235
a1,343.92837232677897,270.32398873924177,304.8967847573912,1.8551455046836318,1.0,0.0,0.0,299.99957748946235
a1,214.96267808874103,217.18338428058652,0.0,1.8551455046836318,1.0,0.0,0.0,299.99957748946235
a1,164.0035530676396,105.09731146092156,652.0501675514016,1.8551455046836318,1.0,0.0,0.0,299.99957748946235
a1,300.00000000000006,346.41016149999984,405.4327448275862,1.8551455046836318,1.0,0.0,0.0,299.99957748946235
a1,371.5370684043704,130.30038820835566,406.6867843200852,1.8551455046836318,1.0,0.0,0.0,299.99957748946235
a1,317.90903545362573,314.6075449772031,71.26665038569074,1.8551455046836318,1.0,0.0,0.0,299.99957748946235
a1,301.26106787115856,2.5455114306058535,485.9636666295199,1.8551455046836318,1.0,0.0,0.0,299.99957748946235
a1,134.24916121206027,345.36903726372947,153.79057371757935,1.8551455046836318,1.0,0.0,0.0,299.99957748946235
a1,261.2454303544894,345.69256478020094,344.6395713919345,1.8551455046836318,1.0,0.0,0.0,299.99957748946235
a1,104.82883541392955,260.4374991560359,52.858577807239215,4.773837564271119,1.0,0.0,0.0,1928.8995256438332
a1,227.0191495573764,13.658640312309053,53.16756967765989,4.803380762467922,1.0,0.0,0.0,1952.8476347010014
a1,171.0577904256719,346.4101615000001,477.2073259561819,1.8551455046836318,1.0,0.0,0.0,299.99957748946235
a1,69.64651482632887,293.83638299450354,551.9239238356427,1.8551455046836318,1.0,0.0,0.0,299.99957748946235
a1,314.2495747213879,321.7291740972886,193.52330282519404,1.8551455046836318,1.0,0.0,0.0,299.99957748946235
a1,253.8120371523665,62.111737984639646,308.800907792701,4.757466078631603,1.0,0.0,0.0,1915.6922048062183
a1,316.8378626188181,316.1176075265861,269.1315544705488,1.8551455046836318,1.0,0.0,0.0,299.99957748946235
a1,175.29665769552233,166.88525547266255,653.1971999999998,1.8551455046836318,1.0,0.0,0.0,299.99957748946235
a1,67.61878106342984,58.19657319244902,583.886483186097,1.8551455046836318,1.0,0.0,0.0,299.99957748946235
a1,255.94003855608176,68.99210292635725,653.1971999999998,1.8551455046836318,1.0,0.0,0.0,299.99957748946235
a1,358.4792660643153,245.12110149129535,183.90176877377266,1.8551455046836318,1.0,0.0,0.0,299.99957748946235
a1,253.43083352618135,346.41016149999984,42.889992269291625,1.8551455046836318,1.0,0.0,0.0,299.99957748946235
a1,332.5306344478891,289.4165297763694,224.40647672685245,1.8551455046836318,1.0,0.0,0.0,299.99957748946235
a1,343.2525643050569,74.91563893101898,97.81119560145676,1.8551455046836318,1.0,0.0,0.0,299.99957748946235
a1,121.48343715558248,165.69441558399492,414.6790698866585,4.746360864807041,1.0,0.0,0.0,1906.7591545785517
a1,356.8631290796878,102.08922948718366,124.7215474041225,1.8551455046836318,1.0,0.0,0.0,299.99957748946235
a1,182.68555257004277,345.6357747289828,116.66481188998168,1.8551455046836318,1.0,0.0,0.0,299.99957748946235
a1,344.57641909041934,77.4651428958674,73.43187961807365,1.8551455046836318,1.0,0.0,0.0,299.99957748946235
a1,172.22028189255573,0.26892946349058783,133.7939200620678,1.8551455046836318,1.0,0.0,0.0,299.99957748946235
a1,62.25965218808705,274.08221633467144,474.4718272817115,1.8551455046836318,1.0,0.0,0.0,299.99957748946235
a1,30.386389393975353,120.57431046315551,643.8051675802268,1.8551455046836318,1.0,0.0,0.0,299.99957748946235
a1,298.66973423634056,269.72168738932,0.5905381929406625,1.8551455046836318,1.0,0.0,0.0,299.99957748946235
a1,220.4762159256302,0.0,404.69813116878174,1.8551455046836318,1.0,0.0,0.0,299.99957748946235
a1,280.397251854708,0.0,281.2224069709302,1.8551455046836318,1.0,0.0,0.0,299.99957748946235
a1,57.320419380939484,268.0938877141932,558.1546347818697,1.8551455046836318,1.0,0.0,0.0,299.99957748946235
a1,354.1921400940005,93.86354000996651,396.80476577751676,1.8551455046836318,1.0,0.0,0.0,299.99957748946235
a1,60.73092972050063,68.01602488738106,565.7818000120806,1.8551455046836318,1.0,0.0,0.0,299.99957748946235
a1,66.14912291050751,62.78773989740298,491.3747819439242,1.8551455046836318,1.0,0.0,0.0,299.99957748946235
a1,191.44774876913763,96.30849484756585,2.425424002215325,1.8551455046836318,1.0,0.0,0.0,299.99957748946235
a1,97.28504239448317,323.42508574229856,612.1225844217086,4.8160691680058205,1.0,0.0,0.0,1963.1783791968571
a1,363.89546229683236,112.0846817889892,12.887599291670533,1.8551455046836318,1.0,0.0,0.0,299.99957748946235
a1,394.7434545820284,182.30968448585838,274.47528579664873,1.8551455046836318,1.0,0.0,0.0,299.99957748946235
a1,98.63687040812543,66.43492603157448,0.0,1.8551455046836318,1.0,0.0,0.0,299.99957748946235
a1,35.1640551110636,232.58288452860884,89.52499561497027,1.8551455046836318,1.0,0.0,0.0,299.99957748946235
a1,198.1029640411349,343.53177239009153,497.7921295085779,1.8551455046836318,1.0,0.0,0.0,299.99957748946235
a1,304.8980523588931,8.483675543397979,388.00032339796167,1.8551455046836318,1.0,0.0,0.0,299.99957748946235
a1,341.52701678561937,123.577506619441,2.1104901994487046,1.8551455046836318,1.0,0.0,0.0,299.99957748946235
a1,241.59860021223645,346.41016149999984,322.3470187976485,1.8551455046836318,1.0,0.0,0.0,299.99957748946235
a1,352.4918981377347,97.36671639827433,465.4953678678816,1.8551455046836318,1.0,0.0,0.0,299.99957748946235
a1,70.6242411177492,50.88030689292774,577.140559825171,1.8551455046836318,1.0,0.0,0.0,299.99957748946235
a1,390.86382695310976,189.0293966533262,142.55062298721222,1.8551455046836318,1.0,0.0,0.0,299.99957748946235
a1,129.87981295078674,343.80468494424076,452.2439965591273,1.8551455046836318,1.0,0.0,0.0,299.99957748946235
a1,82.6575750816316,54.51344662438472,639.390328228594,4.825748204972394,1.0,0.0,0.0,1971.077256740126
a1,369.4890937505212,120.35864094303356,300.7363780071598,1.8551455046836318,1.0,0.0,0.0,299.99957748946235
a1,227.18513648698217,157.54441629279395,653.1971999999998,1.8551455046836318,1.0,0.0,0.0,299.99957748946235
a1,34.66553358532249,231.55821865917713,396.983797657246,1.8551455046836318,1.0,0.0,0.0,299.99957748946235
a1,160.26409422832708,2.756621597654885e-14,370.4774531994687,1.8551455046836318,1.0,0.0,0.0,299.99957748946235
a1,259.9873479043546,9.95068975101655,169.75143867629012,4.810640277912117,1.0,0.0,0.0,1958.754907580313
a1,363.6093281087871,110.17458811535684,301.4931129544756,1.8551455046836318,1.0,0.0,0.0,299.99957748946235
a1,307.81476663120173,118.87291998076793,0.0,1.8551455046836318,1.0,0.0,0.0,299.99957748946235
a1,276.7807573464405,307.4774622570347,2.2106519163261553,1.8551455046836318,1.0,0.0,0.0,299.99957748946235
a1,191.83967904405407,2.0308168607348374,573.131575290109,1.8551455046836318,1.0,0.0,0.0,299.99957748946235
a1,102.37820946940744,123.21249310357884,66.29396895112144,4.760706100585198,1.0,0.0,0.0,1918.3024171604004
a1,128.69979444105618,313.7629973204758,2.282410375942136,1.8551455046836318,1.0,0.0,0.0,299.99957748946235
a1,78.95881830291938,308.913534733116,93.4028871423485,1.8551455046836318,1.0,0.0,0.0,299.99957748946235
a1,38.40226112122081,239.71974813483632,138.14286759728574,1.8551455046836318,1.0,0.0,0.0,299.99957748946235
a1,354.6808158992261,251.7002101669868,546.361601240914,1.8551455046836318,1.0,0.0,0.0,299.99957748946235
a1,221.0837543641995,0.0,508.2575497027782,1.8551455046836318,1.0,0.0,0.0,299.99957748946235
a1,5.749725333823238,165.78705058573996,210.40496535974734,1.8551455046836318,1.0,0.0,0.0,299.99957748946235
a1,321.39784628126364,302.5039981486313,340.82306346184345,1.8551455046836318,1.0,0.0,0.0,299.99957748946235
a1,180.32041817875577,343.31372490607225,401.155392677991,1.8551455046836318,1.0,0.0,0.0,299.99957748946235
a1,115.36014533212375,155.2580166435457,399.35225545622967,4.747911430600794,1.0,0.0,0.0,1908.0051780216445
a1,138.78351726168898,2.286593447452878,289.5568895037123,1.8551455046836318,1.0,0.0,0.0,299.99957748946235
a1,220.55992042020006,3.0337671931307573,311.58024164971545,1.8551455046836318,1.0,0.0,0.0,299.99957748946235
a1,90.15399369255924,89.02681335155286,177.46547393036508,4.769806564718654,1.0,0.0,0.0,1925.6433987762846
a1,208.4467730467803,309.09923408958673,1.1557304902717946,1.8551455046836318,1.0,0.0,0.0,299.99957748946235
a1,17.430086259101316,143.01528577012886,28.734348345027296,1.8551455046836318,1.0,0.0,0.0,299.99957748946235
a1,120.21105340103587,346.4101615000001,359.191501844082,1.8551455046836318,1.0,0.0,0.0,299.99957748946235
a1,90.28664364841354,16.824026712300498,168.93031034482766,1.8551455046836318,1.0,0.0,0.0,299.99957748946235
a1,135.4252437686239,0.7481356357481066,627.1742652491978,1.8551455046836318,1.0,0.0,0.0,299.99957748946235
a1,355.2651447929715,102.56688633563273,102.42721836950567,1.8551455046836318,1.0,0.0,0.0,299.99957748946235
a1,49.20684147679254,87.97633123559696,82.71080755401026,1.8551455046836318,1.0,0.0,0.0,299.99957748946235
a1,22.393782772159575,209.42440720575746,252.6254287191402,1.8551455046836318,1.0,0.0,0.0,299.99957748946235
a1,381.98181871990647,149.00216651990073,617.5530770132541,1.8551455046836318,1.0,0.0,0.0,299.99957748946235
a1,253.5931748557196,83.03310121792522,374.5271481077623,4.7515851837410334,1.0,0.0,0.0,1910.9590039193993
a1,162.86111768923558,304.18645911973397,652.1720128648756,1.8551455046836318,1.0,0.0,0.0,299.99957748946235
a1,329.4865062703338,66.94574910560743,349.17068054254435,4.816175650647949,1.0,0.0,0.0,1963.2651913768595
a1,211.54253772927783,346.41016149999984,396.93482448493995,1.8551455046836318,1.0,0.0,0.0,299.99957748946235
a1,149.5205102646178,2.756621597654885e-14,227.47457117169637,1.8551455046836318,1.0,0.0,0.0,299.99957748946235
a1,229.49962949128584,308.59204389081816,2.8171369500678543,1.8551455046836318,1.0,0.0,0.0,299.99957748946235
a1,145.93765423347278,216.35413188350836,653.1971999999998,1.8551455046836318,1.0,0.0,0.0,299.99957748946235
a1,71.2802677994913,205.49274411373196,0.0,1.8551455046836318,1.0,0.0,0.0,299.99957748946235
a1,311.7077133114741,87.61469024965518,337.42070398347465,4.77215400098509,1.0,0.0,0.0,1927.5392565712643
a1,164.84966872880133,207.55175476316015,11.630724315665388,4.8005920141144705,1.0,0.0,0.0,1950.5807231340682
a1,106.29744673808155,166.0543784792239,0.0,1.8551455046836318,1.0,0.0,0.0,299.99957748946235
a1,344.303775474325,269.67377141439664,419.9443623136299,1.8551455046836318,1.0,0.0,0.0,299.99957748946235
a1,227.80863030535633,323.314983808595,279.459196922356,4.788915662005432,1.0,0.0,0.0,1941.1035715873525
a1,280.40727208711525,0.0,292.51138770771786,1.8551455046836318,1.0,0.0,0.0,299.99957748946235
a1,118.55546894517889,182.50579739084128,12.516481835105886,4.81025668320702,1.0,0.0,0.0,1958.4425424849692
a1,200.40889934136217,166.1942808862609,644.0065415817719,4.814669356619307,1.0,0.0,0.0,1962.0373324292534
a1,335.1521918319492,189.23126691291714,653.1971999999998,1.8551455046836318,1.0,0.0,0.0,299.99957748946235
a1,32.405948289022575,212.03985450784162,638.1768942342622,4.844431373163267,1.0,0.0,0.0,1986.3690843650784
a1,212.3930674075137,346.41016149999984,258.8774356278773,1.8551455046836318,1.0,0.0,0.0,299.99957748946235
a1,262.5930501296431,344.8898759018243,492.632424384623,1.8551455046836318,1.0,0.0,0.0,299.99957748946235
a1,348.1697449658654,83.43244566519618,80.53285998811403,1.8551455046836318,1.0,0.0,0.0,299.99957748946235
a1,19.451918630790207,139.51336937811553,108.23273128729898,1.8551455046836318,1.0,0.0,0.0,299.99957748946235
a1,134.05148089752709,344.7736029908952,202.73024315914236,1.8551455046836318,1.0,0.0,0.0,299.99957748946235
a1,324.5069808553548,42.765163853905804,27.329503626336415,1.8551455046836318,1.0,0.0,0.0,299.99957748946235
a1,13.8961514844739,149.1567821398459,617.2672314886198,1.8551455046836318,1.0,0.0,0.0,299.99957748946235
a1,302.5313758780844,6.841634538885881,499.254965355043,1.8551455046836318,1.0,0.0,0.0,299.99957748946235
a1,321.69738668608386,40.37283707632833,498.4018786371545,1.8551455046836318,1.0,0.0,0.0,299.99957748946235
a1,170.70831494471705,346.4101615000001,546.2366764713204,1.8551455046836318,1.0,0.0,0.0,299.99957748946235
a1,198.78386101857606,127.31011854558103,653.1971999999998,1.8551455046836318,1.0,0.0,0.0,299.99957748946235
a1,30.577457404478693,132.08436375066168,366.96345998333953,4.812194533591445,1.0,0.0,0.0,1960.020808819114
a1,9.09312058528113,188.9548276024311,619.644724079458,1.8551455046836318,1.0,0.0,0.0,299.99957748946235
a1,150.17517044773544,2.756621597654885e-14,364.8857840102531,1.8551455046836318,1.0,0.0,0.0,299.99957748946235
a1,21.944477601236358,203.3368283352762,137.94147301861784,1.8551455046836318,1.0,0.0,0.0,299.99957748946235
a1,65.29363678539188,281.84665147304247,152.07608699525375,1.8551455046836318,1.0,0.0,0.0,299.99957748946235
a1,257.45169563427197,345.81521718295545,504.05283429121414,1.8551455046836318,1.0,0.0,0.0,299.99957748946235
a1,73.6666119133534,45.61076609968707,43.226518630687096,1.8551455046836318,1.0,0.0,0.0,299.99957748946235
a1,303.1060660196213,339.22359851179834,51.37834384323516,1.8551455046836318,1.0,0.0,0.0,299.99957748946235
a1,21.26299066390938,206.72855988519623,279.75571802915135,1.8551455046836318,1.0,0.0,0.0,299.99957748946235
a1,136.98854493795756,41.321571650158354,653.1971999999998,1.8551455046836318,1.0,0.0,0.0,299.99957748946235
a1,299.77327144872936,2.371675642162069,426.7567720566138,1.8551455046836318,1.0,0.0,0.0,299.99957748946235
a1,4.760762618922925,181.45096348842128,331.54214449502234,1.8551455046836318,1.0,0.0,0.0,299.99957748946235
a1,141.06201256242133,343.3634444931501,496.8804602633859,1.8551455046836318,1.0,0.0,0.0,299.99957748946235
a1,39.45258989272545,241.53897093166148,460.27623151329794,1.8551455046836318,1.0,0.0,0.0,299.99957748946235
a1,359.6585067373258,243.07859673137082,597.2663696946809,1.8551455046836318,1.0,0.0,0.0,299.99957748946235
a1,273.54105477742456,343.7639983991217,355.5941595363259,1.8551455046836318,1.0,0.0,0.0,299.99957748946235
a1,75.08891276270943,43.147268765051976,605.9176231242064,1.8551455046836318,1.0,0.0,0.0,299.99957748946235
a1,324.70031850809386,42.78220661745124,523.7177887944041,1.8551455046836318,1.0,0.0,0.0,299.99957748946235
a1,389.9116944514403,155.73162297831038,359.60678957051493,1.8551455046836318,1.0,0.0,0.0,299.99957748946235
a1,322.53271486140386,305.15983113778935,433.73664115077656,1.8551455046836318,1.0,0.0,0.0,299.99957748946235
a1,54.94914882579856,78.03036315483789,318.4939459899697,1.8551455046836318,1.0,0.0,0.0,299.99957748946235
a1,59.8021401877194,259.0747131438105,0.0,1.8551455046836318,1.0,0.0,0.0,299.99957748946235
a1,188.2739289506493,101.19255667125503,162.06923891588733,4.74680146291603,1.0,0.0,0.0,1907.113174635209
a1,36.70159571330544,115.43240763667691,285.1921761533865,1.8551455046836318,1.0,0.0,0.0,299.99957748946235
a1,241.82360895625777,346.41016149999984,276.32739488940615,1.8551455046836318,1.0,0.0,0.0,299.99957748946235
a1,173.1906916214591,346.4101615000001,166.57960677616998,1.8551455046836318,1.0,0.0,0.0,299.99957748946235
a1,4.946440060499173,164.63759524896207,535.1189082960773,1.8551455046836318,1.0,0.0,0.0,299.99957748946235
a1,300.00000000000006,346.41016149999984,123.88222758620697,1.8551455046836318,1.0,0.0,0.0,299.99957748946235
a1,261.3065364099958,0.5088011714752733,243.88256630550057,1.8551455046836318,1.0,0.0,0.0,299.99957748946235
a1,189.58713884728726,256.7033136178289,651.716067155809,1.8551455046836318,1.0,0.0,0.0,299.99957748946235
a1,313.7281325656554,24.591862911967116,490.23074692760287,1.8551455046836318,1.0,0.0,0.0,299.99957748946235
a1,42.15852163813345,233.19688392239257,1.6057200393119304,1.8551455046836318,1.0,0.0,0.0,299.99957748946235
a1,395.12340199240646,164.75856523309446,95.72717586206905,1.8551455046836318,1.0,0.0,0.0,299.99957748946235
a1,24.014316037425267,213.021722172394,525.02548156581,1.8551455046836318,1.0,0.0,0.0,299.99957748946235
a1,21.342422541049235,186.9822092961927,434.2511172194534,4.810600802084108,1.0,0.0,0.0,1958.7227608596602
a1,70.32951334462122,51.39079037036672,450.6008951237634,1.8551455046836318,1.0,0.0,0.0,299.99957748946235
a1,266.1282258037001,267.605763319631,653.1971999999998,1.8551455046836318,1.0,0.0,0.0,299.99957748946235
a1,262.1765093328697,118.10751484492114,653.1971999999998,1.8551455046836318,1.0,0.0,0.0,299.99957748946235
a1,251.50478996823935,299.4459563001109,544.4412118155063,4.767367292093535,1.0,0.0,0.0,1923.6743595283972
a1,359.4325335199455,243.4699938250077,471.52049135173576,1.8551455046836318,1.0,0.0,0.0,299.99957748946235
a1,152.77773167864052,343.3637628286136,589.0638255001103,1.8551455046836318,1.0,0.0,0.0,299.99957748946235
a1,220.70186159552622,247.764587355275,359.09123760150294,4.746770633709177,1.0,0.0,0.0,1907.0884023349204
a1,223.2534682461867,3.1924950677628794,475.936301441599,1.8551455046836318,1.0,0.0,0.0,299.99957748946235
a1,392.84354324046643,166.47688047889324,512.7963268776741,1.8551455046836318,1.0,0.0,0.0,299.99957748946235
a1,157.44182743983347,216.49211488297033,653.1971999999998,1.8551455046836318,1.0,0.0,0.0,299.99957748946235
a1,30.357257069599715,120.62476912911471,416.6065458057611,1.8551455046836318,1.0,0.0,0.0,299.99957748946235
a1,280.56440570875327,0.0,157.66828965517252,1.8551455046836318,1.0,0.0,0.0,299.99957748946235
a1,352.61624327276064,253.83289366883156,269.7122833545092,1.8551455046836318,1.0,0.0,0.0,299.99957748946235
a1,84.7243763321544,319.95200519104185,146.22619077954363,1.8551455046836318,1.0,0.0,0.0,299.99957748946235
a1,63.016765411766,67.87636372552332,541.108796454699,1.8551455046836318,1.0,0.0,0.0,299.99957748946235
a1,271.3496567951716,346.41016149999984,273.2854366098638,1.8551455046836318,1.0,0.0,0.0,299.99957748946235
a1,147.98410990585916,0.8043917244596236,550.0445276333054,1.8551455046836318,1.0,0.0,0.0,299.99957748946235
a1,48.83066005354292,257.78226492649696,287.5749242040638,1.8551455046836318,1.0,0.0,0.0,299.99957748946235
a1,166.41929560700802,71.13990075426425,85.4156969977286,4.7569441992114285,1.0,0.0,0.0,1915.271936753757
a1,362.6882279061439,111.28295711330028,260.7740297840693,1.8551455046836318,1.0,0.0,0.0,299.99957748946235
a1,2.307665766989405,174.65617764868472,606.800108799217,1.8551455046836318,1.0,0.0,0.0,299.99957748946235
a1,93.45214615962682,335.0689459683896,286.96643743172206,1.8551455046836318,1.0,0.0,0.0,299.99957748946235
a1,363.52327404758637,110.0255381091657,258.02753323301425,1.8551455046836318,1.0,0.0,0.0,299.99957748946235
a1,62.62912466060144,66.31924944682112,462.29923160515466,1.8551455046836318,1.0,0.0,0.0,299.99957748946235
a1,134.22938053440708,260.6135258874154,198.70314073703491,4.753606503804456,1.0,0.0,0.0,1912.5851902179077
a1,174.83687425255724,345.1124617864778,350.3500391793289,1.8551455046836318,1.0,0.0,0.0,299.99957748946235
a1,99.9999999999999,2.756621597654885e-14,563.1010344827587,1.8551455046836318,1.0,0.0,0.0,299.99957748946235
a1,394.73487781893675,164.0856216247033,61.63011635267314,1.8551455046836318,1.0,0.0,0.0,299.99957748946235
a1,213.50378753567333,12.995566718374791,632.9694435873877,4.81181725137329,1.0,0.0,0.0,1959.7134845806233
a1,309.81482263290894,329.41039003320077,518.0592758451317,1.8551455046836318,1.0,0.0,0.0,299.99957748946235
a1,74.61549997236888,43.96724377084219,237.70284396134966,1.8551455046836318,1.0,0.0,0.0,299.99957748946235
a1,54.57067156572238,267.72425650122665,602.6577011879627,1.8551455046836318,1.0,0.0,0.0,299.99957748946235
a1,150.72522973992508,2.756621597654885e-14,445.32270438756797,1.8551455046836318,1.0,0.0,0.0,299.99957748946235
a1,153.63637889797877,130.45995442460682,468.17684883810057,4.7453808400407915,1.0,0.0,0.0,1905.971823683527
a1,295.7559407854521,61.58575078587479,0.13921851770208354,1.8551455046836318,1.0,0.0,0.0,299.99957748946235
a1,179.83362870294033,346.4101615000001,620.2683403370709,1.8551455046836318,1.0,0.0,0.0,299.99957748946235
a1,258.28221207057265,0.0,94.19012186522231,1.8551455046836318,1.0,0.0,0.0,299.99957748946235
a1,280.4382321971968,0.0,337.76248575783296,1.8551455046836318,1.0,0.0,0.0,299.99957748946235
a1,294.3380109138511,317.3983633049609,653.1971999999998,1.8551455046836318,1.0,0.0,0.0,299.99957748946235
a1,6.411212791985206,184.16492349345745,353.80190901879257,1.8551455046836318,1.0,0.0,0.0,299.99957748946235
a1,314.8361331504013,220.20681419345365,652.9347549008874,1.8551455046836318,1.0,0.0,0.0,299.99957748946235
a1,379.33560185328565,137.41329325348167,612.168877307861,1.8551455046836318,1.0,0.0,0.0,299.99957748946235
a1,299.3477816173058,1.5404857447565292,326.2892750310289,1.8551455046836318,1.0,0.0,0.0,299.99957748946235
a1,227.17922626470533,336.4923442054869,3.127708262541819,1.8551455046836318,1.0,0.0,0.0,299.99957748946235
a1,54.130834306975196,79.44772547795485,65.38924461315038,1.8551455046836318,1.0,0.0,0.0,299.99957748946235
a1,323.13272093346933,306.3431135275123,30.49958431642711,1.8551455046836318,1.0,0.0,0.0,299.99957748946235
a1,31.455023149237824,171.37235454372166,0.0,1.8551455046836318,1.0,0.0,0.0,299.99957748946235
a1,300.00000000000006,0.0,315.3365793103449,1.8551455046836318,1.0,0.0,0.0,299.99957748946235
a1,152.0300338076234,346.4101615000001,305.1014696681159,1.8551455046836318,1.0,0.0,0.0,299.99957748946235
a1,356.7873464200225,243.2946746907161,371.2546762029134,1.8551455046836318,1.0,0.0,0.0,299.99957748946235
a1,239.93273130415392,195.85647239451734,227.24411139197272,4.744401058554154,1.0,0.0,0.0,1905.1848507578295
a1,70.68433335138313,290.3536086358702,53.67585935161409,1.8551455046836318,1.0,0.0,0.0,299.99957748946235
a1,268.04892894469316,146.93047693254096,650.7307720321294,1.8551455046836318,1.0,0.0,0.0,299.99957748946235
a1,196.8697169178829,286.61762446863685,653.1971999999998,1.8551455046836318,1.0,0.0,0.0,299.99957748946235
a1,266.8273697361042,145.84169148076228,652.0671345881175,1.8551455046836318,1.0,0.0,0.0,299.99957748946235
a1,79.14884669557601,309.1842820239013,357.47529944631407,1.8551455046836318,1.0,0.0,0.0,299.99957748946235
a1,43.595373729419435,101.67590275307046,613.8909805931104,1.8551455046836318,1.0,0.0,0.0,299.99957748946235
a1,48.64542031910901,255.19254947459746,265.64177258588484,1.8551455046836318,1.0,0.0,0.0,299.99957748946235
a1,91.16678463184518,298.57840629237893,2.910025789300563,1.8551455046836318,1.0,0.0,0.0,299.99957748946235
a1,212.48108046760885,191.57457514887682,552.0189208915109,4.746892307583422,1.0,0.0,0.0,1907.1861723037343
a1,4.546560292640565,181.07995417621558,625.1589413500737,1.8551455046836318,1.0,0.0,0.0,299.99957748946235
a1,29.112929333687365,223.63015351110363,276.3270714910482,1.8551455046836318,1.0,0.0,0.0,299.99957748946235
a1,275.53998857418554,27.924221510301763,119.72903155533167,4.789437106357601,1.0,0.0,0.0,1941.5263113771684
a1,319.33528896863936,33.48970287137755,255.02331726538534,1.8551455046836318,1.0,0.0,0.0,299.99957748946235
a1,48.36566621305526,256.9768719695979,138.0128084105757,1.8551455046836318,1.0,0.0,0.0,299.99957748946235
a1,29.42200024598208,122.24468146568154,71.4615241856009,1.8551455046836318,1.0,0.0,0.0,299.99957748946235
a1,338.2896317235924,66.31958754572528,103.6286027358554,1.8551455046836318,1.0,0.0,0.0,299.99957748946235
a1,74.39224370885815,44.353934962335416,168.67428813692607,1.8551455046836318,1.0,0.0,0.0,299.99957748946235
a1,86.54850250010206,29.074488424453452,297.3098060404679,1.8551455046836318,1.0,0.0,0.0,299.99957748946235
a1,376.84694751488536,133.10281749706712,276.2642552455624,1.8551455046836318,1.0,0.0,0.0,299.99957748946235
a1,308.71298706947755,331.2261969755554,271.59878853196733,1.8551455046836318,1.0,0.0,0.0,299.99957748946235
a1,49.825152776651656,255.70365078863324,470.47087975719927,1.8551455046836318,1.0,0.0,0.0,299.99957748946235
a1,69.7963031640477,54.62568459386872,9.20153676879341,1.8551455046836318,1.0,0.0,0.0,299.99957748946235
a1,9.393822668098268,156.93450261220858,619.8712936971382,1.8551455046836318,1.0,0.0,0.0,299.99957748946235
a1,156.79852086668006,2.2071363659835805,21.463835060856013,1.8551455046836318,1.0,0.0,0.0,299.99957748946235
a1,44.64903655391888,180.05304148870576,650.2793881848268,1.8551455046836318,1.0,0.0,0.0,299.99957748946235
a1,343.1866333877492,270.11471254697216,513.9947053467605,1.8551455046836318,1.0,0.0,0.0,299.99957748946235
a1,44.351103629609064,250.02344560518054,431.45815110827425,1.8551455046836318,1.0,0.0,0.0,299.99957748946235
a1,367.3727303364849,120.88667749468263,33.49031900639732,1.8551455046836318,1.0,0.0,0.0,299.99957748946235
a1,129.93542923952302,2.3329930905878955,431.8708272636717,1.8551455046836318,1.0,0.0,0.0,299.99957748946235
a1,105.77071062978004,77.92748343484175,650.1620336401177,1.8551455046836318,1.0,0.0,0.0,299.99957748946235
a1,271.7049259384887,346.41016149999984,250.8853283690625,1.8551455046836318,1.0,0.0,0.0,299.99957748946235
a1,210.94099519845508,0.0,479.5604158944229,1.8551455046836318,1.0,0.0,0.0,299.99957748946235
a1,302.1587109249805,291.44049363630785,651.1197535241567,1.8551455046836318,1.0,0.0,0.0,299.99957748946235
a1,94.91643072401813,334.92620090511844,366.46857792752456,1.8551455046836318,1.0,0.0,0.0,299.99957748946235
a1,160.5330988026124,343.75274722893585,469.1655828342873,1.8551455046836318,1.0,0.0,0.0,299.99957748946235
a1,378.18699878378357,192.1918294272671,653.1971999999998,1.8551455046836318,1.0,0.0,0.0,299.99957748946235
a1,50.642160409400624,256.74679276803283,57.57849309049392,1.8551455046836318,1.0,0.0,0.0,299.99957748946235
a1,313.9149811479261,322.3087071663874,125.01811364943596,1.8551455046836318,1.0,0.0,0.0,299.99957748946235
a1,374.77353229187065,129.51155698576164,580.4803753171501,1.8551455046836318,1.0,0.0,0.0,299.99957748946235
a1,150.4529354266417,346.4101615000001,580.4803753072135,1.8551455046836318,1.0,0.0,0.0,299.99957748946235
a1,118.94638930336163,2.756621597654885e-14,168.18809631063115,1.8551455046836318,1.0,0.0,0.0,299.99957748946235
a1,52.85486028392103,129.90872327496862,651.3431181336423,1.8551455046836318,1.0,0.0,0.0,299.99957748946235
a1,180.86420047809085,346.4101615000001,517.5398474285528,1.8551455046836318,1.0,0.0,0.0,299.99957748946235
a1,82.3084903197012,297.69985624469825,0.0,1.8551455046836318,1.0,0.0,0.0,299.99957748946235
a1,95.07988534379902,146.02898123916944,0.0,1.8551455046836318,1.0,0.0,0.0,299.99957748946235
a1,384.5837682871651,199.6479466700909,280.6850642809853,1.8551455046836318,1.0,0.0,0.0,299.99957748946235
a1,57.28912930250345,79.53777296302268,21.139143236037924,1.8551455046836318,1.0,0.0,0.0,299.99957748946235
a1,4.820969345149181,181.55524459719842,399.35729633846455,1.8551455046836318,1.0,0.0,0.0,299.99957748946235
a1,311.26570941769046,268.4745772580279,0.0,1.8551455046836318,1.0,0.0,0.0,299.99957748946235
a1,329.4656462106871,295.37416518727025,425.890686692216,1.8551455046836318,1.0,0.0,0.0,299.99957748946235
a1,165.23116326619174,343.5685175997861,334.85397608597685,1.8551455046836318,1.0,0.0,0.0,299.99957748946235
a1,81.89933309290372,125.57884505713064,16.702328237863586,4.797547757954115,1.0,0.0,0.0,1948.1076179100505
a1,384.90033594164066,199.3584660752599,557.5605887532461,1.8551455046836318,1.0,0.0,0.0,299.99957748946235
a1,231.1889287698268,346.41016149999984,420.1379929475418,1.8551455046836318,1.0,0.0,0.0,299.99957748946235
a1,368.5928556799484,227.6038504308146,229.79072926914915,1.8551455046836318,1.0,0.0,0.0,299.99957748946235
a1,148.5338396854767,3.0613683991909872,396.4431795644779,1.8551455046836318,1.0,0.0,0.0,299.99957748946235
a1,384.87322044083817,147.0047299996792,500.5123031128507,1.8551455046836318,1.0,0.0,0.0,299.99957748946235
a1,187.88282308995235,343.7854016256982,23.363686304843732,1.8551455046836318,1.0,0.0,0.0,299.99957748946235
a1,120.30740524608314,2.411895431140365,133.88805229338053,1.8551455046836318,1.0,0.0,0.0,299.99957748946235
a1,95.81688394738325,334.28309304765,248.5928887117635,1.8551455046836318,1.0,0.0,0.0,299.99957748946235
a1,336.0788446834814,281.5886418714462,227.21790120030903,1.8551455046836318,1.0,0.0,0.0,299.99957748946235
a1,355.8256986637467,242.71460726624932,158.10740282628979,1.8551455046836318,1.0,0.0,0.0,299.99957748946235
a1,220.6913744219541,0.6262797373717971,591.3013085748104,1.8551455046836318,1.0,0.0,0.0,299.99957748946235
a1,169.45202727810613,2.756621597654885e-14,226.68677172235235,1.8551455046836318,1.0,0.0,0.0,299.99957748946235
a1,261.2161372838292,197.80913028268725,653.1971999999998,1.8551455046836318,1.0,0.0,0.0,299.99957748946235
a1,138.85480042923533,3.1101047854482338,187.03782598484352,1.8551455046836318,1.0,0.0,0.0,299.99957748946235
a1,19.603665956767273,139.25053529962096,73.48644725854905,1.8551455046836318,1.0,0.0,0.0,299.99957748946235
a1,278.7209100526831,45.94566574755161,372.7081791717141,4.77218561449127,1.0,0.0,0.0,1927.5647949239763
a1,35.90771043197548,112.84166615960629,351.8569780540003,1.8551455046836318,1.0,0.0,0.0,299.99957748946235
a1,378.3110506074749,208.8173303468946,44.39865487387671,1.8551455046836318,1.0,0.0,0.0,299.99957748946235
a1,384.86663125393096,199.4168443068243,534.7910510909014,1.8551455046836318,1.0,0.0,0.0,299.99957748946235
a1,400.0000000000001,173.20508075,45.048082758620744,1.8551455046836318,1.0,0.0,0.0,299.99957748946235
a1,128.35444505792788,179.2502541146732,552.4047546241076,4.749514106073304,1.0,0.0,0.0,1909.2935041625224
a1,198.26484579662352,2.756621597654885e-14,59.70128892582807,1.8551455046836318,1.0,0.0,0.0,299.99957748946235
a1,344.72129694860564,268.9506030077202,592.018578549336,1.8551455046836318,1.0,0.0,0.0,299.99957748946235
a1,271.7679107856132,277.5860146635614,653.1971999999998,1.8551455046836318,1.0,0.0,0.0,299.99957748946235
a1,215.67449233010572,1.6347422275970451,611.7786587119782,1.8551455046836318,1.0,0.0,0.0,299.99957748946235
a1,150.73033794855127,346.4101615000001,488.7144350517459,1.8551455046836318,1.0,0.0,0.0,299.99957748946235
a1,182.78740575017613,78.67053260721855,210.3133929146422,4.749826312673599,1.0,0.0,0.0,1909.5445250512014
a1,244.92528894669152,128.0574936449814,652.5627734483002,1.8551455046836318,1.0,0.0,0.0,299.99957748946235
a1,194.88593101131218,344.50475702798224,191.352008995944,1.8551455046836318,1.0,0.0,0.0,299.99957748946235
a1,221.1686545736605,346.41016149999984,448.7713254243061,1.8551455046836318,1.0,0.0,0.0,299.99957748946235
a1,9.57350934164288,156.62327616419864,608.3791951244312,1.8551455046836318,1.0,0.0,0.0,299.99957748946235
a1,108.50641678948824,345.66730889285355,277.6949838884003,1.8551455046836318,1.0,0.0,0.0,299.99957748946235
a1,353.3661539206873,253.97727150850437,143.70015609683227,1.8551455046836318,1.0,0.0,0.0,299.99957748946235
a1,138.88888888888883,2.756621597654885e-14,644.2495346629473,1.8551455046836318,1.0,0.0,0.0,299.99957748946235
a1,291.2937204401177,344.5494604179896,171.95631784836078,1.8551455046836318,1.0,0.0,0.0,299.99957748946235
a1,169.78362126013826,2.756621597654885e-14,283.77595986916697,1.8551455046836318,1.0,0.0,0.0,299.99957748946235
a1,236.31778513022752,286.2599684760954,67.72226443633147,4.764025841117017,1.0,0.0,0.0,1920.978695222929
a1,269.7003786592704,0.0,205.91340420580354,1.8551455046836318,1.0,0.0,0.0,299.99957748946235
a1,170.6220177766455,77.15001278024566,653.1971999999998,1.8551455046836318,1.0,0.0,0.0,299.99957748946235
a1,97.56267571664911,286.4798565982971,653.1971999999998,1.8551455046836318,1.0,0.0,0.0,299.99957748946235
a1,25.358508027774153,129.28285644349853,445.32251530901095,1.8551455046836318,1.0,0.0,0.0,299.99957748946235
a1,49.266752606021775,258.5375993841627,414.1269275433878,1.8551455046836318,1.0,0.0,0.0,299.99957748946235
a1,337.3462846420132,281.52928160933766,162.75075712510326,1.8551455046836318,1.0,0.0,0.0,299.99957748946235
a1,87.25620539566854,318.91257539804974,122.60578766940218,1.8551455046836318,1.0,0.0,0.0,299.99957748946235
a1,384.6156630809952,196.25230144584566,59.43885493048019,1.8551455046836318,1.0,0.0,0.0,299.99957748946235
a1,96.41360960585835,7.176089916052506,388.3869997049692,1.8551455046836318,1.0,0.0,0.0,299.99957748946235
a1,79.12472503841738,310.25312464600614,128.36765331944133,1.8551455046836318,1.0,0.0,0.0,299.99957748946235
a1,24.48760349160661,130.79130734862295,124.29821260904784,1.8551455046836318,1.0,0.0,0.0,299.99957748946235
a1,20.344826716477318,137.96680720727784,519.6399401374094,1.8551455046836318,1.0,0.0,0.0,299.99957748946235
a1,249.1580155125119,0.0,226.19807540802455,1.8551455046836318,1.0,0.0,0.0,299.99957748946235
a1,330.0920131235308,293.38335441956093,438.84234110309154,1.8551455046836318,1.0,0.0,0.0,299.99957748946235
a1,388.888888888889,192.45008972222217,0.0,1.8551455046836318,1.0,0.0,0.0,299.99957748946235
a1,309.7531960151872,16.893031033810615,563.1010344827583,1.8551455046836318,1.0,0.0,0.0,299.99957748946235
a1,323.9838452335558,130.16586190754933,0.0,1.8551455046836318,1.0,0.0,0.0,299.99957748946235
a1,35.21886184776662,231.2339414950742,267.74670210848313,1.8551455046836318,1.0,0.0,0.0,299.99957748946235
a1,377.6390926596721,209.17709078633996,44.696818064214426,1.8551455046836318,1.0,0.0,0.0,299.99957748946235
a1,58.4067388060087,76.53152589836225,504.55480342640055,1.8551455046836318,1.0,0.0,0.0,299.99957748946235
a1,322.83819762839033,259.56699956389014,23.719453381100962,4.800323242181114,1.0,0.0,0.0,1950.3623139567794
a1,160.73783778872854,345.634685424296,583.596704023248,1.8551455046836318,1.0,0.0,0.0,299.99957748946235
a1,107.89126341374123,346.4101615000001,19.145471237064996,1.8551455046836318,1.0,0.0,0.0,299.99957748946235
a1,139.7056877488693,12.683564618476666,128.3024154546404,4.8040231012311025,1.0,0.0,0.0,1953.369964147237
a1,49.543404913009674,200.48651700249476,650.2972654864773,1.8551455046836318,1.0,0.0,0.0,299.99957748946235
a1,318.5940514728314,34.67961292208669,324.209901567153,1.8551455046836318,1.0,0.0,0.0,299.99957748946235
a1,260.26455714275033,297.23443032175624,653.1971999999998,1.8551455046836318,1.0,0.0,0.0,299.99957748946235
a1,289.98115638558653,15.111884122322357,228.5864127594907,4.8107465280613155,1.0,0.0,0.0,1958.8414325696906
a1,161.6637661156479,67.18551895588399,431.96291804272266,4.753368665348801,1.0,0.0,0.0,1912.393809241016
a1,70.80166305598075,291.7277369399245,507.5669709291296,1.8551455046836318,1.0,0.0,0.0,299.99957748946235
a1,54.97225649658757,77.99033949498833,632.5897131368249,1.8551455046836318,1.0,0.0,0.0,299.99957748946235
a1,320.6729330798937,289.36023944239906,653.1522017914546,1.8551455046836318,1.0,0.0,0.0,299.99957748946235
a1,296.80418398170224,345.9179154357666,250.93887565954722,1.8551455046836318,1.0,0.0,0.0,299.99957748946235
a1,29.787804572672915,121.61108978624969,232.5301886148974,1.8551455046836318,1.0,0.0,0.0,299.99957748946235
a1,44.57642101226379,95.99645474024851,192.07049800528864,1.8551455046836318,1.0,0.0,0.0,299.99957748946235
a1,375.99789398823134,133.4443636698025,81.64801280750471,1.8551455046836318,1.0,0.0,0.0,299.99957748946235
a1,74.1592159410629,44.75755089571507,99.64585867357944,1.8551455046836318,1.0,0.0,0.0,299.99957748946235
a1,39.45258989272545,241.53897093166148,460.27623151329794,1.8551455046836318,1.0,0.0,0.0,299.99957748946235
a1,117.96623596255988,0.5497558263543229,169.01914476712182,1.8551455046836318,1.0,0.0,0.0,299.99957748946235
a1,163.80795349750213,2.973095484142836,464.108833040558,1.8551455046836318,1.0,0.0,0.0,299.99957748946235
a1,277.77777777777766,0.0,0.0,1.8551455046836318,1.0,0.0,0.0,299.99957748946235
a1,23.99115201765263,132.54058559640472,114.9108195000564,1.8551455046836318,1.0,0.0,0.0,299.99957748946235
a1,109.48830980178123,2.756621597654885e-14,230.87142413793117,1.8551455046836318,1.0,0.0,0.0,299.99957748946235
a1,92.80918145697383,19.101568493645626,68.41908069233841,1.8551455046836318,1.0,0.0,0.0,299.99957748946235
a1,106.54756385464786,146.14862606776356,653.1971999999998,1.8551455046836318,1.0,0.0,0.0,299.99957748946235
a1,62.21032988262836,166.61648689183738,653.1971999999998,1.8551455046836318,1.0,0.0,0.0,299.99957748946235
a1,179.27138819905304,2.756621597654885e-14,197.9413122602746,1.8551455046836318,1.0,0.0,0.0,299.99957748946235
a1,356.4103654851186,151.82778893064165,0.0,1.8551455046836318,1.0,0.0,0.0,299.99957748946235
a1,210.38271677321288,346.41016149999984,580.9399269885683,1.8551455046836318,1.0,0.0,0.0,299.99957748946235
a1,328.16267348434206,295.0075536324762,301.3058224174857,1.8551455046836318,1.0,0.0,0.0,299.99957748946235
a1,94.98822760836363,337.72951708205983,580.067452742245,1.8551455046836318,1.0,0.0,0.0,299.99957748946235
a1,279.0162757566323,286.23583881576263,1.7907199005559233,1.8551455046836318,1.0,0.0,0.0,299.99957748946235
a1,394.9632019276623,181.92907091840686,523.5955263901366,1.8551455046836318,1.0,0.0,0.0,299.99957748946235
a1,299.6984997537903,63.02529973400934,618.2875057818262,4.788238541410091,1.0,0.0,0.0,1940.5546923095226
a1,310.13390319523495,73.01662373913794,0.0,1.8551455046836318,1.0,0.0,0.0,299.99957748946235
a1,341.0553290061733,274.7533831461073,596.0475313864321,1.8551455046836318,1.0,0.0,0.0,299.99957748946235
a1,194.74646135215167,180.6715268242776,7.406299274972814,4.812787401188737,1.0,0.0,0.0,1960.503791957601
a1,30.73635163086895,119.9681580881495,554.4978977487116,1.8551455046836318,1.0,0.0,0.0,299.99957748946235
a1,74.77353229155419,302.71663773521374,580.4803752962918,1.8551455046836318,1.0,0.0,0.0,299.99957748946235
a1,151.33176085816888,2.652748395562346,190.1924629564918,1.8551455046836318,1.0,0.0,0.0,299.99957748946235
a1,348.1872910590632,229.02024149895018,2.592607804200921,1.8551455046836318,1.0,0.0,0.0,299.99957748946235
a1,290.2138326297905,0.0,411.0271932116231,1.8551455046836318,1.0,0.0,0.0,299.99957748946235
a1,20.398678720929322,140.71288091644706,576.8482159606529,1.8551455046836318,1.0,0.0,0.0,299.99957748946235
a1,80.21408439128197,309.80379797179955,209.5099162150414,1.8551455046836318,1.0,0.0,0.0,299.99957748946235
a1,358.3290865021541,101.02894137679307,137.88274896243502,1.8551455046836318,1.0,0.0,0.0,299.99957748946235
a1,304.66933691683903,336.77121080245047,467.4476170526041,1.8551455046836318,1.0,0.0,0.0,299.99957748946235
a1,373.70315424727465,218.7525536707111,235.76967394946467,1.8551455046836318,1.0,0.0,0.0,299.99957748946235
a1,270.80700733899147,346.41016149999984,444.2257066262076,1.8551455046836318,1.0,0.0,0.0,299.99957748946235
a1,24.737790427248783,216.05219063528205,535.1430973922794,1.8551455046836318,1.0,0.0,0.0,299.99957748946235
a1,353.62896815446516,253.52206390266716,224.23344076668118,1.8551455046836318,1.0,0.0,0.0,299.99957748946235
a1,172.8049230064619,0.10498923958593644,470.90635293751694,1.8551455046836318,1.0,0.0,0.0,299.99957748946235
a1,119.75506931096469,344.56110848927733,290.3648023927331,1.8551455046836318,1.0,0.0,0.0,299.99957748946235
a1,396.9514145103677,175.71932039264735,599.5899058265028,1.8551455046836318,1.0,0.0,0.0,299.99957748946235
a1,312.16169088960766,322.00923586657854,522.3906176906831,1.8551455046836318,1.0,0.0,0.0,299.99957748946235
a1,347.42912730378055,232.62026632027064,652.8806937401531,1.8551455046836318,1.0,0.0,0.0,299.99957748946235
a1,365.441384430743,233.0623587528137,380.80005848198175,1.8551455046836318,1.0,0.0,0.0,299.99957748946235
a1,75.29456537251288,302.1792681102536,47.92622208166023,1.8551455046836318,1.0,0.0,0.0,299.99957748946235
a1,290.24680398481314,346.41016149999984,557.470024137931,1.8551455046836318,1.0,0.0,0.0,299.99957748946235
a1,162.14989994499757,345.94855955693504,497.4006564785656,1.8551455046836318,1.0,0.0,0.0,299.99957748946235
a1,84.64733049987949,292.9596860492689,151.89139860350315,4.8044858763923495,1.0,0.0,0.0,1953.7463214715842
a1,31.47756467961662,223.3339625266821,565.1732417083206,1.8551455046836318,1.0,0.0,0.0,299.99957748946235
a1,228.08446415359253,0.0,8.774674328225409,1.8551455046836318,1.0,0.0,0.0,299.99957748946235
a1,383.7131005178287,144.99534335023404,248.73397723094556,1.8551455046836318,1.0,0.0,0.0,299.99957748946235
a1,179.1972269463502,2.756621597654885e-14,186.43267446638336,1.8551455046836318,1.0,0.0,0.0,299.99957748946235
a1,58.28655596024732,157.8234660214061,0.0,1.8551455046836318,1.0,0.0,0.0,299.99957748946235
a1,151.53681613520112,346.4101615000001,431.0589128094526,1.8551455046836318,1.0,0.0,0.0,299.99957748946235
a1,259.9758110775527,0.0,358.43836827898025,1.8551455046836318,1.0,0.0,0.0,299.99957748946235
a1,328.6521058421226,49.62690306042382,115.25965311161696,1.8551455046836318,1.0,0.0,0.0,299.99957748946235
a1,194.7935377136387,155.32245078289412,0.7904580221084108,1.8551455046836318,1.0,0.0,0.0,299.99957748946235
a1,379.7948094721232,138.20866418049937,517.5500790576592,1.8551455046836318,1.0,0.0,0.0,299.99957748946235
a1,221.93451137578953,343.81724422036734,473.316049701838,1.8551455046836318,1.0,0.0,0.0,299.99957748946235
a1,102.68320647142724,183.87594414339478,384.42319800711334,4.749521866766601,1.0,0.0,0.0,1909.2997437285387
a1,260.7396281683881,237.66006313469614,653.1971999999998,1.8551455046836318,1.0,0.0,0.0,299.99957748946235
a1,358.3290865021518,245.38122012321082,137.88274896243337,1.8551455046836318,1.0,0.0,0.0,299.99957748946235
a1,358.2539967210699,245.5112794391686,114.87323905676375,1.8551455046836318,1.0,0.0,0.0,299.99957748946235
a1,242.5466176934399,346.41016149999984,195.7953947346507,1.8551455046836318,1.0,0.0,0.0,299.99957748946235
a1,298.04260847033805,156.94196077630846,455.1106086321536,4.750499757854413,1.0,0.0,0.0,1910.0860457881524
a1,10.164250113347906,155.6000831335438,450.8935167321292,1.8551455046836318,1.0,0.0,0.0,299.99957748946235
a1,62.99188541047107,282.3102267411538,63.30010553175548,1.8551455046836318,1.0,0.0,0.0,299.99957748946235
a1,45.506838640196776,94.38492413647496,479.6894160410272,1.8551455046836318,1.0,0.0,0.0,299.99957748946235
a1,199.07980487610055,2.756621597654885e-14,186.2536649556765,1.8551455046836318,1.0,0.0,0.0,299.99957748946235
a1,283.29085075791517,333.20317382669725,109.34216949990723,4.8158577645132254,1.0,0.0,0.0,1963.0060338078408
a1,85.76608541353615,27.106833741036034,69.87872542737676,1.8551455046836318,1.0,0.0,0.0,299.99957748946235
a1,163.33991618355708,346.4101615000001,149.25744472081342,1.8551455046836318,1.0,0.0,0.0,299.99957748946235
a1,341.49747081679993,267.3996604707415,386.7743901445676,1.8551455046836318,1.0,0.0,0.0,299.99957748946235
a1,200.08771596047188,60.327861888861136,375.3354858282276,4.754933272924589,1.0,0.0,0.0,1913.6529744757538
a1,94.92362394629963,337.6176202570146,342.9607109397968,1.8551455046836318,1.0,0.0,0.0,299.99957748946235
a1,189.2585093511438,0.05163097128263437,354.6435726089736,1.8551455046836318,1.0,0.0,0.0,299.99957748946235
a1,309.79610471778614,16.967351086795958,393.091943347647,1.8551455046836318,1.0,0.0,0.0,299.99957748946235
a1,114.10322998494112,151.34893950075147,87.31621251533737,4.753541141768082,1.0,0.0,0.0,1912.532594529465
a1,14.292818139459243,197.96096794990103,182.09145559522216,1.8551455046836318,1.0,0.0,0.0,299.99957748946235
a1,183.71727475403296,346.4101615000001,80.35897425382659,1.8551455046836318,1.0,0.0,0.0,299.99957748946235
a1,191.95433862706457,216.90682189521553,0.0,1.8551455046836318,1.0,0.0,0.0,299.99957748946235
a1,63.50888201385398,283.205691125518,281.1651315928633,1.8551455046836318,1.0,0.0,0.0,299.99957748946235
a1,216.5955979663243,24.77221198774141,653.1971999999998,1.8551455046836318,1.0,0.0,0.0,299.99957748946235
a1,311.1919259899655,326.80177063141133,259.1824229797299,1.8551455046836318,1.0,0.0,0.0,299.99957748946235
a1,80.46340857797092,33.838368948322945,541.8511212603016,1.8551455046836318,1.0,0.0,0.0,299.99957748946235
a1,4.015643302549174,178.97779015308996,525.0483964528221,1.8551455046836318,1.0,0.0,0.0,299.99957748946235
a1,309.94843999924507,91.28648642342746,0.0,1.8551455046836318,1.0,0.0,0.0,299.99957748946235
a1,316.1017865086828,30.134565692634478,49.308076096047046,1.8551455046836318,1.0,0.0,0.0,299.99957748946235
a1,289.37262923471155,345.6868326445777,262.916371590692,1.8551455046836318,1.0,0.0,0.0,299.99957748946235
a1,168.7861499937657,2.756621597654885e-14,100.16031491287117,1.8551455046836318,1.0,0.0,0.0,299.99957748946235
a1,397.4788255261822,175.09200180591495,531.111322441937,1.8551455046836318,1.0,0.0,0.0,299.99957748946235
a1,82.31382156322367,313.78397277490427,626.2186705197997,1.8551455046836318,1.0,0.0,0.0,299.99957748946235
a1,51.06840842328492,86.7553602012819,257.8137304476418,1.8551455046836318,1.0,0.0,0.0,299.99957748946235
a1,12.979771887800577,191.27368032141663,528.3510913417107,1.8551455046836318,1.0,0.0,0.0,299.99957748946235
a1,346.9268503211268,84.22200617946662,428.42922561775833,1.8551455046836318,1.0,0.0,0.0,299.99957748946235
a1,360.6427601183254,105.036341631974,632.5721584344625,1.8551455046836318,1.0,0.0,0.0,299.99957748946235
a1,252.83822787704105,346.41016149999984,122.18534963335394,1.8551455046836318,1.0,0.0,0.0,299.99957748946235
a1,260.7396281683881,237.66006313469614,0.0,1.8551455046836318,1.0,0.0,0.0,299.99957748946235
a1,269.5958986005504,0.0,148.87948479059776,1.8551455046836318,1.0,0.0,0.0,299.99957748946235
a1,258.6479820926449,177.42203915970777,1.4343544172986158,1.8551455046836318,1.0,0.0,0.0,299.99957748946235
a1,283.22595281473406,138.58175056993028,0.5373413732794464,1.8551455046836318,1.0,0.0,0.0,299.99957748946235
a1,346.73811390708767,265.45737356620197,10.919614619691293,1.8551455046836318,1.0,0.0,0.0,299.99957748946235
a1,272.3050650785778,138.44800640058983,650.6634718965347,1.8551455046836318,1.0,0.0,0.0,299.99957748946235
a1,327.70889163650804,84.51654977397884,0.0,1.8551455046836318,1.0,0.0,0.0,299.99957748946235
a1,312.7720410092712,324.2883375564687,102.43319437132236,1.8551455046836318,1.0,0.0,0.0,299.99957748946235
a1,25.48022310201394,129.0720397508766,468.3609808105764,1.8551455046836318,1.0,0.0,0.0,299.99957748946235
a1,348.0523576317329,259.15136852366123,554.7056477412199,1.8551455046836318,1.0,0.0,0.0,299.99957748946235
a1,82.4212292943352,34.584058529323805,428.0228181989906,1.8551455046836318,1.0,0.0,0.0,299.99957748946235
a1,367.91820509619936,228.77237951917732,355.6668025706714,1.8551455046836318,1.0,0.0,0.0,299.99957748946235
a1,249.47516505604136,217.59801273877238,653.1971999999998,1.8551455046836318,1.0,0.0,0.0,299.99957748946235
a1,101.11705756185684,1.6450933136775254,98.72709272760397,1.8551455046836318,1.0,0.0,0.0,299.99957748946235
a1,164.57106391216624,345.2825267951219,19.161963776507637,1.8551455046836318,1.0,0.0,0.0,299.99957748946235
a1,96.4876380116989,335.38816021187614,216.73196442141867,1.8551455046836318,1.0,0.0,0.0,299.99957748946235
a1,54.22968509397871,267.1336506074965,408.30952046924006,1.8551455046836318,1.0,0.0,0.0,299.99957748946235
a1,21.904952120314775,137.34087759458185,335.7302867754274,1.8551455046836318,1.0,0.0,0.0,299.99957748946235
a1,328.6021652118184,49.540403351378075,103.75505996898823,1.8551455046836318,1.0,0.0,0.0,299.99957748946235
a1,162.46881231677995,269.8978847521936,530.767064017457,4.752761535486942,1.0,0.0,0.0,1911.9053147347718
a1,131.11960070181334,346.4101615000001,261.59609966008327,1.8551455046836318,1.0,0.0,0.0,299.99957748946235
a1,352.1250724944023,94.71283758483534,142.68171215292926,1.8551455046836318,1.0,0.0,0.0,299.99957748946235
a1,259.95258447010417,344.31602995736716,389.4610986046766,1.8551455046836318,1.0,0.0,0.0,299.99957748946235
a1,373.7820758425986,218.61585745780087,224.3311355079293,1.8551455046836318,1.0,0.0,0.0,299.99957748946235
a1,9.367322308693415,189.42975891888517,234.4795111746385,1.8551455046836318,1.0,0.0,0.0,299.99957748946235
a1,270.0912175087282,23.540275681522733,651.2226669077811,1.8551455046836318,1.0,0.0,0.0,299.99957748946235
a1,346.1584650690882,260.17754790195437,423.49491959311706,1.8551455046836318,1.0,0.0,0.0,299.99957748946235
a1,30.559975676684832,123.13595566055173,473.9869376469176,1.8551455046836318,1.0,0.0,0.0,299.99957748946235
a1,39.78992060014106,242.12324485583522,563.7597350382434,1.8551455046836318,1.0,0.0,0.0,299.99957748946235
a1,281.5558103961389,145.13837409676856,128.43853022445987,4.749358662725211,1.0,0.0,0.0,1909.1685304866933
a1,203.21909575357714,236.9706094124788,0.0,1.8551455046836318,1.0,0.0,0.0,299.99957748946235
a1,75.91967807847342,282.55685675257587,495.196888122412,4.816688348594318,1.0,0.0,0.0,1963.6832058683385
a1,373.96455805393714,128.1103725037022,614.3838509196653,1.8551455046836318,1.0,0.0,0.0,299.99957748946235
a1,304.59264274098774,7.954690568086854,116.8348301066482,1.8551455046836318,1.0,0.0,0.0,299.99957748946235
a1,362.731199830857,110.60815201928416,151.9864857563363,1.8551455046836318,1.0,0.0,0.0,299.99957748946235
a1,74.20051899531771,301.7241495927591,408.1612165678155,1.8551455046836318,1.0,0.0,0.0,299.99957748946235
a1,109.75319601518736,346.4101615000001,298.44354827586216,1.8551455046836318,1.0,0.0,0.0,299.99957748946235
a1,109.06207236674224,217.28283304173164,343.4550591103247,4.750781046444335,1.0,0.0,0.0,1910.3122541219377
a1,140.30192434802024,346.4101615000001,574.653455415603,1.8551455046836318,1.0,0.0,0.0,299.99957748946235
a1,230.67300251978722,344.58401716289484,49.08126987837423,1.8551455046836318,1.0,0.0,0.0,299.99957748946235
a1,377.5843388498401,139.13877824615471,357.45391632193235,1.8551455046836318,1.0,0.0,0.0,299.99957748946235
a1,112.64075503519756,203.1521971640287,32.510413403330716,4.778193723181351,1.0,0.0,0.0,1932.421399379028
a1,238.44987385909516,177.60844913781904,0.0,1.8551455046836318,1.0,0.0,0.0,299.99957748946235
a1,15.237216374330073,183.14696392190362,296.45562767724005,4.814413503103719,1.0,0.0,0.0,1961.8288110235465
a1,202.94155786958427,0.867897719402076,556.8661769629052,1.8551455046836318,1.0,0.0,0.0,299.99957748946235
a1,177.31233925939208,2.2458754310900764,28.467685168254622,1.8551455046836318,1.0,0.0,0.0,299.99957748946235
a1,222.8200175302306,346.41016149999984,195.66664228756414,1.8551455046836318,1.0,0.0,0.0,299.99957748946235
a1,40.58083574692891,102.91701142550693,497.0110724990738,1.8551455046836318,1.0,0.0,0.0,299.99957748946235
a1,132.77372199672345,159.25436211007624,545.5019799972048,4.7487243618603605,1.0,0.0,0.0,1908.658606318278
a1,338.34735306742954,68.45517496422293,576.7613667302205,1.8551455046836318,1.0,0.0,0.0,299.99957748946235
a1,25.937150345592805,213.29054837482076,76.95441643391727,1.8551455046836318,1.0,0.0,0.0,299.99957748946235
a1,112.45310548676137,233.35237948094323,650.8932537490236,1.8551455046836318,1.0,0.0,0.0,299.99957748946235
a1,172.695623072206,269.0394452426786,650.0288560588286,1.8551455046836318,1.0,0.0,0.0,299.99957748946235
a1,376.62076459789995,140.49609036947427,542.1008762367751,1.8551455046836318,1.0,0.0,0.0,299.99957748946235
a1,97.35629540475514,339.26007375698356,593.2186675085131,1.8551455046836318,1.0,0.0,0.0,299.99957748946235
a1,54.75545244162358,268.04430636654195,569.3761595686694,1.8551455046836318,1.0,0.0,0.0,299.99957748946235
a1,65.35541579338513,60.006180050568986,456.41660368866553,1.8551455046836318,1.0,0.0,0.0,299.99957748946235
a1,241.5748662706366,225.00334540526575,652.4235114106667,1.8551455046836318,1.0,0.0,0.0,299.99957748946235
a1,51.643304815222926,259.4767047444124,493.36658987340513,1.8551455046836318,1.0,0.0,0.0,299.99957748946235
a1,47.89028150564611,93.91338446741386,410.3183967696633,1.8551455046836318,1.0,0.0,0.0,299.99957748946235
a1,189.6763490080387,2.756621597654885e-14,272.492261875752,1.8551455046836318,1.0,0.0,0.0,299.99957748946235
a1,300.00000000000006,346.41016149999984,563.1010344827587,1.8551455046836318,1.0,0.0,0.0,299.99957748946235
a1,394.89471166829156,164.36246197254385,489.4707147138044,1.8551455046836318,1.0,0.0,0.0,299.99957748946235
a1,211.018456469695,1.3783107988274425e-14,19.85673398120366,1.8551455046836318,1.0,0.0,0.0,299.99957748946235
a1,102.05894516202703,343.82977369857514,381.5625949084503,1.8551455046836318,1.0,0.0,0.0,299.99957748946235
a1,195.5738258652068,247.2774368010942,0.6639255141112069,1.8551455046836318,1.0,0.0,0.0,299.99957748946235
a1,388.10150698271815,189.20435459533928,288.4441723440552,1.8551455046836318,1.0,0.0,0.0,299.99957748946235
a1,15.111420117321346,147.0313333333218,410.95028381617044,1.8551455046836318,1.0,0.0,0.0,299.99957748946235
a1,27.948191768002925,218.0934713611209,602.0295547278031,1.8551455046836318,1.0,0.0,0.0,299.99957748946235
a1,231.39891340654387,346.21110258569274,353.5555107069108,1.8551455046836318,1.0,0.0,0.0,299.99957748946235
a1,94.44444444444431,9.622504486111216,653.1971999999998,1.8551455046836318,1.0,0.0,0.0,299.99957748946235
a1,59.51289304416138,276.09735819821583,469.0865044205978,1.8551455046836318,1.0,0.0,0.0,299.99957748946235
a1,4.78317353927274,164.92038115889002,71.9952325985664,1.8551455046836318,1.0,0.0,0.0,299.99957748946235
a1,398.50835406718085,175.1488355215195,650.3456420366051,1.8551455046836318,1.0,0.0,0.0,299.99957748946235
a1,344.5290511642527,77.12657902625254,488.97287012676935,1.8551455046836318,1.0,0.0,0.0,299.99957748946235
a1,132.63572980134649,258.64109089053574,650.2632556009769,1.8551455046836318,1.0,0.0,0.0,299.99957748946235
a1,279.23676276144215,343.4529116556263,256.5656753289414,1.8551455046836318,1.0,0.0,0.0,299.99957748946235
a1,70.48543567802734,51.73205489067477,57.748711088127294,1.8551455046836318,1.0,0.0,0.0,299.99957748946235
a1,389.09506506809396,154.31717939545712,404.7525810317489,1.8551455046836318,1.0,0.0,0.0,299.99957748946235
a1,18.99192285094063,206.10005605994945,209.54201855996342,1.8551455046836318,1.0,0.0,0.0,299.99957748946235
a1,42.68590040181043,105.92878546123822,268.4565662419917,1.8551455046836318,1.0,0.0,0.0,299.99957748946235
a1,86.99776679741478,23.304675689903238,341.338369072717,1.8551455046836318,1.0,0.0,0.0,299.99957748946235
a1,291.6026254986199,269.8414734098036,80.78020632448548,4.767664973146447,1.0,0.0,0.0,1923.914600840627
a1,70.1687898587088,51.66917161392554,404.54112298829,1.8551455046836318,1.0,0.0,0.0,299.99957748946235
a1,89.57469940297206,19.311299183343472,258.9535552019027,1.8551455046836318,1.0,0.0,0.0,299.99957748946235
a1,264.72391978796156,51.2805380535545,653.1971999999998,1.8551455046836318,1.0,0.0,0.0,299.99957748946235
a1,129.32563038742185,43.99642054806855,0.42597373923224113,1.8551455046836318,1.0,0.0,0.0,299.99957748946235
a1,63.921219633605126,232.47407049628606,199.80727342730108,4.786636826892137,1.0,0.0,0.0,1939.256638867961
a1,183.38902983371165,346.3754800903962,388.04676846656326,1.8551455046836318,1.0,0.0,0.0,299.99957748946235
a1,358.6058842058005,101.52151766066682,392.0250528521177,1.8551455046836318,1.0,0.0,0.0,299.99957748946235
a1,309.7531960151871,329.5171304661895,551.8390137931029,1.8551455046836318,1.0,0.0,0.0,299.99957748946235
a1,365.6494778548483,232.56329094139815,478.33643392142864,1.8551455046836318,1.0,0.0,0.0,299.99957748946235
a1,202.93790996661875,344.9598609021657,239.205954841783,1.8551455046836318,1.0,0.0,0.0,299.99957748946235
a1,14.769742376846624,147.6231365396158,194.70020340803617,1.8551455046836318,1.0,0.0,0.0,299.99957748946235
a1,94.71253855122065,207.28465159756516,651.3311478799972,1.8551455046836318,1.0,0.0,0.0,299.99957748946235
a1,176.89607893253603,33.77969031251705,0.0,1.8551455046836318,1.0,0.0,0.0,299.99957748946235
a1,336.6939513391843,280.9591367693963,297.9536210753151,1.8551455046836318,1.0,0.0,0.0,299.99957748946235
a1,75.49488898716412,42.444097317659484,593.3193201145651,1.8551455046836318,1.0,0.0,0.0,299.99957748946235
a1,300.00000000000006,0.0,506.7909310344827,1.8551455046836318,1.0,0.0,0.0,299.99957748946235
a1,67.2674206547339,289.34501481373474,616.5639119976872,1.8551455046836318,1.0,0.0,0.0,299.99957748946235
a1,304.0151334840298,318.5339319468846,403.38510227851845,4.81845288045702,1.0,0.0,0.0,1965.122209602824
a1,44.84157351571694,95.53719713253182,272.60384316156353,1.8551455046836318,1.0,0.0,0.0,299.99957748946235
a1,28.737234570506185,222.9794310931621,161.279521947741,1.8551455046836318,1.0,0.0,0.0,299.99957748946235
a1,129.29168002788154,2.756621597654885e-14,126.38488022241258,1.8551455046836318,1.0,0.0,0.0,299.99957748946235
a1,201.39140379420144,346.41016149999984,425.6316822968084,1.8551455046836318,1.0,0.0,0.0,299.99957748946235
a1,345.5133045631847,216.7972129832935,3.4740440879808268,4.835872764155949,1.0,0.0,0.0,1979.3566869662811
a1,260.4267733367224,337.2727136722193,1.8403091042158504,1.8551455046836318,1.0,0.0,0.0,299.99957748946235
a1,69.96617342798629,52.020113566371215,24.609440941751554,1.8551455046836318,1.0,0.0,0.0,299.99957748946235
a1,323.7554286890654,94.25359402802317,1.4919792865471833,1.8551455046836318,1.0,0.0,0.0,299.99957748946235
a1,299.7166904787841,0.9620274273359508,14.455619251349471,1.8551455046836318,1.0,0.0,0.0,299.99957748946235
a1,349.7924212851981,260.1671580055924,575.1935770216389,1.8551455046836318,1.0,0.0,0.0,299.99957748946235
a1,119.56474322007824,262.54618486049964,0.47987353449347453,1.8551455046836318,1.0,0.0,0.0,299.99957748946235
a1,129.4193483828784,2.756621597654885e-14,183.32906952362092,1.8551455046836318,1.0,0.0,0.0,299.99957748946235
a1,71.77081154280631,130.23728758827693,22.635759264219104,4.793872881683687,1.0,0.0,0.0,1945.1242968742633
a1,364.4698806174111,234.74505271718456,477.2073573840592,1.8551455046836318,1.0,0.0,0.0,299.99957748946235
a1,217.57275489768833,1.5645701635851532,130.18832285865682,1.8551455046836318,1.0,0.0,0.0,299.99957748946235
a1,80.29139489773159,37.64532355258017,140.31224587888406,1.8551455046836318,1.0,0.0,0.0,299.99957748946235
a1,111.91651190688358,2.1293531451975722,125.88282691538627,1.8551455046836318,1.0,0.0,0.0,299.99957748946235
a1,85.0106800054522,25.962263800432318,342.2851584878439,1.8551455046836318,1.0,0.0,0.0,299.99957748946235
a1,264.72391978796156,51.2805380535545,653.1971999999998,1.8551455046836318,1.0,0.0,0.0,299.99957748946235
a1,163.07419897779323,226.5239336338375,653.1971999999998,1.8551455046836318,1.0,0.0,0.0,299.99957748946235
a1,323.6572008208563,40.975473784954005,64.94511435398731,1.8551455046836318,1.0,0.0,0.0,299.99957748946235
a1,223.87705646914702,275.7981332289571,0.7111673225432287,1.8551455046836318,1.0,0.0,0.0,299.99957748946235
a1,224.49383191297588,261.60545486045504,566.6981372833825,4.753137322447859,1.0,0.0,0.0,1912.207664215614
a1,290.20864615976126,0.0,309.5684738774252,1.8551455046836318,1.0,0.0,0.0,299.99957748946235
a1,142.1899231240364,344.85772547298086,248.8955685068473,1.8551455046836318,1.0,0.0,0.0,299.99957748946235
a1,94.99198828183498,337.7360307595829,512.2714430861693,1.8551455046836318,1.0,0.0,0.0,299.99957748946235
a1,76.20806023892152,304.4372971714165,420.46927052981766,1.8551455046836318,1.0,0.0,0.0,299.99957748946235
a2,46.46987334814025,156.44383500210077,0.3293392214489377,1.855145504683632,0.5000000000000001,0.8660254037844387,0.0,299.99957748946235
a2,364.71904432414067,112.0966729822561,569.2460841568347,1.855145504683632,0.5000000000000001,0.8660254037844387,0.0,299.99957748946235
a2,270.0914232546684,91.01738426861667,426.2230469210042,4.7520150120210225,0.5000000000000001,0.8660254037844387,0.0,1911.3047501666908
a2,276.24154748288964,18.95464127563499,609.016039520122,4.799762461065158,0.5000000000000001,0.8660254037844387,0.0,1949.9066519463815
a2,281.50718770546047,346.41016149999984,257.9319636418846,1.855145504683632,0.5000000000000001,0.8660254037844387,0.0,299.99957748946235
a2,261.4476541592421,346.41016149999984,278.0769721800275,1.855145504683632,0.5000000000000001,0.8660254037844387,0.0,299.99957748946235
a2,186.32196428358412,206.87504069633033,0.0,1.855145504683632,0.5000000000000001,0.8660254037844387,0.0,299.99957748946235
a2,87.71016159376438,69.8014207804113,653.1971999999998,1.855145504683632,0.5000000000000001,0.8660254037844387,0.0,299.99957748946235
a2,348.89130491625514,84.68222415992823,299.0793776180847,1.855145504683632,0.5000000000000001,0.8660254037844387,0.0,299.99957748946235
a2,300.00000000000006,346.41016149999984,225.24041379310356,1.855145504683632,0.5000000000000001,0.8660254037844387,0.0,299.99957748946235
a2,50.39873437836487,85.91191217297508,450.8617959037251,1.855145504683632,0.5000000000000001,0.8660254037844387,0.0,299.99957748946235
a2,185.32645553409353,33.94727423799381,190.10968716785422,4.772206790018565,0.5000000000000001,0.8660254037844387,0.0,1927.5819012541924
a2,63.61420755309424,282.6221687046657,465.520011089203,1.855145504683632,0.5000000000000001,0.8660254037844387,0.0,299.99957748946235
a2,202.80759315859925,118.58647692419937,652.7148039708476,1.855145504683632,0.5000000000000001,0.8660254037844387,0.0,299.99957748946235
a2,327.6833801740465,48.34536054684044,308.54021935830184,1.855145504683632,0.5000000000000001,0.8660254037844387,0.0,299.99957748946235
a2,139.11720315101834,336.58129840375784,435.8244801577133,4.814249989678433,0.5000000000000001,0.8660254037844387,0.0,1961.6955528806625
a2,184.4559922260372,345.3705623382758,238.39514065932536,1.855145504683632,0.5000000000000001,0.8660254037844387,0.0,299.99957748946235
a2,109.8247809117879,2.756621597654885e-14,150.98628583489125,1.855145504683632,0.5000000000000001,0.8660254037844387,0.0,299.99957748946235
a2,338.6278103184707,278.0742618737793,204.56994669559887,1.855145504683632,0.5000000000000001,0.8660254037844387,0.0,299.99957748946235
a2,281.09125988109105,1.9883101275591646,114.58556775321311,1.855145504683632,0.5000000000000001,0.8660254037844387,0.0,299.99957748946235
a2,372.07807773927004,125.75079037197509,51.84221351759289,1.855145504683632,0.5000000000000001,0.8660254037844387,0.0,299.99957748946235
a2,18.633916717032267,140.93019025337648,39.34400418298211,1.855145504683632,0.5000000000000001,0.8660254037844387,0.0,299.99957748946235
a2,146.96976622805238,295.9620297230814,653.1971999999998,1.855145504683632,0.5000000000000001,0.8660254037844387,0.0,299.99957748946235
a2,140.83963016340834,346.4101615000001,482.9201341047893,1.855145504683632,0.5000000000000001,0.8660254037844387,0.0,299.99957748946235
a2,213.23163997613875,1.2585955968952656,443.87036754534046,1.855145504683632,0.5000000000000001,0.8660254037844387,0.0,299.99957748946235
a2,354.64319259991277,94.64478586705707,534.8617901510497,1.855145504683632,0.5000000000000001,0.8660254037844387,0.0,299.99957748946235
a2,328.14452342299523,259.07931988830063,0.0,1.855145504683632,0.5000000000000001,0.8660254037844387,0.0,299.99957748946235
a2,371.63804422569433,216.41757860811921,39.440414490667585,1.855145504683632,0.5000000000000001,0.8660254037844387,0.0,299.99957748946235
a2,161.9370711568898,346.4101615000001,356.37943758467264,1.855145504683632,0.5000000000000001,0.8660254037844387,0.0,299.99957748946235
a2,197.94398700354228,70.291707282313,650.5881434379347,1.855145504683632,0.5000000000000001,0.8660254037844387,0.0,299.99957748946235
a2,102.34449057406373,275.80733664319524,653.1971999999998,1.855145504683632,0.5000000000000001,0.8660254037844387,0.0,299.99957748946235
a2,304.8765980075937,337.9636459830947,568.7320448275864,1.855145504683632,0.5000000000000001,0.8660254037844387,0.0,299.99957748946235
a2,78.00816619143627,170.41655933860426,284.4611862695714,4.757791704352677,0.5000000000000001,0.8660254037844387,0.0,1915.9544536560243
a2,39.68773777720992,104.46390248513526,220.89684411765654,1.855145504683632,0.5000000000000001,0.8660254037844387,0.0,299.99957748946235
a2,303.75278525115993,335.39167621189205,266.4048017305101,1.855145504683632,0.5000000000000001,0.8660254037844387,0.0,299.99957748946235
a2,129.83876979861125,2.756621597654885e-14,262.81124013167613,1.855145504683632,0.5000000000000001,0.8660254037844387,0.0,299.99957748946235
a2,371.08445604482546,129.79398255063523,320.2017001350506,1.855145504683632,0.5000000000000001,0.8660254037844387,0.0,299.99957748946235
a2,173.23850630120037,95.65089783436179,3.1111460410591003,1.855145504683632,0.5000000000000001,0.8660254037844387,0.0,299.99957748946235
a2,364.47739066143595,234.7320449393669,31.27757083160562,1.855145504683632,0.5000000000000001,0.8660254037844387,0.0,299.99957748946235
a2,296.6890178139869,118.52222358281855,0.0,1.855145504683632,0.5000000000000001,0.8660254037844387,0.0,299.99957748946235
a2,201.01431248770402,0.0,485.37732161448156,1.855145504683632,0.5000000000000001,0.8660254037844387,0.0,299.99957748946235
a2,239.27770733512736,0.0,243.51984736260636,1.855145504683632,0.5000000000000001,0.8660254037844387,0.0,299.99957748946235
a2,317.54080260830625,31.10144823298875,113.1522194888435,1.855145504683632,0.5000000000000001,0.8660254037844387,0.0,299.99957748946235
a2,289.19830273461446,174.13509793137763,642.6590954711762,4.810014681253377,0.5000000000000001,0.8660254037844387,0.0,1958.2454906307507
a2,91.44315905219835,14.868315160381403,588.4909244017637,1.855145504683632,0.5000000000000001,0.8660254037844387,0.0,299.99957748946235
a2,210.1218634757047,0.0,353.008135510948,1.855145504683632,0.5000000000000001,0.8660254037844387,0.0,299.99957748946235
a2,75.83846701839028,44.53641978152823,378.6164040678152,1.855145504683632,0.5000000000000001,0.8660254037844387,0.0,299.99957748946235
a2,134.30557317452303,175.95858938686263,2.9044284937014084,1.855145504683632,0.5000000000000001,0.8660254037844387,0.0,299.99957748946235
a2,95.22937110408992,92.20526503383005,447.5863495045755,4.764029629816449,0.5000000000000001,0.8660254037844387,0.0,1920.9817506277598
a2,263.06209717277926,344.8457030493048,435.21455428684413,1.855145504683632,0.5000000000000001,0.8660254037844387,0.0,299.99957748946235
a2,242.76559611656307,209.07774406594027,81.82307633769459,4.751001346856099,0.5000000000000001,0.8660254037844387,0.0,1910.489425972039
a2,209.72337065268212,256.2082040420413,255.72066945219325,4.74744816284847,0.5000000000000001,0.8660254037844387,0.0,1907.6328567768385
a2,276.35693110549164,146.92899373051296,652.3049711949408,1.855145504683632,0.5000000000000001,0.8660254037844387,0.0,299.99957748946235
a2,159.20507044785566,346.2964840726094,506.1227173376158,1.855145504683632,0.5000000000000001,0.8660254037844387,0.0,299.99957748946235
a2,71.2802677994913,205.49274411373196,0.0,1.855145504683632,0.5000000000000001,0.8660254037844387,0.0,299.99957748946235
a2,15.239769864093702,146.80902505078234,513.5578620541432,1.855145504683632,0.5000000000000001,0.8660254037844387,0.0,299.99957748946235
a2,222.93804814304656,346.41016149999984,161.22679055995224,1.855145504683632,0.5000000000000001,0.8660254037844387,0.0,299.99957748946235
a2,160.8366146964849,346.4101615000001,597.2173272007841,1.855145504683632,0.5000000000000001,0.8660254037844387,0.0,299.99957748946235
a2,253.19093635114203,189.26919744869636,0.5807322752729372,1.855145504683632,0.5000000000000001,0.8660254037844387,0.0,299.99957748946235
a2,374.4526498284049,128.95577225580334,477.0999175831233,1.855145504683632,0.5000000000000001,0.8660254037844387,0.0,299.99957748946235
a2,169.970680150985,2.8340926084355234,167.21416708180593,1.855145504683632,0.5000000000000001,0.8660254037844387,0.0,299.99957748946235
a2,214.8934281498947,316.51938781393267,653.1971999999998,1.855145504683632,0.5000000000000001,0.8660254037844387,0.0,299.99957748946235
a2,41.53350549174957,243.1997639370805,313.48959634960056,1.855145504683632,0.5000000000000001,0.8660254037844387,0.0,299.99957748946235
a2,97.98701089007342,337.8056126314199,39.147653552524446,1.855145504683632,0.5000000000000001,0.8660254037844387,0.0,299.99957748946235
a2,71.12115839215434,235.6485276701316,650.223258650562,1.855145504683632,0.5000000000000001,0.8660254037844387,0.0,299.99957748946235
a2,307.19238280242894,330.19882376746295,187.43725190580048,1.855145504683632,0.5000000000000001,0.8660254037844387,0.0,299.99957748946235
a2,36.51999996305081,234.55405610559575,640.983396077338,1.855145504683632,0.5000000000000001,0.8660254037844387,0.0,299.99957748946235
a2,137.1383374697978,171.31691191120066,534.6653463371629,4.747075204258103,0.5000000000000001,0.8660254037844387,0.0,1907.3331420288719
a2,59.793402291018694,276.77029147133135,586.5682171409574,1.855145504683632,0.5000000000000001,0.8660254037844387,0.0,299.99957748946235
a2,69.36044403715887,53.976705873803034,606.2212523118535,1.855145504683632,0.5000000000000001,0.8660254037844387,0.0,299.99957748946235
a2,368.5553107894086,118.7412814112085,218.28597431631664,1.855145504683632,0.5000000000000001,0.8660254037844387,0.0,299.99957748946235
a2,80.95503685413824,35.951724846141325,551.2748299010374,1.855145504683632,0.5000000000000001,0.8660254037844387,0.0,299.99957748946235
a2,173.0511233043083,343.4051036687219,235.96849475302517,1.855145504683632,0.5000000000000001,0.8660254037844387,0.0,299.99957748946235
a2,58.291536725473435,274.1689840057721,126.37799413643268,1.855145504683632,0.5000000000000001,0.8660254037844387,0.0,299.99957748946235
a2,195.1409967316365,346.4101615000001,41.8119033986127,1.855145504683632,0.5000000000000001,0.8660254037844387,0.0,299.99957748946235
a2,81.84851907396813,314.97087430474556,281.51401189442396,1.855145504683632,0.5000000000000001,0.8660254037844387,0.0,299.99957748946235
a2,100.00000000000003,346.4101615000001,22.52404137931037,1.855145504683632,0.5000000000000001,0.8660254037844387,0.0,299.99957748946235
a2,37.49775653210465,233.78638172580085,622.6952997194805,1.855145504683632,0.5000000000000001,0.8660254037844387,0.0,299.99957748946235
a2,27.77777777777772,125.09255831944454,0.0,1.855145504683632,0.5000000000000001,0.8660254037844387,0.0,299.99957748946235
a2,89.64855862277962,328.4809391037966,414.94846567301664,1.855145504683632,0.5000000000000001,0.8660254037844387,0.0,299.99957748946235
a2,322.6397527711943,39.603903232945896,398.2935916912474,1.855145504683632,0.5000000000000001,0.8660254037844387,0.0,299.99957748946235
a2,76.84371498063337,47.66818643138857,63.78841580456048,1.855145504683632,0.5000000000000001,0.8660254037844387,0.0,299.99957748946235
a2,98.43816259488132,5.890074043662147,613.9616714328579,1.855145504683632,0.5000000000000001,0.8660254037844387,0.0,299.99957748946235
a2,179.51812917119585,1.8208373539109763,580.2632148319767,1.855145504683632,0.5000000000000001,0.8660254037844387,0.0,299.99957748946235
a2,263.1270277774383,346.41016149999984,116.35606727506205,1.855145504683632,0.5000000000000001,0.8660254037844387,0.0,299.99957748946235
a2,6.289269440357269,183.19725090665963,289.2334746938019,1.855145504683632,0.5000000000000001,0.8660254037844387,0.0,299.99957748946235
a2,235.30618322934396,49.63031317061494,651.6682586931178,1.855145504683632,0.5000000000000001,0.8660254037844387,0.0,299.99957748946235
a2,110.2105785946028,346.4101615000001,489.4707113434242,1.855145504683632,0.5000000000000001,0.8660254037844387,0.0,299.99957748946235
a2,83.17115853250075,295.98059954556703,0.8971849177392465,1.855145504683632,0.5000000000000001,0.8660254037844387,0.0,299.99957748946235
a2,140.78414915632368,166.47054943181038,0.0,1.855145504683632,0.5000000000000001,0.8660254037844387,0.0,299.99957748946235
a2,304.54656029264055,338.53528807378444,625.1589413500737,1.855145504683632,0.5000000000000001,0.8660254037844387,0.0,299.99957748946235
a2,192.63188666441837,342.81327782521146,2.913917197584734,4.903492165636848,0.5000000000000001,0.8660254037844387,0.0,2035.0978842203797
a2,58.34911407616085,76.55087610475275,511.3815701059844,1.855145504683632,0.5000000000000001,0.8660254037844387,0.0,299.99957748946235
a2,9.28374572370834,157.7009518122996,209.37392144679953,1.855145504683632,0.5000000000000001,0.8660254037844387,0.0,299.99957748946235
a2,47.25296050953495,249.92716968271424,569.3520590872449,1.855145504683632,0.5000000000000001,0.8660254037844387,0.0,299.99957748946235
a2,232.3386419666494,207.4279284833624,0.0,1.855145504683632,0.5000000000000001,0.8660254037844387,0.0,299.99957748946235
a2,227.7583474607145,181.15461441211713,120.65292190818289,4.745630583172485,0.5000000000000001,0.8660254037844387,0.0,1906.172446526636
a2,177.34963034929396,3.75026866962139,636.9065215026887,4.860143947413194,0.5000000000000001,0.8660254037844387,0.0,1999.2752789705746
a2,60.523623428446655,277.69064486533205,451.30123182004496,1.855145504683632,0.5000000000000001,0.8660254037844387,0.0,299.99957748946235
a2,190.94067648476386,1.3783107988274425e-14,468.18435341208993,1.855145504683632,0.5000000000000001,0.8660254037844387,0.0,299.99957748946235
a2,314.6519292380923,321.0322756317293,386.96145842938745,1.855145504683632,0.5000000000000001,0.8660254037844387,0.0,299.99957748946235
a2,350.1679238703459,113.92290487075502,503.1934941207691,4.808787779836691,0.5000000000000001,0.8660254037844387,0.0,1957.2466297495146
a2,318.7750867444759,310.0944317143052,531.2051399667482,1.855145504683632,0.5000000000000001,0.8660254037844387,0.0,299.99957748946235
a2,330.1218833583607,294.2375291057306,597.3534872250915,1.855145504683632,0.5000000000000001,0.8660254037844387,0.0,299.99957748946235
a2,173.8750966838951,339.87869801153784,430.6120708153224,4.813569484815377,0.5000000000000001,0.8660254037844387,0.0,1961.1410120828905
a2,130.8403801150516,346.4101615000001,46.412453558945785,1.855145504683632,0.5000000000000001,0.8660254037844387,0.0,299.99957748946235
a2,65.40342997210033,59.92301705355388,479.42436606699715,1.855145504683632,0.5000000000000001,0.8660254037844387,0.0,299.99957748946235
a2,189.33845263481638,317.4170168342156,2.4994666963795114,1.855145504683632,0.5000000000000001,0.8660254037844387,0.0,299.99957748946235
a2,329.7400342637578,294.8989111383804,540.9321192090342,1.855145504683632,0.5000000000000001,0.8660254037844387,0.0,299.99957748946235
a2,351.9735180030292,162.92564930707758,2.9571018476735813,1.855145504683632,0.5000000000000001,0.8660254037844387,0.0,299.99957748946235
a2,131.08268058226273,67.20489571766173,0.0,1.855145504683632,0.5000000000000001,0.8660254037844387,0.0,299.99957748946235
a2,222.3577260269794,2.1182472190098713,612.3006032632937,1.855145504683632,0.5000000000000001,0.8660254037844387,0.0,299.99957748946235
a2,64.48590827316862,61.51221125308733,191.8129281917617,1.855145504683632,0.5000000000000001,0.8660254037844387,0.0,299.99957748946235
a2,110.12082165778277,125.49576566715032,573.0996735743496,4.755948604231694,0.5000000000000001,0.8660254037844387,0.0,1914.470314745333
a2,233.5629366992417,110.8354590422344,570.8278557036094,4.751732252623794,0.5000000000000001,0.8660254037844387,0.0,1911.0773000013128
a2,278.2030406195993,1.7055214430943555,416.72100669852165,1.855145504683632,0.5000000000000001,0.8660254037844387,0.0,299.99957748946235
a2,290.7146024729664,2.1783551675704285,526.862441714749,1.855145504683632,0.5000000000000001,0.8660254037844387,0.0,299.99957748946235
a2,105.26286284332197,227.1149332267764,650.6501343407842,1.855145504683632,0.5000000000000001,0.8660254037844387,0.0,299.99957748946235
a2,4.878894672584499,181.62328155192546,362.925304624347,1.855145504683632,0.5000000000000001,0.8660254037844387,0.0,299.99957748946235
a2,151.58020106077396,1.5862637139474658,591.3661690327116,1.855145504683632,0.5000000000000001,0.8660254037844387,0.0,299.99957748946235
a2,298.7720180396049,1.085592078138249,155.15010753179752,1.855145504683632,0.5000000000000001,0.8660254037844387,0.0,299.99957748946235
a2,1.6991019381821537,173.0985073022064,464.6491415890938,1.855145504683632,0.5000000000000001,0.8660254037844387,0.0,299.99957748946235
a2,202.29247947835987,346.41016149999984,287.5746226601149,1.855145504683632,0.5000000000000001,0.8660254037844387,0.0,299.99957748946235
a2,270.43291281807984,0.0,490.4512188604835,1.855145504683632,0.5000000000000001,0.8660254037844387,0.0,299.99957748946235
a2,377.05223206979406,136.1267359453171,229.72415869036374,1.855145504683632,0.5000000000000001,0.8660254037844387,0.0,299.99957748946235
a2,283.4431956463019,0.224534531916422,483.2114419685019,1.855145504683632,0.5000000000000001,0.8660254037844387,0.0,299.99957748946235
a2,94.84327450758487,337.47845094680633,218.36744312361327,1.855145504683632,0.5000000000000001,0.8660254037844387,0.0,299.99957748946235
a2,326.56175714741784,50.961833289846936,503.72004014102,1.855145504683632,0.5000000000000001,0.8660254037844387,0.0,299.99957748946235
a2,213.32415873746328,346.41016149999984,120.83177647013385,1.855145504683632,0.5000000000000001,0.8660254037844387,0.0,299.99957748946235
a2,60.46775832854912,68.47185110932159,485.2479406471343,1.855145504683632,0.5000000000000001,0.8660254037844387,0.0,299.99957748946235
a2,42.182021822440305,102.58589623969272,33.809204588127365,1.855145504683632,0.5000000000000001,0.8660254037844387,0.0,299.99957748946235
a2,173.9167399793819,0.8553433502709054,597.6022402490579,1.855145504683632,0.5000000000000001,0.8660254037844387,0.0,299.99957748946235
a2,298.7342483768673,147.16480116149265,37.35590009987179,4.77422344688666,0.5000000000000001,0.8660254037844387,0.0,1929.2113749127443
a2,32.48577746393885,122.64960294250311,511.1277057219877,1.855145504683632,0.5000000000000001,0.8660254037844387,0.0,299.99957748946235
a2,333.34866145895256,288.6485854909769,109.44572318086851,1.855145504683632,0.5000000000000001,0.8660254037844387,0.0,299.99957748946235
a2,120.98923742080297,0.855028639545428,425.9416263693118,1.855145504683632,0.5000000000000001,0.8660254037844387,0.0,299.99957748946235
a2,93.45214615962682,335.0689459683896,275.7044167420669,1.855145504683632,0.5000000000000001,0.8660254037844387,0.0,299.99957748946235
a2,140.2847157768018,0.4923431167130827,58.82870644576794,1.855145504683632,0.5000000000000001,0.8660254037844387,0.0,299.99957748946235
a2,221.54737832442103,265.93869257067865,0.2906460402608036,1.855145504683632,0.5000000000000001,0.8660254037844387,0.0,299.99957748946235
a2,297.31085351831166,116.0302371784448,1.5241374472797629,1.855145504683632,0.5000000000000001,0.8660254037844387,0.0,299.99957748946235
a2,222.69722481612817,344.4471149842969,239.908689369255,1.855145504683632,0.5000000000000001,0.8660254037844387,0.0,299.99957748946235
a2,64.10607655716035,284.2400624164864,373.70159968801715,1.855145504683632,0.5000000000000001,0.8660254037844387,0.0,299.99957748946235
a2,233.41802394873963,344.94844057003786,27.751057520209294,1.855145504683632,0.5000000000000001,0.8660254037844387,0.0,299.99957748946235
a2,178.7757345905792,86.59179680237709,188.96639991372325,4.748824508019286,0.5000000000000001,0.8660254037844387,0.0,1908.739110819736
a2,56.19449956532229,217.84331941036794,0.0,1.855145504683632,0.5000000000000001,0.8660254037844387,0.0,299.99957748946235
a2,68.04243013805777,63.51273875237876,626.6740984367559,1.855145504683632,0.5000000000000001,0.8660254037844387,0.0,299.99957748946235
a2,219.44611124071423,344.19657516712215,10.433581578960505,1.855145504683632,0.5000000000000001,0.8660254037844387,0.0,299.99957748946235
a2,289.994583107899,345.5651980749486,58.49687233809018,1.855145504683632,0.5000000000000001,0.8660254037844387,0.0,299.99957748946235
a2,304.8537352868501,8.406916122979963,286.15863506308966,1.855145504683632,0.5000000000000001,0.8660254037844387,0.0,299.99957748946235
a2,168.40971659777816,48.649970681670474,0.689362602004066,1.855145504683632,0.5000000000000001,0.8660254037844387,0.0,299.99957748946235
a2,181.1353574775512,344.2639625361033,563.3217459859528,1.855145504683632,0.5000000000000001,0.8660254037844387,0.0,299.99957748946235
a2,85.12249021084612,319.3015745664113,388.5145581950198,1.855145504683632,0.5000000000000001,0.8660254037844387,0.0,299.99957748946235
a2,95.12340199240627,8.446515516905507,253.39546551724152,1.855145504683632,0.5000000000000001,0.8660254037844387,0.0,299.99957748946235
a2,83.7314243431419,318.232161896664,56.38872722440674,1.855145504683632,0.5000000000000001,0.8660254037844387,0.0,299.99957748946235
a2,309.8085868988614,329.4211906413933,472.64978698333516,1.855145504683632,0.5000000000000001,0.8660254037844387,0.0,299.99957748946235
a2,368.1201686252861,226.40731785924012,391.73727567752525,1.855145504683632,0.5000000000000001,0.8660254037844387,0.0,299.99957748946235
a2,357.2724760862606,103.89099088027773,507.5078018672431,1.855145504683632,0.5000000000000001,0.8660254037844387,0.0,299.99957748946235
a2,253.32888311311058,346.41016149999984,97.92737273181933,1.855145504683632,0.5000000000000001,0.8660254037844387,0.0,299.99957748946235
a2,32.62147762994092,151.67797118680323,335.2364296572537,4.796395723316136,0.5000000000000001,0.8660254037844387,0.0,1947.172132488204
a2,317.33182601901154,238.64773802145746,0.0,1.855145504683632,0.5000000000000001,0.8660254037844387,0.0,299.99957748946235
a2,228.72003037307854,1.3193064502785095,378.85925076026916,1.855145504683632,0.5000000000000001,0.8660254037844387,0.0,299.99957748946235
a2,82.5017917161336,117.20628365129427,138.18902352442797,4.765292697878642,0.5000000000000001,0.8660254037844387,0.0,1922.000490025914
a2,50.61817307283399,85.53183320502309,519.8915984610248,1.855145504683632,0.5000000000000001,0.8660254037844387,0.0,299.99957748946235
a2,314.9676291224818,243.53587781624498,278.1917232239467,4.770440236102709,0.5000000000000001,0.8660254037844387,0.0,1926.155078298262
a2,326.66709325044525,49.875455517610234,104.95181753862713,1.855145504683632,0.5000000000000001,0.8660254037844387,0.0,299.99957748946235
a2,257.79990346425194,0.8358641607437404,603.1189207140241,1.855145504683632,0.5000000000000001,0.8660254037844387,0.0,299.99957748946235
a2,238.57180857563776,346.41016149999984,607.0549850906965,1.855145504683632,0.5000000000000001,0.8660254037844387,0.0,299.99957748946235
a2,24.33113553689141,215.3478437040647,374.6672320856403,1.855145504683632,0.5000000000000001,0.8660254037844387,0.0,299.99957748946235
a2,210.04859833333322,147.3741599086129,0.0,1.855145504683632,0.5000000000000001,0.8660254037844387,0.0,299.99957748946235
a2,268.0513228639826,290.0209764000478,641.2634231753549,4.813831503458013,0.5000000000000001,0.8660254037844387,0.0,1961.354520787007
a2,328.0546804968513,294.0441829995724,8.271760486452314,1.855145504683632,0.5000000000000001,0.8660254037844387,0.0,299.99957748946235
a2,347.2303773031556,85.26470476291829,541.281150977589,1.855145504683632,0.5000000000000001,0.8660254037844387,0.0,299.99957748946235
a2,242.39120680401618,127.9320753909249,195.21593458396742,4.74536864633226,0.5000000000000001,0.8660254037844387,0.0,1905.9620285434485
a2,342.42867242283137,266.760972053272,549.573352043931,1.855145504683632,0.5000000000000001,0.8660254037844387,0.0,299.99957748946235
a2,328.2998122211334,50.537170000282565,462.3763853440137,1.855145504683632,0.5000000000000001,0.8660254037844387,0.0,299.99957748946235
a2,229.25060963190677,343.48734826861033,432.5296266624747,1.855145504683632,0.5000000000000001,0.8660254037844387,0.0,299.99957748946235
a2,368.97547026143013,119.46901896400209,379.35392107041645,1.855145504683632,0.5000000000000001,0.8660254037844387,0.0,299.99957748946235
a2,54.502625436472364,78.80376435188796,180.43684165596164,1.855145504683632,0.5000000000000001,0.8660254037844387,0.0,299.99957748946235
a2,399.5797010838991,173.6882308998188,487.45533998543164,1.855145504683632,0.5000000000000001,0.8660254037844387,0.0,299.99957748946235
a2,364.6875474748962,234.36804266091136,591.8927721759209,1.855145504683632,0.5000000000000001,0.8660254037844387,0.0,299.99957748946235
a2,93.9105569996817,316.8907684451757,0.0,1.855145504683632,0.5000000000000001,0.8660254037844387,0.0,299.99957748946235
a2,221.77136980704415,0.0,588.6337572821888,1.855145504683632,0.5000000000000001,0.8660254037844387,0.0,299.99957748946235
a2,352.56562543693025,202.20153071451875,651.9817354971067,1.855145504683632,0.5000000000000001,0.8660254037844387,0.0,299.99957748946235
a2,70.63934696171309,229.90865424337468,200.706876401792,4.772925554448934,0.5000000000000001,0.8660254037844387,0.0,1928.16258926912
a2,75.06759923589081,279.0541961040897,394.2802093738804,4.806680002651636,0.5000000000000001,0.8660254037844387,0.0,1955.5312137845187
a2,378.6178010903472,210.2401356375897,348.5562463733685,1.855145504683632,0.5000000000000001,0.8660254037844387,0.0,299.99957748946235
a2,69.19357182501314,293.05186270332314,413.86680931120384,1.855145504683632,0.5000000000000001,0.8660254037844387,0.0,299.99957748946235
a2,223.04136950357505,344.8867688533817,253.882025275313,1.855145504683632,0.5000000000000001,0.8660254037844387,0.0,299.99957748946235
a2,101.12455760021653,255.79735012862236,0.0,1.855145504683632,0.5000000000000001,0.8660254037844387,0.0,299.99957748946235
a2,77.67799129241347,175.51230621069476,653.1971999999998,1.855145504683632,0.5000000000000001,0.8660254037844387,0.0,299.99957748946235
a2,369.45605472405686,185.8367505599862,545.4765533042179,4.796492506314745,0.5000000000000001,0.8660254037844387,0.0,1947.2507144359802
a2,250.67233983934415,117.96927858942124,653.1971999999998,1.855145504683632,0.5000000000000001,0.8660254037844387,0.0,299.99957748946235
a2,74.51194136229559,302.26354895495666,328.82119974518156,1.855145504683632,0.5000000000000001,0.8660254037844387,0.0,299.99957748946235
a2,324.19159725017,41.90107555187173,259.9190153164979,1.855145504683632,0.5000000000000001,0.8660254037844387,0.0,299.99957748946235
a2,35.540904801525755,136.7647332284686,349.9138242193911,4.812239881207286,0.5000000000000001,0.8660254037844387,0.0,1960.0577494244235
a2,183.7932562516317,343.5944949953821,609.6163258082491,1.855145504683632,0.5000000000000001,0.8660254037844387,0.0,299.99957748946235
a2,236.35066189312144,1.1152875220827552,263.9956093103613,1.855145504683632,0.5000000000000001,0.8660254037844387,0.0,299.99957748946235
a2,218.48494822726752,0.0,105.59145753658221,1.855145504683632,0.5000000000000001,0.8660254037844387,0.0,299.99957748946235
a2,115.96321239928301,26.956150626185668,653.1971999999998,1.855145504683632,0.5000000000000001,0.8660254037844387,0.0,299.99957748946235
a2,178.09182617266885,345.3107363325964,542.7900475505077,1.855145504683632,0.5000000000000001,0.8660254037844387,0.0,299.99957748946235
a2,53.96687232936691,266.6784455463293,327.77623537487284,1.855145504683632,0.5000000000000001,0.8660254037844387,0.0,299.99957748946235
a2,269.09360791598266,2.068314276370492,220.10814603068204,1.855145504683632,0.5000000000000001,0.8660254037844387,0.0,299.99957748946235
a2,40.3558962600724,242.62721649188882,540.6907579175465,1.855145504683632,0.5000000000000001,0.8660254037844387,0.0,299.99957748946235
a2,44.94932806351093,95.35056078101343,307.1209591422747,1.855145504683632,0.5000000000000001,0.8660254037844387,0.0,299.99957748946235
a2,53.09595517881771,147.2305386457949,0.6885071793767799,1.855145504683632,0.5000000000000001,0.8660254037844387,0.0,299.99957748946235
a2,118.41842725231773,273.99151950556774,183.22446484041313,4.762266718836994,0.5000000000000001,0.8660254037844387,0.0,1919.5603097475619
a2,49.17183484570334,88.03696449924287,71.20601974403941,1.855145504683632,0.5000000000000001,0.8660254037844387,0.0,299.99957748946235
a2,45.65555665602765,94.12733697706521,525.7085204570111,1.855145504683632,0.5000000000000001,0.8660254037844387,0.0,299.99957748946235
a2,184.355641508625,21.626103406058323,545.022200488234,4.785503820231325,0.5000000000000001,0.8660254037844387,0.0,1938.3386955484398
a2,373.626223750461,127.52436030016153,39.734039376808184,1.855145504683632,0.5000000000000001,0.8660254037844387,0.0,299.99957748946235
a2,117.24428127013846,344.8817085742812,120.64282499277222,1.855145504683632,0.5000000000000001,0.8660254037844387,0.0,299.99957748946235
a2,373.0291757252605,217.1111185160256,169.9649139607841,1.855145504683632,0.5000000000000001,0.8660254037844387,0.0,299.99957748946235
a2,22.51577837229583,138.5709606294104,576.7727150608258,1.855145504683632,0.5000000000000001,0.8660254037844387,0.0,299.99957748946235
a2,85.75405056638024,85.50317514236988,334.1698153287434,4.779465887054933,0.5000000000000001,0.8660254037844387,0.0,1933.450526323739
a2,39.52783405883899,241.66929765033802,483.2857033691344,1.855145504683632,0.5000000000000001,0.8660254037844387,0.0,299.99957748946235
a2,21.52102311463577,172.76461215626438,0.0,1.855145504683632,0.5000000000000001,0.8660254037844387,0.0,299.99957748946235
a2,52.88691583597814,183.5892226386304,507.0064701495448,4.770308795461003,0.5000000000000001,0.8660254037844387,0.0,1926.0489364920127
a2,34.56738006875921,230.0629898575715,118.9556738683416,1.855145504683632,0.5000000000000001,0.8660254037844387,0.0,299.99957748946235
a2,280.1376399404853,346.41016149999984,79.06152618933271,1.855145504683632,0.5000000000000001,0.8660254037844387,0.0,299.99957748946235
a2,348.89130491625457,261.72793734007246,299.0793776180837,1.855145504683632,0.5000000000000001,0.8660254037844387,0.0,299.99957748946235
a2,146.5277013163416,81.6845173717548,601.5888728346845,4.766205720145586,0.5000000000000001,0.8660254037844387,0.0,1922.737064866933
a2,345.16360932722006,266.1895468551299,480.1073161787096,1.855145504683632,0.5000000000000001,0.8660254037844387,0.0,299.99957748946235
a2,74.57848308343144,302.3788025967825,167.45607496678278,1.855145504683632,0.5000000000000001,0.8660254037844387,0.0,299.99957748946235
a2,322.30818359868886,290.7788840906717,509.7324717000233,4.814523948291301,0.5000000000000001,0.8660254037844387,0.0,1961.9188228333808
a2,48.36346726294449,96.24198139013296,407.84428019232786,1.855145504683632,0.5000000000000001,0.8660254037844387,0.0,299.99957748946235
a2,252.54888209100335,346.41016149999984,179.94829517627534,1.855145504683632,0.5000000000000001,0.8660254037844387,0.0,299.99957748946235
a2,339.6751047712867,277.69086424324576,529.3030794399688,1.855145504683632,0.5000000000000001,0.8660254037844387,0.0,299.99957748946235
a2,119.50639203037471,346.4101615000001,90.09616551724146,1.855145504683632,0.5000000000000001,0.8660254037844387,0.0,299.99957748946235
a2,277.50447281890274,168.49510636013068,1.9317995912239279,1.855145504683632,0.5000000000000001,0.8660254037844387,0.0,299.99957748946235
a2,40.02343961068821,103.88244985338,324.4425449666178,1.855145504683632,0.5000000000000001,0.8660254037844387,0.0,299.99957748946235
a2,34.59610144212489,233.12728618918428,489.1098988013438,1.855145504683632,0.5000000000000001,0.8660254037844387,0.0,299.99957748946235
a2,182.8161978278381,346.4101615000001,218.41603369075497,1.855145504683632,0.5000000000000001,0.8660254037844387,0.0,299.99957748946235
a2,39.37410084136798,241.40302390687782,620.1544820819914,1.855145504683632,0.5000000000000001,0.8660254037844387,0.0,299.99957748946235
a2,354.7929117897842,251.50605438922818,580.880897084811,1.855145504683632,0.5000000000000001,0.8660254037844387,0.0,299.99957748946235
a2,59.463932786063616,276.1996335492272,483.0253130485366,1.855145504683632,0.5000000000000001,0.8660254037844387,0.0,299.99957748946235
a2,15.761973451376804,197.91178339016565,433.90626609147733,1.855145504683632,0.5000000000000001,0.8660254037844387,0.0,299.99957748946235
a2,210.679685525217,0.9928402573709418,260.89890021814654,1.855145504683632,0.5000000000000001,0.8660254037844387,0.0,299.99957748946235
a2,258.891185349262,270.79529540586924,122.88055987856292,4.756353407175642,0.5000000000000001,0.8660254037844387,0.0,1914.796229201264
a2,309.94843999924507,91.28648642342746,0.0,1.855145504683632,0.5000000000000001,0.8660254037844387,0.0,299.99957748946235
a2,102.841252829055,256.80083174131124,297.7929791673967,4.763765825335558,0.5000000000000001,0.8660254037844387,0.0,1920.7690107406981
a2,242.13471784245115,108.8800999902942,610.3653383742529,4.769394668982446,0.5000000000000001,0.8660254037844387,0.0,1925.3108359992084
a2,341.7426829820973,77.47731621852994,361.03754849748725,1.855145504683632,0.5000000000000001,0.8660254037844387,0.0,299.99957748946235
a2,200.07170534419515,0.9138319198494512,253.98678861103448,1.855145504683632,0.5000000000000001,0.8660254037844387,0.0,299.99957748946235
a2,308.2928094293548,331.6464954349655,164.43233294258096,1.855145504683632,0.5000000000000001,0.8660254037844387,0.0,299.99957748946235
a2,385.0846064034816,147.37086122696974,135.67947047847036,1.855145504683632,0.5000000000000001,0.8660254037844387,0.0,299.99957748946235
a2,47.63681851195898,96.37685986468489,431.2423797182989,1.855145504683632,0.5000000000000001,0.8660254037844387,0.0,299.99957748946235
a2,216.45566021707873,136.9880530398775,0.5292241623383899,1.855145504683632,0.5000000000000001,0.8660254037844387,0.0,299.99957748946235
a2,255.3443361656709,207.70287316985923,0.0,1.855145504683632,0.5000000000000001,0.8660254037844387,0.0,299.99957748946235
a2,359.4325335199455,243.4699938250077,471.52049135173576,1.855145504683632,0.5000000000000001,0.8660254037844387,0.0,299.99957748946235
a2,381.3259690541597,203.57702835301242,69.41744951603903,1.855145504683632,0.5000000000000001,0.8660254037844387,0.0,299.99957748946235
a2,140.39833417544781,346.4101615000001,528.9970385798481,1.855145504683632,0.5000000000000001,0.8660254037844387,0.0,299.99957748946235
a2,64.41567213506937,284.77629768720215,315.6662638125856,1.855145504683632,0.5000000000000001,0.8660254037844387,0.0,299.99957748946235
a2,330.46413711425924,57.146480153811474,614.831061015513,1.855145504683632,0.5000000000000001,0.8660254037844387,0.0,299.99957748946235
a2,210.445560583976,344.59927182354323,26.470990886452164,1.855145504683632,0.5000000000000001,0.8660254037844387,0.0,299.99957748946235
a2,123.49823850044163,2.756621597654885e-14,16.330059358278437,1.855145504683632,0.5000000000000001,0.8660254037844387,0.0,299.99957748946235
a2,141.63153278899208,2.756621597654885e-14,588.7896367677982,1.855145504683632,0.5000000000000001,0.8660254037844387,0.0,299.99957748946235
a2,105.55555555555559,336.787657013889,0.0,1.855145504683632,0.5000000000000001,0.8660254037844387,0.0,299.99957748946235
a2,151.53681613520112,346.4101615000001,431.0589128094526,1.855145504683632,0.5000000000000001,0.8660254037844387,0.0,299.99957748946235
a2,65.60225413302499,59.57864350507382,548.4055009044441,1.855145504683632,0.5000000000000001,0.8660254037844387,0.0,299.99957748946235
a2,70.06032851205566,51.857032176978635,370.06723682930726,1.855145504683632,0.5000000000000001,0.8660254037844387,0.0,299.99957748946235
a2,356.16513188924677,100.18569751206913,283.37336168739733,1.855145504683632,0.5000000000000001,0.8660254037844387,0.0,299.99957748946235
a2,120.58799918995173,182.4331648469799,518.5680568700658,4.748018062936435,0.5000000000000001,0.8660254037844387,0.0,1908.0908819511292
a2,357.8580391027735,240.63949643271317,516.9950936898567,1.855145504683632,0.5000000000000001,0.8660254037844387,0.0,299.99957748946235
a2,208.55874662279453,1.3783107988274425e-14,111.408285726674,1.855145504683632,0.5000000000000001,0.8660254037844387,0.0,299.99957748946235
a2,184.13654508979792,316.26134147318066,651.1432293703444,1.855145504683632,0.5000000000000001,0.8660254037844387,0.0,299.99957748946235
a2,372.62236703209146,130.33229658423483,215.40525901503082,1.855145504683632,0.5000000000000001,0.8660254037844387,0.0,299.99957748946235
a2,334.789661485838,60.25746126919746,558.1010928649782,1.855145504683632,0.5000000000000001,0.8660254037844387,0.0,299.99957748946235
a2,29.589173964205838,222.47995839666956,450.5767041145994,1.855145504683632,0.5000000000000001,0.8660254037844387,0.0,299.99957748946235
a2,315.95219590251793,28.699246709290637,589.0190272160569,1.855145504683632,0.5000000000000001,0.8660254037844387,0.0,299.99957748946235
a2,310.13390319523495,73.01662373913794,0.0,1.855145504683632,0.5000000000000001,0.8660254037844387,0.0,299.99957748946235
a2,31.62752541659052,226.69478863033842,494.1998146431187,1.855145504683632,0.5000000000000001,0.8660254037844387,0.0,299.99957748946235
a2,40.346548634297896,239.80337075908838,117.44370939568815,1.855145504683632,0.5000000000000001,0.8660254037844387,0.0,299.99957748946235
a2,2.6232235947842306,171.0317823524427,596.4905207333105,1.855145504683632,0.5000000000000001,0.8660254037844387,0.0,299.99957748946235
a2,191.24124416296482,32.38814525346685,650.9667991811385,1.855145504683632,0.5000000000000001,0.8660254037844387,0.0,299.99957748946235
a2,224.77249021569816,343.23312694059734,255.72050480164697,1.855145504683632,0.5000000000000001,0.8660254037844387,0.0,299.99957748946235
a2,201.8053697449914,345.84634440544545,48.304251314317824,1.855145504683632,0.5000000000000001,0.8660254037844387,0.0,299.99957748946235
a2,85.02385707350373,25.939440449073164,308.10984971793295,1.855145504683632,0.5000000000000001,0.8660254037844387,0.0,299.99957748946235
a2,81.31804240414893,33.12228715651863,518.6790921359931,1.855145504683632,0.5000000000000001,0.8660254037844387,0.0,299.99957748946235
a2,369.36092399194644,226.27351709080307,459.8856391458616,1.855145504683632,0.5000000000000001,0.8660254037844387,0.0,299.99957748946235
a2,228.9284793507493,0.0,24.727825657193062,1.855145504683632,0.5000000000000001,0.8660254037844387,0.0,299.99957748946235
a2,36.82740061330593,161.13105646706123,0.0,1.855145504683632,0.5000000000000001,0.8660254037844387,0.0,299.99957748946235
a2,53.40366711603364,265.7029455017872,155.20491149421565,1.855145504683632,0.5000000000000001,0.8660254037844387,0.0,299.99957748946235
a2,330.7035572098333,293.23004044158574,10.912849196409262,1.855145504683632,0.5000000000000001,0.8660254037844387,0.0,299.99957748946235
a2,303.597158430774,335.633117262295,219.80043099769955,1.855145504683632,0.5000000000000001,0.8660254037844387,0.0,299.99957748946235
a2,284.70638994992737,324.0916804704323,520.7173208143331,4.799486241745219,0.5000000000000001,0.8660254037844387,0.0,1949.6822298438974
a2,46.48161791638799,93.38838012157184,330.2929538132883,1.855145504683632,0.5000000000000001,0.8660254037844387,0.0,299.99957748946235
a2,44.60263671286902,250.45911368515394,511.9820822653048,1.855145504683632,0.5000000000000001,0.8660254037844387,0.0,299.99957748946235
a2,363.40401214919444,233.85365817284531,109.33424280639446,1.855145504683632,0.5000000000000001,0.8660254037844387,0.0,299.99957748946235
a2,372.54077149878907,216.9794889355869,232.81987284630176,1.855145504683632,0.5000000000000001,0.8660254037844387,0.0,299.99957748946235
a2,273.68067882655333,118.24575109200258,653.1971999999998,1.855145504683632,0.5000000000000001,0.8660254037844387,0.0,299.99957748946235
a2,178.63128967669172,2.756621597654885e-14,105.84925176573287,1.855145504683632,0.5000000000000001,0.8660254037844387,0.0,299.99957748946235
a2,109.99542124409093,233.89245485122578,0.1753934580773281,1.855145504683632,0.5000000000000001,0.8660254037844387,0.0,299.99957748946235
a2,355.8822138465763,247.61980308180557,232.68382742684844,1.855145504683632,0.5000000000000001,0.8660254037844387,0.0,299.99957748946235
a2,75.62291548771081,155.50500420042997,386.05168834746024,4.7600109341604755,0.5000000000000001,0.8660254037844387,0.0,1917.7422304814288
a2,324.56465751444034,303.8629266161527,420.39323152703435,1.855145504683632,0.5000000000000001,0.8660254037844387,0.0,299.99957748946235
a2,19.95118551125958,204.9251321795718,39.07343030235065,1.855145504683632,0.5000000000000001,0.8660254037844387,0.0,299.99957748946235
a2,159.00332659837292,2.772081502241916,427.5184179788144,1.855145504683632,0.5000000000000001,0.8660254037844387,0.0,299.99957748946235
a2,195.21712299185512,315.5650792582873,0.8871080469837614,1.855145504683632,0.5000000000000001,0.8660254037844387,0.0,299.99957748946235
a2,52.70311041150545,85.09596580669279,509.8848085560022,1.855145504683632,0.5000000000000001,0.8660254037844387,0.0,299.99957748946235
a2,252.43740820058684,308.523545132292,1.5684048560438753,1.855145504683632,0.5000000000000001,0.8660254037844387,0.0,299.99957748946235
a2,383.37263868466033,145.89703357182802,147.52874143588892,1.855145504683632,0.5000000000000001,0.8660254037844387,0.0,299.99957748946235
a2,243.54871325290898,346.41016149999984,34.21610634858992,1.855145504683632,0.5000000000000001,0.8660254037844387,0.0,299.99957748946235
a2,228.15269473257976,63.935805738239644,322.71922699950966,4.754197024847572,0.5000000000000001,0.8660254037844387,0.0,1913.0604049637589
a2,282.4470523516619,346.41016149999984,43.91951565774022,1.855145504683632,0.5000000000000001,0.8660254037844387,0.0,299.99957748946235
a2,68.72793528829445,290.09443510461074,273.6097207502446,1.855145504683632,0.5000000000000001,0.8660254037844387,0.0,299.99957748946235
a2,220.65939829478802,345.9300095131078,80.24331594503887,1.855145504683632,0.5000000000000001,0.8660254037844387,0.0,299.99957748946235
a2,191.00228348104326,79.47680408576308,0.1509352033572464,1.855145504683632,0.5000000000000001,0.8660254037844387,0.0,299.99957748946235
a2,1.177937296839526,171.6612285808989,46.791113103465776,1.855145504683632,0.5000000000000001,0.8660254037844387,0.0,299.99957748946235
a2,297.157879487039,345.06827823970224,471.3242496406392,1.855145504683632,0.5000000000000001,0.8660254037844387,0.0,299.99957748946235
a2,338.66508062898225,66.96988412548126,218.67615226421384,1.855145504683632,0.5000000000000001,0.8660254037844387,0.0,299.99957748946235
a2,96.42563211160697,9.838993843179725,457.92752593317545,1.855145504683632,0.5000000000000001,0.8660254037844387,0.0,299.99957748946235
a2,330.703557209834,53.18012105841531,10.912849196408928,1.855145504683632,0.5000000000000001,0.8660254037844387,0.0,299.99957748946235
a2,76.69409665652334,305.0288313534013,487.7305950934628,1.855145504683632,0.5000000000000001,0.8660254037844387,0.0,299.99957748946235
a2,387.6915070461035,151.88614559009542,636.0591666547895,1.855145504683632,0.5000000000000001,0.8660254037844387,0.0,299.99957748946235
a2,333.31580682825046,284.8828217602138,199.14155412351954,1.855145504683632,0.5000000000000001,0.8660254037844387,0.0,299.99957748946235
a2,343.9659172098949,76.15120240587623,316.4015397144358,1.855145504683632,0.5000000000000001,0.8660254037844387,0.0,299.99957748946235
a2,78.69287911172472,36.90501594003725,37.195340905337034,1.855145504683632,0.5000000000000001,0.8660254037844387,0.0,299.99957748946235
a2,9.753196015187257,190.09811178381094,574.3630551724141,1.855145504683632,0.5000000000000001,0.8660254037844387,0.0,299.99957748946235
a2,4.503711105577127,181.00573720716156,139.98134163357656,1.855145504683632,0.5000000000000001,0.8660254037844387,0.0,299.99957748946235
a2,86.78340838781608,25.211703957862795,457.0647750241124,1.855145504683632,0.5000000000000001,0.8660254037844387,0.0,299.99957748946235
a2,374.37949583405003,128.82906582080903,465.5956203733254,1.855145504683632,0.5000000000000001,0.8660254037844387,0.0,299.99957748946235
a2,153.0941951990379,332.9849137657875,252.43587511749928,4.8057816557370705,0.5000000000000001,0.8660254037844387,0.0,1954.8003220807427
a2,87.86077588153745,28.90779983780832,158.52989566750153,1.855145504683632,0.5000000000000001,0.8660254037844387,0.0,299.99957748946235
a2,313.4438396379708,23.28541330084784,35.958793084335305,1.855145504683632,0.5000000000000001,0.8660254037844387,0.0,299.99957748946235
a2,119.49758220502117,2.756621597654885e-14,110.21957336119802,1.855145504683632,0.5000000000000001,0.8660254037844387,0.0,299.99957748946235
a2,68.76290043520041,59.96993804810627,569.8745028859339,1.855145504683632,0.5000000000000001,0.8660254037844387,0.0,299.99957748946235
a2,223.40453993594818,57.084435200863226,289.9831790318731,4.758271469656286,0.5000000000000001,0.8660254037844387,0.0,1916.3408744464946
a2,129.47725720798095,2.756621597654885e-14,137.64183424003673,1.855145504683632,0.5000000000000001,0.8660254037844387,0.0,299.99957748946235
a2,201.82739979031152,1.5574507041819974,382.22521262536554,1.855145504683632,0.5000000000000001,0.8660254037844387,0.0,299.99957748946235
a2,120.52907260886278,346.4101615000001,403.756730577101,1.855145504683632,0.5000000000000001,0.8660254037844387,0.0,299.99957748946235
a2,23.808388049907084,212.15306623826237,281.58906479858257,1.855145504683632,0.5000000000000001,0.8660254037844387,0.0,299.99957748946235
a2,6.860902101559761,183.10267401563803,533.4487135877719,1.855145504683632,0.5000000000000001,0.8660254037844387,0.0,299.99957748946235
a2,218.06750300222402,2.824742814860976,325.17222898270853,1.855145504683632,0.5000000000000001,0.8660254037844387,0.0,299.99957748946235
a2,210.02584369866028,343.22733095433426,611.6513526320826,1.855145504683632,0.5000000000000001,0.8660254037844387,0.0,299.99957748946235
a2,395.69977363970185,166.9366401977806,499.99657989832644,1.855145504683632,0.5000000000000001,0.8660254037844387,0.0,299.99957748946235
a2,294.2157000480526,25.790872251916763,648.8560414834421,4.841245412227873,0.5000000000000001,0.8660254037844387,0.0,1983.7572553027514
a2,328.76910269566395,296.5806139449249,149.99421133447444,1.855145504683632,0.5000000000000001,0.8660254037844387,0.0,299.99957748946235
a2,11.497320508053438,155.1049004416013,486.5281021621453,1.855145504683632,0.5000000000000001,0.8660254037844387,0.0,299.99957748946235
a2,356.4435713463182,246.1411322535255,495.9209371619115,1.855145504683632,0.5000000000000001,0.8660254037844387,0.0,299.99957748946235
a2,198.19598818210676,208.68289941199643,608.0611911184221,4.763558925458299,0.5000000000000001,0.8660254037844387,0.0,1920.6021686846232
a2,341.7582407621419,72.32739463184744,642.6393593084567,1.855145504683632,0.5000000000000001,0.8660254037844387,0.0,299.99957748946235
a2,98.30500125963651,291.75311033575207,536.4502706540184,4.783448185625134,0.5000000000000001,0.8660254037844387,0.0,1936.6738090631857
a2,305.55555555555566,9.6225044861111,0.0,1.855145504683632,0.5000000000000001,0.8660254037844387,0.0,299.99957748946235
a2,269.34019825691246,230.13227644426064,343.7430035122792,4.748314393083964,0.5000000000000001,0.8660254037844387,0.0,1908.329062383265
a2,322.1574186498861,43.477742553949675,569.8817734075853,1.855145504683632,0.5000000000000001,0.8660254037844387,0.0,299.99957748946235
a2,280.9902766525696,346.41016149999984,371.03476693094615,1.855145504683632,0.5000000000000001,0.8660254037844387,0.0,299.99957748946235
a2,90.29514838197763,16.80929608166324,213.9783931034485,1.855145504683632,0.5000000000000001,0.8660254037844387,0.0,299.99957748946235
a2,19.829254669093874,138.85980418827282,244.84133079997224,1.855145504683632,0.5000000000000001,0.8660254037844387,0.0,299.99957748946235
a2,95.03659899939758,10.597178482264917,75.27094825876966,1.855145504683632,0.5000000000000001,0.8660254037844387,0.0,299.99957748946235
a2,319.2183804402895,313.1229501395546,186.4268816146705,1.855145504683632,0.5000000000000001,0.8660254037844387,0.0,299.99957748946235
a2,384.42393123406214,146.22653826628192,90.95430482909401,1.855145504683632,0.5000000000000001,0.8660254037844387,0.0,299.99957748946235
a2,130.14075313463073,2.756621597654885e-14,569.63384638177,1.855145504683632,0.5000000000000001,0.8660254037844387,0.0,299.99957748946235
a2,39.19703920768999,105.31381733871136,59.829823402852796,1.855145504683632,0.5000000000000001,0.8660254037844387,0.0,299.99957748946235
a2,388.671140159791,192.82724158428869,159.9915593803888,1.855145504683632,0.5000000000000001,0.8660254037844387,0.0,299.99957748946235
a2,309.56215863850275,19.731751385921037,573.2880470342869,1.855145504683632,0.5000000000000001,0.8660254037844387,0.0,299.99957748946235
a2,90.88681248207997,330.6256577006876,619.5555443304313,1.855145504683632,0.5000000000000001,0.8660254037844387,0.0,299.99957748946235
a2,68.84037542026165,263.8659982346765,604.2204444398078,4.806863170394294,0.5000000000000001,0.8660254037844387,0.0,1955.680255144747
a2,211.46123015275032,0.0,560.093879945062,1.855145504683632,0.5000000000000001,0.8660254037844387,0.0,299.99957748946235
a2,130.28317697556176,344.9524978634371,451.57835646316687,1.855145504683632,0.5000000000000001,0.8660254037844387,0.0,299.99957748946235
a2,329.369634553889,50.869699245043,391.3761697492757,1.855145504683632,0.5000000000000001,0.8660254037844387,0.0,299.99957748946235
a2,304.7231988351896,338.2293411435268,354.39591175289917,1.855145504683632,0.5000000000000001,0.8660254037844387,0.0,299.99957748946235
a2,9.864569645382815,156.11914493007473,540.8337599318428,1.855145504683632,0.5000000000000001,0.8660254037844387,0.0,299.99957748946235
a2,282.26140137405184,343.76751385843903,24.242599542144582,1.855145504683632,0.5000000000000001,0.8660254037844387,0.0,299.99957748946235
a2,144.57407738500123,344.6437719980684,128.68472493410434,1.855145504683632,0.5000000000000001,0.8660254037844387,0.0,299.99957748946235
a2,290.2486823848015,3.0748308267240727,277.7927851363352,1.855145504683632,0.5000000000000001,0.8660254037844387,0.0,299.99957748946235
a2,190.997259335086,296.56088066115757,653.1971999999998,1.855145504683632,0.5000000000000001,0.8660254037844387,0.0,299.99957748946235
a2,27.836523898677463,218.32158814751747,645.3583319740449,1.855145504683632,0.5000000000000001,0.8660254037844387,0.0,299.99957748946235
a2,339.26578302105196,68.01033118873256,402.7522408630074,1.855145504683632,0.5000000000000001,0.8660254037844387,0.0,299.99957748946235
a2,302.0858615994895,335.2539576020329,175.63631251200567,1.855145504683632,0.5000000000000001,0.8660254037844387,0.0,299.99957748946235
a2,291.13362319613657,268.5268474280769,2.136804502505231,1.855145504683632,0.5000000000000001,0.8660254037844387,0.0,299.99957748946235
a2,329.31201245758757,295.6402666533856,368.3664306544843,1.855145504683632,0.5000000000000001,0.8660254037844387,0.0,299.99957748946235
a2,121.16842771504224,255.73921895232286,642.9716358822224,4.8114447987743,0.5000000000000001,0.8660254037844387,0.0,1959.410118058591
a2,265.83435716393876,152.00051894916777,450.36555627214085,4.745939802859626,0.5000000000000001,0.8660254037844387,0.0,1906.420862512825
a2,65.58238723956148,59.61305397393976,525.4506628186775,1.855145504683632,0.5000000000000001,0.8660254037844387,0.0,299.99957748946235
a2,316.95552934975234,312.8000632984931,268.76224160360727,1.855145504683632,0.5000000000000001,0.8660254037844387,0.0,299.99957748946235
a2,115.99816010248942,316.69638906663346,653.1971999999998,1.855145504683632,0.5000000000000001,0.8660254037844387,0.0,299.99957748946235
a2,37.124571189778095,231.93516973751838,373.94554550008587,1.855145504683632,0.5000000000000001,0.8660254037844387,0.0,299.99957748946235
a2,281.15368339953176,346.41016149999984,608.2659103155905,1.855145504683632,0.5000000000000001,0.8660254037844387,0.0,299.99957748946235
a2,343.55292342938037,270.9742853051561,189.8492352241349,1.855145504683632,0.5000000000000001,0.8660254037844387,0.0,299.99957748946235
a2,9.688437113986879,189.98594607669398,256.786025749873,1.855145504683632,0.5000000000000001,0.8660254037844387,0.0,299.99957748946235
a2,344.1911852471868,76.54137809177197,385.43007020178675,1.855145504683632,0.5000000000000001,0.8660254037844387,0.0,299.99957748946235
a2,316.7843869296968,98.06769690355294,0.7902568727175114,1.855145504683632,0.5000000000000001,0.8660254037844387,0.0,299.99957748946235
a2,346.8486200661696,260.58018744158306,298.49163699310753,1.855145504683632,0.5000000000000001,0.8660254037844387,0.0,299.99957748946235
a2,74.8015479644128,43.64499919598874,295.22663989358966,1.855145504683632,0.5000000000000001,0.8660254037844387,0.0,299.99957748946235
a2,56.104685158245545,268.0290888270965,544.3185157592874,1.855145504683632,0.5000000000000001,0.8660254037844387,0.0,299.99957748946235
a2,375.9819565080566,137.3095530200924,414.70034144917025,1.855145504683632,0.5000000000000001,0.8660254037844387,0.0,299.99957748946235
a2,147.11548339649093,0.27569296252187614,79.482098273082,1.855145504683632,0.5000000000000001,0.8660254037844387,0.0,299.99957748946235
a2,172.28761541368488,199.0806845388457,650.6531318759696,1.855145504683632,0.5000000000000001,0.8660254037844387,0.0,299.99957748946235
a2,48.91906638450391,257.935389183426,310.584260280848,1.855145504683632,0.5000000000000001,0.8660254037844387,0.0,299.99957748946235
a2,373.3716877383837,219.326670505095,86.14204664321004,1.855145504683632,0.5000000000000001,0.8660254037844387,0.0,299.99957748946235
a2,390.2101654940176,188.61785602050543,427.0786412077661,1.855145504683632,0.5000000000000001,0.8660254037844387,0.0,299.99957748946235
a2,11.182651854588691,191.9501909094443,245.26906336153013,1.855145504683632,0.5000000000000001,0.8660254037844387,0.0,299.99957748946235
a2,280.9438937521491,0.6131507772756112,385.70215771538506,1.855145504683632,0.5000000000000001,0.8660254037844387,0.0,299.99957748946235
a2,86.90429231925351,323.72773043677904,281.12033693240954,1.855145504683632,0.5000000000000001,0.8660254037844387,0.0,299.99957748946235
a2,99.8840566296147,343.93546884555093,24.07669962903107,1.855145504683632,0.5000000000000001,0.8660254037844387,0.0,299.99957748946235
a2,171.20653703083073,346.4101615000001,465.70304494175707,1.855145504683632,0.5000000000000001,0.8660254037844387,0.0,299.99957748946235
a2,112.73789563358666,345.163019514515,549.3243630242314,1.855145504683632,0.5000000000000001,0.8660254037844387,0.0,299.99957748946235
a2,333.20251214153,288.9017235342348,28.320621822448782,1.855145504683632,0.5000000000000001,0.8660254037844387,0.0,299.99957748946235
a2,379.109763734539,206.61987520638593,334.13062687006595,1.855145504683632,0.5000000000000001,0.8660254037844387,0.0,299.99957748946235
a2,260.13946576520505,346.41016149999984,575.526436494303,1.855145504683632,0.5000000000000001,0.8660254037844387,0.0,299.99957748946235
a2,68.55458514832793,291.94510531398885,218.28598391614656,1.855145504683632,0.5000000000000001,0.8660254037844387,0.0,299.99957748946235
a2,363.09515124232144,236.10961127530413,31.990491411636658,1.855145504683632,0.5000000000000001,0.8660254037844387,0.0,299.99957748946235
a2,115.99816010248942,316.69638906663346,0.0,1.855145504683632,0.5000000000000001,0.8660254037844387,0.0,299.99957748946235
a2,70.42129933467109,51.23181237218368,496.6183928085219,1.855145504683632,0.5000000000000001,0.8660254037844387,0.0,299.99957748946235
a2,110.29883856094965,346.4101615000001,432.97617419536925,1.855145504683632,0.5000000000000001,0.8660254037844387,0.0,299.99957748946235
a2,353.90827030489356,253.03829838748075,304.867314189677,1.855145504683632,0.5000000000000001,0.8660254037844387,0.0,299.99957748946235
a2,47.489336314290114,237.63014180039167,652.2316066681313,1.855145504683632,0.5000000000000001,0.8660254037844387,0.0,299.99957748946235
a2,49.6006589827696,87.29421930636171,22.1641193059562,1.855145504683632,0.5000000000000001,0.8660254037844387,0.0,299.99957748946235
a2,353.4036988112301,92.497919649478,155.20491104966842,1.855145504683632,0.5000000000000001,0.8660254037844387,0.0,299.99957748946235
a2,230.97125538224134,0.0,502.44196738865827,1.855145504683632,0.5000000000000001,0.8660254037844387,0.0,299.99957748946235
a2,372.2984053443532,129.971760021349,365.389353945517,1.855145504683632,0.5000000000000001,0.8660254037844387,0.0,299.99957748946235
a2,79.80185859658407,34.984207127785695,300.91457167820124,1.855145504683632,0.5000000000000001,0.8660254037844387,0.0,299.99957748946235
a2,352.258121495751,136.886211584916,360.6332780277212,4.788410235981438,0.5000000000000001,0.8660254037844387,0.0,1940.6938619339055
a2,161.5377731986364,346.4101615000001,425.3715652881493,1.855145504683632,0.5000000000000001,0.8660254037844387,0.0,299.99957748946235
a2,152.5683342969766,346.4101615000001,121.732381905522,1.855145504683632,0.5000000000000001,0.8660254037844387,0.0,299.99957748946235
a2,250.9019956761668,343.4597970952031,297.13856023289094,1.855145504683632,0.5000000000000001,0.8660254037844387,0.0,299.99957748946235
a2,309.36732217324754,330.1854835657139,234.47951123948985,1.855145504683632,0.5000000000000001,0.8660254037844387,0.0,299.99957748946235
a2,330.5133649161273,54.95788065651644,599.4546958142365,1.855145504683632,0.5000000000000001,0.8660254037844387,0.0,299.99957748946235
a2,318.2303120197607,32.58197284704933,602.1989129816407,1.855145504683632,0.5000000000000001,0.8660254037844387,0.0,299.99957748946235
a2,197.07967949322648,57.8785389253209,452.033693752339,4.756478942974506,0.5000000000000001,0.8660254037844387,0.0,1914.897306066612
a2,379.4468978005091,137.60606348874168,459.91283169486314,1.855145504683632,0.5000000000000001,0.8660254037844387,0.0,299.99957748946235
a2,304.18832760704424,81.32618560010884,653.1971999999998,1.855145504683632,0.5000000000000001,0.8660254037844387,0.0,299.99957748946235
a2,179.6966385430672,313.7989608244642,459.636176931828,4.773804813585558,0.5000000000000001,0.8660254037844387,0.0,1928.8730594877077
a2,202.45595300827077,346.41016149999984,616.9534201307246,1.855145504683632,0.5000000000000001,0.8660254037844387,0.0,299.99957748946235
a2,280.81180090691254,346.41016149999984,234.2482669648296,1.855145504683632,0.5000000000000001,0.8660254037844387,0.0,299.99957748946235
a2,64.45997014479484,282.93205501177766,559.907717395517,1.855145504683632,0.5000000000000001,0.8660254037844387,0.0,299.99957748946235
a2,314.7890309464627,25.615352992963047,478.0845903405288,1.855145504683632,0.5000000000000001,0.8660254037844387,0.0,299.99957748946235
a2,269.7952807835884,105.86089031505752,176.91900816029923,4.750710401187605,0.5000000000000001,0.8660254037844387,0.0,1910.2554409390502
a2,300.8755191841418,228.04868340451068,0.0,1.855145504683632,0.5000000000000001,0.8660254037844387,0.0,299.99957748946235
a2,356.59457505001967,241.00973861877833,439.3605278902536,1.855145504683632,0.5000000000000001,0.8660254037844387,0.0,299.99957748946235
a2,259.06610141269607,260.41543407588387,606.1651592740029,4.7682288070301615,0.5000000000000001,0.8660254037844387,0.0,1924.3696799583508
a2,344.0785516400177,76.34629096152274,350.9158047153934,1.855145504683632,0.5000000000000001,0.8660254037844387,0.0,299.99957748946235
a2,120.08080775821402,2.756621597654885e-14,360.04007372103837,1.855145504683632,0.5000000000000001,0.8660254037844387,0.0,299.99957748946235
a2,275.87965776855407,90.24199268015524,513.7733343037852,4.753795425876588,0.5000000000000001,0.8660254037844387,0.0,1912.737216573945
a2,246.2506240896508,1.2709511479294746,16.647365845957214,1.855145504683632,0.5000000000000001,0.8660254037844387,0.0,299.99957748946235
a2,7.6874246766093,161.119840317288,639.4789332832767,1.855145504683632,0.5000000000000001,0.8660254037844387,0.0,299.99957748946235
a2,297.6437194068329,2.549500288827901,67.39770188583235,1.855145504683632,0.5000000000000001,0.8660254037844387,0.0,299.99957748946235
a2,291.0490211200419,1.2684929297640715,163.62755066670707,1.855145504683632,0.5000000000000001,0.8660254037844387,0.0,299.99957748946235
a2,211.23978111314213,48.24264173291526,0.0,1.855145504683632,0.5000000000000001,0.8660254037844387,0.0,299.99957748946235
a2,34.164962477210224,114.02962990314083,42.38490881442434,1.855145504683632,0.5000000000000001,0.8660254037844387,0.0,299.99957748946235
a2,305.55429845141987,155.8802212480058,652.7204853723533,1.855145504683632,0.5000000000000001,0.8660254037844387,0.0,299.99957748946235
a2,224.43909465366835,323.3142889393497,539.5413647141971,4.785248858089768,0.5000000000000001,0.8660254037844387,0.0,1938.1321593765485
a2,300.00000000000006,0.0,585.6250758620691,1.855145504683632,0.5000000000000001,0.8660254037844387,0.0,299.99957748946235
a2,183.64218501018036,346.4101615000001,91.86372920690441,1.855145504683632,0.5000000000000001,0.8660254037844387,0.0,299.99957748946235
a2,11.1832883283352,189.10317256596377,526.2124061622798,1.855145504683632,0.5000000000000001,0.8660254037844387,0.0,299.99957748946235
a2,257.25421912390243,288.6167780044893,650.8643412542326,1.855145504683632,0.5000000000000001,0.8660254037844387,0.0,299.99957748946235
a2,339.7899204406009,277.49199767049646,563.7597356235456,1.855145504683632,0.5000000000000001,0.8660254037844387,0.0,299.99957748946235
a2,73.90101451333437,301.20539261288997,202.0431596992274,1.855145504683632,0.5000000000000001,0.8660254037844387,0.0,299.99957748946235
a2,66.46976971337665,216.14451469357,653.1971999999998,1.855145504683632,0.5000000000000001,0.8660254037844387,0.0,299.99957748946235
a2,21.855314058645096,210.38979061120241,542.6661643484471,1.855145504683632,0.5000000000000001,0.8660254037844387,0.0,299.99957748946235
a2,151.06444611727753,345.9701841634321,593.8210375240321,1.855145504683632,0.5000000000000001,0.8660254037844387,0.0,299.99957748946235
a2,40.05983365590485,103.81941351797433,335.94443230018396,1.855145504683632,0.5000000000000001,0.8660254037844387,0.0,299.99957748946235
a2,250.8616063299399,35.04819069400383,650.4421855461179,1.855145504683632,0.5000000000000001,0.8660254037844387,0.0,299.99957748946235
a2,106.77895554662508,344.3121417979501,255.12791829739754,1.855145504683632,0.5000000000000001,0.8660254037844387,0.0,299.99957748946235
a2,259.20945784900385,0.0,266.7363650327695,1.855145504683632,0.5000000000000001,0.8660254037844387,0.0,299.99957748946235
a2,352.22115900132883,255.03955706799601,407.0256183778513,1.855145504683632,0.5000000000000001,0.8660254037844387,0.0,299.99957748946235
a2,9.57350934164288,156.62327616419864,608.3791951244312,1.855145504683632,0.5000000000000001,0.8660254037844387,0.0,299.99957748946235
a2,181.88675507383135,97.21405506636667,653.1971999999998,1.855145504683632,0.5000000000000001,0.8660254037844387,0.0,299.99957748946235
a2,295.71496971120786,198.21614203186084,653.1971999999998,1.855145504683632,0.5000000000000001,0.8660254037844387,0.0,299.99957748946235
a2,10.998932701671889,188.90988801168538,336.0159633530445,1.855145504683632,0.5000000000000001,0.8660254037844387,0.0,299.99957748946235
a2,237.81038807431605,344.97083119447063,595.928081629706,1.855145504683632,0.5000000000000001,0.8660254037844387,0.0,299.99957748946235
a2,289.33367173605933,82.44185407174899,187.91352118248997,4.762810023055951,0.5000000000000001,0.8660254037844387,0.0,1919.9983216299006
a2,213.14093988655463,0.00037145641353730394,366.38967241429543,1.855145504683632,0.5000000000000001,0.8660254037844387,0.0,299.99957748946235
a2,262.24761111819925,345.52703053522316,391.52734294334715,1.855145504683632,0.5000000000000001,0.8660254037844387,0.0,299.99957748946235
a2,117.04406405752187,0.6960714235294497,370.7496435834744,1.855145504683632,0.5000000000000001,0.8660254037844387,0.0,299.99957748946235
a2,180.1063344886176,292.3804284733139,105.68833804551996,4.762080062250287,0.5000000000000001,0.8660254037844387,0.0,1919.4098387324711
a2,65.43734934604653,59.86426697452048,490.9287965397679,1.855145504683632,0.5000000000000001,0.8660254037844387,0.0,299.99957748946235
a2,334.86437453457387,286.0232934344093,580.9654674142722,1.855145504683632,0.5000000000000001,0.8660254037844387,0.0,299.99957748946235
a2,226.03368265290604,135.95549156925074,3.1130383472324263,1.855145504683632,0.5000000000000001,0.8660254037844387,0.0,299.99957748946235
a2,214.8430446923804,199.5815320844203,171.0938729782513,4.744215765097444,0.5000000000000001,0.8660254037844387,0.0,1905.0360389737004
a2,47.45804759741178,91.30260408570183,560.8910874387781,1.855145504683632,0.5000000000000001,0.8660254037844387,0.0,299.99957748946235
a2,103.13541025321318,0.019709220765013136,639.0060426793659,1.855145504683632,0.5000000000000001,0.8660254037844387,0.0,299.99957748946235
a2,45.668086015437616,97.23288879060465,75.35475287188439,1.855145504683632,0.5000000000000001,0.8660254037844387,0.0,299.99957748946235
a2,385.86267236325097,151.31056851966662,301.5186073265407,1.855145504683632,0.5000000000000001,0.8660254037844387,0.0,299.99957748946235
a2,24.81815287692564,185.35322769517197,88.48486857240539,4.8081087022178775,0.5000000000000001,0.8660254037844387,0.0,1956.6938798279316
a2,9.150367593624168,189.05398232945862,98.36346086273366,1.855145504683632,0.5000000000000001,0.8660254037844387,0.0,299.99957748946235
a2,359.68182694456885,243.03820494758438,552.0540856937633,1.855145504683632,0.5000000000000001,0.8660254037844387,0.0,299.99957748946235
a2,249.93847722355858,346.41016149999984,592.2209221151131,1.855145504683632,0.5000000000000001,0.8660254037844387,0.0,299.99957748946235
a2,43.5338716077689,248.60795822183746,178.3442388348624,1.855145504683632,0.5000000000000001,0.8660254037844387,0.0,299.99957748946235
a2,107.27836172049139,344.0442322615078,199.49264168445524,1.855145504683632,0.5000000000000001,0.8660254037844387,0.0,299.99957748946235
a2,352.2418261846657,241.20687399410085,380.71937156704547,4.815673205346627,0.5000000000000001,0.8660254037844387,0.0,1962.8555792748086
a2,263.01499630343153,346.41016149999984,49.91165749725941,1.855145504683632,0.5000000000000001,0.8660254037844387,0.0,299.99957748946235
a2,351.285751707946,200.33251526477125,0.0,1.855145504683632,0.5000000000000001,0.8660254037844387,0.0,299.99957748946235
a2,395.12340199240646,181.65159626690547,422.32577586206895,1.855145504683632,0.5000000000000001,0.8660254037844387,0.0,299.99957748946235
a2,282.14278058198573,343.36963937817825,506.1607372612778,1.855145504683632,0.5000000000000001,0.8660254037844387,0.0,299.99957748946235
a2,89.5260180494716,306.06554337415895,20.644182769332108,4.812918760013087,0.5000000000000001,0.8660254037844387,0.0,1960.6108122625692
a2,243.85243733686013,346.41016149999984,21.825698221706148,1.855145504683632,0.5000000000000001,0.8660254037844387,0.0,299.99957748946235
a2,11.950532396383643,188.2495454402265,179.03119524557968,1.855145504683632,0.5000000000000001,0.8660254037844387,0.0,299.99957748946235
a2,234.75328874352428,25.526435476045474,27.249408071058703,4.796682924602036,0.5000000000000001,0.8660254037844387,0.0,1947.4053272100475
a2,323.0308275648784,302.4457344314467,417.3414599372381,1.855145504683632,0.5000000000000001,0.8660254037844387,0.0,299.99957748946235
a2,224.0057944515059,343.9844516154234,324.0299989729959,1.855145504683632,0.5000000000000001,0.8660254037844387,0.0,299.99957748946235
a2,144.31365032488253,343.309110887093,470.4327946685555,1.855145504683632,0.5000000000000001,0.8660254037844387,0.0,299.99957748946235
a2,284.3731803057805,323.27330872137964,218.23578585258312,4.798048495761696,0.5000000000000001,0.8660254037844387,0.0,1948.5143015303295
a2,92.3217496975725,183.3521585379134,651.0853004698569,1.855145504683632,0.5000000000000001,0.8660254037844387,0.0,299.99957748946235
a2,364.05856271707944,110.95268528140662,612.2816733864487,1.855145504683632,0.5000000000000001,0.8660254037844387,0.0,299.99957748946235
a2,130.263086362328,346.4101615000001,546.1427956144752,1.855145504683632,0.5000000000000001,0.8660254037844387,0.0,299.99957748946235
a2,238.92873815447945,137.75684791611445,653.1971999999998,1.855145504683632,0.5000000000000001,0.8660254037844387,0.0,299.99957748946235
a2,148.9698770002413,26.22498428313364,653.1971999999998,1.855145504683632,0.5000000000000001,0.8660254037844387,0.0,299.99957748946235
a2,232.57807311553722,187.50222454695555,653.1971999999998,1.855145504683632,0.5000000000000001,0.8660254037844387,0.0,299.99957748946235
a2,164.03192034434073,146.82121568435343,0.0,1.855145504683632,0.5000000000000001,0.8660254037844387,0.0,299.99957748946235
a2,19.41377443709678,206.83072444039635,69.24406223726358,1.855145504683632,0.5000000000000001,0.8660254037844387,0.0,299.99957748946235
a2,220.8850646344515,53.91721487889511,402.08711035477876,4.757339921170198,0.5000000000000001,0.8660254037844387,0.0,1915.5906063262694
a2,34.41853981449056,232.8197404286593,443.0837370041661,1.855145504683632,0.5000000000000001,0.8660254037844387,0.0,299.99957748946235
a2,361.1817447120709,112.72564711058945,371.5993296346496,1.855145504683632,0.5000000000000001,0.8660254037844387,0.0,299.99957748946235
a2,86.88419659447241,257.721030309773,202.49674533844475,4.7791409227162465,0.5000000000000001,0.8660254037844387,0.0,1933.1876178202285
a2,206.78984338641123,134.2172579261619,651.470268198384,1.855145504683632,0.5000000000000001,0.8660254037844387,0.0,299.99957748946235
a2,19.712162311685887,207.34754739952663,506.57977689284957,1.855145504683632,0.5000000000000001,0.8660254037844387,0.0,299.99957748946235
a2,378.16810334473695,135.39112651899512,253.41010797518317,1.855145504683632,0.5000000000000001,0.8660254037844387,0.0,299.99957748946235
a2,100.00000000000003,346.4101615000001,540.5769931034482,1.855145504683632,0.5000000000000001,0.8660254037844387,0.0,299.99957748946235
a2,84.30784815680484,27.96573594002402,454.5960018268676,1.855145504683632,0.5000000000000001,0.8660254037844387,0.0,299.99957748946235
a2,175.7859533183238,18.633479595152266,2.0183313361014994,1.855145504683632,0.5000000000000001,0.8660254037844387,0.0,299.99957748946235
a2,108.29767549588142,24.961858449958054,34.37714441111678,4.802442280015174,0.5000000000000001,0.8660254037844387,0.0,1952.0846161974432
a2,49.68836077441223,87.14231534732792,232.2727071176171,1.855145504683632,0.5000000000000001,0.8660254037844387,0.0,299.99957748946235
a2,77.96719554816036,155.89657786056844,653.1971999999998,1.855145504683632,0.5000000000000001,0.8660254037844387,0.0,299.99957748946235
a2,92.16572728874047,19.174890824749347,190.29134503844708,1.855145504683632,0.5000000000000001,0.8660254037844387,0.0,299.99957748946235
a2,283.4147679219558,61.98918377799149,653.1971999999998,1.855145504683632,0.5000000000000001,0.8660254037844387,0.0,299.99957748946235
a2,152.7358065616767,123.85542539783658,651.6805141704417,1.855145504683632,0.5000000000000001,0.8660254037844387,0.0,299.99957748946235
a2,55.731904878859694,246.51848398940237,576.1923379010575,4.81094861355438,0.5000000000000001,0.8660254037844387,0.0,1959.006006507957
a2,304.6549407005508,336.71388695335924,308.52968253023704,1.855145504683632,0.5000000000000001,0.8660254037844387,0.0,299.99957748946235
a2,305.56001671641366,215.85542402766018,651.3082645992139,1.855145504683632,0.5000000000000001,0.8660254037844387,0.0,299.99957748946235
a2,73.59024478372531,300.6671236517741,155.37313303357737,1.855145504683632,0.5000000000000001,0.8660254037844387,0.0,299.99957748946235
a2,124.50816937261855,117.06073420909216,1.0897542594180156,1.855145504683632,0.5000000000000001,0.8660254037844387,0.0,299.99957748946235
a2,79.35172805617951,310.64630540622613,379.6593287870198,1.855145504683632,0.5000000000000001,0.8660254037844387,0.0,299.99957748946235
a2,150.37600936152364,346.0089964404816,166.17750890569502,1.855145504683632,0.5000000000000001,0.8660254037844387,0.0,299.99957748946235
a2,109.36090705272424,346.4101615000001,138.8166756361602,1.855145504683632,0.5000000000000001,0.8660254037844387,0.0,299.99957748946235
a2,14.673691056578155,198.62065919355177,455.3689096605553,1.855145504683632,0.5000000000000001,0.8660254037844387,0.0,299.99957748946235
a2,385.68904791942896,160.9422402695654,328.9754092402381,4.818789557396119,0.5000000000000001,0.8660254037844387,0.0,1965.3968348657825
a2,309.7531960151872,329.5171304661892,563.1010344827583,1.855145504683632,0.5000000000000001,0.8660254037844387,0.0,299.99957748946235
a2,319.7474413891044,34.20357180405705,529.4391035394627,1.855145504683632,0.5000000000000001,0.8660254037844387,0.0,299.99957748946235
a2,212.3930674075137,346.41016149999984,258.8774356278773,1.855145504683632,0.5000000000000001,0.8660254037844387,0.0,299.99957748946235
a2,167.19510456350997,139.45842881782553,39.78785738410458,4.766612346042208,0.5000000000000001,0.8660254037844387,0.0,1923.0651531114402
a2,249.33013065448347,0.0,272.3854070270447,1.855145504683632,0.5000000000000001,0.8660254037844387,0.0,299.99957748946235
a2,112.80653329738466,0.49136835367842235,556.4959824550452,1.855145504683632,0.5000000000000001,0.8660254037844387,0.0,299.99957748946235
a2,25.837045339660236,213.8370163628995,154.43099924570234,1.855145504683632,0.5000000000000001,0.8660254037844387,0.0,299.99957748946235
a2,369.50722436583806,120.39004408993357,482.8942129597003,1.855145504683632,0.5000000000000001,0.8660254037844387,0.0,299.99957748946235
a2,203.85617580080077,198.49133372572433,1.9702808044437314,1.855145504683632,0.5000000000000001,0.8660254037844387,0.0,299.99957748946235
a2,251.01087120004362,346.41016149999984,409.1415028810565,1.855145504683632,0.5000000000000001,0.8660254037844387,0.0,299.99957748946235
a2,133.56147986608514,105.8424713542215,126.34688905112597,4.750735712447522,0.5000000000000001,0.8660254037844387,0.0,1910.2757962529697
a2,373.14725163958104,219.68773059884023,199.39134065313587,1.855145504683632,0.5000000000000001,0.8660254037844387,0.0,299.99957748946235
a2,329.0247111683998,296.1378870833191,242.00695223645639,1.855145504683632,0.5000000000000001,0.8660254037844387,0.0,299.99957748946235
a2,380.4648575283803,206.69790305333322,187.8212466851288,1.855145504683632,0.5000000000000001,0.8660254037844387,0.0,299.99957748946235
a2,377.04364278601173,134.80322902580545,359.0373063650311,1.855145504683632,0.5000000000000001,0.8660254037844387,0.0,299.99957748946235
a2,56.140085138332246,270.11729698161275,490.2123078260704,1.855145504683632,0.5000000000000001,0.8660254037844387,0.0,299.99957748946235
a2,370.79465552071923,219.42172194626636,244.79117381904234,1.855145504683632,0.5000000000000001,0.8660254037844387,0.0,299.99957748946235
a2,112.62230591395105,116.31044368720741,653.1971999999998,1.855145504683632,0.5000000000000001,0.8660254037844387,0.0,299.99957748946235
a2,148.77727071887324,294.4044657974739,651.5012315985733,1.855145504683632,0.5000000000000001,0.8660254037844387,0.0,299.99957748946235
a2,199.67046359086095,1.0212025894667172,406.3579894030569,1.855145504683632,0.5000000000000001,0.8660254037844387,0.0,299.99957748946235
a2,12.24755760544197,151.99168870959144,636.4162014403017,1.855145504683632,0.5000000000000001,0.8660254037844387,0.0,299.99957748946235
a2,32.976821343665144,117.05141366890565,43.28090609267392,1.855145504683632,0.5000000000000001,0.8660254037844387,0.0,299.99957748946235
a2,145.60916755290881,138.91322681918777,1.4688461653809786,1.855145504683632,0.5000000000000001,0.8660254037844387,0.0,299.99957748946235
a2,251.21507853482385,1.0530739756105194,365.1233400671472,1.855145504683632,0.5000000000000001,0.8660254037844387,0.0,299.99957748946235
a2,14.934120290679518,147.3384256412264,308.73408754876925,1.855145504683632,0.5000000000000001,0.8660254037844387,0.0,299.99957748946235
a2,137.19862260639528,1.2208624171585023,350.85255242487057,1.855145504683632,0.5000000000000001,0.8660254037844387,0.0,299.99957748946235
a2,81.02391452359316,36.65190718864159,188.21377755059126,1.855145504683632,0.5000000000000001,0.8660254037844387,0.0,299.99957748946235
a2,240.52156284949086,0.0,427.5795321488428,1.855145504683632,0.5000000000000001,0.8660254037844387,0.0,299.99957748946235
a2,175.4617037165793,112.55434612776503,568.3010262279164,4.751094288196355,0.5000000000000001,0.8660254037844387,0.0,1910.564174502557
a2,78.49490476975225,308.31161503045115,527.5460216777471,1.855145504683632,0.5000000000000001,0.8660254037844387,0.0,299.99957748946235
a2,57.861948721698695,175.33569885846097,653.1971999999998,1.855145504683632,0.5000000000000001,0.8660254037844387,0.0,299.99957748946235
a2,343.2525643050537,271.4945225689859,97.81119560145599,1.855145504683632,0.5000000000000001,0.8660254037844387,0.0,299.99957748946235
a2,305.28664651509706,11.330176358745613,431.3212879433433,1.855145504683632,0.5000000000000001,0.8660254037844387,0.0,299.99957748946235
a2,247.89848274862072,108.78480707019848,211.9708919927283,4.747182365847007,0.5000000000000001,0.8660254037844387,0.0,1907.419256172121
a2,24.992353951001597,129.91705390784182,296.27389710485073,1.855145504683632,0.5000000000000001,0.8660254037844387,0.0,299.99957748946235
a2,280.6397261764332,344.301376255973,299.30266569998054,1.855145504683632,0.5000000000000001,0.8660254037844387,0.0,299.99957748946235
a2,220.5950550789152,227.21510398596644,653.1971999999998,1.855145504683632,0.5000000000000001,0.8660254037844387,0.0,299.99957748946235
a2,189.25125883615678,2.756621597654885e-14,203.6022398698907,1.855145504683632,0.5000000000000001,0.8660254037844387,0.0,299.99957748946235
a2,224.8758797376604,338.22510817199066,0.07949877773454997,1.855145504683632,0.5000000000000001,0.8660254037844387,0.0,299.99957748946235
a2,22.40949774504895,209.38751563734954,242.11832669898706,1.855145504683632,0.5000000000000001,0.8660254037844387,0.0,299.99957748946235
a2,286.38338753582696,191.7705790518638,145.06724925738106,4.7486443291967495,0.5000000000000001,0.8660254037844387,0.0,1908.5942716745637
a2,127.3128772219551,346.4101615000001,174.68083804644746,1.855145504683632,0.5000000000000001,0.8660254037844387,0.0,299.99957748946235
a2,249.40428506823457,149.91877407679775,558.308260476339,4.748424793249944,0.5000000000000001,0.8660254037844387,0.0,1908.4178022083831
a2,192.47583133764414,344.4438438365838,294.66563780629326,1.855145504683632,0.5000000000000001,0.8660254037844387,0.0,299.99957748946235
a2,352.85646987010085,92.26384555430228,428.3011030076646,1.855145504683632,0.5000000000000001,0.8660254037844387,0.0,299.99957748946235
a2,211.74874664928345,34.51944367292486,652.0931395118718,1.855145504683632,0.5000000000000001,0.8660254037844387,0.0,299.99957748946235
a2,85.02385707350373,25.939440449073164,308.10984971793295,1.855145504683632,0.5000000000000001,0.8660254037844387,0.0,299.99957748946235
a2,26.299784455964897,217.8203734807496,479.1538044139767,1.855145504683632,0.5000000000000001,0.8660254037844387,0.0,299.99957748946235
a2,312.30839872845945,24.790318234556256,227.337093186414,1.855145504683632,0.5000000000000001,0.8660254037844387,0.0,299.99957748946235
a2,334.7504805478337,286.22056360611145,546.6247271837474,1.855145504683632,0.5000000000000001,0.8660254037844387,0.0,299.99957748946235
a2,233.06126137209912,343.39445019131495,143.73338546551324,1.855145504683632,0.5000000000000001,0.8660254037844387,0.0,299.99957748946235
a2,231.67365971615973,346.41016149999984,362.55227275066255,1.855145504683632,0.5000000000000001,0.8660254037844387,0.0,299.99957748946235
a2,370.6716087668296,127.67934636254095,269.3815029658234,1.855145504683632,0.5000000000000001,0.8660254037844387,0.0,299.99957748946235
a2,290.095759936837,188.19160727844368,653.1971999999998,1.855145504683632,0.5000000000000001,0.8660254037844387,0.0,299.99957748946235
a2,101.27802418102031,1.027296922942365,509.1169281463659,1.855145504683632,0.5000000000000001,0.8660254037844387,0.0,299.99957748946235
a2,373.09212253774035,127.03630156216173,282.02129860805127,1.855145504683632,0.5000000000000001,0.8660254037844387,0.0,299.99957748946235
a2,365.7644396502892,227.21285572216595,277.5965083906043,1.855145504683632,0.5000000000000001,0.8660254037844387,0.0,299.99957748946235
a2,174.22591636297642,344.50677450180467,324.7072940149954,1.855145504683632,0.5000000000000001,0.8660254037844387,0.0,299.99957748946235
a2,394.93460812188897,164.43156465721387,455.653285953531,1.855145504683632,0.5000000000000001,0.8660254037844387,0.0,299.99957748946235
a2,168.711730156735,2.756621597654885e-14,88.65555560692754,1.855145504683632,0.5000000000000001,0.8660254037844387,0.0,299.99957748946235
a2,69.61405492766586,293.78016080081295,540.4190935783338,1.855145504683632,0.5000000000000001,0.8660254037844387,0.0,299.99957748946235
a2,338.22037700046747,279.8650729144142,173.25762233031438,1.855145504683632,0.5000000000000001,0.8660254037844387,0.0,299.99957748946235
a2,192.84639947245336,346.12115494082724,383.14868294413077,1.855145504683632,0.5000000000000001,0.8660254037844387,0.0,299.99957748946235
a2,158.51514566235113,237.43206488205678,653.0379863673202,1.855145504683632,0.5000000000000001,0.8660254037844387,0.0,299.99957748946235
a2,289.04555315337757,12.929789780330328,230.35421394141628,4.810746528061298,0.5000000000000001,0.8660254037844387,0.0,1958.8414325696758
a2,181.48129362320051,343.4264352493004,125.17083153110522,1.855145504683632,0.5000000000000001,0.8660254037844387,0.0,299.99957748946235
a2,54.11705160791166,266.9385636870025,373.7952552529422,1.855145504683632,0.5000000000000001,0.8660254037844387,0.0,299.99957748946235
a2,372.75130871830555,127.21476890636302,452.6304765997603,1.855145504683632,0.5000000000000001,0.8660254037844387,0.0,299.99957748946235
a2,317.82793745015283,218.49774916844535,653.1971999999998,1.855145504683632,0.5000000000000001,0.8660254037844387,0.0,299.99957748946235
a2,147.40045328835689,95.03558039492805,2.1122448719912743,1.855145504683632,0.5000000000000001,0.8660254037844387,0.0,299.99957748946235
a2,290.86105437674973,343.8571836804423,434.069607298179,1.855145504683632,0.5000000000000001,0.8660254037844387,0.0,299.99957748946235
a2,110.11569826868906,2.756621597654885e-14,478.966854708306,1.855145504683632,0.5000000000000001,0.8660254037844387,0.0,299.99957748946235
a2,387.9563600779996,157.17171741669117,509.60281270873554,1.855145504683632,0.5000000000000001,0.8660254037844387,0.0,299.99957748946235
a2,317.06028257472906,278.2037080679869,170.04745775272758,4.79638996055099,0.5000000000000001,0.8660254037844387,0.0,1947.167453521078
a2,232.09922841171078,227.3531131938877,0.0,1.855145504683632,0.5000000000000001,0.8660254037844387,0.0,299.99957748946235
a2,385.75531503390573,180.6514032059359,2.037036452597,1.855145504683632,0.5000000000000001,0.8660254037844387,0.0,299.99957748946235
a2,379.3451235211769,137.4297852660413,436.8807680647573,1.855145504683632,0.5000000000000001,0.8660254037844387,0.0,299.99957748946235
a2,284.6597718616067,261.0042442553401,650.1793742887548,1.855145504683632,0.5000000000000001,0.8660254037844387,0.0,299.99957748946235
a2,11.982281593762302,190.906898303408,543.4983456256404,1.855145504683632,0.5000000000000001,0.8660254037844387,0.0,299.99957748946235
a2,143.44528927273294,163.84885292769286,0.6324260562330825,1.855145504683632,0.5000000000000001,0.8660254037844387,0.0,299.99957748946235
a2,87.46813086670622,119.44476693132661,60.69753856579567,4.7681351532551055,0.5000000000000001,0.8660254037844387,0.0,1924.2940868094006
a2,311.6609188693452,22.230271890996935,204.61393344938506,1.855145504683632,0.5000000000000001,0.8660254037844387,0.0,299.99957748946235
a2,58.7748566415491,275.0061186566918,310.45560586437733,1.855145504683632,0.5000000000000001,0.8660254037844387,0.0,299.99957748946235
a2,336.44148368959776,280.9626287148703,447.34264381107346,1.855145504683632,0.5000000000000001,0.8660254037844387,0.0,299.99957748946235
a2,29.20006580015502,223.7810782982116,322.3470270974,1.855145504683632,0.5000000000000001,0.8660254037844387,0.0,299.99957748946235
a2,226.59121208971163,0.0,34.95112191458866,1.855145504683632,0.5000000000000001,0.8660254037844387,0.0,299.99957748946235
a2,92.76795120520326,329.50611135969285,507.70387365958646,1.855145504683632,0.5000000000000001,0.8660254037844387,0.0,299.99957748946235
a2,120.15272242392716,343.21730327146787,576.3686516258226,1.855145504683632,0.5000000000000001,0.8660254037844387,0.0,299.99957748946235
a2,299.75961676413533,343.987003386626,249.46221320318065,1.855145504683632,0.5000000000000001,0.8660254037844387,0.0,299.99957748946235
a2,213.54061824950395,118.07115997000146,0.9644932774688963,1.855145504683632,0.5000000000000001,0.8660254037844387,0.0,299.99957748946235
a2,278.33635619773065,207.97009213821644,653.1971999999998,1.855145504683632,0.5000000000000001,0.8660254037844387,0.0,299.99957748946235
a2,387.9595969628462,156.31081426633017,576.7462515199406,1.855145504683632,0.5000000000000001,0.8660254037844387,0.0,299.99957748946235
a2,54.14781733751016,266.99185149379696,612.4589711848447,1.855145504683632,0.5000000000000001,0.8660254037844387,0.0,299.99957748946235
a2,319.39726536576626,33.597049140067085,300.8279707614615,1.855145504683632,0.5000000000000001,0.8660254037844387,0.0,299.99957748946235
a2,372.16060953412546,218.77688663762794,63.76289613510199,1.855145504683632,0.5000000000000001,0.8660254037844387,0.0,299.99957748946235
a2,310.01521546396725,229.9037107122981,650.3729625146407,1.855145504683632,0.5000000000000001,0.8660254037844387,0.0,299.99957748946235
a2,260.4720598069473,344.2430150490282,40.235807945217,1.855145504683632,0.5000000000000001,0.8660254037844387,0.0,299.99957748946235
a2,363.10429463091464,109.29984447219364,74.54156706386233,1.855145504683632,0.5000000000000001,0.8660254037844387,0.0,299.99957748946235
a2,17.10079581250333,171.77136087971553,469.39033886175145,4.817750330403904,0.5000000000000001,0.8660254037844387,0.0,1964.5492057367799
a2,199.71498956028486,2.756621597654885e-14,312.80719028380446,1.855145504683632,0.5000000000000001,0.8660254037844387,0.0,299.99957748946235
a2,283.1941068168528,277.8005091038008,0.0,1.855145504683632,0.5000000000000001,0.8660254037844387,0.0,299.99957748946235
a2,209.68584550385793,343.8927716162925,394.99615788828606,1.855145504683632,0.5000000000000001,0.8660254037844387,0.0,299.99957748946235
a2,84.9788962046978,293.2046102216132,466.83555202023473,4.804494738592078,0.5000000000000001,0.8660254037844387,0.0,1953.7535291131658
a2,49.07902941480685,258.21245327923236,356.60315240461733,1.855145504683632,0.5000000000000001,0.8660254037844387,0.0,299.99957748946235
a2,125.37648716138439,203.94530293733243,569.3205939081917,4.752175625778992,0.5000000000000001,0.8660254037844387,0.0,1911.433953052467
a2,382.34470237591285,146.75363622794976,48.93561259623539,1.855145504683632,0.5000000000000001,0.8660254037844387,0.0,299.99957748946235
a2,109.75319601518737,346.4101615000001,84.46515517241387,1.855145504683632,0.5000000000000001,0.8660254037844387,0.0,299.99957748946235
a2,180.57291093146756,0.6044860269785349,337.9742072552685,1.855145504683632,0.5000000000000001,0.8660254037844387,0.0,299.99957748946235
a2,99.9999999999999,2.756621597654885e-14,551.8390137931036,1.855145504683632,0.5000000000000001,0.8660254037844387,0.0,299.99957748946235
a2,333.36780068829603,288.6154353733376,74.92973818605236,1.855145504683632,0.5000000000000001,0.8660254037844387,0.0,299.99957748946235
a2,33.888583526433976,192.55687696927657,0.0,1.855145504683632,0.5000000000000001,0.8660254037844387,0.0,299.99957748946235
a2,120.54319495964384,344.22497789926183,606.6156147415985,1.855145504683632,0.5000000000000001,0.8660254037844387,0.0,299.99957748946235
a2,218.50697993875954,2.2588894065662135,196.18009987895937,1.855145504683632,0.5000000000000001,0.8660254037844387,0.0,299.99957748946235
a2,368.7430352420858,227.3437317989447,275.8097490805044,1.855145504683632,0.5000000000000001,0.8660254037844387,0.0,299.99957748946235
a2,181.09354939290202,73.48584423851185,53.273864125290594,4.763656144232798,0.5000000000000001,0.8660254037844387,0.0,1920.68056405977
a2,38.49592929896455,239.88198617773452,161.1521349863522,1.855145504683632,0.5000000000000001,0.8660254037844387,0.0,299.99957748946235
a2,351.3674797986615,93.56677185021569,99.09693704628998,1.855145504683632,0.5000000000000001,0.8660254037844387,0.0,299.99957748946235
a2,296.6943496580605,151.2463890473437,297.02976326303224,4.749685718043136,0.5000000000000001,0.8660254037844387,0.0,1909.4314818720177
a2,123.53437323954053,77.24718147883985,508.1242494928127,4.759995410182375,0.5000000000000001,0.8660254037844387,0.0,1917.72972171191
a2,135.99880627441686,335.409380445125,231.9801209433497,4.80939420563147,0.5000000000000001,0.8660254037844387,0.0,1957.7403091288638
a2,86.65064509912608,318.8596253048577,165.67752748750019,1.855145504683632,0.5000000000000001,0.8660254037844387,0.0,299.99957748946235
a2,4.760762618922925,181.45096348842128,331.54214449502234,1.855145504683632,0.5000000000000001,0.8660254037844387,0.0,299.99957748946235
a2,42.58556546580577,99.99875913857561,522.9063790849547,1.855145504683632,0.5000000000000001,0.8660254037844387,0.0,299.99957748946235
a2,368.9160320882868,225.75192178880584,163.61064685270588,1.855145504683632,0.5000000000000001,0.8660254037844387,0.0,299.99957748946235
a2,384.4636343993256,146.29530616573663,103.29506780771396,1.855145504683632,0.5000000000000001,0.8660254037844387,0.0,299.99957748946235
a2,26.408068279697833,217.5158694629517,420.01439644187656,1.855145504683632,0.5000000000000001,0.8660254037844387,0.0,299.99957748946235
a2,29.974523423618653,221.92790521594787,265.4409267333018,1.855145504683632,0.5000000000000001,0.8660254037844387,0.0,299.99957748946235
a2,378.6804648138387,136.2785626152844,105.23194940853129,1.855145504683632,0.5000000000000001,0.8660254037844387,0.0,299.99957748946235
a2,321.7928750926431,43.206793869265745,339.8478963530984,1.855145504683632,0.5000000000000001,0.8660254037844387,0.0,299.99957748946235
a2,40.87440514753425,104.51552397088099,188.60675105737224,1.855145504683632,0.5000000000000001,0.8660254037844387,0.0,299.99957748946235
a2,123.63853519717188,346.2413790946374,153.3432214954166,1.855145504683632,0.5000000000000001,0.8660254037844387,0.0,299.99957748946235
a2,19.415190800636456,206.83317765400898,335.1529422437089,1.855145504683632,0.5000000000000001,0.8660254037844387,0.0,299.99957748946235
a2,236.0575705735563,160.1785868567675,652.923902544642,1.855145504683632,0.5000000000000001,0.8660254037844387,0.0,299.99957748946235
a2,258.43352988600225,0.7982271399105832,148.18642875941964,1.855145504683632,0.5000000000000001,0.8660254037844387,0.0,299.99957748946235
a2,16.308738206119173,150.20709564373,163.06468772413146,1.855145504683632,0.5000000000000001,0.8660254037844387,0.0,299.99957748946235
a2,308.69601849533416,331.3482156431217,32.74411592863646,1.855145504683632,0.5000000000000001,0.8660254037844387,0.0,299.99957748946235
a2,130.02389883232206,317.2962661929799,428.87933655760065,4.782787022504169,0.5000000000000001,0.8660254037844387,0.0,1936.1384760738938
a2,83.33333333333319,28.8675134583335,0.0,1.855145504683632,0.5000000000000001,0.8660254037844387,0.0,299.99957748946235
a2,11.202032323785033,186.92965211978336,374.0742954195845,1.855145504683632,0.5000000000000001,0.8660254037844387,0.0,299.99957748946235
a2,304.40396487763553,337.64488327869475,174.07255228962606,1.855145504683632,0.5000000000000001,0.8660254037844387,0.0,299.99957748946235
a2,42.86792907928796,103.84507293818011,314.3722857337264,1.855145504683632,0.5000000000000001,0.8660254037844387,0.0,299.99957748946235
a2,151.4995337422154,346.4101615000001,362.54336821972424,1.855145504683632,0.5000000000000001,0.8660254037844387,0.0,299.99957748946235
a2,86.60115161884166,107.76328849497165,653.1971999999998,1.855145504683632,0.5000000000000001,0.8660254037844387,0.0,299.99957748946235
a2,47.876189185186554,96.2791547208193,269.75071796612207,1.855145504683632,0.5000000000000001,0.8660254037844387,0.0,299.99957748946235
a2,44.72129694796696,250.66463924117346,592.0185785479076,1.855145504683632,0.5000000000000001,0.8660254037844387,0.0,299.99957748946235
a2,33.888583526433976,192.55687696927657,0.0,1.855145504683632,0.5000000000000001,0.8660254037844387,0.0,299.99957748946235
a2,266.05288249176664,222.1696726480837,455.0046995428885,4.74708208338324,0.5000000000000001,0.8660254037844387,0.0,1907.3386699770524
a2,193.6431399357869,346.4101615000001,86.17638135610551,1.855145504683632,0.5000000000000001,0.8660254037844387,0.0,299.99957748946235
a2,125.81526485790636,215.52804653621337,0.24071248326976233,1.855145504683632,0.5000000000000001,0.8660254037844387,0.0,299.99957748946235
a2,18.961325397476433,206.0470597159693,163.6612091361437,1.855145504683632,0.5000000000000001,0.8660254037844387,0.0,299.99957748946235
a2,136.78502419955765,116.34166000189816,338.4315042959106,4.74735665391157,0.5000000000000001,0.8660254037844387,0.0,1907.5593167332947
a2,250.7270149846956,0.6869147979887158,398.7571831456543,1.855145504683632,0.5000000000000001,0.8660254037844387,0.0,299.99957748946235
a2,94.97289096073725,337.70295322915433,299.27564966440474,1.855145504683632,0.5000000000000001,0.8660254037844387,0.0,299.99957748946235
a2,29.00079547703354,223.4359319741383,253.31804192290025,1.855145504683632,0.5000000000000001,0.8660254037844387,0.0,299.99957748946235
a2,213.74653922852266,330.8952563187915,554.7974628752364,4.801314801958717,0.5000000000000001,0.8660254037844387,0.0,1951.1681349229852
a2,109.47909023883416,2.756621597654885e-14,60.633929142271256,1.855145504683632,0.5000000000000001,0.8660254037844387,0.0,299.99957748946235
a2,24.971275649184356,129.95356259752512,284.7661243006393,1.855145504683632,0.5000000000000001,0.8660254037844387,0.0,299.99957748946235
a2,93.03795611670162,15.814362206550184,113.63063659944433,1.855145504683632,0.5000000000000001,0.8660254037844387,0.0,299.99957748946235
a2,199.5336887353073,0.5290513840972529,417.893068443986,1.855145504683632,0.5000000000000001,0.8660254037844387,0.0,299.99957748946235
a2,86.12032182048586,61.83220798967936,449.2375217749528,4.791788812572222,0.5000000000000001,0.8660254037844387,0.0,1943.4334333889453
a2,97.15950550403079,288.8404974033668,2.7374902479279157,1.855145504683632,0.5000000000000001,0.8660254037844387,0.0,299.99957748946235
a2,290.92411754360535,346.41016149999984,128.03630981036125,1.855145504683632,0.5000000000000001,0.8660254037844387,0.0,299.99957748946235
a2,50.21492497857942,86.23027939229958,393.3361507112479,1.855145504683632,0.5000000000000001,0.8660254037844387,0.0,299.99957748946235
a2,36.75312560064187,115.0340271188353,40.132310258071364,1.855145504683632,0.5000000000000001,0.8660254037844387,0.0,299.99957748946235
a2,314.08575427560635,320.6883647421218,421.15113461974056,1.855145504683632,0.5000000000000001,0.8660254037844387,0.0,299.99957748946235
a2,196.21404053003513,84.62865637178645,2.7233043204749867,1.855145504683632,0.5000000000000001,0.8660254037844387,0.0,299.99957748946235
a2,191.69274777152992,1.3783107988274425e-14,571.6609229915764,1.855145504683632,0.5000000000000001,0.8660254037844387,0.0,299.99957748946235
a2,81.61948449715219,310.93573408959503,503.10754890669506,1.855145504683632,0.5000000000000001,0.8660254037844387,0.0,299.99957748946235
a2,203.34373588598302,346.41016149999984,126.50805331761781,1.855145504683632,0.5000000000000001,0.8660254037844387,0.0,299.99957748946235
a2,223.229491845091,346.41016149999984,126.66025457572768,1.855145504683632,0.5000000000000001,0.8660254037844387,0.0,299.99957748946235
a2,191.4755174824912,256.75696017703115,653.1971999999998,1.855145504683632,0.5000000000000001,0.8660254037844387,0.0,299.99957748946235
a2,312.20341442501257,325.27322769089994,17.156275494766266,1.855145504683632,0.5000000000000001,0.8660254037844387,0.0,299.99957748946235
a2,170.82550087389293,137.85259263611053,652.0640933106837,1.855145504683632,0.5000000000000001,0.8660254037844387,0.0,299.99957748946235
a2,159.40116606118283,345.4086252484465,356.6806833600853,1.855145504683632,0.5000000000000001,0.8660254037844387,0.0,299.99957748946235
a2,327.5864622544799,66.20119480907611,0.0,1.855145504683632,0.5000000000000001,0.8660254037844387,0.0,299.99957748946235
a2,221.00335540499185,0.0,496.7523711199048,1.855145504683632,0.5000000000000001,0.8660254037844387,0.0,299.99957748946235
a2,99.9999999999999,2.756621597654885e-14,135.14424827586214,1.855145504683632,0.5000000000000001,0.8660254037844387,0.0,299.99957748946235
a2,237.90515558143596,345.93731953822595,585.2876124902956,1.855145504683632,0.5000000000000001,0.8660254037844387,0.0,299.99957748946235
a2,213.16948830066397,345.95169082294615,453.2148852662545,1.855145504683632,0.5000000000000001,0.8660254037844387,0.0,299.99957748946235
a2,304.5463985422017,219.88967439155084,653.1848657480737,1.855145504683632,0.5000000000000001,0.8660254037844387,0.0,299.99957748946235
a2,139.18493067612363,14.885534411909285,116.79313469129049,4.80411376107413,0.5000000000000001,0.8660254037844387,0.0,1953.4436914718574
a2,199.02329321618873,107.38431245180755,653.1971999999998,1.855145504683632,0.5000000000000001,0.8660254037844387,0.0,299.99957748946235
a2,294.4502962577524,278.05191983720465,653.1971999999998,1.855145504683632,0.5000000000000001,0.8660254037844387,0.0,299.99957748946235
a2,132.01273849485798,1.7878474471456496,536.104086062883,1.855145504683632,0.5000000000000001,0.8660254037844387,0.0,299.99957748946235
a2,122.92931442292551,216.07771023874582,653.1971999999998,1.855145504683632,0.5000000000000001,0.8660254037844387,0.0,299.99957748946235
a2,279.87388402227356,1.6481765033780205,269.15534686490173,1.855145504683632,0.5000000000000001,0.8660254037844387,0.0,299.99957748946235
a2,384.66034911780434,146.63602605272482,364.13030178281156,1.855145504683632,0.5000000000000001,0.8660254037844387,0.0,299.99957748946235
a2,20.45510112199523,137.77580633415397,497.0432481834509,1.855145504683632,0.5000000000000001,0.8660254037844387,0.0,299.99957748946235
a2,210.17655328583436,110.66468208174025,172.91450871962826,4.745550189471628,0.5000000000000001,0.8660254037844387,0.0,1906.1078637670896
a2,24.582150234676735,130.6275475859418,135.96877494773295,1.855145504683632,0.5000000000000001,0.8660254037844387,0.0,299.99957748946235
a2,142.2182641147159,2.756621597654885e-14,613.3701773069525,1.855145504683632,0.5000000000000001,0.8660254037844387,0.0,299.99957748946235
a2,54.041962032989254,266.80850472812335,350.78574529375913,1.855145504683632,0.5000000000000001,0.8660254037844387,0.0,299.99957748946235
a2,63.89889013814131,64.7460022646628,589.1683083517371,1.855145504683632,0.5000000000000001,0.8660254037844387,0.0,299.99957748946235
a2,78.78188593943166,306.69373775653594,282.8930867732982,1.855145504683632,0.5000000000000001,0.8660254037844387,0.0,299.99957748946235
a2,95.11087278708693,8.468216737096173,546.6047930378287,1.855145504683632,0.5000000000000001,0.8660254037844387,0.0,299.99957748946235
a2,11.897015677201036,189.34834653403703,123.2549865892841,1.855145504683632,0.5000000000000001,0.8660254037844387,0.0,299.99957748946235
a2,58.329073492309355,274.23399959308125,137.88274919531185,1.855145504683632,0.5000000000000001,0.8660254037844387,0.0,299.99957748946235
a2,46.62525661130175,253.40141117829606,570.1559862282926,1.855145504683632,0.5000000000000001,0.8660254037844387,0.0,299.99957748946235
a2,338.56617470689446,66.79857404326229,172.6564631424061,1.855145504683632,0.5000000000000001,0.8660254037844387,0.0,299.99957748946235
a2,378.2397466798952,141.46933374765138,623.5228819824448,1.855145504683632,0.5000000000000001,0.8660254037844387,0.0,299.99957748946235
a2,314.4011364825173,24.943500073461713,181.85183269782326,1.855145504683632,0.5000000000000001,0.8660254037844387,0.0,299.99957748946235
a2,25.568233477089144,128.9196013096592,548.3952265540507,1.855145504683632,0.5000000000000001,0.8660254037844387,0.0,299.99957748946235
a2,353.7416028260087,253.32697492886723,258.74770562523395,1.855145504683632,0.5000000000000001,0.8660254037844387,0.0,299.99957748946235
a2,11.358168820796715,188.69945218873,7.132720399308844,1.855145504683632,0.5000000000000001,0.8660254037844387,0.0,299.99957748946235
a2,216.15983135943688,117.55456978850457,653.1971999999998,1.855145504683632,0.5000000000000001,0.8660254037844387,0.0,299.99957748946235
a2,209.14202658121124,2.794159405884415,225.79851734853338,1.855145504683632,0.5000000000000001,0.8660254037844387,0.0,299.99957748946235
a2,104.84822226734396,267.4076679486637,643.7219856565742,4.812570615153913,0.5000000000000001,0.8660254037844387,0.0,1960.3271790155072
a2,201.47611799111613,0.43634763360534307,325.54842108412356,1.855145504683632,0.5000000000000001,0.8660254037844387,0.0,299.99957748946235
a2,377.77777777777794,211.6950986944444,0.0,1.855145504683632,0.5000000000000001,0.8660254037844387,0.0,299.99957748946235
a2,121.36871522512524,346.31118192448224,571.3828713938406,1.855145504683632,0.5000000000000001,0.8660254037844387,0.0,299.99957748946235
a2,109.83625916976735,2.756621597654885e-14,546.291844739214,1.855145504683632,0.5000000000000001,0.8660254037844387,0.0,299.99957748946235
a2,336.38010473231685,275.96439043780947,310.9043729717763,1.855145504683632,0.5000000000000001,0.8660254037844387,0.0,299.99957748946235
a2,84.40732149430039,319.40285010311504,342.4131394597534,1.855145504683632,0.5000000000000001,0.8660254037844387,0.0,299.99957748946235
a2,139.89442198074113,34.88662912242599,0.06876815411628202,1.855145504683632,0.5000000000000001,0.8660254037844387,0.0,299.99957748946235
a2,101.47982000752538,85.5879648095007,542.8112165235683,4.766276712551943,0.5000000000000001,0.8660254037844387,0.0,1922.7943434468434
a2,142.36811044461297,0.9704805305904443,17.34445383835338,1.855145504683632,0.5000000000000001,0.8660254037844387,0.0,299.99957748946235
a2,160.34935962059447,346.07992091414695,388.464941287491,1.855145504683632,0.5000000000000001,0.8660254037844387,0.0,299.99957748946235
a2,365.3073585458724,227.8266832831568,429.28830980645165,1.855145504683632,0.5000000000000001,0.8660254037844387,0.0,299.99957748946235
a2,250.75398905942566,0.0,502.2303569766677,1.855145504683632,0.5000000000000001,0.8660254037844387,0.0,299.99957748946235
a2,163.33991618355708,346.4101615000001,149.25744472081342,1.855145504683632,0.5000000000000001,0.8660254037844387,0.0,299.99957748946235
a2,105.12505704776105,339.42457496445485,216.3249285051595,4.828221684759355,0.5000000000000001,0.8660254037844387,0.0,1973.0983606252173
a2,349.07902915707575,261.4027894171711,356.60315251209744,1.855145504683632,0.5000000000000001,0.8660254037844387,0.0,299.99957748946235
a2,130.57176690880428,2.756621597654885e-14,479.5125702901224,1.855145504683632,0.5000000000000001,0.8660254037844387,0.0,299.99957748946235
a2,312.959327283362,246.7311039177534,650.2714070080768,1.855145504683632,0.5000000000000001,0.8660254037844387,0.0,299.99957748946235
a2,210.506884320505,265.27882681289145,652.5101001789245,1.855145504683632,0.5000000000000001,0.8660254037844387,0.0,299.99957748946235
a2,112.15634455178909,156.16132468779077,0.0,1.855145504683632,0.5000000000000001,0.8660254037844387,0.0,299.99957748946235
a2,151.68175212692023,126.9157797227842,652.9050457376497,1.855145504683632,0.5000000000000001,0.8660254037844387,0.0,299.99957748946235
a2,281.06276305171167,200.86752349009203,651.4419612865465,1.855145504683632,0.5000000000000001,0.8660254037844387,0.0,299.99957748946235
a2,159.7996103796048,344.0329959324904,492.52130603695883,1.855145504683632,0.5000000000000001,0.8660254037844387,0.0,299.99957748946235
a2,193.86079280351257,343.28032499359983,452.00432649692397,1.855145504683632,0.5000000000000001,0.8660254037844387,0.0,299.99957748946235
a2,357.3551137023281,247.06819049762825,47.76254450853742,1.855145504683632,0.5000000000000001,0.8660254037844387,0.0,299.99957748946235
a2,79.68474811302406,35.18704843540249,278.0730879379045,1.855145504683632,0.5000000000000001,0.8660254037844387,0.0,299.99957748946235
a2,132.8087198443289,290.2595683362543,578.7961612770155,4.7682649007646605,0.5000000000000001,0.8660254037844387,0.0,1924.3988136069236
a2,203.0730102568038,2.710048618681836,379.0454185663785,1.855145504683632,0.5000000000000001,0.8660254037844387,0.0,299.99957748946235
a2,19.712162311685887,207.34754739952663,506.57977689284957,1.855145504683632,0.5000000000000001,0.8660254037844387,0.0,299.99957748946235
a2,286.25201060597476,70.17956118681707,3.196851838970134,1.855145504683632,0.5000000000000001,0.8660254037844387,0.0,299.99957748946235
a2,203.5504663685641,135.2552607910653,190.66241273306446,4.744212573142832,0.5000000000000001,0.8660254037844387,0.0,1905.0334755209294
a2,47.844669525582205,113.30792345323351,399.8730789704707,4.812675871541747,0.5000000000000001,0.8660254037844387,0.0,1960.4129291190377
a2,373.69684961259867,135.98665798416178,274.3150437114148,1.855145504683632,0.5000000000000001,0.8660254037844387,0.0,299.99957748946235
a2,28.583214213594122,222.71266000960114,127.02077054258572,1.855145504683632,0.5000000000000001,0.8660254037844387,0.0,299.99957748946235
a2,158.36390140097478,74.87658961136454,2.550371564474032,1.855145504683632,0.5000000000000001,0.8660254037844387,0.0,299.99957748946235
a2,327.1123323237685,67.91815616841075,469.47355518774003,4.810181620454956,0.5000000000000001,0.8660254037844387,0.0,1958.3814210315063
a2,120.01061330397334,293.7725816100379,392.52133499789187,4.770630224712436,0.5000000000000001,0.8660254037844387,0.0,1926.3085043111607
a2,356.3441714132289,246.59942591581688,77.6557160147452,1.855145504683632,0.5000000000000001,0.8660254037844387,0.0,299.99957748946235
a2,386.2061844857091,150.03009860006006,590.0172723525847,1.855145504683632,0.5000000000000001,0.8660254037844387,0.0,299.99957748946235
a2,374.02224099707183,218.19987920806204,316.6968785373409,1.855145504683632,0.5000000000000001,0.8660254037844387,0.0,299.99957748946235
a2,349.34184359976035,85.46258005050359,437.1364370502309,1.855145504683632,0.5000000000000001,0.8660254037844387,0.0,299.99957748946235
a2,281.08502939127715,1.4141100682495327,283.82576387357597,1.855145504683632,0.5000000000000001,0.8660254037844387,0.0,299.99957748946235
a2,218.70825405887314,0.0,140.10573515447484,1.855145504683632,0.5000000000000001,0.8660254037844387,0.0,299.99957748946235
a2,278.8341830569056,168.12938252588287,653.1971999999998,1.855145504683632,0.5000000000000001,0.8660254037844387,0.0,299.99957748946235
a2,337.02950410603944,281.0548496152705,493.5855658018383,1.855145504683632,0.5000000000000001,0.8660254037844387,0.0,299.99957748946235
a2,389.4697556378736,154.96616249940666,55.68810856741511,1.855145504683632,0.5000000000000001,0.8660254037844387,0.0,299.99957748946235
a2,210.13010804137016,36.49291741660483,635.1431823452535,4.796981206964946,0.5000000000000001,0.8660254037844387,0.0,1947.6475340569964
a2,55.10733233229805,268.1165548124734,568.1780955840534,1.855145504683632,0.5000000000000001,0.8660254037844387,0.0,299.99957748946235
a2,260.7396281683881,237.66006313469614,0.0,1.855145504683632,0.5000000000000001,0.8660254037844387,0.0,299.99957748946235
a2,396.01943357136855,166.31053745298124,177.3937420337373,1.855145504683632,0.5000000000000001,0.8660254037844387,0.0,299.99957748946235
a2,348.92884979992874,261.66290769398705,310.58413257512586,1.855145504683632,0.5000000000000001,0.8660254037844387,0.0,299.99957748946235
a2,30.89659891297588,219.60320994706612,57.43992721028543,1.855145504683632,0.5000000000000001,0.8660254037844387,0.0,299.99957748946235
a2,24.76753475425618,214.83147330875656,547.704070658156,1.855145504683632,0.5000000000000001,0.8660254037844387,0.0,299.99957748946235
a2,313.02047776893966,321.03109615548834,72.78967824663285,1.855145504683632,0.5000000000000001,0.8660254037844387,0.0,299.99957748946235
a2,70.0929326588984,51.80056013811188,381.54585577357045,1.855145504683632,0.5000000000000001,0.8660254037844387,0.0,299.99957748946235
a2,381.83413046942434,146.88262639676964,428.8593399290404,1.855145504683632,0.5000000000000001,0.8660254037844387,0.0,299.99957748946235
a2,271.91615227062675,346.41016149999984,193.91988425761448,1.855145504683632,0.5000000000000001,0.8660254037844387,0.0,299.99957748946235
a2,209.51922855842284,2.5004492568435217,110.11790958385524,1.855145504683632,0.5000000000000001,0.8660254037844387,0.0,299.99957748946235
a2,312.2699104746204,109.9349088292285,653.1971999999998,1.855145504683632,0.5000000000000001,0.8660254037844387,0.0,299.99957748946235
a2,107.70355127659536,344.24914938693996,183.8078221923548,1.855145504683632,0.5000000000000001,0.8660254037844387,0.0,299.99957748946235
a2,292.4632907453477,1.6243042744350866,549.6217746916244,1.855145504683632,0.5000000000000001,0.8660254037844387,0.0,299.99957748946235
a2,29.787804572672915,121.61108978624969,232.5301886148974,1.855145504683632,0.5000000000000001,0.8660254037844387,0.0,299.99957748946235
a2,218.88974137101752,2.3374729828959775,107.12495154864314,1.855145504683632,0.5000000000000001,0.8660254037844387,0.0,299.99957748946235
a2,271.99913238367975,257.7207499286903,653.1971999999998,1.855145504683632,0.5000000000000001,0.8660254037844387,0.0,299.99957748946235
a2,377.1747111462383,212.20010898549333,364.98798388822036,1.855145504683632,0.5000000000000001,0.8660254037844387,0.0,299.99957748946235
a2,360.9024949127712,109.4178062483011,213.83051987234558,1.855145504683632,0.5000000000000001,0.8660254037844387,0.0,299.99957748946235
a2,257.2363663807914,38.7619684309451,312.3668936586738,4.7735082608345305,0.5000000000000001,0.8660254037844387,0.0,1928.6334205131118
a2,9.573400247288005,189.7866963788359,382.15830739051876,1.855145504683632,0.5000000000000001,0.8660254037844387,0.0,299.99957748946235
a2,237.73089099432482,153.21499686391212,137.46998049152415,4.745183817829383,0.5000000000000001,0.8660254037844387,0.0,1905.813559889446
a2,271.4859635986133,296.768206701198,651.3657522715629,1.855145504683632,0.5000000000000001,0.8660254037844387,0.0,299.99957748946235
a2,378.76293324851906,205.6446525352713,516.6508656143181,1.855145504683632,0.5000000000000001,0.8660254037844387,0.0,299.99957748946235
a2,55.09852070325854,77.77164347386557,364.5126808799499,1.855145504683632,0.5000000000000001,0.8660254037844387,0.0,299.99957748946235
a2,47.73514488130407,93.20516140805154,352.35570700800287,1.855145504683632,0.5000000000000001,0.8660254037844387,0.0,299.99957748946235
a2,144.4444444444446,346.4101615000001,653.1971999999998,1.855145504683632,0.5000000000000001,0.8660254037844387,0.0,299.99957748946235
a2,369.71960505298085,225.65226326940368,574.9334261766467,1.855145504683632,0.5000000000000001,0.8660254037844387,0.0,299.99957748946235
a2,363.98634682929554,235.58255780534355,432.1244203606108,1.855145504683632,0.5000000000000001,0.8660254037844387,0.0,299.99957748946235
a2,382.74554539992744,145.95371682570993,474.8864651398538,1.855145504683632,0.5000000000000001,0.8660254037844387,0.0,299.99957748946235
a2,91.69513614126434,148.6255782486558,599.8717824653381,4.765349579489801,0.5000000000000001,0.8660254037844387,0.0,1922.0463747779947
a2,389.57658491806785,155.1511962404318,347.5668963824092,1.855145504683632,0.5000000000000001,0.8660254037844387,0.0,299.99957748946235
a2,361.31487267285405,110.66726969092619,396.04467182534535,1.855145504683632,0.5000000000000001,0.8660254037844387,0.0,299.99957748946235
a2,15.131408049803005,147.39001261494934,557.0634422997942,1.855145504683632,0.5000000000000001,0.8660254037844387,0.0,299.99957748946235
a2,248.14294990258693,3.0486130789139985,315.25635848012655,1.855145504683632,0.5000000000000001,0.8660254037844387,0.0,299.99957748946235
a2,199.70646776869162,2.756621597654885e-14,278.2915356684331,1.855145504683632,0.5000000000000001,0.8660254037844387,0.0,299.99957748946235
a2,384.5288389193645,149.1925736033656,138.6746061509226,1.855145504683632,0.5000000000000001,0.8660254037844387,0.0,299.99957748946235
a2,259.9758110775527,0.0,358.43836827898025,1.855145504683632,0.5000000000000001,0.8660254037844387,0.0,299.99957748946235
a2,270.47994685623604,346.41016149999984,523.7023255714965,1.855145504683632,0.5000000000000001,0.8660254037844387,0.0,299.99957748946235
a2,318.47066044352675,198.3422929633083,653.1971999999998,1.855145504683632,0.5000000000000001,0.8660254037844387,0.0,299.99957748946235
a2,307.5753344341916,138.7987260436923,0.0,1.855145504683632,0.5000000000000001,0.8660254037844387,0.0,299.99957748946235
a2,378.31682665547936,136.20854420212248,94.02461108644249,1.855145504683632,0.5000000000000001,0.8660254037844387,0.0,299.99957748946235
a2,55.263711989774286,77.48552377266397,410.52246656298223,1.855145504683632,0.5000000000000001,0.8660254037844387,0.0,299.99957748946235
a2,309.6903866008009,329.625919563096,325.081196951988,1.855145504683632,0.5000000000000001,0.8660254037844387,0.0,299.99957748946235
a2,31.338996197991715,224.17082314649363,346.12315089563947,1.855145504683632,0.5000000000000001,0.8660254037844387,0.0,299.99957748946235
a2,4.546560292640565,181.07995417621558,613.8969206604187,1.855145504683632,0.5000000000000001,0.8660254037844387,0.0,299.99957748946235
a2,353.65592873047444,92.93479468478088,235.7062888609994,1.855145504683632,0.5000000000000001,0.8660254037844387,0.0,299.99957748946235
a2,27.018309744128345,131.80116818098065,133.93242711148622,1.855145504683632,0.5000000000000001,0.8660254037844387,0.0,299.99957748946235
a2,260.57551881533277,0.0,461.95428849298963,1.855145504683632,0.5000000000000001,0.8660254037844387,0.0,299.99957748946235
a2,295.3511843750988,218.07465226241098,653.1971999999998,1.855145504683632,0.5000000000000001,0.8660254037844387,0.0,299.99957748946235
a2,222.19980063543667,34.708718098409086,652.4108199251557,1.855145504683632,0.5000000000000001,0.8660254037844387,0.0,299.99957748946235
a2,149.50870628771344,2.756621597654885e-14,330.1013844534889,1.855145504683632,0.5000000000000001,0.8660254037844387,0.0,299.99957748946235
a2,63.701785404219635,213.28769494238202,650.3794803673761,1.855145504683632,0.5000000000000001,0.8660254037844387,0.0,299.99957748946235
a2,180.06151682498594,280.59586253889063,147.29191886969554,4.754091519767913,0.5000000000000001,0.8660254037844387,0.0,1912.9754966817623
a2,328.6021652118184,49.540403351378075,103.75505996898823,1.855145504683632,0.5000000000000001,0.8660254037844387,0.0,299.99957748946235
a2,302.3941601016064,338.37262932556155,537.9423198229763,1.855145504683632,0.5000000000000001,0.8660254037844387,0.0,299.99957748946235
a2,305.62500951682,278.46458596603867,0.0,1.855145504683632,0.5000000000000001,0.8660254037844387,0.0,299.99957748946235
a2,348.0829675029146,86.77856837070804,531.3593391336553,1.855145504683632,0.5000000000000001,0.8660254037844387,0.0,299.99957748946235
a2,152.9755386044573,306.2175810145251,0.0,1.855145504683632,0.5000000000000001,0.8660254037844387,0.0,299.99957748946235
a2,209.3708689181487,1.2509743482630509,343.5672336875105,1.855145504683632,0.5000000000000001,0.8660254037844387,0.0,299.99957748946235
a2,364.6917486974224,229.6059149017496,408.18371509773607,1.855145504683632,0.5000000000000001,0.8660254037844387,0.0,299.99957748946235
a2,35.05400937422841,115.00726762558352,423.22530993449703,1.855145504683632,0.5000000000000001,0.8660254037844387,0.0,299.99957748946235
a2,200.26354494908884,165.05070619244304,600.720390037981,4.759338762325657,0.5000000000000001,0.8660254037844387,0.0,1917.2006513478452
a2,344.67638674636174,77.38177174021787,534.9905776749672,1.855145504683632,0.5000000000000001,0.8660254037844387,0.0,299.99957748946235
a2,354.7929117897842,251.50605438922818,580.880897084811,1.855145504683632,0.5000000000000001,0.8660254037844387,0.0,299.99957748946235
a2,394.9650278063892,164.4842530963161,557.4713127084286,1.855145504683632,0.5000000000000001,0.8660254037844387,0.0,299.99957748946235
a2,254.10202155791674,0.8252832509916066,623.5709879685592,1.855145504683632,0.5000000000000001,0.8660254037844387,0.0,299.99957748946235
a2,148.22666542601274,345.7860443686784,207.8548122611031,1.855145504683632,0.5000000000000001,0.8660254037844387,0.0,299.99957748946235
a2,299.65983045500576,204.65141494867734,565.9492115996163,4.756557403154263,0.5000000000000001,0.8660254037844387,0.0,1914.9604807081116
a2,314.7825178100879,26.598188660951784,604.2842693300465,1.855145504683632,0.5000000000000001,0.8660254037844387,0.0,299.99957748946235
a2,65.13051672646425,60.39571666103531,387.36507789514445,1.855145504683632,0.5000000000000001,0.8660254037844387,0.0,299.99957748946235
a2,24.24551714819303,215.19954830478284,282.85431422087186,1.855145504683632,0.5000000000000001,0.8660254037844387,0.0,299.99957748946235
a2,258.8359677477163,0.6397860810095694,395.79247783850406,1.855145504683632,0.5000000000000001,0.8660254037844387,0.0,299.99957748946235
a2,54.57704420097761,78.67486727073347,203.44636027161536,1.855145504683632,0.5000000000000001,0.8660254037844387,0.0,299.99957748946235
a2,370.0896382372547,160.22661356062275,650.7404189700213,1.855145504683632,0.5000000000000001,0.8660254037844387,0.0,299.99957748946235
a2,359.75594294840374,103.5003292367065,575.0634796409265,1.855145504683632,0.5000000000000001,0.8660254037844387,0.0,299.99957748946235
a2,378.34552182753777,207.4101514560459,335.242820634714,1.855145504683632,0.5000000000000001,0.8660254037844387,0.0,299.99957748946235
a2,38.15495984578403,107.11875173897965,634.432722717203,1.855145504683632,0.5000000000000001,0.8660254037844387,0.0,299.99957748946235
a2,360.9891766660805,234.48616385926113,157.51075247616708,1.855145504683632,0.5000000000000001,0.8660254037844387,0.0,299.99957748946235
a2,75.74498597055427,302.91000451956904,373.48431052354374,1.855145504683632,0.5000000000000001,0.8660254037844387,0.0,299.99957748946235
a2,309.6935435654974,285.798640746996,43.74422512192023,4.792372023555301,0.5000000000000001,0.8660254037844387,0.0,1943.9065346639961
a2,304.8006791549508,338.0951412931189,376.75224288499203,1.855145504683632,0.5000000000000001,0.8660254037844387,0.0,299.99957748946235
a2,17.343010948819,198.62812414013177,190.97947782744362,1.855145504683632,0.5000000000000001,0.8660254037844387,0.0,299.99957748946235
a2,150.69105431576412,2.262286489805299,539.3639739213306,1.855145504683632,0.5000000000000001,0.8660254037844387,0.0,299.99957748946235
a2,140.7582265457735,285.5145288528951,653.1971999999998,1.855145504683632,0.5000000000000001,0.8660254037844387,0.0,299.99957748946235
a2,28.4426888462116,220.0336734446815,18.125201798102033,1.855145504683632,0.5000000000000001,0.8660254037844387,0.0,299.99957748946235
a2,303.99196450808216,100.00685076290834,1.9562637244521728,1.855145504683632,0.5000000000000001,0.8660254037844387,0.0,299.99957748946235
a2,287.5047848780568,13.837447543463862,508.1118792747121,4.812803678269824,0.5000000000000001,0.8660254037844387,0.0,1960.5170530183932
a2,183.9420942768142,346.4101615000001,69.11751263348849,1.855145504683632,0.5000000000000001,0.8660254037844387,0.0,299.99957748946235
a2,9.835074664100802,156.17023173622144,178.32594115065046,1.855145504683632,0.5000000000000001,0.8660254037844387,0.0,299.99957748946235
a2,201.76685160901164,346.41016149999984,368.1079073731462,1.855145504683632,0.5000000000000001,0.8660254037844387,0.0,299.99957748946235
a2,58.10175031828108,76.98206494257612,499.45537438421644,1.855145504683632,0.5000000000000001,0.8660254037844387,0.0,299.99957748946235
a2,71.72505972303493,65.4514712229575,653.1971999999998,1.855145504683632,0.5000000000000001,0.8660254037844387,0.0,299.99957748946235
a2,359.09294138953516,102.35197685129447,28.936449726380896,1.855145504683632,0.5000000000000001,0.8660254037844387,0.0,299.99957748946235
a2,298.1307110507239,345.44423379097606,203.43083512252036,1.855145504683632,0.5000000000000001,0.8660254037844387,0.0,299.99957748946235
a2,154.70017464374186,345.23519660265384,302.4684540014308,1.855145504683632,0.5000000000000001,0.8660254037844387,0.0,299.99957748946235
a2,69.41180111042942,52.98031458665124,174.49134067495098,1.855145504683632,0.5000000000000001,0.8660254037844387,0.0,299.99957748946235
a2,131.94072217643364,275.9101888206914,653.0114073969828,1.855145504683632,0.5000000000000001,0.8660254037844387,0.0,299.99957748946235
a2,368.58282428158196,227.6212253224554,184.13149135010877,1.855145504683632,0.5000000000000001,0.8660254037844387,0.0,299.99957748946235
a2,300.00000000000006,346.41016149999984,90.09616551724149,1.855145504683632,0.5000000000000001,0.8660254037844387,0.0,299.99957748946235
a2,359.3539317441251,102.80402540571156,297.93174664178116,1.855145504683632,0.5000000000000001,0.8660254037844387,0.0,299.99957748946235
a2,237.7316564636438,237.38351579629165,653.1971999999998,1.855145504683632,0.5000000000000001,0.8660254037844387,0.0,299.99957748946235
a2,202.2173897363802,346.41016149999984,299.0793776137229,1.855145504683632,0.5000000000000001,0.8660254037844387,0.0,299.99957748946235
a2,354.3422968565951,94.12361915187003,442.8237937872649,1.855145504683632,0.5000000000000001,0.8660254037844387,0.0,299.99957748946235
a2,123.40817881681804,176.22609811640305,653.1971999999998,1.855145504683632,0.5000000000000001,0.8660254037844387,0.0,299.99957748946235
a2,9.668725180341738,156.45835749389352,87.66377225336863,1.855145504683632,0.5000000000000001,0.8660254037844387,0.0,299.99957748946235
a2,223.52037622472577,218.16173333953017,653.114517081125,1.855145504683632,0.5000000000000001,0.8660254037844387,0.0,299.99957748946235
a2,288.8075282175228,19.016206242021966,653.1971999999998,1.855145504683632,0.5000000000000001,0.8660254037844387,0.0,299.99957748946235
a2,131.28768534901744,343.72877915329065,250.87888194756306,1.855145504683632,0.5000000000000001,0.8660254037844387,0.0,299.99957748946235
a2,183.827378577006,346.40732423265104,393.1267675936702,1.855145504683632,0.5000000000000001,0.8660254037844387,0.0,299.99957748946235
a2,383.0927191744512,146.91467223296638,591.4190321570898,1.855145504683632,0.5000000000000001,0.8660254037844387,0.0,299.99957748946235
a2,134.6729161136942,196.2901404176863,653.1971999999998,1.855145504683632,0.5000000000000001,0.8660254037844387,0.0,299.99957748946235
a2,240.66033070645958,138.79507144269772,469.9685634847067,4.74502698429492,0.5000000000000001,0.8660254037844387,0.0,1905.6875835105798
a2,70.5826978174207,50.95226199980797,531.1385973517024,1.855145504683632,0.5000000000000001,0.8660254037844387,0.0,299.99957748946235
a2,86.51314398495909,213.15369546460258,651.3256301247548,1.855145504683632,0.5000000000000001,0.8660254037844387,0.0,299.99957748946235
a2,344.37866671793796,76.8661055245777,442.9539884354427,1.855145504683632,0.5000000000000001,0.8660254037844387,0.0,299.99957748946235
a2,280.7760940017763,346.41016149999984,439.0512336138694,1.855145504683632,0.5000000000000001,0.8660254037844387,0.0,299.99957748946235
a2,318.54558073588424,32.145528425509525,137.9013728788773,1.855145504683632,0.5000000000000001,0.8660254037844387,0.0,299.99957748946235
a2,316.42879792794486,315.7901364262488,38.54482606252998,1.855145504683632,0.5000000000000001,0.8660254037844387,0.0,299.99957748946235
a2,87.0465242804321,319.81776175642887,571.4847983322413,1.855145504683632,0.5000000000000001,0.8660254037844387,0.0,299.99957748946235
a2,304.89805236210526,337.92648595103833,388.00032339794063,1.855145504683632,0.5000000000000001,0.8660254037844387,0.0,299.99957748946235
a2,181.88668169710846,2.0762870433113276,338.9167753328457,1.855145504683632,0.5000000000000001,0.8660254037844387,0.0,299.99957748946235
a2,27.10494549989251,215.95881565289812,284.0283202432561,1.855145504683632,0.5000000000000001,0.8660254037844387,0.0,299.99957748946235
a2,28.832103264748376,223.1437484916308,218.8045088220659,1.855145504683632,0.5000000000000001,0.8660254037844387,0.0,299.99957748946235
a2,262.09184633319074,1.85420628634971,390.35023836647366,1.855145504683632,0.5000000000000001,0.8660254037844387,0.0,299.99957748946235
a2,240.19222575000745,346.41016149999984,575.2446578684606,1.855145504683632,0.5000000000000001,0.8660254037844387,0.0,299.99957748946235
a2,293.42557147129116,0.9132951707209335,254.91757735965538,1.855145504683632,0.5000000000000001,0.8660254037844387,0.0,299.99957748946235
a2,356.1709004013331,244.3345010195264,220.24821280344227,1.855145504683632,0.5000000000000001,0.8660254037844387,0.0,299.99957748946235
a2,100.40840882526429,215.75321402042243,0.0,1.855145504683632,0.5000000000000001,0.8660254037844387,0.0,299.99957748946235
a2,290.3566331933378,0.0,569.1768990992609,1.855145504683632,0.5000000000000001,0.8660254037844387,0.0,299.99957748946235
a2,12.251140521288175,191.4541712535158,188.9569078580365,1.855145504683632,0.5000000000000001,0.8660254037844387,0.0,299.99957748946235
a2,185.60372520394773,266.6497963071498,0.0,1.855145504683632,0.5000000000000001,0.8660254037844387,0.0,299.99957748946235
a2,384.42393123406083,200.18362323372025,90.95430482909275,1.855145504683632,0.5000000000000001,0.8660254037844387,0.0,299.99957748946235
a2,210.04734438001543,0.0,341.5034044786896,1.855145504683632,0.5000000000000001,0.8660254037844387,0.0,299.99957748946235
a2,151.09175111955915,266.18842806528215,653.1971999999998,1.855145504683632,0.5000000000000001,0.8660254037844387,0.0,299.99957748946235
a2,212.28368956723858,167.03900310389864,1.0715266024193497,1.855145504683632,0.5000000000000001,0.8660254037844387,0.0,299.99957748946235
a2,28.443043864591267,222.46987784342323,57.35541032942232,1.855145504683632,0.5000000000000001,0.8660254037844387,0.0,299.99957748946235
a2,199.84178953591947,1.8985937430096147,92.35008765608205,1.855145504683632,0.5000000000000001,0.8660254037844387,0.0,299.99957748946235
a2,152.76718304479013,126.75717351258889,0.0,1.855145504683632,0.5000000000000001,0.8660254037844387,0.0,299.99957748946235
a2,133.66327452224317,345.7025498679112,147.58622417861423,1.855145504683632,0.5000000000000001,0.8660254037844387,0.0,299.99957748946235
a2,199.2627254125976,87.45850641827623,653.1971999999998,1.855145504683632,0.5000000000000001,0.8660254037844387,0.0,299.99957748946235
a2,214.75011076538976,1.7976631466996378,568.7850547732958,1.855145504683632,0.5000000000000001,0.8660254037844387,0.0,299.99957748946235
a2,328.63599355060086,291.57202537942817,575.3105528576867,1.855145504683632,0.5000000000000001,0.8660254037844387,0.0,299.99957748946235
a2,203.19355639827828,346.41016149999984,149.51756322377332,1.855145504683632,0.5000000000000001,0.8660254037844387,0.0,299.99957748946235
a2,379.58153070007785,208.57090698884394,599.0981008758598,1.855145504683632,0.5000000000000001,0.8660254037844387,0.0,299.99957748946235
a2,163.56518541511468,346.4101615000001,114.74317986158003,1.855145504683632,0.5000000000000001,0.8660254037844387,0.0,299.99957748946235
a2,343.9659172098949,76.15120240587623,316.4015397144358,1.855145504683632,0.5000000000000001,0.8660254037844387,0.0,299.99957748946235
a2,290.24680398481274,0.0,320.96758965517256,1.855145504683632,0.5000000000000001,0.8660254037844387,0.0,299.99957748946235
a2,20.255861164872233,208.2892614372248,599.7446819112405,1.855145504683632,0.5000000000000001,0.8660254037844387,0.0,299.99957748946235
a2,374.7266867749049,216.9797433297266,546.183962544934,1.855145504683632,0.5000000000000001,0.8660254037844387,0.0,299.99957748946235
a2,48.2532976043398,90.27488122733558,596.643556937791,1.855145504683632,0.5000000000000001,0.8660254037844387,0.0,299.99957748946235
a2,19.55858231851565,207.08153904834026,438.04194793016035,1.855145504683632,0.5000000000000001,0.8660254037844387,0.0,299.99957748946235
a2,244.28898198856749,327.0850224467128,0.0,1.855145504683632,0.5000000000000001,0.8660254037844387,0.0,299.99957748946235
a2,316.8272963642409,31.23621277879409,244.42934979007336,1.855145504683632,0.5000000000000001,0.8660254037844387,0.0,299.99957748946235
a2,20.96009454057311,204.73938917862534,412.41620709966094,1.855145504683632,0.5000000000000001,0.8660254037844387,0.0,299.99957748946235
a2,189.89204579748102,334.62833044243393,515.975146425564,4.81266163527706,0.5000000000000001,0.8660254037844387,0.0,1960.4013310323096
a2,395.26730253216164,180.02244453340631,369.2091963134741,1.855145504683632,0.5000000000000001,0.8660254037844387,0.0,299.99957748946235
a2,394.98822760836333,181.88572516794062,568.8054320525903,1.855145504683632,0.5000000000000001,0.8660254037844387,0.0,299.99957748946235
a2,211.05913759063134,33.1617378370031,653.1971999999998,1.855145504683632,0.5000000000000001,0.8660254037844387,0.0,299.99957748946235
a2,81.22439166283662,33.348354906286126,102.38174961024598,1.855145504683632,0.5000000000000001,0.8660254037844387,0.0,299.99957748946235
a2,180.21973874958115,343.6080368332144,342.7814535179092,1.855145504683632,0.5000000000000001,0.8660254037844387,0.0,299.99957748946235
a2,292.1145140535096,248.27704469592314,650.3701007995326,1.855145504683632,0.5000000000000001,0.8660254037844387,0.0,299.99957748946235
a2,167.09380864300996,340.03332520804287,190.10543318834908,4.814630541403574,0.5000000000000001,0.8660254037844387,0.0,1962.0056971954664
a2,16.093285728092216,201.0794692906704,17.787245661569788,1.855145504683632,0.5000000000000001,0.8660254037844387,0.0,299.99957748946235
a2,56.167560085215065,75.9200129490984,604.4886159738253,1.855145504683632,0.5000000000000001,0.8660254037844387,0.0,299.99957748946235
a2,56.9260785362064,266.4588831359496,442.4556558367439,1.855145504683632,0.5000000000000001,0.8660254037844387,0.0,299.99957748946235
a2,69.18193016587045,53.378462741795396,105.46287037527973,1.855145504683632,0.5000000000000001,0.8660254037844387,0.0,299.99957748946235
a2,44.31355813274017,249.95841489701075,419.9533963548534,1.855145504683632,0.5000000000000001,0.8660254037844387,0.0,299.99957748946235
a2,302.23704314932263,6.916362781987984,297.89771004836945,1.855145504683632,0.5000000000000001,0.8660254037844387,0.0,299.99957748946235
a2,261.87827991448734,346.41016149999984,209.32858450807836,1.855145504683632,0.5000000000000001,0.8660254037844387,0.0,299.99957748946235
a2,258.9466231507654,0.0,209.11483590032617,1.855145504683632,0.5000000000000001,0.8660254037844387,0.0,299.99957748946235
a2,36.2918134131888,231.02747031520278,302.1195328915781,1.855145504683632,0.5000000000000001,0.8660254037844387,0.0,299.99957748946235
a2,27.650337918776433,132.445695513534,149.87318681887274,1.855145504683632,0.5000000000000001,0.8660254037844387,0.0,299.99957748946235
a2,354.5297483215768,94.44829461315877,500.3476025163842,1.855145504683632,0.5000000000000001,0.8660254037844387,0.0,299.99957748946235
a2,316.8206104202848,32.07373196087022,469.392699802838,1.855145504683632,0.5000000000000001,0.8660254037844387,0.0,299.99957748946235
a2,191.4755174824912,256.75696017703115,0.0,1.855145504683632,0.5000000000000001,0.8660254037844387,0.0,299.99957748946235
a2,314.42049276846205,321.4331353558375,170.4162779526731,1.855145504683632,0.5000000000000001,0.8660254037844387,0.0,299.99957748946235
a2,314.4093552449127,321.45242611249466,307.4519468253935,1.855145504683632,0.5000000000000001,0.8660254037844387,0.0,299.99957748946235
a2,374.2594433392344,217.7890326997786,443.13494186115327,1.855145504683632,0.5000000000000001,0.8660254037844387,0.0,299.99957748946235
a2,182.85467550267902,12.942439687879036,73.00855937173334,4.810582632307448,0.5000000000000001,0.8660254037844387,0.0,1958.7079645839528
a2,91.62101771903917,276.80704897873915,653.1971999999998,1.855145504683632,0.5000000000000001,0.8660254037844387,0.0,299.99957748946235
a2,118.86638353310751,346.4101615000001,608.2213204410776,1.855145504683632,0.5000000000000001,0.8660254037844387,0.0,299.99957748946235
a2,53.48575809366353,216.90220854107832,22.922007898649603,4.800339297437333,0.5000000000000001,0.8660254037844387,0.0,1950.3753604194678
a2,77.00487392670028,41.77201704299683,132.7728293731823,1.855145504683632,0.5000000000000001,0.8660254037844387,0.0,299.99957748946235
a2,38.737243703492325,240.29995498695817,241.68570030828405,1.855145504683632,0.5000000000000001,0.8660254037844387,0.0,299.99957748946235
a2,319.56919324855886,36.91854072084116,71.76367602288691,1.855145504683632,0.5000000000000001,0.8660254037844387,0.0,299.99957748946235
a2,17.824910832334027,144.85355899217166,354.80920788140935,1.855145504683632,0.5000000000000001,0.8660254037844387,0.0,299.99957748946235
a2,118.01524236549666,146.26827089635762,653.1971999999998,1.855145504683632,0.5000000000000001,0.8660254037844387,0.0,299.99957748946235
a2,212.2701946628504,0.0,594.1318689875258,1.855145504683632,0.5000000000000001,0.8660254037844387,0.0,299.99957748946235
a2,212.9138319465167,343.8116856984582,156.30194639580893,1.855145504683632,0.5000000000000001,0.8660254037844387,0.0,299.99957748946235
a2,199.72475631494942,344.121371834331,251.3381209580205,1.855145504683632,0.5000000000000001,0.8660254037844387,0.0,299.99957748946235
a2,290.2138326297905,0.0,411.0271932116231,1.855145504683632,0.5000000000000001,0.8660254037844387,0.0,299.99957748946235
a2,348.89130491625514,84.68222415992823,299.0793776180847,1.855145504683632,0.5000000000000001,0.8660254037844387,0.0,299.99957748946235
a2,279.1802682731032,178.9367798368804,336.53580388982783,4.746625497225566,0.5000000000000001,0.8660254037844387,0.0,1906.9717824708086
a2,273.016474961755,100.42423136752386,653.0109999702624,1.855145504683632,0.5000000000000001,0.8660254037844387,0.0,299.99957748946235
a2,73.30671228628441,300.176030960629,86.12183215677337,1.855145504683632,0.5000000000000001,0.8660254037844387,0.0,299.99957748946235
a2,283.1941068168528,277.8005091038008,653.1971999999998,1.855145504683632,0.5000000000000001,0.8660254037844387,0.0,299.99957748946235
a2,389.0913145801901,188.99815655772034,202.46149072924092,1.855145504683632,0.5000000000000001,0.8660254037844387,0.0,299.99957748946235
a2,312.5727828026829,319.0215074822531,181.7427744835738,1.855145504683632,0.5000000000000001,0.8660254037844387,0.0,299.99957748946235
a2,391.7872399922315,163.88237720646222,580.8476621168049,1.855145504683632,0.5000000000000001,0.8660254037844387,0.0,299.99957748946235
a2,52.63456407818017,264.2322074238202,442.9326254264713,1.855145504683632,0.5000000000000001,0.8660254037844387,0.0,299.99957748946235
a2,280.56906365328507,346.41016149999984,347.75933931610194,1.855145504683632,0.5000000000000001,0.8660254037844387,0.0,299.99957748946235
a2,60.38177992139431,273.4774866786629,243.80681656758492,1.855145504683632,0.5000000000000001,0.8660254037844387,0.0,299.99957748946235
a2,16.222834440148965,171.84155951239433,142.12755655134603,4.813232733102889,0.5000000000000001,0.8660254037844387,0.0,1960.8666234009322
a2,169.90372118940084,136.9274307891365,653.1971999999998,1.855145504683632,0.5000000000000001,0.8660254037844387,0.0,299.99957748946235
a2,357.9165425010573,100.31439420656443,57.87605092117881,1.855145504683632,0.5000000000000001,0.8660254037844387,0.0,299.99957748946235
a2,329.18512168624295,292.9181278854952,256.74961886032366,1.855145504683632,0.5000000000000001,0.8660254037844387,0.0,299.99957748946235
a2,54.09142216031377,79.51598931840506,53.8845137975186,1.855145504683632,0.5000000000000001,0.8660254037844387,0.0,299.99957748946235
a2,26.803328963598013,128.24230720279556,121.9194095505635,1.855145504683632,0.5000000000000001,0.8660254037844387,0.0,299.99957748946235
a2,31.802479041658362,185.2480898884738,594.101025029752,4.796140192400335,0.5000000000000001,0.8660254037844387,0.0,1946.9646644422128
a2,227.18513648698217,157.54441629279395,653.1971999999998,1.855145504683632,0.5000000000000001,0.8660254037844387,0.0,299.99957748946235
a2,65.58238723956148,59.61305397393976,525.4506628186775,1.855145504683632,0.5000000000000001,0.8660254037844387,0.0,299.99957748946235
a2,170.4823084542685,345.0084753633448,455.56789103603904,1.855145504683632,0.5000000000000001,0.8660254037844387,0.0,299.99957748946235
a2,324.19957267380033,304.49527210918944,340.37051527733615,1.855145504683632,0.5000000000000001,0.8660254037844387,0.0,299.99957748946235
a2,287.58553888726937,0.8610999617008829,318.78805501542973,1.855145504683632,0.5000000000000001,0.8660254037844387,0.0,299.99957748946235
a2,367.5829486886685,120.84319889663561,9.983616892145752,1.855145504683632,0.5000000000000001,0.8660254037844387,0.0,299.99957748946235
a2,142.61221145591801,191.27786921872345,17.07051697823075,4.793897612605845,0.5000000000000001,0.8660254037844387,0.0,1945.144366176409
a2,78.69287911172472,36.90501594003725,37.195340905337034,1.855145504683632,0.5000000000000001,0.8660254037844387,0.0,299.99957748946235
a2,140.5355539890995,2.756621597654885e-14,439.5672257851365,1.855145504683632,0.5000000000000001,0.8660254037844387,0.0,299.99957748946235
a2,118.70907901678397,343.8459794086153,18.626370499899387,1.855145504683632,0.5000000000000001,0.8660254037844387,0.0,299.99957748946235
a2,194.58223077759493,83.70146700678133,462.1581184290602,4.748538832662461,0.5000000000000001,0.8660254037844387,0.0,1908.5094694318793
a2,106.76999896559964,85.55180546800096,650.2880623417128,1.855145504683632,0.5000000000000001,0.8660254037844387,0.0,299.99957748946235
a2,35.791396232983864,113.19156832903269,102.24120733181545,1.855145504683632,0.5000000000000001,0.8660254037844387,0.0,299.99957748946235
a2,85.07703020493881,193.31616322003796,466.6985224069096,4.756494604536031,0.5000000000000001,0.8660254037844387,0.0,1914.9099163742394
a2,400.0000000000001,173.20508075,450.48082758620706,1.855145504683632,0.5000000000000001,0.8660254037844387,0.0,299.99957748946235
a2,178.18566401405386,196.9125633696265,0.016058757754195834,1.855145504683632,0.5000000000000001,0.8660254037844387,0.0,299.99957748946235
a2,97.95225814196385,340.070977064751,199.19096631296122,1.855145504683632,0.5000000000000001,0.8660254037844387,0.0,299.99957748946235
a2,172.99919846857298,1.6343072408930237,410.6636929722559,1.855145504683632,0.5000000000000001,0.8660254037844387,0.0,299.99957748946235
a2,248.67177106448804,96.47730360078768,652.5115925885287,1.855145504683632,0.5000000000000001,0.8660254037844387,0.0,299.99957748946235
a2,215.44233199812385,86.81466523608212,361.0988821878079,4.748501306999348,0.5000000000000001,0.8660254037844387,0.0,1908.4793052896282
a2,42.6395792939026,103.08075433278667,324.4477376682547,1.855145504683632,0.5000000000000001,0.8660254037844387,0.0,299.99957748946235
a2,131.7912266138141,343.485463168776,487.47171840630415,1.855145504683632,0.5000000000000001,0.8660254037844387,0.0,299.99957748946235
a2,262.8209262042298,344.6094274598139,641.5212543457064,1.855145504683632,0.5000000000000001,0.8660254037844387,0.0,299.99957748946235
a2,307.16469537746934,12.920856817283461,168.93585737332495,1.855145504683632,0.5000000000000001,0.8660254037844387,0.0,299.99957748946235
a2,369.5815954085558,225.89130298547266,528.91426392847,1.855145504683632,0.5000000000000001,0.8660254037844387,0.0,299.99957748946235
a2,367.47095454534696,171.99508926223203,0.0,1.855145504683632,0.5000000000000001,0.8660254037844387,0.0,299.99957748946235
a2,101.59998138700938,128.76023078948688,236.67588694315307,4.753451280184225,0.5000000000000001,0.8660254037844387,0.0,1912.460285663912
a2,307.513972934185,14.774426231149711,528.3592611245576,1.855145504683632,0.5000000000000001,0.8660254037844387,0.0,299.99957748946235
a2,386.5810414144313,172.1079466389103,110.24919946638092,4.825247343591293,0.5000000000000001,0.8660254037844387,0.0,1970.668124227275
a2,103.06419839120213,3.049547748563574,36.42842613362609,1.855145504683632,0.5000000000000001,0.8660254037844387,0.0,299.99957748946235
a2,233.83946248920907,0.0,17.430963940943716,1.855145504683632,0.5000000000000001,0.8660254037844387,0.0,299.99957748946235
a2,144.56257828512065,2.756621597654885e-14,19.67652881783443,1.855145504683632,0.5000000000000001,0.8660254037844387,0.0,299.99957748946235
a2,0.0,173.20508075000004,101.35818620689663,1.855145504683632,0.5000000000000001,0.8660254037844387,0.0,299.99957748946235
a2,381.4024618228201,141.2929845682963,585.9489581458566,1.855145504683632,0.5000000000000001,0.8660254037844387,0.0,299.99957748946235
a2,131.0530358086151,2.37421087905713,568.1235842008147,1.855145504683632,0.5000000000000001,0.8660254037844387,0.0,299.99957748946235
a2,309.58633488980826,329.8061424131422,313.8094085428929,1.855145504683632,0.5000000000000001,0.8660254037844387,0.0,299.99957748946235
a2,34.75990037726087,230.93183917981057,513.3083140512686,1.855145504683632,0.5000000000000001,0.8660254037844387,0.0,299.99957748946235
a2,75.94539693961084,301.28699525933166,143.22005415146302,1.855145504683632,0.5000000000000001,0.8660254037844387,0.0,299.99957748946235
a2,333.367800688299,57.7947261266675,74.92973818605259,1.855145504683632,0.5000000000000001,0.8660254037844387,0.0,299.99957748946235
a2,61.656867849891896,279.2195046274796,65.85662478032067,1.855145504683632,0.5000000000000001,0.8660254037844387,0.0,299.99957748946235
a2,307.52997826359416,256.7048766437846,190.1407312852327,4.771163890698242,0.5000000000000001,0.8660254037844387,0.0,1926.7395009624802
a2,137.92679223489586,151.00274307455734,400.09316002068545,4.745725092563158,0.5000000000000001,0.8660254037844387,0.0,1906.2483702577986
a2,24.882712814611832,131.5002956408542,249.41991158087467,1.855145504683632,0.5000000000000001,0.8660254037844387,0.0,299.99957748946235
a2,169.75638195757477,2.756621597654885e-14,295.204500496041,1.855145504683632,0.5000000000000001,0.8660254037844387,0.0,299.99957748946235
a2,192.26117898099557,1.3783107988274425e-14,594.337264597446,1.855145504683632,0.5000000000000001,0.8660254037844387,0.0,299.99957748946235
a2,150.74551795719853,293.18997344954624,599.4878121737104,4.769155017513936,0.5000000000000001,0.8660254037844387,0.0,1925.1173556902986
a2,27.103734346684295,216.3481268735699,269.21523247303827,1.855145504683632,0.5000000000000001,0.8660254037844387,0.0,299.99957748946235
a2,118.46403420614914,2.421380925451213,260.1441395224784,1.855145504683632,0.5000000000000001,0.8660254037844387,0.0,299.99957748946235
a2,268.45177382870037,345.29727247254567,569.8482971586359,1.855145504683632,0.5000000000000001,0.8660254037844387,0.0,299.99957748946235
a2,60.551495974749216,89.63350569107612,37.36560497406714,4.806461839808071,0.5000000000000001,0.8660254037844387,0.0,1955.3537047477794
a2,266.5378579219091,53.173456109010154,0.9470560051609873,1.855145504683632,0.5000000000000001,0.8660254037844387,0.0,299.99957748946235
a2,303.77320748886893,35.21344301046936,634.2985895281957,4.812039925151874,0.5000000000000001,0.8660254037844387,0.0,1959.8948659094397
a2,159.56950088226247,2.756621597654885e-14,335.7242929174806,1.855145504683632,0.5000000000000001,0.8660254037844387,0.0,299.99957748946235
a2,231.50686949593867,56.64644094433037,650.8071808905296,1.855145504683632,0.5000000000000001,0.8660254037844387,0.0,299.99957748946235
a2,66.29327491447432,63.23054486207776,316.14375454451033,1.855145504683632,0.5000000000000001,0.8660254037844387,0.0,299.99957748946235
a2,321.13807991833977,303.4003050579215,314.88241463917365,1.855145504683632,0.5000000000000001,0.8660254037844387,0.0,299.99957748946235
a2,206.3286287160875,275.27410292008693,355.80785632187525,4.75170479446936,0.5000000000000001,0.8660254037844387,0.0,1911.055213527902
a2,235.93787928632713,13.375964148197893,360.2739208698939,4.8106141151883595,0.5000000000000001,0.8660254037844387,0.0,1958.7336022150216
a2,74.14173091598123,224.34384790158703,126.18703795393036,4.7690715994554305,0.5000000000000001,0.8660254037844387,0.0,1925.0500112038364
a2,151.934878245521,188.39421695681602,170.266206714594,4.74495339451754,0.5000000000000001,0.8660254037844387,0.0,1905.6284740311103
a2,231.2834937960993,346.41016149999984,408.6241761643236,1.855145504683632,0.5000000000000001,0.8660254037844387,0.0,299.99957748946235
a2,20.454699692718663,137.77650163005663,474.09623710296336,1.855145504683632,0.5000000000000001,0.8660254037844387,0.0,299.99957748946235
a2,203.86936409295112,346.41016149999984,45.97476864607322,1.855145504683632,0.5000000000000001,0.8660254037844387,0.0,299.99957748946235
a2,29.789402531239038,224.8018394591751,552.4424501065379,1.855145504683632,0.5000000000000001,0.8660254037844387,0.0,299.99957748946235
a2,64.97440877202472,60.66610356957947,341.37431156265626,1.855145504683632,0.5000000000000001,0.8660254037844387,0.0,299.99957748946235
a2,251.87675102795131,42.18782366886816,0.8795294134045109,1.855145504683632,0.5000000000000001,0.8660254037844387,0.0,299.99957748946235
a2,214.30627117974197,345.77695848782366,451.3359206698505,1.855145504683632,0.5000000000000001,0.8660254037844387,0.0,299.99957748946235
a2,363.10429463091464,109.29984447219364,74.54156706386233,1.855145504683632,0.5000000000000001,0.8660254037844387,0.0,299.99957748946235
a2,197.0622766612609,0.3828954536261322,68.08336513719901,1.855145504683632,0.5000000000000001,0.8660254037844387,0.0,299.99957748946235
a2,30.699895655977247,193.99921639670362,653.0726923368089,1.855145504683632,0.5000000000000001,0.8660254037844387,0.0,299.99957748946235
a2,222.71527119343526,344.2130577902962,634.9513426575234,1.855145504683632,0.5000000000000001,0.8660254037844387,0.0,299.99957748946235
a2,366.5220892158176,116.8358288770262,345.02979499176547,1.855145504683632,0.5000000000000001,0.8660254037844387,0.0,299.99957748946235
a2,363.8176475511433,235.87475352629173,293.1319111677496,1.855145504683632,0.5000000000000001,0.8660254037844387,0.0,299.99957748946235
a2,219.13798006631347,61.36145221778861,652.8616996724095,1.855145504683632,0.5000000000000001,0.8660254037844387,0.0,299.99957748946235
a2,317.8540376478761,313.3249460793349,104.8761279307267,1.855145504683632,0.5000000000000001,0.8660254037844387,0.0,299.99957748946235
a2,110.43922579405033,346.099565487975,420.4331252063165,1.855145504683632,0.5000000000000001,0.8660254037844387,0.0,299.99957748946235
a2,256.30470848769534,128.00129974343457,653.1971999999998,1.855145504683632,0.5000000000000001,0.8660254037844387,0.0,299.99957748946235
a2,164.87483240271837,346.4101615000001,42.33128041703375,1.855145504683632,0.5000000000000001,0.8660254037844387,0.0,299.99957748946235
a2,70.34338574135296,54.86842771738269,300.8876890647382,1.855145504683632,0.5000000000000001,0.8660254037844387,0.0,299.99957748946235
a2,382.8673995382469,200.84858941994167,591.9360157652604,1.855145504683632,0.5000000000000001,0.8660254037844387,0.0,299.99957748946235
a2,39.91098278471974,104.0772307896075,289.9254024816325,1.855145504683632,0.5000000000000001,0.8660254037844387,0.0,299.99957748946235
a2,226.64033423944875,10.171016524235576,95.38789390014712,4.812312754728275,0.5000000000000001,0.8660254037844387,0.0,1960.117113626783
a2,159.0298945315477,110.04539614995959,545.1907158180006,4.7490910700549085,0.5000000000000001,0.8660254037844387,0.0,1908.9534003399974
a2,398.66464310368974,174.29780185370416,451.69738652395466,1.855145504683632,0.5000000000000001,0.8660254037844387,0.0,299.99957748946235
a2,182.0403662283838,149.62479879089025,516.3303451836298,4.745036787967659,0.5000000000000001,0.8660254037844387,0.0,1905.6954581788475
a2,73.7081381516048,300.87132095480854,247.33108766533337,1.855145504683632,0.5000000000000001,0.8660254037844387,0.0,299.99957748946235
a2,4.8765980075936275,181.65159626690547,568.7320448275864,1.855145504683632,0.5000000000000001,0.8660254037844387,0.0,299.99957748946235
a2,308.12603232560326,223.30822336546532,361.71022315582195,4.756048020130891,0.5000000000000001,0.8660254037844387,0.0,1914.5503537839904
a2,318.6920045206729,36.78248295895266,428.2211696412141,1.855145504683632,0.5000000000000001,0.8660254037844387,0.0,299.99957748946235
a2,281.9720896158868,2.1710942964389672,292.2660867528975,1.855145504683632,0.5000000000000001,0.8660254037844387,0.0,299.99957748946235
a2,127.1368785987345,2.3545421208760917,626.2832452220836,1.855145504683632,0.5000000000000001,0.8660254037844387,0.0,299.99957748946235
a2,260.2696075485838,277.44056210125615,653.1971999999998,1.855145504683632,0.5000000000000001,0.8660254037844387,0.0,299.99957748946235
a2,384.66164824553545,199.77188529203943,454.7461544602573,1.855145504683632,0.5000000000000001,0.8660254037844387,0.0,299.99957748946235
a2,395.12340199240646,181.65159626690547,411.0637551724139,1.855145504683632,0.5000000000000001,0.8660254037844387,0.0,299.99957748946235
a2,354.9530413527163,135.5022391019112,0.12338184041828162,1.855145504683632,0.5000000000000001,0.8660254037844387,0.0,299.99957748946235
a2,314.5450985252396,27.359724127163275,17.389732135416875,1.855145504683632,0.5000000000000001,0.8660254037844387,0.0,299.99957748946235
a2,96.09492843880548,248.59219470890326,544.9353899817684,4.7665910058595875,0.5000000000000001,0.8660254037844387,0.0,1923.0479339768794
a2,49.71646182224917,259.31651859526954,552.1737720394419,1.855145504683632,0.5000000000000001,0.8660254037844387,0.0,299.99957748946235
a2,85.58559156858965,43.823413535614165,18.43606263322777,4.825995435482356,0.5000000000000001,0.8660254037844387,0.0,1971.2792245583742
a2,395.12340199240646,181.65159626690547,197.08536206896562,1.855145504683632,0.5000000000000001,0.8660254037844387,0.0,299.99957748946235
a2,40.596420115781264,103.80729829461876,188.39387602693805,1.855145504683632,0.5000000000000001,0.8660254037844387,0.0,299.99957748946235
a2,378.07135250179954,137.3477974973684,194.39655838216106,1.855145504683632,0.5000000000000001,0.8660254037844387,0.0,299.99957748946235
a2,263.78326967403063,228.48884227424668,650.3477109415611,1.855145504683632,0.5000000000000001,0.8660254037844387,0.0,299.99957748946235
a2,11.736276481941374,186.8324074252412,32.41967533608256,1.855145504683632,0.5000000000000001,0.8660254037844387,0.0,299.99957748946235
a2,251.00026418432088,343.2874026821155,239.22658331603324,1.855145504683632,0.5000000000000001,0.8660254037844387,0.0,299.99957748946235
a2,106.04077747366846,225.7852351726739,0.0,1.855145504683632,0.5000000000000001,0.8660254037844387,0.0,299.99957748946235
a2,95.07988534379902,146.02898123916944,653.1971999999998,1.855145504683632,0.5000000000000001,0.8660254037844387,0.0,299.99957748946235
a2,222.2710644000925,87.73497890732654,653.1971999999998,1.855145504683632,0.5000000000000001,0.8660254037844387,0.0,299.99957748946235
a2,90.28664364841354,16.824026712300498,168.93031034482766,1.855145504683632,0.5000000000000001,0.8660254037844387,0.0,299.99957748946235
a2,168.90440173510817,61.66113178136521,610.7582531779584,4.772883693120378,0.5000000000000001,0.8660254037844387,0.0,1928.1287672064136
a2,69.10655403167645,292.9011434641076,379.38894753686264,1.855145504683632,0.5000000000000001,0.8660254037844387,0.0,299.99957748946235
a2,158.16011949741514,156.71500066999386,653.1971999999998,1.855145504683632,0.5000000000000001,0.8660254037844387,0.0,299.99957748946235
a2,4.859654349483129,166.94166023467452,357.7351148696646,1.855145504683632,0.5000000000000001,0.8660254037844387,0.0,299.99957748946235
a2,100.33619315776969,235.15099973997374,2.741165916083806,1.855145504683632,0.5000000000000001,0.8660254037844387,0.0,299.99957748946235
a2,9.517182258304311,156.8096802120146,179.8974060934246,1.855145504683632,0.5000000000000001,0.8660254037844387,0.0,299.99957748946235
a2,203.86936409295112,346.41016149999984,45.97476864607322,1.855145504683632,0.5000000000000001,0.8660254037844387,0.0,299.99957748946235
a2,59.87503680329518,69.49847490576033,301.17236179683,1.855145504683632,0.5000000000000001,0.8660254037844387,0.0,299.99957748946235
a2,352.85067096771377,253.74948946583874,418.76734469470654,1.855145504683632,0.5000000000000001,0.8660254037844387,0.0,299.99957748946235
a2,223.28731439237444,65.88395952536973,0.5098310818803118,1.855145504683632,0.5000000000000001,0.8660254037844387,0.0,299.99957748946235
a2,382.77646773399294,144.1958461158631,82.70678857817957,1.855145504683632,0.5000000000000001,0.8660254037844387,0.0,299.99957748946235
a2,136.52948216904164,0.16099353921857049,165.80730987888353,1.855145504683632,0.5000000000000001,0.8660254037844387,0.0,299.99957748946235
a2,27.851726900256715,126.40393367172939,597.4820265912564,1.855145504683632,0.5000000000000001,0.8660254037844387,0.0,299.99957748946235
a2,77.869613899294,43.745997163689665,284.43969779633295,1.855145504683632,0.5000000000000001,0.8660254037844387,0.0,299.99957748946235
a2,135.29831038638974,69.66950741421904,320.1115874007966,4.756169118551718,0.5000000000000001,0.8660254037844387,0.0,1914.647851527968
a2,251.0724295026664,267.64775875835755,157.76972027235217,4.752840291377241,0.5000000000000001,0.8660254037844387,0.0,1911.9686779191652
a2,74.85681218505087,43.54927875800675,329.84858349272275,1.855145504683632,0.5000000000000001,0.8660254037844387,0.0,299.99957748946235
a2,363.8176475511433,235.87475352629173,293.1319111677496,1.855145504683632,0.5000000000000001,0.8660254037844387,0.0,299.99957748946235
a2,159.61179774611264,346.19360200101283,495.1849777572271,1.855145504683632,0.5000000000000001,0.8660254037844387,0.0,299.99957748946235
a2,19.741899786276857,140.07834203365834,208.00371799666905,1.855145504683632,0.5000000000000001,0.8660254037844387,0.0,299.99957748946235
a2,349.0958163626992,85.51427641367765,244.28465125940383,1.855145504683632,0.5000000000000001,0.8660254037844387,0.0,299.99957748946235
a2,372.3075043300097,215.47052635439948,282.13291914937116,1.855145504683632,0.5000000000000001,0.8660254037844387,0.0,299.99957748946235
a2,200.47453804568175,0.8439728054480853,356.5230305914734,1.855145504683632,0.5000000000000001,0.8660254037844387,0.0,299.99957748946235
a2,237.84409177983693,2.775253119979903,222.89083534929563,1.855145504683632,0.5000000000000001,0.8660254037844387,0.0,299.99957748946235
a2,59.91364731477783,276.85163622921175,298.15051417520397,1.855145504683632,0.5000000000000001,0.8660254037844387,0.0,299.99957748946235
a2,57.90633683037427,74.7092567256722,396.7594155000635,1.855145504683632,0.5000000000000001,0.8660254037844387,0.0,299.99957748946235
a2,206.71859569209118,227.94093018964483,133.88085856927285,4.74634636864374,0.5000000000000001,0.8660254037844387,0.0,1906.7475074869556
a2,222.9127577817258,228.40827396689704,0.6800448359025445,1.855145504683632,0.5000000000000001,0.8660254037844387,0.0,299.99957748946235
a2,315.8940155874357,82.97692456245657,653.1971999999998,1.855145504683632,0.5000000000000001,0.8660254037844387,0.0,299.99957748946235
a2,383.2653547768136,144.2198249779536,303.0746399905677,1.855145504683632,0.5000000000000001,0.8660254037844387,0.0,299.99957748946235
a2,30.19603196048206,177.48975208208518,189.62343795752707,4.795588275732705,0.5000000000000001,0.8660254037844387,0.0,1946.5165956290548
a2,153.64665996545557,168.67735318602382,1.1895023449748123,1.855145504683632,0.5000000000000001,0.8660254037844387,0.0,299.99957748946235
a2,226.87826024589447,176.45166634427446,2.3687961440328498,1.855145504683632,0.5000000000000001,0.8660254037844387,0.0,299.99957748946235
a2,59.935648685593875,261.72293308606635,487.4408729002135,4.810842343025621,0.5000000000000001,0.8660254037844387,0.0,1958.9194612872325
a2,341.23069414552094,269.01154066369975,281.563342464296,1.855145504683632,0.5000000000000001,0.8660254037844387,0.0,299.99957748946235
a2,45.319394314666226,223.34833538562748,192.6528981222713,4.804927625231718,0.5000000000000001,0.8660254037844387,0.0,1954.1056127129095
a2,77.70499514501066,300.1578002206826,168.40060189100362,1.855145504683632,0.5000000000000001,0.8660254037844387,0.0,299.99957748946235
a2,82.8841877562106,234.02202172891612,570.6347326280688,4.770180503947665,0.5000000000000001,0.8660254037844387,0.0,1925.9453405108084
a2,19.70997101991043,207.3437519708375,518.0137892772756,1.855145504683632,0.5000000000000001,0.8660254037844387,0.0,299.99957748946235
a2,159.11784828292332,77.01177653525274,653.1971999999998,1.855145504683632,0.5000000000000001,0.8660254037844387,0.0,299.99957748946235
a2,314.3901590571358,192.93730722885667,239.556367255578,4.7557374896648605,0.5000000000000001,0.8660254037844387,0.0,1914.3003534466231
a2,372.78088467138303,129.6371558216289,331.8300377748738,1.855145504683632,0.5000000000000001,0.8660254037844387,0.0,299.99957748946235
a2,334.3177087874705,59.44001521688778,397.06420530614173,1.855145504683632,0.5000000000000001,0.8660254037844387,0.0,299.99957748946235
a2,311.77624696466205,26.49834493804457,566.4210151096863,1.855145504683632,0.5000000000000001,0.8660254037844387,0.0,299.99957748946235
a2,329.0247111683998,296.1378870833191,242.00695223645639,1.855145504683632,0.5000000000000001,0.8660254037844387,0.0,299.99957748946235
a2,140.04282700266685,2.756621597654885e-14,277.5873943402488,1.855145504683632,0.5000000000000001,0.8660254037844387,0.0,299.99957748946235
a2,333.47086878285745,57.97324530307459,109.44412792373616,1.855145504683632,0.5000000000000001,0.8660254037844387,0.0,299.99957748946235
a2,212.97361946624753,345.07571031607245,165.30411435572512,1.855145504683632,0.5000000000000001,0.8660254037844387,0.0,299.99957748946235
a2,222.17272286589576,0.6065234544728056,418.16016134643195,1.855145504683632,0.5000000000000001,0.8660254037844387,0.0,299.99957748946235
a2,142.58741717092434,33.75937633963898,0.0,1.855145504683632,0.5000000000000001,0.8660254037844387,0.0,299.99957748946235
a2,0.0,173.20508075000004,405.4327448275862,1.855145504683632,0.5000000000000001,0.8660254037844387,0.0,299.99957748946235
a2,95.14325905058786,223.40318868295375,590.4636744203032,4.763573325869329,0.5000000000000001,0.8660254037844387,0.0,1920.6137808019048
a2,81.2356182548081,298.42816270814615,405.91760417629433,4.815500969520288,0.5000000000000001,0.8660254037844387,0.0,1962.715176057007
a2,363.36710886469996,109.75505207804402,155.07485173370597,1.855145504683632,0.5000000000000001,0.8660254037844387,0.0,299.99957748946235
a2,150.2418756340987,288.9170420706159,488.99821916568663,4.760238552387635,0.5000000000000001,0.8660254037844387,0.0,1917.9256433052506
a2,258.19304206761046,0.0,60.138231210501516,1.855145504683632,0.5000000000000001,0.8660254037844387,0.0,299.99957748946235
a2,240.91434565511295,0.0,598.9629197251647,1.855145504683632,0.5000000000000001,0.8660254037844387,0.0,299.99957748946235
a2,257.5204183552032,170.59902407247034,1.8905690767310745,1.855145504683632,0.5000000000000001,0.8660254037844387,0.0,299.99957748946235
a2,178.48245000263034,2.756621597654885e-14,82.83973315384563,1.855145504683632,0.5000000000000001,0.8660254037844387,0.0,299.99957748946235
a2,226.22742143552472,237.2472717668263,653.1971999999998,1.855145504683632,0.5000000000000001,0.8660254037844387,0.0,299.99957748946235
a2,66.10887691101772,129.17353830575576,0.0,1.855145504683632,0.5000000000000001,0.8660254037844387,0.0,299.99957748946235
a2,179.40958285832315,326.3758635838872,650.1258246853563,1.855145504683632,0.5000000000000001,0.8660254037844387,0.0,299.99957748946235
a2,317.5833526353005,33.871820039157896,357.6530139786043,1.855145504683632,0.5000000000000001,0.8660254037844387,0.0,299.99957748946235
a2,80.87055429725167,307.53161087052945,18.770343792714524,1.855145504683632,0.5000000000000001,0.8660254037844387,0.0,299.99957748946235
a2,0.0,173.20508075000004,213.97839310344838,1.855145504683632,0.5000000000000001,0.8660254037844387,0.0,299.99957748946235
a2,346.45727045938503,264.94234739947825,240.76482019190368,1.855145504683632,0.5000000000000001,0.8660254037844387,0.0,299.99957748946235
a2,298.22957358240694,0.33079197209021116,348.958516868752,1.855145504683632,0.5000000000000001,0.8660254037844387,0.0,299.99957748946235
a2,180.04748723237373,76.66848283441422,488.7079048699659,4.751610354873108,0.5000000000000001,0.8660254037844387,0.0,1910.9792502696257
a2,49.137475670061114,256.5838928486193,266.90727690887536,1.855145504683632,0.5000000000000001,0.8660254037844387,0.0,299.99957748946235
a3,77.60394222848939,91.6343743152555,0.0,1.855145504683632,-0.5000000000000001,0.8660254037844387,0.0,299.99957748946235
a3,55.31807190700843,83.990951637813,607.6625283099957,1.855145504683632,-0.5000000000000001,0.8660254037844387,0.0,299.99957748946235
a3,317.14190415924236,311.12125226652154,370.5744645156006,1.855145504683632,-0.5000000000000001,0.8660254037844387,0.0,299.99957748946235
a3,333.76094230127194,60.312325851179324,595.1836602628672,1.855145504683632,-0.5000000000000001,0.8660254037844387,0.0,299.99957748946235
a3,394.89471166829156,164.36246197254385,489.4707147138044,1.855145504683632,-0.5000000000000001,0.8660254037844387,0.0,299.99957748946235
a3,139.93968775596713,2.756621597654885e-14,323.9297039937652,1.855145504683632,-0.5000000000000001,0.8660254037844387,0.0,299.99957748946235
a3,24.30513888780726,133.37305735453702,205.22418147450702,1.855145504683632,-0.5000000000000001,0.8660254037844387,0.0,299.99957748946235
a3,231.85984948745775,247.2776743692302,653.1971999999998,1.855145504683632,-0.5000000000000001,0.8660254037844387,0.0,299.99957748946235
a3,149.7542547543509,336.5787925272775,0.0,1.855145504683632,-0.5000000000000001,0.8660254037844387,0.0,299.99957748946235
a3,358.66699051702005,244.79595320140095,241.4255435379467,1.855145504683632,-0.5000000000000001,0.8660254037844387,0.0,299.99957748946235
a3,112.69413333138363,346.3353932724172,363.52200482712345,1.855145504683632,-0.5000000000000001,0.8660254037844387,0.0,299.99957748946235
a3,140.79992783847413,2.756621597654885e-14,508.3415941604317,1.855145504683632,-0.5000000000000001,0.8660254037844387,0.0,299.99957748946235
a3,218.60627325627763,78.03951877986708,650.20386861018,1.855145504683632,-0.5000000000000001,0.8660254037844387,0.0,299.99957748946235
a3,50.21492497857942,86.23027939229958,393.3361507112479,1.855145504683632,-0.5000000000000001,0.8660254037844387,0.0,299.99957748946235
a3,65.0071012385573,257.9329428213707,14.294781335879255,4.82409707562102,-0.5000000000000001,0.8660254037844387,0.0,1969.7286796448584
a3,130.29299544430933,2.756621597654885e-14,535.9766894240489,1.855145504683632,-0.5000000000000001,0.8660254037844387,0.0,299.99957748946235
a3,74.1592159410629,44.75755089571507,99.64585867357944,1.855145504683632,-0.5000000000000001,0.8660254037844387,0.0,299.99957748946235
a3,238.67718568979598,8.257542805921826,425.93873568724587,4.811133901588343,-0.5000000000000001,0.8660254037844387,0.0,1959.1569070435924
a3,60.6995230990352,275.4951262459536,151.20927594402505,1.855145504683632,-0.5000000000000001,0.8660254037844387,0.0,299.99957748946235
a3,219.51923774737298,134.21406813554495,148.76190329204246,4.745133602390861,-0.5000000000000001,0.8660254037844387,0.0,1905.7732239357927
a3,398.36995578299945,170.72913339438475,494.67756645196994,1.855145504683632,-0.5000000000000001,0.8660254037844387,0.0,299.99957748946235
a3,333.16101067788424,62.61198157932432,535.3160066835735,1.855145504683632,-0.5000000000000001,0.8660254037844387,0.0,299.99957748946235
a3,17.844550619300154,145.45885183667667,342.5819945917759,1.855145504683632,-0.5000000000000001,0.8660254037844387,0.0,299.99957748946235
a3,191.95433862706457,216.90682189521553,653.1971999999998,1.855145504683632,-0.5000000000000001,0.8660254037844387,0.0,299.99957748946235
a3,74.19036673856151,44.703596131753336,134.16117775108665,1.855145504683632,-0.5000000000000001,0.8660254037844387,0.0,299.99957748946235
a3,277.7777777777779,346.41016149999984,653.1971999999998,1.855145504683632,-0.5000000000000001,0.8660254037844387,0.0,299.99957748946235
a3,359.192616147431,102.52461859619544,402.4921143142778,1.855145504683632,-0.5000000000000001,0.8660254037844387,0.0,299.99957748946235
a3,79.76464920592217,35.04865568292817,289.4098123650421,1.855145504683632,-0.5000000000000001,0.8660254037844387,0.0,299.99957748946235
a3,12.589213928411297,157.04497871080395,313.96911527979995,1.855145504683632,-0.5000000000000001,0.8660254037844387,0.0,299.99957748946235
a3,75.32871618463865,42.73191705445826,490.717186127778,1.855145504683632,-0.5000000000000001,0.8660254037844387,0.0,299.99957748946235
a3,35.07659790200195,231.29402457411248,100.43830547149712,1.855145504683632,-0.5000000000000001,0.8660254037844387,0.0,299.99957748946235
a3,185.5689883634221,129.00586149759553,651.7631360739466,1.855145504683632,-0.5000000000000001,0.8660254037844387,0.0,299.99957748946235
a3,374.770151085623,130.11975445113686,500.1705833240386,1.855145504683632,-0.5000000000000001,0.8660254037844387,0.0,299.99957748946235
a3,328.4512247225121,167.2291486354329,52.212751380602135,4.771252216185648,-0.5000000000000001,0.8660254037844387,0.0,1926.8108386002746
a3,265.5152682425657,33.64706790039045,653.1971999999998,1.855145504683632,-0.5000000000000001,0.8660254037844387,0.0,299.99957748946235
a3,373.6684229330359,218.8127100715837,258.4875869932544,1.855145504683632,-0.5000000000000001,0.8660254037844387,0.0,299.99957748946235
a3,25.925850121375916,130.14780627808346,328.5157504316598,1.855145504683632,-0.5000000000000001,0.8660254037844387,0.0,299.99957748946235
a3,156.67264496694756,2.756621597654885e-14,21.22836512860264,1.855145504683632,-0.5000000000000001,0.8660254037844387,0.0,299.99957748946235
a3,349.5666188310175,85.8519021713088,506.1650231283565,1.855145504683632,-0.5000000000000001,0.8660254037844387,0.0,299.99957748946235
a3,35.65492666793539,111.44893622344918,514.3326805842555,1.855145504683632,-0.5000000000000001,0.8660254037844387,0.0,299.99957748946235
a3,317.84139628538634,121.46862658297509,608.8362504803778,4.778135800506479,-0.5000000000000001,0.8660254037844387,0.0,1932.3745488976583
a3,106.72314706112229,185.79153307664214,1.8998765478045672,1.855145504683632,-0.5000000000000001,0.8660254037844387,0.0,299.99957748946235
a3,394.89471166829156,164.36246197254385,489.4707147138044,1.855145504683632,-0.5000000000000001,0.8660254037844387,0.0,299.99957748946235
a3,110.24853530664669,2.756621597654885e-14,467.6780071259531,1.855145504683632,-0.5000000000000001,0.8660254037844387,0.0,299.99957748946235
a3,151.6554467226665,269.9569957673807,341.39172584064295,4.751619670223459,-0.5000000000000001,0.8660254037844387,0.0,1910.9867430804204
a3,312.3624232358358,22.69457736824108,274.14929247793975,1.855145504683632,-0.5000000000000001,0.8660254037844387,0.0,299.99957748946235
a3,314.6984038511786,122.57452658036209,0.7151465608379182,1.855145504683632,-0.5000000000000001,0.8660254037844387,0.0,299.99957748946235
a3,202.65792460286661,97.6580802671451,262.4524412930482,4.746469884652578,-0.5000000000000001,0.8660254037844387,0.0,1906.8467488351957
a3,322.2979979521999,160.5492317114613,397.5656204368767,4.7573248403587165,-0.5000000000000001,0.8660254037844387,0.0,1915.5784614656957
a3,384.7759423694182,146.83623943752417,488.973594463609,1.855145504683632,-0.5000000000000001,0.8660254037844387,0.0,299.99957748946235
a3,88.14904521863585,26.509316637262394,340.7001652850423,1.855145504683632,-0.5000000000000001,0.8660254037844387,0.0,299.99957748946235
a3,180.4501700374598,216.7685478955523,0.0,1.855145504683632,-0.5000000000000001,0.8660254037844387,0.0,299.99957748946235
a3,68.65225729417483,55.552970158606975,185.65810365898264,1.855145504683632,-0.5000000000000001,0.8660254037844387,0.0,299.99957748946235
a3,91.61543811663817,19.34081701724839,370.5695318084613,1.855145504683632,-0.5000000000000001,0.8660254037844387,0.0,299.99957748946235
a3,94.60547820565638,336.2073897074797,195.24483078587502,1.855145504683632,-0.5000000000000001,0.8660254037844387,0.0,299.99957748946235
a3,4.5723858808038065,181.12468540704785,218.9608515199968,1.855145504683632,-0.5000000000000001,0.8660254037844387,0.0,299.99957748946235
a3,40.222553248176226,229.751726446218,0.16085634505781637,1.855145504683632,-0.5000000000000001,0.8660254037844387,0.0,299.99957748946235
a3,309.18528548197554,15.909381136173705,121.04945331674452,1.855145504683632,-0.5000000000000001,0.8660254037844387,0.0,299.99957748946235
a3,238.41201786985096,2.92049883509332,382.6107765157364,1.855145504683632,-0.5000000000000001,0.8660254037844387,0.0,299.99957748946235
a3,200.27161260672716,0.0,370.3292878309745,1.855145504683632,-0.5000000000000001,0.8660254037844387,0.0,299.99957748946235
a3,340.5512321889991,119.63875126066735,116.87885694948494,4.783539102160668,-0.5000000000000001,0.8660254037844387,0.0,1936.7474284856764
a3,204.17679753100785,157.26794279015755,0.0,1.855145504683632,-0.5000000000000001,0.8660254037844387,0.0,299.99957748946235
a3,389.371802583776,187.02237297808614,418.6354706798834,1.855145504683632,-0.5000000000000001,0.8660254037844387,0.0,299.99957748946235
a3,59.64517023612152,276.51354602094926,540.5494290860446,1.855145504683632,-0.5000000000000001,0.8660254037844387,0.0,299.99957748946235
a3,188.8297203089441,2.351174209715575,317.1091649883202,1.855145504683632,-0.5000000000000001,0.8660254037844387,0.0,299.99957748946235
a3,343.5008786355223,268.62206142556,463.031115348309,1.855145504683632,-0.5000000000000001,0.8660254037844387,0.0,299.99957748946235
a3,137.0913069757729,2.209020547303684,362.49215870743126,1.855145504683632,-0.5000000000000001,0.8660254037844387,0.0,299.99957748946235
a3,171.95776582219935,82.66994306921875,506.7010851485689,4.7507460004132,-0.5000000000000001,0.8660254037844387,0.0,1910.2840698654356
a3,11.315774535549144,188.3546045299198,189.22757575924095,1.855145504683632,-0.5000000000000001,0.8660254037844387,0.0,299.99957748946235
a3,52.373480739586775,262.75437765554005,74.02309896721538,1.855145504683632,-0.5000000000000001,0.8660254037844387,0.0,299.99957748946235
a3,56.10316321927192,266.61730814012424,581.60814638585,1.855145504683632,-0.5000000000000001,0.8660254037844387,0.0,299.99957748946235
a3,400.0000000000001,173.20508075,608.1491172413793,1.855145504683632,-0.5000000000000001,0.8660254037844387,0.0,299.99957748946235
a3,74.84839739397302,157.98075051745286,650.1530993461913,1.855145504683632,-0.5000000000000001,0.8660254037844387,0.0,299.99957748946235
a3,54.24658463216385,249.45220865769946,0.0,1.855145504683632,-0.5000000000000001,0.8660254037844387,0.0,299.99957748946235
a3,117.78871320011969,166.1933458436052,653.1971999999998,1.855145504683632,-0.5000000000000001,0.8660254037844387,0.0,299.99957748946235
a3,331.6306248367457,286.82383529299614,168.56403469193506,1.855145504683632,-0.5000000000000001,0.8660254037844387,0.0,299.99957748946235
a3,156.2156412212358,138.02448872771706,652.7491409308694,1.855145504683632,-0.5000000000000001,0.8660254037844387,0.0,299.99957748946235
a3,34.598717306111546,113.27834450148526,157.7493964295942,1.855145504683632,-0.5000000000000001,0.8660254037844387,0.0,299.99957748946235
a3,193.63035676416666,77.42648526768924,653.1971999999998,1.855145504683632,-0.5000000000000001,0.8660254037844387,0.0,299.99957748946235
a3,17.285085995455244,144.34910282687196,579.3598515891948,1.855145504683632,-0.5000000000000001,0.8660254037844387,0.0,299.99957748946235
a3,94.73487784989852,337.2907024283306,50.368095681363016,1.855145504683632,-0.5000000000000001,0.8660254037844387,0.0,299.99957748946235
a3,363.4083047673455,235.4336766061083,386.7924331929634,1.855145504683632,-0.5000000000000001,0.8660254037844387,0.0,299.99957748946235
a3,357.6386524399764,246.22607997074272,606.807295278273,1.855145504683632,-0.5000000000000001,0.8660254037844387,0.0,299.99957748946235
a3,69.43219336052016,290.8177200495329,575.4886165695854,1.855145504683632,-0.5000000000000001,0.8660254037844387,0.0,299.99957748946235
a3,391.9303826476293,184.29787714701672,297.4510867006272,1.855145504683632,-0.5000000000000001,0.8660254037844387,0.0,299.99957748946235
a3,84.91827062772538,26.122321537744632,217.1798247979709,1.855145504683632,-0.5000000000000001,0.8660254037844387,0.0,299.99957748946235
a3,338.07981040162645,213.01281463714562,466.56500289905784,4.775042677452693,-0.5000000000000001,0.8660254037844387,0.0,1929.8735159055777
a3,367.9111649045772,226.61208433339877,217.15078600683327,1.855145504683632,-0.5000000000000001,0.8660254037844387,0.0,299.99957748946235
a3,186.53767714102224,1.0191378394775221,274.59773846035023,1.855145504683632,-0.5000000000000001,0.8660254037844387,0.0,299.99957748946235
a3,121.46400216241167,326.70976250666274,639.8018475943478,4.814412885177672,-0.5000000000000001,0.8660254037844387,0.0,1961.8283074253227
a3,212.66524526972432,50.787676322166455,2.096642273358673,1.855145504683632,-0.5000000000000001,0.8660254037844387,0.0,299.99957748946235
a3,77.13083171442723,42.007139778277406,535.636954092001,1.855145504683632,-0.5000000000000001,0.8660254037844387,0.0,299.99957748946235
a3,353.02026777313023,254.57636388968362,63.473991215172965,1.855145504683632,-0.5000000000000001,0.8660254037844387,0.0,299.99957748946235
a3,131.08268058226273,67.20489571766173,653.1971999999998,1.855145504683632,-0.5000000000000001,0.8660254037844387,0.0,299.99957748946235
a3,290.24680398481274,0.0,320.96758965517256,1.855145504683632,-0.5000000000000001,0.8660254037844387,0.0,299.99957748946235
a3,37.09199743974715,112.2639965961673,177.96917259625596,1.855145504683632,-0.5000000000000001,0.8660254037844387,0.0,299.99957748946235
a3,183.05224635735217,346.4101615000001,10.111930713684158,1.855145504683632,-0.5000000000000001,0.8660254037844387,0.0,299.99957748946235
a3,243.10143461876663,346.41016149999984,57.92344894102018,1.855145504683632,-0.5000000000000001,0.8660254037844387,0.0,299.99957748946235
a3,90.29514838197763,16.80929608166324,213.9783931034485,1.855145504683632,-0.5000000000000001,0.8660254037844387,0.0,299.99957748946235
a3,266.8458628294055,207.8395631561217,0.0,1.855145504683632,-0.5000000000000001,0.8660254037844387,0.0,299.99957748946235
a3,70.6242411177492,50.88030689292774,577.140559825171,1.855145504683632,-0.5000000000000001,0.8660254037844387,0.0,299.99957748946235
a3,89.95325538242548,329.0086893723838,563.1757102283009,1.855145504683632,-0.5000000000000001,0.8660254037844387,0.0,299.99957748946235
a3,320.57208291155047,310.77826868109213,612.401006817176,1.855145504683632,-0.5000000000000001,0.8660254037844387,0.0,299.99957748946235
a3,169.48430031346834,345.10104518277046,571.2253070240865,1.855145504683632,-0.5000000000000001,0.8660254037844387,0.0,299.99957748946235
a3,387.0877981175891,155.08286282115057,152.17656262496337,1.855145504683632,-0.5000000000000001,0.8660254037844387,0.0,299.99957748946235
a3,292.34335129156625,2.5248297796930745,410.49578493190006,1.855145504683632,-0.5000000000000001,0.8660254037844387,0.0,299.99957748946235
a3,48.23625917652643,96.04133892489745,528.466353786292,1.855145504683632,-0.5000000000000001,0.8660254037844387,0.0,299.99957748946235
a3,180.32054414701383,0.39007712192721083,206.40357355988098,1.855145504683632,-0.5000000000000001,0.8660254037844387,0.0,299.99957748946235
a3,72.7778383865633,299.2599944955514,49.710313130948435,1.855145504683632,-0.5000000000000001,0.8660254037844387,0.0,299.99957748946235
a3,384.90033594164066,199.3584660752599,557.5605887532461,1.855145504683632,-0.5000000000000001,0.8660254037844387,0.0,299.99957748946235
a3,130.2667380550304,346.4101615000001,534.7910507266969,1.855145504683632,-0.5000000000000001,0.8660254037844387,0.0,299.99957748946235
a3,21.075193001419365,206.94293813724778,519.6492657761547,1.855145504683632,-0.5000000000000001,0.8660254037844387,0.0,299.99957748946235
a3,59.77538057474209,71.24274848069216,246.1781273897551,1.855145504683632,-0.5000000000000001,0.8660254037844387,0.0,299.99957748946235
a3,358.4072257928051,101.16428259826283,286.04420947458084,1.855145504683632,-0.5000000000000001,0.8660254037844387,0.0,299.99957748946235
a3,141.6109422237945,346.4101615000001,425.241504352314,1.855145504683632,-0.5000000000000001,0.8660254037844387,0.0,299.99957748946235
a3,343.1897735550703,266.2016508955345,521.4108092185822,1.855145504683632,-0.5000000000000001,0.8660254037844387,0.0,299.99957748946235
a3,340.2108796144005,230.1798230504118,13.139869982278443,4.8149702403303465,-0.5000000000000001,0.8660254037844387,0.0,1962.282567761653
a3,169.04350012731078,2.756621597654885e-14,134.6743723147405,1.855145504683632,-0.5000000000000001,0.8660254037844387,0.0,299.99957748946235
a3,168.7065780434592,236.5550321269317,653.1971999999998,1.855145504683632,-0.5000000000000001,0.8660254037844387,0.0,299.99957748946235
a3,25.096581876987816,129.7365258444734,341.99418577670446,1.855145504683632,-0.5000000000000001,0.8660254037844387,0.0,299.99957748946235
a3,74.85681218505087,43.54927875800675,329.84858349272275,1.855145504683632,-0.5000000000000001,0.8660254037844387,0.0,299.99957748946235
a3,95.12545291149267,8.442963220845783,106.98919655172422,1.855145504683632,-0.5000000000000001,0.8660254037844387,0.0,299.99957748946235
a3,349.26674373811113,261.07765822550914,414.1269351208816,1.855145504683632,-0.5000000000000001,0.8660254037844387,0.0,299.99957748946235
a3,35.62994454927655,232.6413248290608,259.4140070728669,1.855145504683632,-0.5000000000000001,0.8660254037844387,0.0,299.99957748946235
a3,355.6552904162834,104.09821767104887,169.66824659604765,1.855145504683632,-0.5000000000000001,0.8660254037844387,0.0,299.99957748946235
a3,149.74522755491023,0.792238074193476,608.9633653615317,1.855145504683632,-0.5000000000000001,0.8660254037844387,0.0,299.99957748946235
a3,304.5444776470744,335.9945328533453,453.71416995256413,1.855145504683632,-0.5000000000000001,0.8660254037844387,0.0,299.99957748946235
a3,80.9149170149158,308.008597948962,402.0596471036181,1.855145504683632,-0.5000000000000001,0.8660254037844387,0.0,299.99957748946235
a3,359.52882683607976,240.51209667761037,561.7375688538516,1.855145504683632,-0.5000000000000001,0.8660254037844387,0.0,299.99957748946235
a3,88.7422977340976,257.9239496581723,630.3039645996784,4.7967725783218755,-0.5000000000000001,0.8660254037844387,0.0,1947.478124918795
a3,390.7395370438957,159.76386666461397,140.72540995890049,1.855145504683632,-0.5000000000000001,0.8660254037844387,0.0,299.99957748946235
a3,131.12791274967267,345.14875363066216,520.3342573144964,1.855145504683632,-0.5000000000000001,0.8660254037844387,0.0,299.99957748946235
a3,314.32660930962936,26.49696154518128,367.31073871744184,1.855145504683632,-0.5000000000000001,0.8660254037844387,0.0,299.99957748946235
a3,369.5816926554225,225.8911345489586,597.2173272038584,1.855145504683632,-0.5000000000000001,0.8660254037844387,0.0,299.99957748946235
a3,300.00000000000006,0.0,112.6202068965518,1.855145504683632,-0.5000000000000001,0.8660254037844387,0.0,299.99957748946235
a3,59.8021401877194,259.0747131438105,0.0,1.855145504683632,-0.5000000000000001,0.8660254037844387,0.0,299.99957748946235
a3,307.7208318413101,16.29770549409758,178.41730788533079,1.855145504683632,-0.5000000000000001,0.8660254037844387,0.0,299.99957748946235
a3,130.6361188758563,346.4101615000001,454.6728946440347,1.855145504683632,-0.5000000000000001,0.8660254037844387,0.0,299.99957748946235
a3,305.90832694029376,80.37866484554185,1.3095921036548395,1.855145504683632,-0.5000000000000001,0.8660254037844387,0.0,299.99957748946235
a3,193.49296044808162,346.4101615000001,109.18589126226114,1.855145504683632,-0.5000000000000001,0.8660254037844387,0.0,299.99957748946235
a3,163.04329947224127,343.4682004208921,160.00023967347374,1.855145504683632,-0.5000000000000001,0.8660254037844387,0.0,299.99957748946235
a3,77.7564821835074,244.83597451512708,110.9671351454285,4.7770557467075765,-0.5000000000000001,0.8660254037844387,0.0,1931.501056523972
a3,295.18778696832425,339.0337533732731,7.3847643238815115,4.962358876151819,-0.5000000000000001,0.8660254037844387,0.0,2084.25412392165
a3,400.0000000000001,173.20508075,326.5986000000001,1.855145504683632,-0.5000000000000001,0.8660254037844387,0.0,299.99957748946235
a3,75.99393625193036,42.95034915571894,558.7851667373639,1.855145504683632,-0.5000000000000001,0.8660254037844387,0.0,299.99957748946235
a3,133.9042680944537,314.2279980245554,571.30997240694,4.781688541252707,-0.5000000000000001,0.8660254037844387,0.0,1935.249217334319
a3,20.24496380326211,193.30457351500283,2.9666018382389265,1.855145504683632,-0.5000000000000001,0.8660254037844387,0.0,299.99957748946235
a3,46.47742720267339,141.1185180796608,651.6275078600954,1.855145504683632,-0.5000000000000001,0.8660254037844387,0.0,299.99957748946235
a3,369.7731316957218,225.5595524046213,643.3956773782774,1.855145504683632,-0.5000000000000001,0.8660254037844387,0.0,299.99957748946235
a3,200.94515236909803,327.7780389724264,651.5774201216601,1.855145504683632,-0.5000000000000001,0.8660254037844387,0.0,299.99957748946235
a3,165.38931838788574,33.85708412070467,0.0,1.855145504683632,-0.5000000000000001,0.8660254037844387,0.0,299.99957748946235
a3,400.0000000000001,173.20508075,292.81253793103457,1.855145504683632,-0.5000000000000001,0.8660254037844387,0.0,299.99957748946235
a3,232.67489583988493,335.50288352663557,280.5720572892305,4.814423994497216,-0.5000000000000001,0.8660254037844387,0.0,1961.837361323783
a3,70.98028263210715,52.587761057829695,280.10563166359844,1.855145504683632,-0.5000000000000001,0.8660254037844387,0.0,299.99957748946235
a3,9.343990308139695,189.38934670848556,200.78573846422458,1.855145504683632,-0.5000000000000001,0.8660254037844387,0.0,299.99957748946235
a3,194.37419651974216,12.993019555646617,129.1601852901089,4.809994557854151,-0.5000000000000001,0.8660254037844387,0.0,1958.2291054527548
a3,323.61373409570894,124.6536300550501,373.91896989666134,4.765853371657838,-0.5000000000000001,0.8660254037844387,0.0,1922.4527932700578
a3,212.31608492878743,344.84194443745184,235.75275816615476,1.855145504683632,-0.5000000000000001,0.8660254037844387,0.0,299.99957748946235
a3,362.31049636496397,201.24622077320336,2.920927645341177,1.855145504683632,-0.5000000000000001,0.8660254037844387,0.0,299.99957748946235
a3,99.9999999999999,2.756621597654885e-14,360.3846620689656,1.855145504683632,-0.5000000000000001,0.8660254037844387,0.0,299.99957748946235
a3,30.580202185252688,120.23861686151979,485.6352339223201,1.855145504683632,-0.5000000000000001,0.8660254037844387,0.0,299.99957748946235
a3,302.3825065497859,76.58747550424677,470.35761820866196,4.77387479161664,-0.5000000000000001,0.8660254037844387,0.0,1928.929609654081
a3,297.42448797205856,3.1561293903279743,78.78518124484752,1.855145504683632,-0.5000000000000001,0.8660254037844387,0.0,299.99957748946235
a3,284.7656472999595,346.0142213360021,190.47510107687825,1.855145504683632,-0.5000000000000001,0.8660254037844387,0.0,299.99957748946235
a3,183.26673629091746,346.4101615000001,149.3875039722934,1.855145504683632,-0.5000000000000001,0.8660254037844387,0.0,299.99957748946235
a3,238.58483706818777,0.0,139.97716305910427,1.855145504683632,-0.5000000000000001,0.8660254037844387,0.0,299.99957748946235
a3,208.6331737148135,1.3783107988274425e-14,122.9130449856399,1.855145504683632,-0.5000000000000001,0.8660254037844387,0.0,299.99957748946235
a3,163.55305594700948,186.6728279918286,0.0,1.855145504683632,-0.5000000000000001,0.8660254037844387,0.0,299.99957748946235
a3,354.3796956798464,252.2217656861179,454.328603449356,1.855145504683632,-0.5000000000000001,0.8660254037844387,0.0,299.99957748946235
a3,53.697540823918665,81.24504849298222,142.86110639173248,1.855145504683632,-0.5000000000000001,0.8660254037844387,0.0,299.99957748946235
a3,166.66666666666683,346.4101615000001,653.1971999999998,1.855145504683632,-0.5000000000000001,0.8660254037844387,0.0,299.99957748946235
a3,330.55321520710294,53.20557441092206,301.6116234938285,1.855145504683632,-0.5000000000000001,0.8660254037844387,0.0,299.99957748946235
a3,171.4719327503129,325.93764860977967,397.16752429501815,4.793243218827128,-0.5000000000000001,0.8660254037844387,0.0,1944.61335629824
a3,363.65471339252326,236.15696376729915,642.8846792172291,1.855145504683632,-0.5000000000000001,0.8660254037844387,0.0,299.99957748946235
a3,142.33722137132338,306.12966759528587,0.0,1.855145504683632,-0.5000000000000001,0.8660254037844387,0.0,299.99957748946235
a3,300.45262533180676,343.2958047296305,126.25033552057155,1.855145504683632,-0.5000000000000001,0.8660254037844387,0.0,299.99957748946235
a3,86.57726963154464,318.05304127956737,544.433694091838,1.855145504683632,-0.5000000000000001,0.8660254037844387,0.0,299.99957748946235
a3,380.04698583228156,207.6740713207826,437.1843807052108,1.855145504683632,-0.5000000000000001,0.8660254037844387,0.0,299.99957748946235
a3,339.378148480776,278.2052076260172,437.26666467260463,1.855145504683632,-0.5000000000000001,0.8660254037844387,0.0,299.99957748946235
a3,354.73910573773725,138.43252380169196,574.9520236542686,4.788357737959565,-0.5000000000000001,0.8660254037844387,0.0,1940.6513083408367
a3,301.83590632641864,339.6758493954093,355.7735787251463,1.855145504683632,-0.5000000000000001,0.8660254037844387,0.0,299.99957748946235
a3,84.59367533382951,319.72562442135217,477.35905894707855,1.855145504683632,-0.5000000000000001,0.8660254037844387,0.0,299.99957748946235
a3,34.015868934759155,207.34765333611247,276.17186851849374,4.807869251422461,-0.5000000000000001,0.8660254037844387,0.0,1956.4989922876757
a3,375.38059047986775,154.4992325624806,445.3173717524084,4.814352122554785,-0.5000000000000001,0.8660254037844387,0.0,1961.7787873346251
a3,245.75826778151793,48.15983927398722,0.0,1.855145504683632,-0.5000000000000001,0.8660254037844387,0.0,299.99957748946235
a3,307.60292450023144,15.230438063301305,540.4126442568728,1.855145504683632,-0.5000000000000001,0.8660254037844387,0.0,299.99957748946235
a3,24.513052906023624,130.74722766983157,89.84040849992446,1.855145504683632,-0.5000000000000001,0.8660254037844387,0.0,299.99957748946235
a3,265.9092925304969,287.42081344518647,0.0,1.855145504683632,-0.5000000000000001,0.8660254037844387,0.0,299.99957748946235
a3,80.62716169863512,46.55011350885156,0.0,1.855145504683632,-0.5000000000000001,0.8660254037844387,0.0,299.99957748946235
a3,309.69873151705605,329.6114657441575,381.8438628346567,1.855145504683632,-0.5000000000000001,0.8660254037844387,0.0,299.99957748946235
a3,119.107035882247,335.45700439546914,359.32104952993313,4.814459946728888,-0.5000000000000001,0.8660254037844387,0.0,1961.8666618983698
a3,49.45430056240729,258.8624419734652,471.650742796062,1.855145504683632,-0.5000000000000001,0.8660254037844387,0.0,299.99957748946235
a3,26.044300490849114,216.28251506910453,166.198642998069,1.855145504683632,-0.5000000000000001,0.8660254037844387,0.0,299.99957748946235
a3,363.67829666085345,112.05823793037156,429.23557463671415,1.855145504683632,-0.5000000000000001,0.8660254037844387,0.0,299.99957748946235
a3,345.97135961439307,84.56901294383388,378.07370633127573,1.855145504683632,-0.5000000000000001,0.8660254037844387,0.0,299.99957748946235
a3,390.4049653923712,189.82416819013417,132.26779313713047,1.855145504683632,-0.5000000000000001,0.8660254037844387,0.0,299.99957748946235
a3,376.1075992895883,214.58793269358236,622.8815160315048,1.855145504683632,-0.5000000000000001,0.8660254037844387,0.0,299.99957748946235
a3,363.3258139357397,234.55140744678678,201.028648610544,1.855145504683632,-0.5000000000000001,0.8660254037844387,0.0,299.99957748946235
a3,120.08080775821402,2.756621597654885e-14,360.04007372103837,1.855145504683632,-0.5000000000000001,0.8660254037844387,0.0,299.99957748946235
a3,296.57682363118795,34.82444998295573,455.27151855432584,4.794896835156387,-0.5000000000000001,0.8660254037844387,0.0,1945.955328292676
a3,185.3846428469014,343.221840037159,101.4738735723618,1.855145504683632,-0.5000000000000001,0.8660254037844387,0.0,299.99957748946235
a3,290.24680398481274,346.41016149999984,579.9940655172414,1.855145504683632,-0.5000000000000001,0.8660254037844387,0.0,299.99957748946235
a3,160.0286072297077,1.7454768979461321,72.46431652297956,1.855145504683632,-0.5000000000000001,0.8660254037844387,0.0,299.99957748946235
a3,181.9624051873581,1.6367376275632595,449.9128831121203,1.855145504683632,-0.5000000000000001,0.8660254037844387,0.0,299.99957748946235
a3,367.9242912366949,224.02141693712605,301.5524879891517,1.855145504683632,-0.5000000000000001,0.8660254037844387,0.0,299.99957748946235
a3,137.86219069567463,0.2748630499282392,258.0777544021936,1.855145504683632,-0.5000000000000001,0.8660254037844387,0.0,299.99957748946235
a3,303.4886902437373,335.1992735933594,87.64487155426582,1.855145504683632,-0.5000000000000001,0.8660254037844387,0.0,299.99957748946235
a3,100.00000000000003,346.4101615000001,281.55051724137945,1.855145504683632,-0.5000000000000001,0.8660254037844387,0.0,299.99957748946235
a3,20.74176718471432,137.44285749645798,291.58449230464765,1.855145504683632,-0.5000000000000001,0.8660254037844387,0.0,299.99957748946235
a3,347.401812762894,247.4356202024,652.4693752156043,1.855145504683632,-0.5000000000000001,0.8660254037844387,0.0,299.99957748946235
a3,73.50495624105106,54.4554979857475,447.93751637102156,1.855145504683632,-0.5000000000000001,0.8660254037844387,0.0,299.99957748946235
a3,242.02450696321227,346.41016149999984,264.823459500697,1.855145504683632,-0.5000000000000001,0.8660254037844387,0.0,299.99957748946235
a3,322.49476098566026,44.3841172716208,388.26590377548035,1.855145504683632,-0.5000000000000001,0.8660254037844387,0.0,299.99957748946235
a3,108.0544396308239,346.4101615000001,633.838769604318,1.855145504683632,-0.5000000000000001,0.8660254037844387,0.0,299.99957748946235
a3,95.1234019924064,337.9636459830947,95.72717586206905,1.855145504683632,-0.5000000000000001,0.8660254037844387,0.0,299.99957748946235
a3,304.8537352868501,8.406916122979963,286.15863506308966,1.855145504683632,-0.5000000000000001,0.8660254037844387,0.0,299.99957748946235
a3,170.1111381084783,295.0164291244813,2.000153990551824,1.855145504683632,-0.5000000000000001,0.8660254037844387,0.0,299.99957748946235
a3,284.96780442357317,42.35897898868514,35.00350741983048,4.791066338700387,-0.5000000000000001,0.8660254037844387,0.0,1942.847441775665
a3,69.09787985432068,86.17357725624811,2.8737785347949725,1.855145504683632,-0.5000000000000001,0.8660254037844387,0.0,299.99957748946235
a3,220.98823441729692,2.2880389473143405,59.92375013662273,1.855145504683632,-0.5000000000000001,0.8660254037844387,0.0,299.99957748946235
a3,141.85203655678774,332.8375849803686,639.8521337154682,4.834002280086497,-0.5000000000000001,0.8660254037844387,0.0,1977.825778562425
a3,309.3904224025087,17.280289622912928,367.6967105561056,1.855145504683632,-0.5000000000000001,0.8660254037844387,0.0,299.99957748946235
a3,96.16679829741227,338.98250600436853,524.5550673236272,1.855145504683632,-0.5000000000000001,0.8660254037844387,0.0,299.99957748946235
a3,328.49363988001636,296.16749623994184,267.5951928646159,1.855145504683632,-0.5000000000000001,0.8660254037844387,0.0,299.99957748946235
a3,313.6632211131077,320.4594681781295,514.0437177696084,1.855145504683632,-0.5000000000000001,0.8660254037844387,0.0,299.99957748946235
a3,119.23853450903678,344.8350173425742,485.57109186917864,1.855145504683632,-0.5000000000000001,0.8660254037844387,0.0,299.99957748946235
a3,356.4358643422542,101.48964582188226,94.55285130028676,1.855145504683632,-0.5000000000000001,0.8660254037844387,0.0,299.99957748946235
a3,298.4282152148435,71.36588477679022,653.1971999999998,1.855145504683632,-0.5000000000000001,0.8660254037844387,0.0,299.99957748946235
a3,270.68404561573476,346.41016149999984,409.8444157930055,1.855145504683632,-0.5000000000000001,0.8660254037844387,0.0,299.99957748946235
a3,32.136711784415304,172.90709205578563,526.0177858634305,4.7878880852029475,-0.5000000000000001,0.8660254037844387,0.0,1940.2706402333877
a3,389.8582798113434,155.6391061077978,67.26112669750069,1.855145504683632,-0.5000000000000001,0.8660254037844387,0.0,299.99957748946235
a3,308.02730903790314,17.29315538103082,119.52021171598155,1.855145504683632,-0.5000000000000001,0.8660254037844387,0.0,299.99957748946235
a3,169.72016795987955,2.756621597654885e-14,306.6925092287522,1.855145504683632,-0.5000000000000001,0.8660254037844387,0.0,299.99957748946235
a3,145.59515830337722,275.9046532879118,653.1971999999998,1.855145504683632,-0.5000000000000001,0.8660254037844387,0.0,299.99957748946235
a3,324.6391249713763,303.73394519723445,466.3065905577353,1.855145504683632,-0.5000000000000001,0.8660254037844387,0.0,299.99957748946235
a3,85.04293598602928,25.90639480322707,319.5089654956803,1.855145504683632,-0.5000000000000001,0.8660254037844387,0.0,299.99957748946235
a3,231.8604432682391,1.9532514495650992,342.32211761818377,1.855145504683632,-0.5000000000000001,0.8660254037844387,0.0,299.99957748946235
a3,242.15728660567063,346.41016149999984,218.80334373541208,1.855145504683632,-0.5000000000000001,0.8660254037844387,0.0,299.99957748946235
a3,34.594814735296964,115.28301660471679,51.59189955765384,1.855145504683632,-0.5000000000000001,0.8660254037844387,0.0,299.99957748946235
a3,221.7880687353572,344.2677640707085,573.7756968895901,1.855145504683632,-0.5000000000000001,0.8660254037844387,0.0,299.99957748946235
a3,44.80436432475929,95.60164534177648,261.09908357334507,1.855145504683632,-0.5000000000000001,0.8660254037844387,0.0,299.99957748946235
a3,119.77674080197497,346.4101615000001,585.6984630908184,1.855145504683632,-0.5000000000000001,0.8660254037844387,0.0,299.99957748946235
a3,319.7849117582981,34.26847238727635,540.8644178016493,1.855145504683632,-0.5000000000000001,0.8660254037844387,0.0,299.99957748946235
a3,74.02388030919035,277.29426637739897,506.16515837197574,4.803863054011089,-0.5000000000000001,0.8660254037844387,0.0,1953.2398123065248
a3,280.4123062469038,0.0,371.49886629614093,1.855145504683632,-0.5000000000000001,0.8660254037844387,0.0,299.99957748946235
a3,203.3344184211406,344.81290400581815,320.65705451731674,1.855145504683632,-0.5000000000000001,0.8660254037844387,0.0,299.99957748946235
a3,314.4296943049147,24.99296367280563,307.45546468323374,1.855145504683632,-0.5000000000000001,0.8660254037844387,0.0,299.99957748946235
a3,193.36640104791644,345.6235055722517,118.13590758051122,1.855145504683632,-0.5000000000000001,0.8660254037844387,0.0,299.99957748946235
a3,56.35338612363314,76.16272080242226,146.01460614808673,1.855145504683632,-0.5000000000000001,0.8660254037844387,0.0,299.99957748946235
a3,95.86182960872301,336.1269609082545,559.7989368827599,1.855145504683632,-0.5000000000000001,0.8660254037844387,0.0,299.99957748946235
a3,314.75756003389074,320.84931772657,432.46365030069836,1.855145504683632,-0.5000000000000001,0.8660254037844387,0.0,299.99957748946235
a3,130.804001888906,346.4101615000001,443.2578051861061,1.855145504683632,-0.5000000000000001,0.8660254037844387,0.0,299.99957748946235
a3,24.92176327160988,216.3708409489157,581.1665074368833,1.855145504683632,-0.5000000000000001,0.8660254037844387,0.0,299.99957748946235
a3,277.49301542799657,18.103081632488696,0.0,1.855145504683632,-0.5000000000000001,0.8660254037844387,0.0,299.99957748946235
a3,0.0,173.20508075000004,506.7909310344827,1.855145504683632,-0.5000000000000001,0.8660254037844387,0.0,299.99957748946235
a3,338.50299299632485,66.68914011045106,161.15204284480038,1.855145504683632,-0.5000000000000001,0.8660254037844387,0.0,299.99957748946235
a3,353.91241964548414,253.0311115187605,409.05553466443394,1.855145504683632,-0.5000000000000001,0.8660254037844387,0.0,299.99957748946235
a3,130.06832886735563,2.756621597654885e-14,318.64645526914376,1.855145504683632,-0.5000000000000001,0.8660254037844387,0.0,299.99957748946235
a3,334.3919471670054,286.8415616378913,420.0737537857293,1.855145504683632,-0.5000000000000001,0.8660254037844387,0.0,299.99957748946235
a3,298.07383723237933,346.10668547705103,358.3026690687255,1.855145504683632,-0.5000000000000001,0.8660254037844387,0.0,299.99957748946235
a3,90.24680398481264,16.893031033810985,259.0264758620691,1.855145504683632,-0.5000000000000001,0.8660254037844387,0.0,299.99957748946235
a3,95.89487791093805,32.18222669609677,0.9983388582346591,1.855145504683632,-0.5000000000000001,0.8660254037844387,0.0,299.99957748946235
a3,323.7435259554147,305.28516819602663,133.87295108211572,1.855145504683632,-0.5000000000000001,0.8660254037844387,0.0,299.99957748946235
a3,300.00000000000006,0.0,247.76445517241393,1.855145504683632,-0.5000000000000001,0.8660254037844387,0.0,299.99957748946235
a3,384.42393123406214,146.22653826628192,90.95430482909401,1.855145504683632,-0.5000000000000001,0.8660254037844387,0.0,299.99957748946235
a3,400.0000000000001,173.20508075,439.21880689655165,1.855145504683632,-0.5000000000000001,0.8660254037844387,0.0,299.99957748946235
a3,199.50100346466826,1.8255794450295013,255.84174526490713,1.855145504683632,-0.5000000000000001,0.8660254037844387,0.0,299.99957748946235
a3,76.48496176501696,43.272330989681016,568.2774425358552,1.855145504683632,-0.5000000000000001,0.8660254037844387,0.0,299.99957748946235
a3,56.79368529523865,271.57462922651894,37.649038151406565,1.855145504683632,-0.5000000000000001,0.8660254037844387,0.0,299.99957748946235
a3,141.57592522781263,346.4101615000001,322.9321244142918,1.855145504683632,-0.5000000000000001,0.8660254037844387,0.0,299.99957748946235
a3,99.9999999999999,2.756621597654885e-14,596.8870965517242,1.855145504683632,-0.5000000000000001,0.8660254037844387,0.0,299.99957748946235
a3,329.7400342637578,294.8989111383804,540.9321192090342,1.855145504683632,-0.5000000000000001,0.8660254037844387,0.0,299.99957748946235
a3,316.22232144103964,30.586373038805426,287.74329959068564,1.855145504683632,-0.5000000000000001,0.8660254037844387,0.0,299.99957748946235
a3,308.10554406734667,16.51705382318393,169.18581753431462,1.855145504683632,-0.5000000000000001,0.8660254037844387,0.0,299.99957748946235
a3,59.68898327503535,69.82072906962097,243.64856878733065,1.855145504683632,-0.5000000000000001,0.8660254037844387,0.0,299.99957748946235
a3,219.5670219697291,2.453200793375828,567.2555759712488,1.855145504683632,-0.5000000000000001,0.8660254037844387,0.0,299.99957748946235
a3,250.84915316879986,58.575971100172254,653.1971999999998,1.855145504683632,-0.5000000000000001,0.8660254037844387,0.0,299.99957748946235
a3,397.70297840119173,175.33463705570898,325.23889963981316,1.855145504683632,-0.5000000000000001,0.8660254037844387,0.0,299.99957748946235
a3,70.98400726352317,290.49630278333206,185.8681534880138,1.855145504683632,-0.5000000000000001,0.8660254037844387,0.0,299.99957748946235
a3,103.95420479330285,319.62067176322995,92.48700786592134,4.80170329792392,-0.5000000000000001,0.8660254037844387,0.0,1951.4839032683485
a3,180.59539655019074,216.799941801539,652.8212083153596,1.855145504683632,-0.5000000000000001,0.8660254037844387,0.0,299.99957748946235
a3,263.48255121881306,99.0791695994146,443.9971396755849,4.7504780747989015,-0.5000000000000001,0.8660254037844387,0.0,1910.0686091354414
a3,400.0000000000001,173.20508075,495.52891034482764,1.855145504683632,-0.5000000000000001,0.8660254037844387,0.0,299.99957748946235
a3,120.55347253288566,345.85735094284746,186.74955752879666,1.855145504683632,-0.5000000000000001,0.8660254037844387,0.0,299.99957748946235
a3,242.56823293029717,346.41016149999984,173.04003973153618,1.855145504683632,-0.5000000000000001,0.8660254037844387,0.0,299.99957748946235
a3,385.4910126252478,148.07477745155288,182.76665794108598,1.855145504683632,-0.5000000000000001,0.8660254037844387,0.0,299.99957748946235
a3,40.167046776443186,103.63371494597126,370.4650303164893,1.855145504683632,-0.5000000000000001,0.8660254037844387,0.0,299.99957748946235
a3,340.4958067397761,276.1595076152291,566.0923441290179,1.855145504683632,-0.5000000000000001,0.8660254037844387,0.0,299.99957748946235
a3,80.29002898008913,34.138671220838106,450.5199900330682,1.855145504683632,-0.5000000000000001,0.8660254037844387,0.0,299.99957748946235
a3,359.49287781213576,103.04468705500867,494.530181904412,1.855145504683632,-0.5000000000000001,0.8660254037844387,0.0,299.99957748946235
a3,290.095759936837,188.19160727844368,653.1971999999998,1.855145504683632,-0.5000000000000001,0.8660254037844387,0.0,299.99957748946235
a3,4.905396075207889,164.70868551682887,343.4302160735783,1.855145504683632,-0.5000000000000001,0.8660254037844387,0.0,299.99957748946235
a3,332.7997142934714,62.72295772738472,570.3758347376987,1.855145504683632,-0.5000000000000001,0.8660254037844387,0.0,299.99957748946235
a3,30.617405871781976,120.17417818622478,497.13999768000184,1.855145504683632,-0.5000000000000001,0.8660254037844387,0.0,299.99957748946235
a3,58.59045368826533,274.6867233725512,218.41605258464375,1.855145504683632,-0.5000000000000001,0.8660254037844387,0.0,299.99957748946235
a3,202.44265896197228,346.41016149999984,264.56511275399026,1.855145504683632,-0.5000000000000001,0.8660254037844387,0.0,299.99957748946235
a3,17.281011791295132,203.13667117752982,27.94902079578552,1.855145504683632,-0.5000000000000001,0.8660254037844387,0.0,299.99957748946235
a3,241.23423197219438,343.5044100037318,80.54936515552508,1.855145504683632,-0.5000000000000001,0.8660254037844387,0.0,299.99957748946235
a3,20.962449225925212,136.89705364105848,601.0799070373746,1.855145504683632,-0.5000000000000001,0.8660254037844387,0.0,299.99957748946235
a3,143.94841046833045,275.2344187948642,650.7659064291221,1.855145504683632,-0.5000000000000001,0.8660254037844387,0.0,299.99957748946235
a3,264.51057405543713,287.65917278487115,1.4061189443944404,1.855145504683632,-0.5000000000000001,0.8660254037844387,0.0,299.99957748946235
a3,90.39320580274682,329.03629950680806,11.082115408496303,1.855145504683632,-0.5000000000000001,0.8660254037844387,0.0,299.99957748946235
a3,61.41095686167233,79.08737580029845,8.837574777874066,4.864530012070699,-0.5000000000000001,0.8660254037844387,0.0,2002.885422016306
a3,168.3208501913119,254.73167400395565,650.2424010952775,1.855145504683632,-0.5000000000000001,0.8660254037844387,0.0,299.99957748946235
a3,216.8721497615289,58.274662884638815,653.1971999999998,1.855145504683632,-0.5000000000000001,0.8660254037844387,0.0,299.99957748946235
a3,277.62652904072945,267.7512158819363,653.1971999999998,1.855145504683632,-0.5000000000000001,0.8660254037844387,0.0,299.99957748946235
a3,23.13062078163057,213.164798152219,189.68328437210684,1.855145504683632,-0.5000000000000001,0.8660254037844387,0.0,299.99957748946235
a3,15.146497722153846,146.97057713954652,535.9766894240479,1.855145504683632,-0.5000000000000001,0.8660254037844387,0.0,299.99957748946235
a3,271.29900692806547,345.5160439618013,479.1815341848268,1.855145504683632,-0.5000000000000001,0.8660254037844387,0.0,299.99957748946235
a3,349.2292038893407,261.1426791508854,402.6221761808182,1.855145504683632,-0.5000000000000001,0.8660254037844387,0.0,299.99957748946235
a3,305.8624542828697,258.38892313595375,653.1971999999998,1.855145504683632,-0.5000000000000001,0.8660254037844387,0.0,299.99957748946235
a3,61.37437236779187,273.6064033782553,323.00059993350436,1.855145504683632,-0.5000000000000001,0.8660254037844387,0.0,299.99957748946235
a3,145.59515830337722,275.9046532879118,0.0,1.855145504683632,-0.5000000000000001,0.8660254037844387,0.0,299.99957748946235
a3,70.46957767974443,51.148191825614575,508.13156365741287,1.855145504683632,-0.5000000000000001,0.8660254037844387,0.0,299.99957748946235
a3,302.73239846331353,310.5370466787649,653.1368432002705,1.855145504683632,-0.5000000000000001,0.8660254037844387,0.0,299.99957748946235
a3,257.9200994522393,2.5685181729241533,505.93400203078147,1.855145504683632,-0.5000000000000001,0.8660254037844387,0.0,299.99957748946235
a3,163.07419897779323,226.5239336338375,0.0,1.855145504683632,-0.5000000000000001,0.8660254037844387,0.0,299.99957748946235
a3,252.80565577340997,0.0,623.3822250800306,1.855145504683632,-0.5000000000000001,0.8660254037844387,0.0,299.99957748946235
a3,249.7922842500965,344.11395950820213,373.86434824108244,1.855145504683632,-0.5000000000000001,0.8660254037844387,0.0,299.99957748946235
a3,82.61944940294164,81.23267283568183,653.1971999999998,1.855145504683632,-0.5000000000000001,0.8660254037844387,0.0,299.99957748946235
a3,150.1453315858621,1.209461172459019,367.10000253081125,1.855145504683632,-0.5000000000000001,0.8660254037844387,0.0,299.99957748946235
a3,116.42970885999664,54.431016536971526,134.77862703806963,4.771645866645372,-0.5000000000000001,0.8660254037844387,0.0,1927.1287933960052
a3,48.8161232917062,222.53747825581755,163.54578753395145,4.7936784015853675,-0.5000000000000001,0.8660254037844387,0.0,1944.966478633958
a3,363.2708814677065,109.58838133737747,109.20800493631086,1.855145504683632,-0.5000000000000001,0.8660254037844387,0.0,299.99957748946235
a3,74.1592159410629,44.75755089571507,99.64585867357944,1.855145504683632,-0.5000000000000001,0.8660254037844387,0.0,299.99957748946235
a3,170.206585689508,2.756621597654885e-14,364.68817648625395,1.855145504683632,-0.5000000000000001,0.8660254037844387,0.0,299.99957748946235
a3,193.5581998747274,98.75843985530544,653.0885166022143,1.855145504683632,-0.5000000000000001,0.8660254037844387,0.0,299.99957748946235
a3,318.75408006092874,313.9271419865488,129.10785589455645,1.855145504683632,-0.5000000000000001,0.8660254037844387,0.0,299.99957748946235
a3,350.2801409739436,88.06062354269123,517.8218889857831,1.855145504683632,-0.5000000000000001,0.8660254037844387,0.0,299.99957748946235
a3,323.9838452335558,130.16586190754933,653.1971999999998,1.855145504683632,-0.5000000000000001,0.8660254037844387,0.0,299.99957748946235
a3,316.2017440828213,125.72352740797056,168.03483574847525,4.7622272822896985,-0.5000000000000001,0.8660254037844387,0.0,1919.5285179467362
a3,17.186299406886146,181.07686194521145,500.33074439881966,4.813651588649993,-0.5000000000000001,0.8660254037844387,0.0,1961.2079140237624
a3,169.55456770501553,59.81775528791212,0.15173514048160816,1.855145504683632,-0.5000000000000001,0.8660254037844387,0.0,299.99957748946235
a3,220.4201587998191,346.41016149999984,563.7597350383691,1.855145504683632,-0.5000000000000001,0.8660254037844387,0.0,299.99957748946235
a3,369.1631089394255,226.01281485063004,58.04813968137858,1.855145504683632,-0.5000000000000001,0.8660254037844387,0.0,299.99957748946235
a3,270.95476125875825,43.26959763861096,653.1971999999998,1.855145504683632,-0.5000000000000001,0.8660254037844387,0.0,299.99957748946235
a3,54.17594089265027,94.37400534444406,0.12681794414718484,1.855145504683632,-0.5000000000000001,0.8660254037844387,0.0,299.99957748946235
a3,170.38258558006223,97.07581882373695,653.1971999999998,1.855145504683632,-0.5000000000000001,0.8660254037844387,0.0,299.99957748946235
a3,302.19613347827766,336.63707285048577,576.8786725752656,1.855145504683632,-0.5000000000000001,0.8660254037844387,0.0,299.99957748946235
a3,273.80949353498596,42.01663547564194,652.8198677779491,1.855145504683632,-0.5000000000000001,0.8660254037844387,0.0,299.99957748946235
a3,300.43049786545214,188.79733342847325,650.8822331970916,1.855145504683632,-0.5000000000000001,0.8660254037844387,0.0,299.99957748946235
a3,132.98227044130059,345.86831847267433,377.27819603536324,1.855145504683632,-0.5000000000000001,0.8660254037844387,0.0,299.99957748946235
a3,90.18991787614645,16.991560664261787,439.1429174446281,1.855145504683632,-0.5000000000000001,0.8660254037844387,0.0,299.99957748946235
a3,306.792008895603,15.839312518503457,114.30160872518043,1.855145504683632,-0.5000000000000001,0.8660254037844387,0.0,299.99957748946235
a3,142.42286459932265,85.26083052698066,1.6894475679923864,1.855145504683632,-0.5000000000000001,0.8660254037844387,0.0,299.99957748946235
a3,324.6614048413405,42.71480616952831,75.09022458305554,1.855145504683632,-0.5000000000000001,0.8660254037844387,0.0,299.99957748946235
a3,43.5338716077689,248.60795822183746,178.3442388348624,1.855145504683632,-0.5000000000000001,0.8660254037844387,0.0,299.99957748946235
a3,283.1941068168528,277.8005091038008,653.1971999999998,1.855145504683632,-0.5000000000000001,0.8660254037844387,0.0,299.99957748946235
a3,240.84259866934357,0.0,496.618392808521,1.855145504683632,-0.5000000000000001,0.8660254037844387,0.0,299.99957748946235
a3,82.53793425519854,167.5250176316623,321.58109319517786,4.755402761168622,-0.5000000000000001,0.8660254037844387,0.0,1914.030890159384
a3,27.380828021505472,130.19268113620316,135.8649842022262,1.855145504683632,-0.5000000000000001,0.8660254037844387,0.0,299.99957748946235
a3,97.52413835853008,9.718941388104097,353.084406139796,1.855145504683632,-0.5000000000000001,0.8660254037844387,0.0,299.99957748946235
a3,43.215019572789636,248.05569029717864,86.3064406128792,1.855145504683632,-0.5000000000000001,0.8660254037844387,0.0,299.99957748946235
a3,262.97568370381254,0.23876156709809337,372.1258904372266,1.855145504683632,-0.5000000000000001,0.8660254037844387,0.0,299.99957748946235
a3,338.5018658019738,279.72297374743465,161.18280411330835,1.855145504683632,-0.5000000000000001,0.8660254037844387,0.0,299.99957748946235
a3,149.77431551677216,98.00458954300478,349.19057968956986,4.747935530754323,-0.5000000000000001,0.8660254037844387,0.0,1908.0245479425462
a3,239.75166974220815,0.0,643.5446618184096,1.855145504683632,-0.5000000000000001,0.8660254037844387,0.0,299.99957748946235
a3,340.860451810387,159.87882362296295,653.1971999999998,1.855145504683632,-0.5000000000000001,0.8660254037844387,0.0,299.99957748946235
a3,271.3572325392148,346.41016149999984,239.043480030535,1.855145504683632,-0.5000000000000001,0.8660254037844387,0.0,299.99957748946235
a3,371.6371992766057,129.7771283354107,88.22608572362545,1.855145504683632,-0.5000000000000001,0.8660254037844387,0.0,299.99957748946235
a3,48.83066005354292,257.78226492649696,287.5749242040638,1.855145504683632,-0.5000000000000001,0.8660254037844387,0.0,299.99957748946235
a3,33.43932868795479,231.12369700623003,143.9602746975075,1.855145504683632,-0.5000000000000001,0.8660254037844387,0.0,299.99957748946235
a3,220.19673000323772,0.0,370.20087751199213,1.855145504683632,-0.5000000000000001,0.8660254037844387,0.0,299.99957748946235
a3,54.72542539544535,264.4302311140065,405.45039341248133,1.855145504683632,-0.5000000000000001,0.8660254037844387,0.0,299.99957748946235
a3,170.56256471611482,344.81744583428804,157.61195113221154,1.855145504683632,-0.5000000000000001,0.8660254037844387,0.0,299.99957748946235
a3,90.93415432915789,329.26298998897227,598.6321099211764,1.855145504683632,-0.5000000000000001,0.8660254037844387,0.0,299.99957748946235
a3,27.59864531782837,132.63364173868,213.2461390715568,1.855145504683632,-0.5000000000000001,0.8660254037844387,0.0,299.99957748946235
a3,124.10226733691256,93.24957412165621,140.98490753793737,4.754154636641111,-0.5000000000000001,0.8660254037844387,0.0,1913.0262915950918
a3,250.64169094083954,201.17629766620584,452.98334834216,4.744940281725865,-0.5000000000000001,0.8660254037844387,0.0,1905.617941546348
a3,394.11488971144837,163.0117707224876,287.63538030182275,1.855145504683632,-0.5000000000000001,0.8660254037844387,0.0,299.99957748946235
a3,211.03501206899665,345.18411805265765,329.37160581832575,1.855145504683632,-0.5000000000000001,0.8660254037844387,0.0,299.99957748946235
a3,16.928478218671657,146.62187830016214,57.03577837989423,1.855145504683632,-0.5000000000000001,0.8660254037844387,0.0,299.99957748946235
a3,112.55829167949501,345.887040820524,196.23049195609178,1.855145504683632,-0.5000000000000001,0.8660254037844387,0.0,299.99957748946235
a3,219.88509341061143,0.0,324.1819537698596,1.855145504683632,-0.5000000000000001,0.8660254037844387,0.0,299.99957748946235
a3,191.76589683518935,346.4101615000001,373.7952552533224,1.855145504683632,-0.5000000000000001,0.8660254037844387,0.0,299.99957748946235
a3,9.256629733901265,189.2380337553322,166.4214574505613,1.855145504683632,-0.5000000000000001,0.8660254037844387,0.0,299.99957748946235
a3,310.273807064944,19.507247750100206,560.6311775963261,1.855145504683632,-0.5000000000000001,0.8660254037844387,0.0,299.99957748946235
a3,169.1389573960102,345.54133763696893,21.158481239584347,1.855145504683632,-0.5000000000000001,0.8660254037844387,0.0,299.99957748946235
a3,121.63230859150401,303.64643579305516,0.02148261727889176,1.855145504683632,-0.5000000000000001,0.8660254037844387,0.0,299.99957748946235
a3,230.80685994420128,0.0,479.42436606699715,1.855145504683632,-0.5000000000000001,0.8660254037844387,0.0,299.99957748946235
a3,14.955390837543222,197.18075890756475,318.79066089954046,1.855145504683632,-0.5000000000000001,0.8660254037844387,0.0,299.99957748946235
a3,231.93011654556838,306.8981306461172,0.0,1.855145504683632,-0.5000000000000001,0.8660254037844387,0.0,299.99957748946235
a3,158.27126572987984,134.7732921821709,1.9396767870970142,1.855145504683632,-0.5000000000000001,0.8660254037844387,0.0,299.99957748946235
a3,142.7184757960664,346.4101615000001,92.89118657346096,1.855145504683632,-0.5000000000000001,0.8660254037844387,0.0,299.99957748946235
a3,185.5315190607111,1.0611966361286314,65.14959809569122,1.855145504683632,-0.5000000000000001,0.8660254037844387,0.0,299.99957748946235
a3,56.794744372079414,168.02062688442527,423.46273597152083,4.766614819508372,-0.5000000000000001,0.8660254037844387,0.0,1923.067148926277
a3,78.96739509600154,309.980621192201,336.7654777295691,1.855145504683632,-0.5000000000000001,0.8660254037844387,0.0,299.99957748946235
a3,221.15554820036047,344.0220261492904,238.784488045806,1.855145504683632,-0.5000000000000001,0.8660254037844387,0.0,299.99957748946235
a3,373.6684229330359,218.8127100715837,258.4875869932544,1.855145504683632,-0.5000000000000001,0.8660254037844387,0.0,299.99957748946235
a3,356.1832383544757,103.97855136040884,169.42822681816074,1.855145504683632,-0.5000000000000001,0.8660254037844387,0.0,299.99957748946235
a3,24.24551714819303,215.19954830478284,282.85431422087186,1.855145504683632,-0.5000000000000001,0.8660254037844387,0.0,299.99957748946235
a3,279.34670777701893,72.96645908834617,651.5035454020599,1.855145504683632,-0.5000000000000001,0.8660254037844387,0.0,299.99957748946235
a3,29.252485592881218,223.87187204253198,345.3573138061282,1.855145504683632,-0.5000000000000001,0.8660254037844387,0.0,299.99957748946235
a3,304.8537352868501,8.406916122979963,274.8966143734345,1.855145504683632,-0.5000000000000001,0.8660254037844387,0.0,299.99957748946235
a3,98.53041173436436,341.3585339882179,334.19541763700346,1.855145504683632,-0.5000000000000001,0.8660254037844387,0.0,299.99957748946235
a3,63.53268162511943,282.497305058412,210.2165877806637,1.855145504683632,-0.5000000000000001,0.8660254037844387,0.0,299.99957748946235
a3,290.24680398481274,0.0,118.25121724137936,1.855145504683632,-0.5000000000000001,0.8660254037844387,0.0,299.99957748946235
a3,252.20262657442842,6.056026313641067,462.5609700488851,4.813316804673883,-0.5000000000000001,0.8660254037844387,0.0,1960.9351239644427
a3,379.71388909411036,138.38152133205355,576.6966049300484,1.855145504683632,-0.5000000000000001,0.8660254037844387,0.0,299.99957748946235
a3,319.39726536576626,33.597049140067085,300.8279707614615,1.855145504683632,-0.5000000000000001,0.8660254037844387,0.0,299.99957748946235
a3,138.4937135854285,345.72644296929514,358.5944977581953,1.855145504683632,-0.5000000000000001,0.8660254037844387,0.0,299.99957748946235
a3,36.632347419488006,222.40500188978118,142.81852456057004,4.812604498990169,-0.5000000000000001,0.8660254037844387,0.0,1960.3547832396478
a3,197.82192079272838,303.27653603822324,2.4546407611571746,1.855145504683632,-0.5000000000000001,0.8660254037844387,0.0,299.99957748946235
a3,55.13433023546557,267.89398597902465,467.9641148165994,1.855145504683632,-0.5000000000000001,0.8660254037844387,0.0,299.99957748946235
a3,336.55752991101417,65.77791989760019,230.29871860387885,1.855145504683632,-0.5000000000000001,0.8660254037844387,0.0,299.99957748946235
a3,39.2191320486933,105.2755514156116,71.33477827907083,1.855145504683632,-0.5000000000000001,0.8660254037844387,0.0,299.99957748946235
a3,86.52758821750393,26.6201315251161,287.4642948998309,1.855145504683632,-0.5000000000000001,0.8660254037844387,0.0,299.99957748946235
a3,277.3062650746103,103.97377631904219,373.982538536728,4.751330544765732,-0.5000000000000001,0.8660254037844387,0.0,1910.7541915946128
a3,188.92399275280442,256.70074915830975,2.411424515866439,1.855145504683632,-0.5000000000000001,0.8660254037844387,0.0,299.99957748946235
a3,31.947965113694032,119.31675434430652,522.3936681518553,1.855145504683632,-0.5000000000000001,0.8660254037844387,0.0,299.99957748946235
a3,215.6809669962542,157.40618007495337,653.1971999999998,1.855145504683632,-0.5000000000000001,0.8660254037844387,0.0,299.99957748946235
a3,349.7164615162144,260.29872418479835,552.1737732318959,1.855145504683632,-0.5000000000000001,0.8660254037844387,0.0,299.99957748946235
a3,387.02943883282444,156.56459477256445,335.9647864356107,1.855145504683632,-0.5000000000000001,0.8660254037844387,0.0,299.99957748946235
a3,317.82793745015283,218.49774916844535,0.0,1.855145504683632,-0.5000000000000001,0.8660254037844387,0.0,299.99957748946235
a3,341.73267045319085,138.0102528236256,1.2950335042818977,1.855145504683632,-0.5000000000000001,0.8660254037844387,0.0,299.99957748946235
a3,191.23672106091533,276.6337103878933,0.0,1.855145504683632,-0.5000000000000001,0.8660254037844387,0.0,299.99957748946235
a3,59.39796041030106,237.91211795852885,406.3918831920316,4.787998371117397,-0.5000000000000001,0.8660254037844387,0.0,1940.3600270287884
a3,69.58169265269754,293.7241076963216,597.2173271986217,1.855145504683632,-0.5000000000000001,0.8660254037844387,0.0,299.99957748946235
a3,342.0948941123896,269.3900516446337,52.873845419935485,1.855145504683632,-0.5000000000000001,0.8660254037844387,0.0,299.99957748946235
a3,323.28458284180834,306.0800809865453,42.88999248602567,1.855145504683632,-0.5000000000000001,0.8660254037844387,0.0,299.99957748946235
a3,70.96850681362328,295.7672259582038,461.8776264708722,1.855145504683632,-0.5000000000000001,0.8660254037844387,0.0,299.99957748946235
a3,169.5379198074078,2.756621597654885e-14,238.1730921187069,1.855145504683632,-0.5000000000000001,0.8660254037844387,0.0,299.99957748946235
a3,319.2537827774416,36.42415409871763,17.74712061364702,1.855145504683632,-0.5000000000000001,0.8660254037844387,0.0,299.99957748946235
a3,338.4262946686693,66.55629471010167,138.14255393660682,1.855145504683632,-0.5000000000000001,0.8660254037844387,0.0,299.99957748946235
a3,4.6836611543467095,181.3174198344426,229.85996248387102,1.855145504683632,-0.5000000000000001,0.8660254037844387,0.0,299.99957748946235
a3,100.91519520619079,136.11660491808274,653.1971999999998,1.855145504683632,-0.5000000000000001,0.8660254037844387,0.0,299.99957748946235
a3,84.42154375544085,319.4274837820078,420.0949850126643,1.855145504683632,-0.5000000000000001,0.8660254037844387,0.0,299.99957748946235
a3,77.15705373603475,300.9935721875158,464.434827722732,1.855145504683632,-0.5000000000000001,0.8660254037844387,0.0,299.99957748946235
a3,97.62018975400323,111.62338073000916,35.443033030468975,4.778300339933365,-0.5000000000000001,0.8660254037844387,0.0,1932.5076373189836
a3,130.23770845003887,86.62908895870953,653.1971999999998,1.855145504683632,-0.5000000000000001,0.8660254037844387,0.0,299.99957748946235
a3,180.42848931439687,343.73495853297413,204.04771109712576,1.855145504683632,-0.5000000000000001,0.8660254037844387,0.0,299.99957748946235
a3,307.26617170694095,14.250131450707856,350.73263751479413,1.855145504683632,-0.5000000000000001,0.8660254037844387,0.0,299.99957748946235
a3,14.170457183343851,150.91105667696053,92.29088387727909,1.855145504683632,-0.5000000000000001,0.8660254037844387,0.0,299.99957748946235
a3,393.6345862730221,165.2997872008512,129.68994599169187,1.855145504683632,-0.5000000000000001,0.8660254037844387,0.0,299.99957748946235
a3,285.31348337849187,345.69869205384515,113.34784420250065,1.855145504683632,-0.5000000000000001,0.8660254037844387,0.0,299.99957748946235
a3,192.46367305384885,314.2268599668383,2.4223752653970223,1.855145504683632,-0.5000000000000001,0.8660254037844387,0.0,299.99957748946235
a3,238.12756728460752,325.60434310566404,630.8932745766475,4.801455660775204,-0.5000000000000001,0.8660254037844387,0.0,1951.2826215905523
a3,242.37778598727618,0.3817368531535659,628.046487006758,1.855145504683632,-0.5000000000000001,0.8660254037844387,0.0,299.99957748946235
a3,95.72430743368695,338.143204791956,183.39504179608485,1.855145504683632,-0.5000000000000001,0.8660254037844387,0.0,299.99957748946235
a3,368.1425042047085,123.07108664752572,298.85271600304907,1.855145504683632,-0.5000000000000001,0.8660254037844387,0.0,299.99957748946235
a3,195.23416661846267,343.68388596940537,131.29311000320502,1.855145504683632,-0.5000000000000001,0.8660254037844387,0.0,299.99957748946235
a3,300.00000000000006,0.0,191.454351724138,1.855145504683632,-0.5000000000000001,0.8660254037844387,0.0,299.99957748946235
a3,211.54168702577596,36.10297436426812,653.1935747534715,1.855145504683632,-0.5000000000000001,0.8660254037844387,0.0,299.99957748946235
a3,141.2033235139395,2.756621597654885e-14,576.8471371794618,1.855145504683632,-0.5000000000000001,0.8660254037844387,0.0,299.99957748946235
a3,323.6625084231512,43.58821182861567,158.16039762001853,1.855145504683632,-0.5000000000000001,0.8660254037844387,0.0,299.99957748946235
a3,227.81196541316908,149.46866568949062,590.5879798163066,4.7541864909119464,-0.5000000000000001,0.8660254037844387,0.0,1913.0519273879574
a3,333.7633190816701,58.479784079286816,201.4822707858136,1.855145504683632,-0.5000000000000001,0.8660254037844387,0.0,299.99957748946235
a3,345.9306448293375,261.03334026188736,334.21560509095406,1.855145504683632,-0.5000000000000001,0.8660254037844387,0.0,299.99957748946235
a3,40.13499947691575,174.8383750258585,485.6008235647684,4.784984133482383,-0.5000000000000001,0.8660254037844387,0.0,1937.9177266068561
a3,149.16792099967486,2.756621597654885e-14,101.17673437944627,1.855145504683632,-0.5000000000000001,0.8660254037844387,0.0,299.99957748946235
a3,342.88764732092994,78.19363597706763,198.97523472161515,1.855145504683632,-0.5000000000000001,0.8660254037844387,0.0,299.99957748946235
a3,333.91488713537296,285.86852812910615,100.53539458965327,1.855145504683632,-0.5000000000000001,0.8660254037844387,0.0,299.99957748946235
a3,85.23523291906221,25.573326745087623,456.1630397594328,1.855145504683632,-0.5000000000000001,0.8660254037844387,0.0,299.99957748946235
a3,39.91098278471974,104.0772307896075,289.9254024816325,1.855145504683632,-0.5000000000000001,0.8660254037844387,0.0,299.99957748946235
a3,114.12553624348296,96.84882180884,0.440774121952078,1.855145504683632,-0.5000000000000001,0.8660254037844387,0.0,299.99957748946235
a3,241.19914868857563,345.02896450685967,586.0226213688268,1.855145504683632,-0.5000000000000001,0.8660254037844387,0.0,299.99957748946235
a3,117.08426674917256,245.74785434330434,0.0,1.855145504683632,-0.5000000000000001,0.8660254037844387,0.0,299.99957748946235
a3,166.4640070523066,295.1866454640804,0.4745006118239504,1.855145504683632,-0.5000000000000001,0.8660254037844387,0.0,299.99957748946235
a3,33.015377592589665,117.03781799189494,576.9963360118628,1.855145504683632,-0.5000000000000001,0.8660254037844387,0.0,299.99957748946235
a3,86.83920286162456,287.47956893384094,0.0,1.855145504683632,-0.5000000000000001,0.8660254037844387,0.0,299.99957748946235
a3,149.87509086947819,2.756621597654885e-14,294.6574288943981,1.855145504683632,-0.5000000000000001,0.8660254037844387,0.0,299.99957748946235
a3,251.56630348479194,346.41016149999984,282.8810218923038,1.855145504683632,-0.5000000000000001,0.8660254037844387,0.0,299.99957748946235
a3,4.73954511832906,164.99594780061548,60.63392914228538,1.855145504683632,-0.5000000000000001,0.8660254037844387,0.0,299.99957748946235
a3,251.4007615576257,346.41016149999984,351.71816614387967,1.855145504683632,-0.5000000000000001,0.8660254037844387,0.0,299.99957748946235
a3,367.5977879918565,222.76620643145,583.8791187557475,1.855145504683632,-0.5000000000000001,0.8660254037844387,0.0,299.99957748946235
a3,310.28907175143985,69.9258678592649,652.72056398884,1.855145504683632,-0.5000000000000001,0.8660254037844387,0.0,299.99957748946235
a3,21.00103110536975,136.94272632216706,219.85694241760987,1.855145504683632,-0.5000000000000001,0.8660254037844387,0.0,299.99957748946235
a3,81.92807935465618,249.79861272114968,3.0279428814647007,1.855145504683632,-0.5000000000000001,0.8660254037844387,0.0,299.99957748946235
a3,273.3552093680315,79.32632831130337,653.1971999999998,1.855145504683632,-0.5000000000000001,0.8660254037844387,0.0,299.99957748946235
a3,53.513567560769026,184.05491082508456,653.1971999999998,1.855145504683632,-0.5000000000000001,0.8660254037844387,0.0,299.99957748946235
a3,69.07890865652045,291.94342107410597,139.66278534613977,1.855145504683632,-0.5000000000000001,0.8660254037844387,0.0,299.99957748946235
a3,280.4099721323479,343.26576188609994,348.19071461763133,1.855145504683632,-0.5000000000000001,0.8660254037844387,0.0,299.99957748946235
a3,63.295606022059424,63.57387522829008,34.95112191488388,1.855145504683632,-0.5000000000000001,0.8660254037844387,0.0,299.99957748946235
a3,208.7743695555787,345.3728542068439,497.4336226301161,1.855145504683632,-0.5000000000000001,0.8660254037844387,0.0,299.99957748946235
a3,39.68773777720992,104.46390248513526,220.89684411765654,1.855145504683632,-0.5000000000000001,0.8660254037844387,0.0,299.99957748946235
a3,96.58249671594635,334.5779521958834,158.50510163001934,1.855145504683632,-0.5000000000000001,0.8660254037844387,0.0,299.99957748946235
a3,100.00000000000003,346.4101615000001,540.5769931034482,1.855145504683632,-0.5000000000000001,0.8660254037844387,0.0,299.99957748946235
a3,4.8765980075936275,181.65159626690547,591.2560862068965,1.855145504683632,-0.5000000000000001,0.8660254037844387,0.0,299.99957748946235
a3,56.95336209152793,270.7783562375404,58.8618336892812,1.855145504683632,-0.5000000000000001,0.8660254037844387,0.0,299.99957748946235
a3,198.9303926105728,2.756621597654885e-14,163.24415005116336,1.855145504683632,-0.5000000000000001,0.8660254037844387,0.0,299.99957748946235
a3,331.4802575464256,288.9574973483824,282.20622515056704,1.855145504683632,-0.5000000000000001,0.8660254037844387,0.0,299.99957748946235
a3,113.69973841870387,338.6405124515984,62.776015025737166,4.819285611092276,-0.5000000000000001,0.8660254037844387,0.0,1965.8014977105815
a3,99.9999999999999,2.756621597654885e-14,236.50243448275876,1.855145504683632,-0.5000000000000001,0.8660254037844387,0.0,299.99957748946235
a3,311.4551008823894,321.47466818698126,409.39447172582913,1.855145504683632,-0.5000000000000001,0.8660254037844387,0.0,299.99957748946235
a3,24.784503711538964,130.2770610829422,204.5358505544696,1.855145504683632,-0.5000000000000001,0.8660254037844387,0.0,299.99957748946235
a3,353.8748797967137,253.09613244413677,397.5507757243709,1.855145504683632,-0.5000000000000001,0.8660254037844387,0.0,299.99957748946235
a3,219.7967583005003,0.0,312.67729565270736,1.855145504683632,-0.5000000000000001,0.8660254037844387,0.0,299.99957748946235
a3,134.9123483106293,176.3643343570457,653.1971999999998,1.855145504683632,-0.5000000000000001,0.8660254037844387,0.0,299.99957748946235
a3,381.1338966871088,202.84565896587193,356.8812491394908,1.855145504683632,-0.5000000000000001,0.8660254037844387,0.0,299.99957748946235
a3,193.32816939569494,345.2018658172362,429.6432406936879,1.855145504683632,-0.5000000000000001,0.8660254037844387,0.0,299.99957748946235
a3,191.5406298119157,346.4101615000001,408.30952046922846,1.855145504683632,-0.5000000000000001,0.8660254037844387,0.0,299.99957748946235
a3,193.06161656766875,345.9828682253689,512.0775621369543,1.855145504683632,-0.5000000000000001,0.8660254037844387,0.0,299.99957748946235
a3,31.3442255616687,123.25636587911764,437.2451049871342,1.855145504683632,-0.5000000000000001,0.8660254037844387,0.0,299.99957748946235
a3,358.1789069399909,100.76882274487863,91.86372915109574,1.855145504683632,-0.5000000000000001,0.8660254037844387,0.0,299.99957748946235
a3,29.29169729008402,223.93978869433556,379.8829411104914,1.855145504683632,-0.5000000000000001,0.8660254037844387,0.0,299.99957748946235
a3,372.42095865323057,220.843905265554,202.92985826808678,1.855145504683632,-0.5000000000000001,0.8660254037844387,0.0,299.99957748946235
a3,50.92370307413382,85.00263971955629,625.7308096219986,1.855145504683632,-0.5000000000000001,0.8660254037844387,0.0,299.99957748946235
a3,108.3636327874793,127.77402635578166,652.7255369014158,1.855145504683632,-0.5000000000000001,0.8660254037844387,0.0,299.99957748946235
a3,308.3220999118154,16.29949858675273,496.1463671224391,1.855145504683632,-0.5000000000000001,0.8660254037844387,0.0,299.99957748946235
a3,230.40343136093833,322.07482071028284,455.1296212572041,4.786959907413057,-0.5000000000000001,0.8660254037844387,0.0,1939.5184331975463
a3,190.86693375870055,1.3783107988274425e-14,456.679463310116,1.855145504683632,-0.5000000000000001,0.8660254037844387,0.0,299.99957748946235
a3,79.79480773580188,311.41374192310286,517.5500767591392,1.855145504683632,-0.5000000000000001,0.8660254037844387,0.0,299.99957748946235
a3,77.87749916780835,38.3172954303169,17.603954949771136,1.855145504683632,-0.5000000000000001,0.8660254037844387,0.0,299.99957748946235
a3,384.3132843227345,200.3752693058306,113.60845634778899,1.855145504683632,-0.5000000000000001,0.8660254037844387,0.0,299.99957748946235
a3,334.89902398073906,285.9632788331991,602.7904663863403,1.855145504683632,-0.5000000000000001,0.8660254037844387,0.0,299.99957748946235
a3,39.36036365945853,241.37923040985876,425.7798651663191,1.855145504683632,-0.5000000000000001,0.8660254037844387,0.0,299.99957748946235
a3,211.01855193364685,346.41016149999984,477.46830424264886,1.855145504683632,-0.5000000000000001,0.8660254037844387,0.0,299.99957748946235
a3,270.4339912736431,0.0,478.9809371889772,1.855145504683632,-0.5000000000000001,0.8660254037844387,0.0,299.99957748946235
a3,54.80029819951925,78.28818000228183,272.47491481884276,1.855145504683632,-0.5000000000000001,0.8660254037844387,0.0,299.99957748946235
a3,260.1906940831396,0.0,404.4077172663727,1.855145504683632,-0.5000000000000001,0.8660254037844387,0.0,299.99957748946235
a3,44.4237090144749,100.09981033496824,632.9087884644587,1.855145504683632,-0.5000000000000001,0.8660254037844387,0.0,299.99957748946235
a3,66.36700776843087,176.48030587582986,650.847170729075,1.855145504683632,-0.5000000000000001,0.8660254037844387,0.0,299.99957748946235
a3,14.769742376846624,147.6231365396158,194.70020340803617,1.855145504683632,-0.5000000000000001,0.8660254037844387,0.0,299.99957748946235
a3,113.31103890432378,96.65129035843809,0.0,1.855145504683632,-0.5000000000000001,0.8660254037844387,0.0,299.99957748946235
a3,131.97520589057328,208.91259152857154,651.2340125395709,1.855145504683632,-0.5000000000000001,0.8660254037844387,0.0,299.99957748946235
a3,68.9998195316342,54.79846101470052,71.32105862163314,1.855145504683632,-0.5000000000000001,0.8660254037844387,0.0,299.99957748946235
a3,90.3488550221072,184.30288171180877,261.20761623592676,4.7523470160604395,-0.5000000000000001,0.8660254037844387,0.0,1911.5718297374012
a3,250.83000916920764,344.09320985358795,146.12603381048314,1.855145504683632,-0.5000000000000001,0.8660254037844387,0.0,299.99957748946235
a3,210.79548028356345,0.0,456.5499532626754,1.855145504683632,-0.5000000000000001,0.8660254037844387,0.0,299.99957748946235
a3,182.59092859689213,346.4101615000001,252.93029854990013,1.855145504683632,-0.5000000000000001,0.8660254037844387,0.0,299.99957748946235
a3,381.99806236980675,198.82324911142993,272.9667450254717,1.855145504683632,-0.5000000000000001,0.8660254037844387,0.0,299.99957748946235
a3,200.79746875673,0.0,450.86179590372575,1.855145504683632,-0.5000000000000001,0.8660254037844387,0.0,299.99957748946235
a3,169.90372118940084,136.9274307891365,0.0,1.855145504683632,-0.5000000000000001,0.8660254037844387,0.0,299.99957748946235
a3,14.028812871937149,197.5036974131052,68.47835692501518,1.855145504683632,-0.5000000000000001,0.8660254037844387,0.0,299.99957748946235
a3,59.00489463172458,275.4045561433309,344.96833818897994,1.855145504683632,-0.5000000000000001,0.8660254037844387,0.0,299.99957748946235
a3,51.90315155080176,261.2534744374528,357.0595768346899,1.855145504683632,-0.5000000000000001,0.8660254037844387,0.0,299.99957748946235
a3,302.5461232965111,6.6878546036788995,318.4810474670736,1.855145504683632,-0.5000000000000001,0.8660254037844387,0.0,299.99957748946235
a3,251.84938703197457,259.73919048034577,651.8548815305585,1.855145504683632,-0.5000000000000001,0.8660254037844387,0.0,299.99957748946235
a3,35.152885816693946,112.70384160003826,40.4931677723624,1.855145504683632,-0.5000000000000001,0.8660254037844387,0.0,299.99957748946235
a3,163.50057694454838,346.4101615000001,229.7952086935653,1.855145504683632,-0.5000000000000001,0.8660254037844387,0.0,299.99957748946235
a3,141.23159763402265,1.6004562631491894,346.20420065730127,1.855145504683632,-0.5000000000000001,0.8660254037844387,0.0,299.99957748946235
a3,301.33709731356845,148.68279693679415,0.5568009833898384,1.855145504683632,-0.5000000000000001,0.8660254037844387,0.0,299.99957748946235
a3,70.43252393964548,71.06013709827721,582.716727296741,4.807188506556591,-0.5000000000000001,0.8660254037844387,0.0,1955.944991218007
a3,349.617731953164,260.4697288042038,597.3508801387604,1.855145504683632,-0.5000000000000001,0.8660254037844387,0.0,299.99957748946235
a3,248.6429668344723,343.95394882269613,502.90728331500543,1.855145504683632,-0.5000000000000001,0.8660254037844387,0.0,299.99957748946235
a3,336.5530266506022,280.1050630456947,152.45581682231415,1.855145504683632,-0.5000000000000001,0.8660254037844387,0.0,299.99957748946235
a3,49.21234075589283,254.69591009843472,266.59309087111046,1.855145504683632,-0.5000000000000001,0.8660254037844387,0.0,299.99957748946235
a3,209.4964259269013,1.3783107988274425e-14,249.46510840596235,1.855145504683632,-0.5000000000000001,0.8660254037844387,0.0,299.99957748946235
a3,134.5194526786267,62.28557612211788,11.64823622732684,4.807689420708928,-0.5000000000000001,0.8660254037844387,0.0,1956.352635549825
a3,209.75697335433912,344.7179525550295,213.78985545860587,1.855145504683632,-0.5000000000000001,0.8660254037844387,0.0,299.99957748946235
a3,18.99192285094063,206.10005605994945,209.54201855996342,1.855145504683632,-0.5000000000000001,0.8660254037844387,0.0,299.99957748946235
a3,349.7164615162144,260.29872418479835,552.1737732318959,1.855145504683632,-0.5000000000000001,0.8660254037844387,0.0,299.99957748946235
a3,228.57539369679122,174.58308429701364,0.9321723548815324,1.855145504683632,-0.5000000000000001,0.8660254037844387,0.0,299.99957748946235
a3,272.8052232317497,83.75168769581494,72.10374063858511,4.7611438341836045,-0.5000000000000001,0.8660254037844387,0.0,1918.6551984522653
a3,39.37626706410628,107.47392280944293,210.9874740213322,1.855145504683632,-0.5000000000000001,0.8660254037844387,0.0,299.99957748946235
a3,320.5720829115428,35.63189281889465,612.4010068171702,1.855145504683632,-0.5000000000000001,0.8660254037844387,0.0,299.99957748946235
a3,121.70535063459954,0.5030818474300203,339.4530264300493,1.855145504683632,-0.5000000000000001,0.8660254037844387,0.0,299.99957748946235
a3,75.35113971078378,299.49367716329806,167.95632447030758,1.855145504683632,-0.5000000000000001,0.8660254037844387,0.0,299.99957748946235
a3,299.640828285378,0.19175843796570444,168.7782092411142,1.855145504683632,-0.5000000000000001,0.8660254037844387,0.0,299.99957748946235
a3,43.77068045651712,249.01812317953494,258.87786297093913,1.855145504683632,-0.5000000000000001,0.8660254037844387,0.0,299.99957748946235
a3,51.64535709060894,256.5165064467888,503.40290891168104,1.855145504683632,-0.5000000000000001,0.8660254037844387,0.0,299.99957748946235
a3,38.25436140996587,179.19501638080826,0.6372296458799563,1.855145504683632,-0.5000000000000001,0.8660254037844387,0.0,299.99957748946235
a3,282.1115710502016,1.09909129632853,338.5490615854421,1.855145504683632,-0.5000000000000001,0.8660254037844387,0.0,299.99957748946235
a3,179.06489385565362,240.98113132073294,641.1044494927489,4.8067641575325295,-0.5000000000000001,0.8660254037844387,0.0,1955.5996888803872
a3,373.0923648756454,126.59968960494581,258.7162142613789,1.855145504683632,-0.5000000000000001,0.8660254037844387,0.0,299.99957748946235
a3,268.8470149217948,345.5963982551336,445.8462091388766,1.855145504683632,-0.5000000000000001,0.8660254037844387,0.0,299.99957748946235
a3,12.039358317892269,187.4464852969578,349.2682444381058,1.855145504683632,-0.5000000000000001,0.8660254037844387,0.0,299.99957748946235
a3,384.0343644371457,198.85675868658842,377.20431271018083,1.855145504683632,-0.5000000000000001,0.8660254037844387,0.0,299.99957748946235
a3,44.0385303516484,247.08962892784143,250.16192495876942,1.855145504683632,-0.5000000000000001,0.8660254037844387,0.0,299.99957748946235
a3,261.2445676396774,344.59084636301844,233.24493923526052,1.855145504683632,-0.5000000000000001,0.8660254037844387,0.0,299.99957748946235
a3,86.92432555666421,27.155558524684636,535.4919659103244,1.855145504683632,-0.5000000000000001,0.8660254037844387,0.0,299.99957748946235
a3,30.211352855757855,225.53267885948284,643.4580782881966,1.855145504683632,-0.5000000000000001,0.8660254037844387,0.0,299.99957748946235
a3,72.84724404635874,55.42612079412227,288.7880204329111,1.855145504683632,-0.5000000000000001,0.8660254037844387,0.0,299.99957748946235
a3,25.173159870749917,129.60388886854102,387.9856869366757,1.855145504683632,-0.5000000000000001,0.8660254037844387,0.0,299.99957748946235
a3,53.20340547275274,86.67568743420954,454.03396607732395,1.855145504683632,-0.5000000000000001,0.8660254037844387,0.0,299.99957748946235
a3,342.02191273323734,268.2850799358936,337.23966301390317,1.855145504683632,-0.5000000000000001,0.8660254037844387,0.0,299.99957748946235
a3,196.74249789127882,215.9870141572141,95.29515825349822,4.7482513876325,-0.5000000000000001,0.8660254037844387,0.0,1908.2784194281169
a3,120.33403517387707,346.4101615000001,193.20411770174638,1.855145504683632,-0.5000000000000001,0.8660254037844387,0.0,299.99957748946235
a3,149.934324924069,2.756621597654885e-14,353.3521450096469,1.855145504683632,-0.5000000000000001,0.8660254037844387,0.0,299.99957748946235
a3,271.5467490053092,346.41016149999984,262.32562955336914,1.855145504683632,-0.5000000000000001,0.8660254037844387,0.0,299.99957748946235
a3,186.22793039053235,228.81824677309055,651.6489171994195,1.855145504683632,-0.5000000000000001,0.8660254037844387,0.0,299.99957748946235
a3,12.298510730288347,152.84564175021524,449.9174297237475,1.855145504683632,-0.5000000000000001,0.8660254037844387,0.0,299.99957748946235
a3,153.79740630409478,49.397545228919974,652.3477349967642,1.855145504683632,-0.5000000000000001,0.8660254037844387,0.0,299.99957748946235
a3,322.2222222222224,307.9201435555554,653.1971999999998,1.855145504683632,-0.5000000000000001,0.8660254037844387,0.0,299.99957748946235
a3,230.7833717995814,346.41016149999984,500.61182329811686,1.855145504683632,-0.5000000000000001,0.8660254037844387,0.0,299.99957748946235
a3,100.43709783008833,345.58865462095804,486.3786801967342,1.855145504683632,-0.5000000000000001,0.8660254037844387,0.0,299.99957748946235
a3,307.0906566809265,198.27774708027476,653.1971999999998,1.855145504683632,-0.5000000000000001,0.8660254037844387,0.0,299.99957748946235
a3,383.0374267549195,200.75859117356978,303.2000395118227,1.855145504683632,-0.5000000000000001,0.8660254037844387,0.0,299.99957748946235
a3,54.705567121667634,267.95790245782985,591.9595486389288,1.855145504683632,-0.5000000000000001,0.8660254037844387,0.0,299.99957748946235
a3,247.42909366163593,192.49651205457076,407.68721918268045,4.744294549582071,-0.5000000000000001,0.8660254037844387,0.0,1905.099311192405
a3,59.00489463172458,275.4045561433309,344.96833818897994,1.855145504683632,-0.5000000000000001,0.8660254037844387,0.0,299.99957748946235
a3,212.47440630629254,327.3080482875148,0.14141357551216022,1.855145504683632,-0.5000000000000001,0.8660254037844387,0.0,299.99957748946235
a3,315.99592882578247,33.46831775158673,37.94671831924273,1.855145504683632,-0.5000000000000001,0.8660254037844387,0.0,299.99957748946235
a3,212.5463305759981,0.5248485194215753,20.06268318334083,1.855145504683632,-0.5000000000000001,0.8660254037844387,0.0,299.99957748946235
a3,319.71211448431376,312.267777689912,506.57995167729086,1.855145504683632,-0.5000000000000001,0.8660254037844387,0.0,299.99957748946235
a3,349.70752360520277,107.78569654218394,643.4138135654126,4.832480687258491,-0.5000000000000001,0.8660254037844387,0.0,1976.580859050323
a3,155.67770517105936,93.8200892488558,2.3949201163794314,1.855145504683632,-0.5000000000000001,0.8660254037844387,0.0,299.99957748946235
a3,117.24472207426689,208.36635921274973,1.8769361181786024,1.855145504683632,-0.5000000000000001,0.8660254037844387,0.0,299.99957748946235
a3,319.3771054310138,33.56213110880004,312.37330923267047,1.855145504683632,-0.5000000000000001,0.8660254037844387,0.0,299.99957748946235
a3,211.67474527689325,346.41016149999984,373.92673222696754,1.855145504683632,-0.5000000000000001,0.8660254037844387,0.0,299.99957748946235
a3,314.475954390498,321.3370730086048,216.0069960905876,1.855145504683632,-0.5000000000000001,0.8660254037844387,0.0,299.99957748946235
a3,330.21531158153135,178.71514690813015,0.0,1.855145504683632,-0.5000000000000001,0.8660254037844387,0.0,299.99957748946235
a3,190.4950428071594,1.3783107988274425e-14,399.1540697587847,1.855145504683632,-0.5000000000000001,0.8660254037844387,0.0,299.99957748946235
a3,178.2620840176035,1.7164930544475905,530.4340581766854,1.855145504683632,-0.5000000000000001,0.8660254037844387,0.0,299.99957748946235
a3,33.2322553114693,230.76503539727653,40.03502587670541,1.855145504683632,-0.5000000000000001,0.8660254037844387,0.0,299.99957748946235
a3,180.9392993470218,2.756621597654885e-14,462.49662036559977,1.855145504683632,-0.5000000000000001,0.8660254037844387,0.0,299.99957748946235
a3,198.77124399656893,305.7895895738455,650.1329495685118,1.855145504683632,-0.5000000000000001,0.8660254037844387,0.0,299.99957748946235
a3,251.3377292349949,346.41016149999984,374.66723208991203,1.855145504683632,-0.5000000000000001,0.8660254037844387,0.0,299.99957748946235
a3,378.327781477458,157.88506029809022,637.2781711008854,4.8305700519842265,-0.5000000000000001,0.8660254037844387,0.0,1975.0181922599381
a3,193.15149237057489,117.27809737382775,653.1971999999998,1.855145504683632,-0.5000000000000001,0.8660254037844387,0.0,299.99957748946235
a3,248.84921303447183,219.28077390324083,651.4913174404745,1.855145504683632,-0.5000000000000001,0.8660254037844387,0.0,299.99957748946235
a3,238.57180857563776,346.41016149999984,607.0549850906965,1.855145504683632,-0.5000000000000001,0.8660254037844387,0.0,299.99957748946235
a3,121.78344659856147,303.83511342942677,2.097157161294783,1.855145504683632,-0.5000000000000001,0.8660254037844387,0.0,299.99957748946235
a3,282.21761619315004,1.2788069135353781,470.1641358527343,1.855145504683632,-0.5000000000000001,0.8660254037844387,0.0,299.99957748946235
a3,318.82269286988367,297.89374280158097,619.0435129759182,4.810356130204137,-0.5000000000000001,0.8660254037844387,0.0,1958.5235208010733
a3,40.829740991702366,238.90253786649163,77.90180746947044,1.855145504683632,-0.5000000000000001,0.8660254037844387,0.0,299.99957748946235
a3,188.52402406440865,237.41420241654384,33.49084131026907,4.77776316801023,-0.5000000000000001,0.8660254037844387,0.0,1932.073160446585
a3,274.96234635686636,257.55435257867555,652.2147443978348,1.855145504683632,-0.5000000000000001,0.8660254037844387,0.0,299.99957748946235
a3,114.4450135918362,168.49339277122962,9.174736189119347,4.810354161129229,-0.5000000000000001,0.8660254037844387,0.0,1958.5219173943283
a3,115.41482100841792,335.2209297369466,536.8705497838437,4.810302667632841,-0.5000000000000001,0.8660254037844387,0.0,1958.4799867596562
a3,201.91703083765728,346.41016149999984,345.0983974368159,1.855145504683632,-0.5000000000000001,0.8660254037844387,0.0,299.99957748946235
a3,34.164962477210224,114.02962990314083,42.38490881442434,1.855145504683632,-0.5000000000000001,0.8660254037844387,0.0,299.99957748946235
a3,265.33958869321003,305.408357575216,650.517687415235,1.855145504683632,-0.5000000000000001,0.8660254037844387,0.0,299.99957748946235
a3,280.49360796962543,0.0,191.45435172413804,1.855145504683632,-0.5000000000000001,0.8660254037844387,0.0,299.99957748946235
a3,83.43745372305258,317.72298984675706,635.1139527214583,1.855145504683632,-0.5000000000000001,0.8660254037844387,0.0,299.99957748946235
a3,48.83066005354292,257.78226492649696,287.5749242040638,1.855145504683632,-0.5000000000000001,0.8660254037844387,0.0,299.99957748946235
a3,164.03192034434073,146.82121568435343,0.0,1.855145504683632,-0.5000000000000001,0.8660254037844387,0.0,299.99957748946235
a3,319.1919535401756,33.24143862676341,152.02562564949875,1.855145504683632,-0.5000000000000001,0.8660254037844387,0.0,299.99957748946235
a3,326.5285125035992,48.27526640441245,102.26246084647974,1.855145504683632,-0.5000000000000001,0.8660254037844387,0.0,299.99957748946235
a3,133.21417645757683,261.92044703618467,258.5828210000713,4.753587361411962,-0.5000000000000001,0.8660254037844387,0.0,1912.5697865943027
a3,55.507238724274664,110.86840580120452,47.903338766476345,4.795421133930216,-0.5000000000000001,0.8660254037844387,0.0,1946.3809131625837
a3,49.861541489577085,259.03799154108697,123.66851481312654,1.855145504683632,-0.5000000000000001,0.8660254037844387,0.0,299.99957748946235
a3,304.41431747299237,8.791559150181877,184.25826613899633,1.855145504683632,-0.5000000000000001,0.8660254037844387,0.0,299.99957748946235
a3,319.1224796115255,36.28661663167285,634.5859240871982,1.855145504683632,-0.5000000000000001,0.8660254037844387,0.0,299.99957748946235
a3,218.17966784030284,0.0,59.57246948029451,1.855145504683632,-0.5000000000000001,0.8660254037844387,0.0,299.99957748946235
a3,164.7828694884956,209.27597052446046,1.4350200144248042,1.855145504683632,-0.5000000000000001,0.8660254037844387,0.0,299.99957748946235
a3,19.829254669093874,138.85980418827282,244.84133079997224,1.855145504683632,-0.5000000000000001,0.8660254037844387,0.0,299.99957748946235
a3,309.42316959655153,16.321408508916388,154.80974230781857,1.855145504683632,-0.5000000000000001,0.8660254037844387,0.0,299.99957748946235
a3,366.7404071022443,225.04760102382022,371.3916738142991,1.855145504683632,-0.5000000000000001,0.8660254037844387,0.0,299.99957748946235
a3,224.5007100453138,261.4468818955678,124.89286555516217,4.750601568891991,-0.5000000000000001,0.8660254037844387,0.0,1910.1679192482013
a3,176.84913307804365,335.4353770480413,552.2483757249223,4.808792831440627,-0.5000000000000001,0.8660254037844387,0.0,1957.250741904355
a3,209.93570660458818,247.85648216183634,1.6609882544677153,1.855145504683632,-0.5000000000000001,0.8660254037844387,0.0,299.99957748946235
a3,307.45511714527544,249.63775403190843,313.86250693958556,4.767325866920913,-0.5000000000000001,0.8660254037844387,0.0,1923.6409288353918
a3,194.23183858291358,243.75812142106903,652.7130321011455,1.855145504683632,-0.5000000000000001,0.8660254037844387,0.0,299.99957748946235
a3,161.60306896847987,2.756621597654885e-14,566.071782227024,1.855145504683632,-0.5000000000000001,0.8660254037844387,0.0,299.99957748946235
a3,327.65362738109235,48.95158248275862,334.5252716923234,1.855145504683632,-0.5000000000000001,0.8660254037844387,0.0,299.99957748946235
a3,284.67199785435497,334.28636122552547,626.4085792890816,4.817044391446342,-0.5000000000000001,0.8660254037844387,0.0,1963.97352201868
a3,120.10894284511186,2.756621597654885e-14,405.3470831899173,1.855145504683632,-0.5000000000000001,0.8660254037844387,0.0,299.99957748946235
a3,90.4172246290324,16.597853819375445,645.1007902939731,1.855145504683632,-0.5000000000000001,0.8660254037844387,0.0,299.99957748946235
a3,9.09312058528113,188.9548276024311,619.644724079458,1.855145504683632,-0.5000000000000001,0.8660254037844387,0.0,299.99957748946235
a3,363.4057239156736,109.82193530826484,143.66846001815765,1.855145504683632,-0.5000000000000001,0.8660254037844387,0.0,299.99957748946235
a3,24.33113553689141,215.3478437040647,374.6672320856403,1.855145504683632,-0.5000000000000001,0.8660254037844387,0.0,299.99957748946235
a3,171.8629364032675,346.4101615000001,362.19684469617476,1.855145504683632,-0.5000000000000001,0.8660254037844387,0.0,299.99957748946235
a3,348.869046859309,259.63539860630044,136.73092989424882,1.855145504683632,-0.5000000000000001,0.8660254037844387,0.0,299.99957748946235
a3,110.13095554789996,346.4101615000001,455.6532843429529,1.855145504683632,-0.5000000000000001,0.8660254037844387,0.0,299.99957748946235
a3,223.0676955566251,346.41016149999984,138.22835165711163,1.855145504683632,-0.5000000000000001,0.8660254037844387,0.0,299.99957748946235
a3,111.42514492915917,215.93947399597238,0.0,1.855145504683632,-0.5000000000000001,0.8660254037844387,0.0,299.99957748946235
a3,364.46987760661193,111.66510356795791,477.207347045095,1.855145504683632,-0.5000000000000001,0.8660254037844387,0.0,299.99957748946235
a3,221.51208630861288,2.1573076214810745,553.0899427343999,1.855145504683632,-0.5000000000000001,0.8660254037844387,0.0,299.99957748946235
a3,149.23288409071284,2.756621597654885e-14,170.1556325005756,1.855145504683632,-0.5000000000000001,0.8660254037844387,0.0,299.99957748946235
a3,234.89776750023887,192.52160778548227,332.64567190372907,4.743784439522102,-0.5000000000000001,0.8660254037844387,0.0,1904.6896578419046
a3,200.65009936815568,84.52851211925423,381.6504941085049,4.7477422985139235,-0.5000000000000001,0.8660254037844387,0.0,1907.86924492581
a3,40.09208722165011,103.76354870338054,347.45581218954925,1.855145504683632,-0.5000000000000001,0.8660254037844387,0.0,299.99957748946235
a3,33.99859734041435,216.21155104525403,35.74765138238549,4.8107997452189615,-0.5000000000000001,0.8660254037844387,0.0,1958.88477077065
a3,334.70111228035313,286.30607195366656,535.1143962862441,1.855145504683632,-0.5000000000000001,0.8660254037844387,0.0,299.99957748946235
a3,236.73094381527594,56.45048586304633,1.7687597916951439,1.855145504683632,-0.5000000000000001,0.8660254037844387,0.0,299.99957748946235
a3,79.80115916499327,311.42474292116253,162.06700809048698,1.855145504683632,-0.5000000000000001,0.8660254037844387,0.0,299.99957748946235
a3,29.740035592296184,224.71633341271536,540.9321143539112,1.855145504683632,-0.5000000000000001,0.8660254037844387,0.0,299.99957748946235
a3,330.9223165978932,55.552240887950994,234.76772774739888,1.855145504683632,-0.5000000000000001,0.8660254037844387,0.0,299.99957748946235
a3,327.89644035555244,52.587490513327516,369.43224037401575,1.855145504683632,-0.5000000000000001,0.8660254037844387,0.0,299.99957748946235
a3,382.7523102183903,198.0669157370849,260.36479396807584,1.855145504683632,-0.5000000000000001,0.8660254037844387,0.0,299.99957748946235
a3,11.932235649467126,187.68396903541793,312.26988982294034,1.855145504683632,-0.5000000000000001,0.8660254037844387,0.0,299.99957748946235
a3,5.057735055394832,164.4448266631823,490.2288701457784,1.855145504683632,-0.5000000000000001,0.8660254037844387,0.0,299.99957748946235
a3,300.375820839884,37.14099073463357,653.1971999999998,1.855145504683632,-0.5000000000000001,0.8660254037844387,0.0,299.99957748946235
a3,139.32062159940375,1.7428661072231704,615.5996586101825,1.855145504683632,-0.5000000000000001,0.8660254037844387,0.0,299.99957748946235
a3,280.7630066194175,346.41016149999984,336.49150379937726,1.855145504683632,-0.5000000000000001,0.8660254037844387,0.0,299.99957748946235
a3,366.7739152121041,117.87960792803429,566.3096604408138,1.855145504683632,-0.5000000000000001,0.8660254037844387,0.0,299.99957748946235
a3,181.80434909104915,1.8794043071430269,184.20602339723737,1.855145504683632,-0.5000000000000001,0.8660254037844387,0.0,299.99957748946235
a3,190.53407115689825,276.7074742525055,243.3927607203019,4.752318040913095,-0.5000000000000001,0.8660254037844387,0.0,1911.5485200311077
a3,328.91413219496235,296.32941548355376,276.3296634334885,1.855145504683632,-0.5000000000000001,0.8660254037844387,0.0,299.99957748946235
a3,59.72619273977437,69.75628038617316,255.15332807038564,1.855145504683632,-0.5000000000000001,0.8660254037844387,0.0,299.99957748946235
a3,199.0740421241113,346.16086039739724,381.1820175500669,1.855145504683632,-0.5000000000000001,0.8660254037844387,0.0,299.99957748946235
a3,7.386392301874023,165.8221289278531,239.81826818485536,1.855145504683632,-0.5000000000000001,0.8660254037844387,0.0,299.99957748946235
a3,85.16486629255338,320.71495618264663,34.75024224160531,1.855145504683632,-0.5000000000000001,0.8660254037844387,0.0,299.99957748946235
a3,270.367841738595,1.8529658159444933,617.0707167086123,1.855145504683632,-0.5000000000000001,0.8660254037844387,0.0,299.99957748946235
a3,167.91584134059556,254.40392411957245,2.6699656971369667,1.855145504683632,-0.5000000000000001,0.8660254037844387,0.0,299.99957748946235
a3,241.1722511162838,0.0,565.5896400547638,1.855145504683632,-0.5000000000000001,0.8660254037844387,0.0,299.99957748946235
a3,249.45440187178562,317.0665348225194,653.1971999999998,1.855145504683632,-0.5000000000000001,0.8660254037844387,0.0,299.99957748946235
a3,188.29004978770936,2.756621597654885e-14,54.013190757635996,1.855145504683632,-0.5000000000000001,0.8660254037844387,0.0,299.99957748946235
a3,300.3604395775001,248.21681740626784,0.0,1.855145504683632,-0.5000000000000001,0.8660254037844387,0.0,299.99957748946235
a3,209.82454078590618,160.97252414402226,262.0478058173393,4.743379164247656,-0.5000000000000001,0.8660254037844387,0.0,1904.3642254113977
a3,228.8925376863457,344.32057609891854,350.4404382444169,1.855145504683632,-0.5000000000000001,0.8660254037844387,0.0,299.99957748946235
a3,15.3509463065905,147.92433110308156,127.20384265200455,1.855145504683632,-0.5000000000000001,0.8660254037844387,0.0,299.99957748946235
a3,189.15443741357927,32.979010560065916,652.4145568269915,1.855145504683632,-0.5000000000000001,0.8660254037844387,0.0,299.99957748946235
a3,104.6916386680988,106.03607039253836,2.7018521025416518,1.855145504683632,-0.5000000000000001,0.8660254037844387,0.0,299.99957748946235
a3,276.56538963545637,52.44708643401277,0.0,1.855145504683632,-0.5000000000000001,0.8660254037844387,0.0,299.99957748946235
a3,172.8572115742009,317.0619878490188,651.641233033982,1.855145504683632,-0.5000000000000001,0.8660254037844387,0.0,299.99957748946235
a3,65.20095816177921,63.770637769880175,298.191802079376,1.855145504683632,-0.5000000000000001,0.8660254037844387,0.0,299.99957748946235
a3,359.5678997310476,103.17462883023995,517.5398477888443,1.855145504683632,-0.5000000000000001,0.8660254037844387,0.0,299.99957748946235
a3,40.83157755006085,105.56148318313446,588.6115835630288,1.855145504683632,-0.5000000000000001,0.8660254037844387,0.0,299.99957748946235
a3,7.513814236224087,178.52998490555845,141.73581898190588,1.855145504683632,-0.5000000000000001,0.8660254037844387,0.0,299.99957748946235
a3,14.958765376267094,147.8382816199278,19.816557869271417,1.855145504683632,-0.5000000000000001,0.8660254037844387,0.0,299.99957748946235
a3,349.0414844784184,261.467818708157,345.098397429423,1.855145504683632,-0.5000000000000001,0.8660254037844387,0.0,299.99957748946235
a3,42.34061905825507,220.09754975645583,102.51455805449253,4.806782638128044,-0.5000000000000001,0.8660254037844387,0.0,1955.6147263214305
a3,259.20945784900385,0.0,266.7363650327695,1.855145504683632,-0.5000000000000001,0.8660254037844387,0.0,299.99957748946235
a3,349.4542881574129,85.65733973738452,471.65075785667113,1.855145504683632,-0.5000000000000001,0.8660254037844387,0.0,299.99957748946235
a3,330.4674764741392,269.06992634918987,158.83568085282906,4.807665271404703,-0.5000000000000001,0.8660254037844387,0.0,1956.3329818525178
a3,107.43478739555596,157.28574854597335,263.45806236906697,4.749190031687308,-0.5000000000000001,0.8660254037844387,0.0,1909.0329587692518
a3,36.21775639981887,212.12962110731536,172.08454248814323,4.808842806651048,-0.5000000000000001,0.8660254037844387,0.0,1957.2914234347786
a3,356.86133599579887,244.88466050430338,527.377821118612,1.855145504683632,-0.5000000000000001,0.8660254037844387,0.0,299.99957748946235
a3,44.42544336282447,132.9903513121307,650.5318097816079,1.855145504683632,-0.5000000000000001,0.8660254037844387,0.0,299.99957748946235
a3,150.61638749900933,2.5515392569483804,482.5683280844521,1.855145504683632,-0.5000000000000001,0.8660254037844387,0.0,299.99957748946235
a3,74.39224370885815,44.353934962335416,168.67428813692607,1.855145504683632,-0.5000000000000001,0.8660254037844387,0.0,299.99957748946235
a3,161.78689194727926,346.4101615000001,379.3889475347561,1.855145504683632,-0.5000000000000001,0.8660254037844387,0.0,299.99957748946235
a3,180.77441601047917,345.44528022699666,517.6154976514034,1.855145504683632,-0.5000000000000001,0.8660254037844387,0.0,299.99957748946235
a3,291.14307097525375,346.41016149999984,61.33351983589944,1.855145504683632,-0.5000000000000001,0.8660254037844387,0.0,299.99957748946235
a3,109.77996718135654,2.756621597654885e-14,298.27271487213915,1.855145504683632,-0.5000000000000001,0.8660254037844387,0.0,299.99957748946235
a3,368.2981787502391,118.48809940783859,470.3131142123892,1.855145504683632,-0.5000000000000001,0.8660254037844387,0.0,299.99957748946235
a3,317.6171227863703,312.2371724253303,68.11578001201204,1.855145504683632,-0.5000000000000001,0.8660254037844387,0.0,299.99957748946235
a3,91.61787372917244,329.8410632101308,435.8754792032338,1.855145504683632,-0.5000000000000001,0.8660254037844387,0.0,299.99957748946235
a3,214.96267808874103,217.18338428058652,0.0,1.855145504683632,-0.5000000000000001,0.8660254037844387,0.0,299.99957748946235
a3,55.199938164345134,131.0514722777465,0.0,1.855145504683632,-0.5000000000000001,0.8660254037844387,0.0,299.99957748946235
a3,359.5678997310476,103.17462883023995,517.5398477888443,1.855145504683632,-0.5000000000000001,0.8660254037844387,0.0,299.99957748946235
a3,230.0528176874914,0.0,624.2336468124075,1.855145504683632,-0.5000000000000001,0.8660254037844387,0.0,299.99957748946235
a3,307.4251907013264,333.54935394992634,101.26210979535534,1.855145504683632,-0.5000000000000001,0.8660254037844387,0.0,299.99957748946235
a3,323.6626204765214,88.02490544219532,300.58298114106805,4.783675411448,-0.5000000000000001,0.8660254037844387,0.0,1936.8578071895763
a3,296.6890178139869,118.52222358281855,653.1971999999998,1.855145504683632,-0.5000000000000001,0.8660254037844387,0.0,299.99957748946235
a3,299.6846771414065,114.05784622404316,148.94145619413695,4.757004465543827,-0.5000000000000001,0.8660254037844387,0.0,1915.3204667097602
a3,280.7630066194175,346.41016149999984,336.49150379937726,1.855145504683632,-0.5000000000000001,0.8660254037844387,0.0,299.99957748946235
a3,29.30023271554003,221.4474941649759,486.40230732475084,1.855145504683632,-0.5000000000000001,0.8660254037844387,0.0,299.99957748946235
a3,170.5302658296339,2.756621597654885e-14,399.28484953783243,1.855145504683632,-0.5000000000000001,0.8660254037844387,0.0,299.99957748946235
a3,283.9357090678111,1.3355389495248067,606.4980638305867,1.855145504683632,-0.5000000000000001,0.8660254037844387,0.0,299.99957748946235
a3,208.0407154496134,204.9692043059134,653.1784371154255,1.855145504683632,-0.5000000000000001,0.8660254037844387,0.0,299.99957748946235
a3,280.56440570875327,0.0,157.66828965517252,1.855145504683632,-0.5000000000000001,0.8660254037844387,0.0,299.99957748946235
a3,51.36660764527848,256.6427655973767,390.1718836213009,1.855145504683632,-0.5000000000000001,0.8660254037844387,0.0,299.99957748946235
a3,319.1824573168272,33.22499068544479,163.54804134613755,1.855145504683632,-0.5000000000000001,0.8660254037844387,0.0,299.99957748946235
a3,60.26092267633367,70.76376401320027,304.30592221659936,1.855145504683632,-0.5000000000000001,0.8660254037844387,0.0,299.99957748946235
a3,76.06682929448532,304.95669385347793,28.40499148722609,1.855145504683632,-0.5000000000000001,0.8660254037844387,0.0,299.99957748946235
a3,31.370058956023417,122.18109662284613,345.45553319301376,1.855145504683632,-0.5000000000000001,0.8660254037844387,0.0,299.99957748946235
a3,348.9686866328541,140.5935117948539,459.1442035966954,4.7791520365546525,-0.5000000000000001,0.8660254037844387,0.0,1933.1966090427618
a3,155.4241928384817,332.8864454902727,131.10100812302863,4.805860962738366,-0.5000000000000001,0.8660254037844387,0.0,1954.8648404637902
a3,395.37166413826196,166.97805641172013,226.75966761034195,1.855145504683632,-0.5000000000000001,0.8660254037844387,0.0,299.99957748946235
a3,128.3996278219309,265.6888807458091,653.1971999999998,1.855145504683632,-0.5000000000000001,0.8660254037844387,0.0,299.99957748946235
a3,359.49287737446383,243.36547520306127,494.5301819978951,1.855145504683632,-0.5000000000000001,0.8660254037844387,0.0,299.99957748946235
a3,249.95404317045302,177.74668556896768,0.0,1.855145504683632,-0.5000000000000001,0.8660254037844387,0.0,299.99957748946235
a3,239.12839585489147,0.0,220.51033186118565,1.855145504683632,-0.5000000000000001,0.8660254037844387,0.0,299.99957748946235
a3,25.326456768228642,130.7310635971777,623.2619428974516,1.855145504683632,-0.5000000000000001,0.8660254037844387,0.0,299.99957748946235
a3,242.18361816694227,343.422790684755,572.1778523432292,1.855145504683632,-0.5000000000000001,0.8660254037844387,0.0,299.99957748946235
a3,221.3129965350435,0.0,542.7722815245249,1.855145504683632,-0.5000000000000001,0.8660254037844387,0.0,299.99957748946235
a3,207.49459852949335,321.96691236828514,258.5352295782637,4.782650959596761,-0.5000000000000001,0.8660254037844387,0.0,1936.0283173393411
a3,203.9158112071096,344.03015036741715,390.9033698513969,1.855145504683632,-0.5000000000000001,0.8660254037844387,0.0,299.99957748946235
a3,290.6470048995564,1.4968384355280506,435.35167551606503,1.855145504683632,-0.5000000000000001,0.8660254037844387,0.0,299.99957748946235
a3,23.592319705341694,214.06817714643523,134.11340873854488,1.855145504683632,-0.5000000000000001,0.8660254037844387,0.0,299.99957748946235
a3,193.32163002703228,343.71772449289494,29.161738424484284,1.855145504683632,-0.5000000000000001,0.8660254037844387,0.0,299.99957748946235
a3,188.8888888888888,2.871480830890505e-14,653.1971999999998,1.855145504683632,-0.5000000000000001,0.8660254037844387,0.0,299.99957748946235
a3,64.48965636008359,282.2139222923071,43.156451915784366,1.855145504683632,-0.5000000000000001,0.8660254037844387,0.0,299.99957748946235
a3,9.02254658121612,157.57757165829827,32.028397161076995,1.855145504683632,-0.5000000000000001,0.8660254037844387,0.0,299.99957748946235
a3,15.130786457735777,147.83964663347234,129.89995109314552,1.855145504683632,-0.5000000000000001,0.8660254037844387,0.0,299.99957748946235
a3,260.88283536296757,346.41016149999984,438.041947930161,1.855145504683632,-0.5000000000000001,0.8660254037844387,0.0,299.99957748946235
a3,358.4792660643166,101.28906000870718,183.90176877377442,1.855145504683632,-0.5000000000000001,0.8660254037844387,0.0,299.99957748946235
a3,339.71155856442897,277.6277244213976,540.8070042609569,1.855145504683632,-0.5000000000000001,0.8660254037844387,0.0,299.99957748946235
a3,190.86417221756003,299.23633624408467,652.6256765861156,1.855145504683632,-0.5000000000000001,0.8660254037844387,0.0,299.99957748946235
a3,14.782785260206856,198.80961589704037,489.55354457420043,1.855145504683632,-0.5000000000000001,0.8660254037844387,0.0,299.99957748946235
a3,130.221215704901,346.4101615000001,512.0200056117293,1.855145504683632,-0.5000000000000001,0.8660254037844387,0.0,299.99957748946235
a3,159.5297007281126,2.756621597654885e-14,243.83323730344884,1.855145504683632,-0.5000000000000001,0.8660254037844387,0.0,299.99957748946235
a3,44.01467560125088,249.44073516699717,327.906197996078,1.855145504683632,-0.5000000000000001,0.8660254037844387,0.0,299.99957748946235
a3,54.24658463216385,249.45220865769946,0.0,1.855145504683632,-0.5000000000000001,0.8660254037844387,0.0,299.99957748946235
a3,126.8886788822852,135.28447530255409,651.6373868886171,1.855145504683632,-0.5000000000000001,0.8660254037844387,0.0,299.99957748946235
a3,181.07213442786895,346.4101615000001,483.0253130485382,1.855145504683632,-0.5000000000000001,0.8660254037844387,0.0,299.99957748946235
a3,44.380440021215826,250.07425772595212,635.0806068537571,1.855145504683632,-0.5000000000000001,0.8660254037844387,0.0,299.99957748946235
a3,33.6676664663568,228.9864777187323,144.47656745432906,1.855145504683632,-0.5000000000000001,0.8660254037844387,0.0,299.99957748946235
a3,366.208471238684,230.66264989877772,160.7320880532266,1.855145504683632,-0.5000000000000001,0.8660254037844387,0.0,299.99957748946235
a3,314.5192658597817,25.148106156741974,273.0126954624647,1.855145504683632,-0.5000000000000001,0.8660254037844387,0.0,299.99957748946235
a3,90.22271495608352,16.934754455473144,270.1244414164997,1.855145504683632,-0.5000000000000001,0.8660254037844387,0.0,299.99957748946235
a3,234.04723877038245,32.60673486026401,650.371909305022,1.855145504683632,-0.5000000000000001,0.8660254037844387,0.0,299.99957748946235
a3,191.01518153100477,346.4101615000001,488.8428262568851,1.855145504683632,-0.5000000000000001,0.8660254037844387,0.0,299.99957748946235
a3,324.52140657424286,303.937839442047,409.0187979079944,1.855145504683632,-0.5000000000000001,0.8660254037844387,0.0,299.99957748946235
a3,141.27438679655725,346.4101615000001,345.9083347875347,1.855145504683632,-0.5000000000000001,0.8660254037844387,0.0,299.99957748946235
a3,362.40912960099314,220.16221007856433,505.91130092493466,4.813872370797293,-0.5000000000000001,0.8660254037844387,0.0,1961.387823024875
a3,151.60231108478138,285.7943918508769,653.1971999999998,1.855145504683632,-0.5000000000000001,0.8660254037844387,0.0,299.99957748946235
a3,367.4135609070845,119.93162707725546,104.2988988766092,1.855145504683632,-0.5000000000000001,0.8660254037844387,0.0,299.99957748946235
a3,254.86791012110342,247.5521011870699,653.1971999999998,1.855145504683632,-0.5000000000000001,0.8660254037844387,0.0,299.99957748946235
a3,238.42109476278583,0.0,116.96774084532709,1.855145504683632,-0.5000000000000001,0.8660254037844387,0.0,299.99957748946235
a3,82.66700960596383,312.4385693903571,526.9352885250973,1.855145504683632,-0.5000000000000001,0.8660254037844387,0.0,299.99957748946235
a3,209.58333017784884,344.25329754774714,521.9479694963916,1.855145504683632,-0.5000000000000001,0.8660254037844387,0.0,299.99957748946235
a3,293.57611428461337,69.60866632670769,380.0744885032294,4.76820534113912,-0.5000000000000001,0.8660254037844387,0.0,1924.3507391986068
a3,183.64218501018036,346.4101615000001,91.86372920690441,1.855145504683632,-0.5000000000000001,0.8660254037844387,0.0,299.99957748946235
a3,189.70514397907405,2.756621597654885e-14,318.48039059753745,1.855145504683632,-0.5000000000000001,0.8660254037844387,0.0,299.99957748946235
a3,318.50568872676905,71.51489680126804,279.84840303368867,4.794809067303785,-0.5000000000000001,0.8660254037844387,0.0,1945.8840897392022
a3,277.38159662623406,307.3564203372975,653.1971999999998,1.855145504683632,-0.5000000000000001,0.8660254037844387,0.0,299.99957748946235
a3,68.65738548106616,58.96460688491225,601.9477242320615,1.855145504683632,-0.5000000000000001,0.8660254037844387,0.0,299.99957748946235
a3,353.25351924906454,254.17236048244106,109.18589123832784,1.855145504683632,-0.5000000000000001,0.8660254037844387,0.0,299.99957748946235
a3,223.12528954391297,345.4321802002998,174.65435433112296,1.855145504683632,-0.5000000000000001,0.8660254037844387,0.0,299.99957748946235
a3,369.50722436583806,120.39004408993357,482.8942129597003,1.855145504683632,-0.5000000000000001,0.8660254037844387,0.0,299.99957748946235
a3,151.1912222543081,344.51062963411033,188.04002230875753,1.855145504683632,-0.5000000000000001,0.8660254037844387,0.0,299.99957748946235
a3,71.2802677994913,205.49274411373196,653.1971999999998,1.855145504683632,-0.5000000000000001,0.8660254037844387,0.0,299.99957748946235
a3,59.28864942076681,262.9860145602787,7.844267190111843,4.880980243607069,-0.5000000000000001,0.8660254037844387,0.0,2016.454518455257
a3,160.370827608722,26.273838173666487,653.1971999999998,1.855145504683632,-0.5000000000000001,0.8660254037844387,0.0,299.99957748946235
a3,55.023673254215325,77.90128305842016,341.5034044649213,1.855145504683632,-0.5000000000000001,0.8660254037844387,0.0,299.99957748946235
a3,368.59285567994937,118.80631106918709,229.79072926915143,1.855145504683632,-0.5000000000000001,0.8660254037844387,0.0,299.99957748946235
a3,314.30378345194373,321.6352818217558,239.1603124636422,1.855145504683632,-0.5000000000000001,0.8660254037844387,0.0,299.99957748946235
a3,84.91827062772538,26.122321537744632,217.1798247979709,1.855145504683632,-0.5000000000000001,0.8660254037844387,0.0,299.99957748946235
a3,384.4391905751872,146.25296822039937,431.6956983187923,1.855145504683632,-0.5000000000000001,0.8660254037844387,0.0,299.99957748946235
a3,145.80663390760273,74.8321005875415,484.082956876908,4.753046521257278,-0.5000000000000001,0.8660254037844387,0.0,1912.1346054915332
a3,121.1944944475814,213.5435635680641,488.8046090739612,4.748967553827336,-0.5000000000000001,0.8660254037844387,0.0,1908.8541040102673
a3,139.1341973624636,346.13213367409486,625.482032108263,1.855145504683632,-0.5000000000000001,0.8660254037844387,0.0,299.99957748946235
a3,362.5299835247688,238.1050530429625,399.90507091490934,1.855145504683632,-0.5000000000000001,0.8660254037844387,0.0,299.99957748946235
a3,199.9202992957138,287.2604554891048,652.01260872243,1.855145504683632,-0.5000000000000001,0.8660254037844387,0.0,299.99957748946235
a3,79.54417060534378,189.4196418520906,554.9188182415583,4.758789325008404,-0.5000000000000001,0.8660254037844387,0.0,1916.7580181032718
a3,319.55373985179614,33.86807089994828,392.2414256313363,1.855145504683632,-0.5000000000000001,0.8660254037844387,0.0,299.99957748946235
a3,334.5419962581443,208.86279616697308,653.1971999999998,1.855145504683632,-0.5000000000000001,0.8660254037844387,0.0,299.99957748946235
a3,372.384876324967,130.99690595668494,365.081423964136,1.855145504683632,-0.5000000000000001,0.8660254037844387,0.0,299.99957748946235
a3,29.424954456550296,221.6622719233319,208.08225616975426,1.855145504683632,-0.5000000000000001,0.8660254037844387,0.0,299.99957748946235
a3,131.88214194746476,1.5975995995401475,127.71397360038448,1.855145504683632,-0.5000000000000001,0.8660254037844387,0.0,299.99957748946235
a3,248.63359887115072,3.141478218507907,490.7631573827583,1.855145504683632,-0.5000000000000001,0.8660254037844387,0.0,299.99957748946235
a3,171.54045396315232,2.756621597654885e-14,560.2687680395549,1.855145504683632,-0.5000000000000001,0.8660254037844387,0.0,299.99957748946235
a3,48.10286274149502,256.52168300446806,57.47952360024534,1.855145504683632,-0.5000000000000001,0.8660254037844387,0.0,299.99957748946235
a3,290.6700573185221,346.41016149999984,207.25492972758607,1.855145504683632,-0.5000000000000001,0.8660254037844387,0.0,299.99957748946235
a3,344.71401004000825,77.44693719635923,546.4903887422671,1.855145504683632,-0.5000000000000001,0.8660254037844387,0.0,299.99957748946235
a3,20.898967004215617,207.28484440432914,395.33033118755725,1.855145504683632,-0.5000000000000001,0.8660254037844387,0.0,299.99957748946235
a3,199.84693106586636,18.749589896126093,0.0,1.855145504683632,-0.5000000000000001,0.8660254037844387,0.0,299.99957748946235
a3,72.48031831007702,54.58297743435143,371.4418134667158,1.855145504683632,-0.5000000000000001,0.8660254037844387,0.0,299.99957748946235
a3,222.1563262636654,346.41016149999984,287.70427411700507,1.855145504683632,-0.5000000000000001,0.8660254037844387,0.0,299.99957748946235
a3,270.02122022045796,0.0,342.28515938173416,1.855145504683632,-0.5000000000000001,0.8660254037844387,0.0,299.99957748946235
a3,304.64481729440547,338.36510195453485,275.4163578797676,1.855145504683632,-0.5000000000000001,0.8660254037844387,0.0,299.99957748946235
a3,339.8248619440477,277.4314772112366,586.6862769599114,1.855145504683632,-0.5000000000000001,0.8660254037844387,0.0,299.99957748946235
a3,91.96536493491344,217.70073616109968,650.2047607552128,1.855145504683632,-0.5000000000000001,0.8660254037844387,0.0,299.99957748946235
a3,89.83388923097094,292.7335000550413,372.40356006731406,4.792675235002391,-0.5000000000000001,0.8660254037844387,0.0,1944.1525228120374
a3,97.5618746628979,340.7403378890033,476.41099097294693,1.855145504683632,-0.5000000000000001,0.8660254037844387,0.0,299.99957748946235
a3,373.37168773838624,127.08349099490974,86.14204664321238,1.855145504683632,-0.5000000000000001,0.8660254037844387,0.0,299.99957748946235
a3,256.30470848769534,128.00129974343457,653.1971999999998,1.855145504683632,-0.5000000000000001,0.8660254037844387,0.0,299.99957748946235
a3,220.49608068855977,69.46441495059283,548.962685747135,4.755641402961534,-0.5000000000000001,0.8660254037844387,0.0,1914.2229997439201
a3,128.1109414051385,265.1849237366202,650.322844357979,1.855145504683632,-0.5000000000000001,0.8660254037844387,0.0,299.99957748946235
a3,66.75243843049884,93.97131848839551,653.1971999999998,1.855145504683632,-0.5000000000000001,0.8660254037844387,0.0,299.99957748946235
a3,319.71211448431393,34.1423838100883,506.57995167729194,1.855145504683632,-0.5000000000000001,0.8660254037844387,0.0,299.99957748946235
a3,338.66508062898225,66.96988412548126,218.67615226421384,1.855145504683632,-0.5000000000000001,0.8660254037844387,0.0,299.99957748946235
a3,379.8387374387758,208.1254118493881,551.8617938234427,1.855145504683632,-0.5000000000000001,0.8660254037844387,0.0,299.99957748946235
a3,93.52513263015385,330.3211114678423,18.5796369925354,1.855145504683632,-0.5000000000000001,0.8660254037844387,0.0,299.99957748946235
a3,220.11742396597435,267.03429598333634,0.0,1.855145504683632,-0.5000000000000001,0.8660254037844387,0.0,299.99957748946235
a3,107.90718699951444,45.25213107874782,199.46416088376665,4.7799358044272,-0.5000000000000001,0.8660254037844387,0.0,1933.830738957178
a3,290.2224668586316,346.41016149999984,421.92936638538924,1.855145504683632,-0.5000000000000001,0.8660254037844387,0.0,299.99957748946235
a3,246.25741447388103,73.52598995508156,601.5423440063445,4.76761059393419,-0.5000000000000001,0.8660254037844387,0.0,1923.8707133760552
a3,102.86467826716836,2.897492602125228,132.62415751707263,1.855145504683632,-0.5000000000000001,0.8660254037844387,0.0,299.99957748946235
a3,400.0000000000001,173.20508075,394.17072413793113,1.855145504683632,-0.5000000000000001,0.8660254037844387,0.0,299.99957748946235
a3,339.0113182709171,85.67288636768045,653.1971999999998,1.855145504683632,-0.5000000000000001,0.8660254037844387,0.0,299.99957748946235
a3,6.107039740680282,183.2342360660575,103.16663596786492,1.855145504683632,-0.5000000000000001,0.8660254037844387,0.0,299.99957748946235
a3,116.06977755662211,109.26751481253734,2.9366457279170897,1.855145504683632,-0.5000000000000001,0.8660254037844387,0.0,299.99957748946235
a3,277.38159662623406,307.3564203372975,0.0,1.855145504683632,-0.5000000000000001,0.8660254037844387,0.0,299.99957748946235
a3,280.4606366146032,0.0,405.39618286679575,1.855145504683632,-0.5000000000000001,0.8660254037844387,0.0,299.99957748946235
a3,201.61024455200607,346.41016149999984,607.1521501340285,1.855145504683632,-0.5000000000000001,0.8660254037844387,0.0,299.99957748946235
a3,34.15772096209466,232.36798892475565,339.54041113782625,1.855145504683632,-0.5000000000000001,0.8660254037844387,0.0,299.99957748946235
a3,394.9919897397115,164.53095253469888,501.009423363046,1.855145504683632,-0.5000000000000001,0.8660254037844387,0.0,299.99957748946235
a3,259.65958401614785,0.0,335.6439472478021,1.855145504683632,-0.5000000000000001,0.8660254037844387,0.0,299.99957748946235
a3,4.87659800759364,164.75856523309454,579.9940655172414,1.855145504683632,-0.5000000000000001,0.8660254037844387,0.0,299.99957748946235
a3,198.68081260369595,149.32142188278817,650.9454474271611,1.855145504683632,-0.5000000000000001,0.8660254037844387,0.0,299.99957748946235
a3,300.00000000000006,346.41016149999984,191.454351724138,1.855145504683632,-0.5000000000000001,0.8660254037844387,0.0,299.99957748946235
a3,358.1789069399909,100.76882274487863,91.86372915109574,1.855145504683632,-0.5000000000000001,0.8660254037844387,0.0,299.99957748946235
a3,201.9025605291162,0.7527929372186329,323.2977267503738,1.855145504683632,-0.5000000000000001,0.8660254037844387,0.0,299.99957748946235
a3,212.02947491914944,277.48662098711065,651.8615337494908,1.855145504683632,-0.5000000000000001,0.8660254037844387,0.0,299.99957748946235
a3,109.36090705272424,346.4101615000001,150.07869632581543,1.855145504683632,-0.5000000000000001,0.8660254037844387,0.0,299.99957748946235
a3,304.00631544746557,336.94239249170647,442.2504151457927,1.855145504683632,-0.5000000000000001,0.8660254037844387,0.0,299.99957748946235
a3,208.1828444725306,1.3783107988274425e-14,53.884513796535416,1.855145504683632,-0.5000000000000001,0.8660254037844387,0.0,299.99957748946235
a3,15.061153893272332,147.1183969872759,388.2003669458698,1.855145504683632,-0.5000000000000001,0.8660254037844387,0.0,299.99957748946235
a3,326.1149640251072,296.37707719885844,106.81976861768418,1.855145504683632,-0.5000000000000001,0.8660254037844387,0.0,299.99957748946235
a3,302.8940062168979,336.9455724802729,63.574779649595264,1.855145504683632,-0.5000000000000001,0.8660254037844387,0.0,299.99957748946235
a3,400.0000000000001,173.20508075,461.7428482758621,1.855145504683632,-0.5000000000000001,0.8660254037844387,0.0,299.99957748946235
a3,86.22547160261662,320.05714242503075,409.1596705824046,1.855145504683632,-0.5000000000000001,0.8660254037844387,0.0,299.99957748946235
a3,373.4085550916456,219.26281437610695,354.4375379460843,1.855145504683632,-0.5000000000000001,0.8660254037844387,0.0,299.99957748946235
a3,0.0,173.20508075000004,563.1010344827587,1.855145504683632,-0.5000000000000001,0.8660254037844387,0.0,299.99957748946235
a3,289.1258747173851,344.2581479760634,52.70122454910472,1.855145504683632,-0.5000000000000001,0.8660254037844387,0.0,299.99957748946235
a3,100.00000000000003,346.4101615000001,540.5769931034482,1.855145504683632,-0.5000000000000001,0.8660254037844387,0.0,299.99957748946235
a3,53.14088490821047,265.2477933665305,74.67162640631503,1.855145504683632,-0.5000000000000001,0.8660254037844387,0.0,299.99957748946235
a3,343.7596664460738,270.6161958961474,247.39989671532635,1.855145504683632,-0.5000000000000001,0.8660254037844387,0.0,299.99957748946235
a3,111.45189810077129,235.71583319091565,653.1971999999998,1.855145504683632,-0.5000000000000001,0.8660254037844387,0.0,299.99957748946235
a3,314.7256033673538,320.45390932389347,418.9883226675649,1.855145504683632,-0.5000000000000001,0.8660254037844387,0.0,299.99957748946235
a3,375.6017509714649,184.70153533855355,197.01612798217175,4.805628607271919,-0.5000000000000001,0.8660254037844387,0.0,1954.6758160392858
a3,108.26966409603907,148.38238290382458,0.8036157624501646,1.855145504683632,-0.5000000000000001,0.8660254037844387,0.0,299.99957748946235
a3,373.2290645423433,217.92111087315504,42.27990699728488,1.855145504683632,-0.5000000000000001,0.8660254037844387,0.0,299.99957748946235
a3,65.63946985951533,59.5141839759545,559.9102601482215,1.855145504683632,-0.5000000000000001,0.8660254037844387,0.0,299.99957748946235
a3,260.58005796017886,346.41016149999984,518.0137892772764,1.855145504683632,-0.5000000000000001,0.8660254037844387,0.0,299.99957748946235
a3,305.7060838657655,336.0348883397654,537.4517111727233,1.855145504683632,-0.5000000000000001,0.8660254037844387,0.0,299.99957748946235
a3,374.4291812928804,217.33969546144306,636.774754583378,1.855145504683632,-0.5000000000000001,0.8660254037844387,0.0,299.99957748946235
a3,24.78715736619164,216.13769668174183,546.6534331449066,1.855145504683632,-0.5000000000000001,0.8660254037844387,0.0,299.99957748946235
a3,326.30544621019163,48.45719365153607,393.71209506796265,1.855145504683632,-0.5000000000000001,0.8660254037844387,0.0,299.99957748946235
a3,65.52582717072337,59.71101888684309,513.9471459715329,1.855145504683632,-0.5000000000000001,0.8660254037844387,0.0,299.99957748946235
a3,74.77353229155419,302.71663773521374,580.4803752962918,1.855145504683632,-0.5000000000000001,0.8660254037844387,0.0,299.99957748946235
a3,64.55265191591285,285.0135536272233,602.5909247188232,1.855145504683632,-0.5000000000000001,0.8660254037844387,0.0,299.99957748946235
a3,151.12915718969887,2.756621597654885e-14,536.9734174826546,1.855145504683632,-0.5000000000000001,0.8660254037844387,0.0,299.99957748946235
a3,152.52775084903388,146.6829795162119,653.1971999999998,1.855145504683632,-0.5000000000000001,0.8660254037844387,0.0,299.99957748946235
a3,326.8556969890844,52.05043964155647,152.54837428837743,1.855145504683632,-0.5000000000000001,0.8660254037844387,0.0,299.99957748946235
a3,100.40840882526429,215.75321402042243,653.1971999999998,1.855145504683632,-0.5000000000000001,0.8660254037844387,0.0,299.99957748946235
a3,320.15672589994085,35.57099921058285,377.67671079418454,1.855145504683632,-0.5000000000000001,0.8660254037844387,0.0,299.99957748946235
a3,145.3938031071019,44.94499777811056,0.5720827716166704,1.855145504683632,-0.5000000000000001,0.8660254037844387,0.0,299.99957748946235
a3,144.5554190421373,344.40741602894417,195.69728673649206,1.855145504683632,-0.5000000000000001,0.8660254037844387,0.0,299.99957748946235
a3,188.29004978770936,2.756621597654885e-14,54.013190757635996,1.855145504683632,-0.5000000000000001,0.8660254037844387,0.0,299.99957748946235
a3,112.26712765462324,345.33358859829264,526.3847332307996,1.855145504683632,-0.5000000000000001,0.8660254037844387,0.0,299.99957748946235
a3,388.16558923333275,153.35135264721404,76.2130369462258,1.855145504683632,-0.5000000000000001,0.8660254037844387,0.0,299.99957748946235
a3,361.06313770309606,108.11891504041128,243.82705804089417,1.855145504683632,-0.5000000000000001,0.8660254037844387,0.0,299.99957748946235
a3,194.32292224386993,345.22279952511514,41.64504875981221,1.855145504683632,-0.5000000000000001,0.8660254037844387,0.0,299.99957748946235
a3,233.12654714430872,0.054394428745704076,528.6010880191113,1.855145504683632,-0.5000000000000001,0.8660254037844387,0.0,299.99957748946235
a3,258.7851106359283,0.0,174.3622192412834,1.855145504683632,-0.5000000000000001,0.8660254037844387,0.0,299.99957748946235
a3,344.2240940494698,76.59837780934014,612.5904328392103,1.855145504683632,-0.5000000000000001,0.8660254037844387,0.0,299.99957748946235
a3,309.5454944773074,175.1752235676169,566.4633206841294,4.7573024175181144,-0.5000000000000001,0.8660254037844387,0.0,1915.5604040024284
a3,138.21563770405882,184.4608064972671,0.8937360448302458,1.855145504683632,-0.5000000000000001,0.8660254037844387,0.0,299.99957748946235
a3,245.23601418124719,343.4445186129281,58.402429980208474,1.855145504683632,-0.5000000000000001,0.8660254037844387,0.0,299.99957748946235
a3,38.27705560276424,239.5028858154902,92.12352178255881,1.855145504683632,-0.5000000000000001,0.8660254037844387,0.0,299.99957748946235
a3,326.6876116753014,50.85616388400217,392.07638055861423,1.855145504683632,-0.5000000000000001,0.8660254037844387,0.0,299.99957748946235
a3,260.3319791720217,60.1363204899559,653.1971999999998,1.855145504683632,-0.5000000000000001,0.8660254037844387,0.0,299.99957748946235
a3,297.8066346082054,138.5327385176381,3.015237069151467,1.855145504683632,-0.5000000000000001,0.8660254037844387,0.0,299.99957748946235
a3,68.36846595555939,291.6227374158629,115.11814284454262,1.855145504683632,-0.5000000000000001,0.8660254037844387,0.0,299.99957748946235
a3,316.32055252821823,206.9268384962107,415.72867451345013,4.757287963475004,-0.5000000000000001,0.8660254037844387,0.0,1915.548763981186
a3,4.72174917976844,181.38339022963044,286.3320578447651,1.855145504683632,-0.5000000000000001,0.8660254037844387,0.0,299.99957748946235
a3,258.7851106359283,0.0,174.3622192412834,1.855145504683632,-0.5000000000000001,0.8660254037844387,0.0,299.99957748946235
a3,56.142524791907306,77.50541936055221,307.26299752041837,1.855145504683632,-0.5000000000000001,0.8660254037844387,0.0,299.99957748946235
a3,63.74164891137711,62.85729996916639,615.6590307515158,1.855145504683632,-0.5000000000000001,0.8660254037844387,0.0,299.99957748946235
a3,381.9010338989507,148.9882385630599,352.91255862072626,1.855145504683632,-0.5000000000000001,0.8660254037844387,0.0,299.99957748946235
a3,141.09615503786466,172.4620521873308,189.92309434843077,4.745297014664155,-0.5000000000000001,0.8660254037844387,0.0,1905.904487720309
a3,283.1941068168528,277.8005091038008,0.0,1.855145504683632,-0.5000000000000001,0.8660254037844387,0.0,299.99957748946235
a3,25.51765165362396,129.00721159783686,491.3392410528855,1.855145504683632,-0.5000000000000001,0.8660254037844387,0.0,299.99957748946235
a3,309.35305572285523,273.4596547950725,32.10401996214942,4.792363286425508,-0.5000000000000001,0.8660254037844387,0.0,1943.8994466716058
a3,343.5723892601267,75.46959200270666,189.84898112311907,1.855145504683632,-0.5000000000000001,0.8660254037844387,0.0,299.99957748946235
a3,49.54086384492247,235.8843848724711,184.69731568350167,4.812684176970127,-0.5000000000000001,0.8660254037844387,0.0,1960.419695451807
a3,353.25833854119304,176.21924805242116,615.1667074255046,4.787409296513853,-0.5000000000000001,0.8660254037844387,0.0,1939.8826056048313
a3,393.9006873497144,162.77882957731254,446.164172261405,1.855145504683632,-0.5000000000000001,0.8660254037844387,0.0,299.99957748946235
a3,348.5485503470452,84.08855583155389,33.90699894755101,1.855145504683632,-0.5000000000000001,0.8660254037844387,0.0,299.99957748946235
a3,310.13390319523495,73.01662373913794,0.0,1.855145504683632,-0.5000000000000001,0.8660254037844387,0.0,299.99957748946235
a3,346.73811390708835,80.9527879337992,10.919614619691572,1.855145504683632,-0.5000000000000001,0.8660254037844387,0.0,299.99957748946235
a3,49.6499670524207,88.38701122204787,128.59127967723467,1.855145504683632,-0.5000000000000001,0.8660254037844387,0.0,299.99957748946235
a3,132.94751140557213,84.76487885187636,652.4548643734166,1.855145504683632,-0.5000000000000001,0.8660254037844387,0.0,299.99957748946235
a3,76.70166575477568,286.3737745411126,651.5573433035051,1.855145504683632,-0.5000000000000001,0.8660254037844387,0.0,299.99957748946235
a3,372.86868355006146,216.33638126942287,236.12816078682684,1.855145504683632,-0.5000000000000001,0.8660254037844387,0.0,299.99957748946235
a3,347.227881874285,87.22758310518105,629.6980507285357,1.855145504683632,-0.5000000000000001,0.8660254037844387,0.0,299.99957748946235
a3,139.29318879717093,344.38906129408093,47.457112142778826,1.855145504683632,-0.5000000000000001,0.8660254037844387,0.0,299.99957748946235
a3,39.092387334190974,105.49507970071177,36.82069590408028,1.855145504683632,-0.5000000000000001,0.8660254037844387,0.0,299.99957748946235
a3,188.1853978865688,2.756621597654885e-14,42.50862700842854,1.855145504683632,-0.5000000000000001,0.8660254037844387,0.0,299.99957748946235
a3,159.59210230564273,345.5465329329359,319.15691863863907,1.855145504683632,-0.5000000000000001,0.8660254037844387,0.0,299.99957748946235
a3,133.6586085030539,210.1641579055902,174.89359487391525,4.7467396775105275,-0.5000000000000001,0.8660254037844387,0.0,1907.0635281543546
a3,42.023790369585505,148.79752843581966,37.62626778380295,4.793343131895855,-0.5000000000000001,0.8660254037844387,0.0,1944.6944263812777
a3,267.00495925648875,344.8270483579099,29.00865918818955,1.855145504683632,-0.5000000000000001,0.8660254037844387,0.0,299.99957748946235
a3,118.85396254177638,240.11523249741865,475.63574568466277,4.7519665062083005,-0.5000000000000001,0.8660254037844387,0.0,1911.2657313854497
a3,303.7125953506632,339.97975772496306,95.67913765629841,1.855145504683632,-0.5000000000000001,0.8660254037844387,0.0,299.99957748946235
a3,357.2194303599302,100.62647005254922,343.6591114747514,1.855145504683632,-0.5000000000000001,0.8660254037844387,0.0,299.99957748946235
a3,394.9919897397115,164.53095253469888,512.2714440527011,1.855145504683632,-0.5000000000000001,0.8660254037844387,0.0,299.99957748946235
a3,389.09548591652936,172.98686937000355,653.1971999999998,1.855145504683632,-0.5000000000000001,0.8660254037844387,0.0,299.99957748946235
a3,282.9019272896391,0.16078133900832298,474.4657892968252,1.855145504683632,-0.5000000000000001,0.8660254037844387,0.0,299.99957748946235
a3,366.6666666666666,115.4700538333332,0.0,1.855145504683632,-0.5000000000000001,0.8660254037844387,0.0,299.99957748946235
a3,298.42061680127097,345.3066462554444,573.1293183547579,1.855145504683632,-0.5000000000000001,0.8660254037844387,0.0,299.99957748946235
a3,199.7309885339088,33.43201717066623,0.0,1.855145504683632,-0.5000000000000001,0.8660254037844387,0.0,299.99957748946235
a3,359.5236111802815,243.31224268987765,607.964522241379,1.855145504683632,-0.5000000000000001,0.8660254037844387,0.0,299.99957748946235
a3,371.00820893674853,130.33020876551345,422.37395953064276,1.855145504683632,-0.5000000000000001,0.8660254037844387,0.0,299.99957748946235
a3,129.27997966215787,166.33231320798646,653.1971999999998,1.855145504683632,-0.5000000000000001,0.8660254037844387,0.0,299.99957748946235
a3,198.78141660538137,2.756621597654885e-14,140.2346323220143,1.855145504683632,-0.5000000000000001,0.8660254037844387,0.0,299.99957748946235
a3,144.14613038414652,344.23160024908645,297.0983458578979,1.855145504683632,-0.5000000000000001,0.8660254037844387,0.0,299.99957748946235
a3,79.61581165122709,35.30644988972414,243.39077511809847,1.855145504683632,-0.5000000000000001,0.8660254037844387,0.0,299.99957748946235
a3,378.7723033817124,136.96671785222927,563.0290509111505,1.855145504683632,-0.5000000000000001,0.8660254037844387,0.0,299.99957748946235
a3,339.19070655392215,278.5298665667834,379.7427231617266,1.855145504683632,-0.5000000000000001,0.8660254037844387,0.0,299.99957748946235
a3,384.04216291660816,145.56529614375762,409.3393826000994,1.855145504683632,-0.5000000000000001,0.8660254037844387,0.0,299.99957748946235
a3,369.798612407321,205.92755309788748,140.07166079682068,4.8100511566831825,-0.5000000000000001,0.8660254037844387,0.0,1958.2751903807507
a3,219.23698494024364,339.1457444563046,642.9278282754267,4.84422421463628,-0.5000000000000001,0.8660254037844387,0.0,1986.1992049865937
a3,13.666678601892352,196.65639119297757,147.85910791942027,1.855145504683632,-0.5000000000000001,0.8660254037844387,0.0,299.99957748946235
a3,92.96078751054456,189.4238988216046,391.9929416350069,4.752148323618102,-0.5000000000000001,0.8660254037844387,0.0,1911.411990005847
a3,198.01125814314074,0.9273881513617891,390.2497098430186,1.855145504683632,-0.5000000000000001,0.8660254037844387,0.0,299.99957748946235
a3,82.88455083749106,34.51656229618389,532.4089936156954,1.855145504683632,-0.5000000000000001,0.8660254037844387,0.0,299.99957748946235
a3,9.753196015187257,190.09811178381094,574.3630551724141,1.855145504683632,-0.5000000000000001,0.8660254037844387,0.0,299.99957748946235
a3,212.71060287006037,346.41016149999984,212.85852729066013,1.855145504683632,-0.5000000000000001,0.8660254037844387,0.0,299.99957748946235
a3,217.1106866479842,119.51724196816183,0.0587917297958336,1.855145504683632,-0.5000000000000001,0.8660254037844387,0.0,299.99957748946235
a3,220.8676779092075,346.41016149999984,494.79026913597875,1.855145504683632,-0.5000000000000001,0.8660254037844387,0.0,299.99957748946235
a3,15.435722089038894,150.05094289323375,228.0180968445166,1.855145504683632,-0.5000000000000001,0.8660254037844387,0.0,299.99957748946235
a3,306.0866441200599,335.8008550456572,305.80192696992157,1.855145504683632,-0.5000000000000001,0.8660254037844387,0.0,299.99957748946235
a3,198.40948278774428,2.8111138730972134,108.4924578085374,1.855145504683632,-0.5000000000000001,0.8660254037844387,0.0,299.99957748946235
a3,342.01929383446446,74.85157890543856,419.52731830050186,1.855145504683632,-0.5000000000000001,0.8660254037844387,0.0,299.99957748946235
a3,45.9094312985582,251.92278733513388,376.35334379273013,1.855145504683632,-0.5000000000000001,0.8660254037844387,0.0,299.99957748946235
a3,197.13376691217445,86.25601647872132,2.460709013117731,1.855145504683632,-0.5000000000000001,0.8660254037844387,0.0,299.99957748946235
a3,100.40840882526429,215.75321402042243,0.0,1.855145504683632,-0.5000000000000001,0.8660254037844387,0.0,299.99957748946235
a3,333.3543740498715,57.77147050673689,40.711029992046996,1.855145504683632,-0.5000000000000001,0.8660254037844387,0.0,299.99957748946235
a3,79.80115916499327,311.42474292116253,162.06700809048698,1.855145504683632,-0.5000000000000001,0.8660254037844387,0.0,299.99957748946235
a3,100.00000000000003,346.4101615000001,371.6466827586206,1.855145504683632,-0.5000000000000001,0.8660254037844387,0.0,299.99957748946235
a3,363.501054515974,110.351831890057,490.4962409510837,1.855145504683632,-0.5000000000000001,0.8660254037844387,0.0,299.99957748946235
a3,140.77060579734342,345.603129254448,451.1419958330186,1.855145504683632,-0.5000000000000001,0.8660254037844387,0.0,299.99957748946235
a3,182.8912875716766,346.4101615000001,206.91127873767923,1.855145504683632,-0.5000000000000001,0.8660254037844387,0.0,299.99957748946235
a3,190.997259335086,296.56088066115757,653.1971999999998,1.855145504683632,-0.5000000000000001,0.8660254037844387,0.0,299.99957748946235
a3,400.0000000000001,173.20508075,45.048082758620744,1.855145504683632,-0.5000000000000001,0.8660254037844387,0.0,299.99957748946235
a3,218.25788716670817,0.0,71.07720420916452,1.855145504683632,-0.5000000000000001,0.8660254037844387,0.0,299.99957748946235
a3,49.59349874185191,229.61934120573946,650.4313641629554,1.855145504683632,-0.5000000000000001,0.8660254037844387,0.0,299.99957748946235
a3,321.76331604831745,92.82611163494977,653.1971999999998,1.855145504683632,-0.5000000000000001,0.8660254037844387,0.0,299.99957748946235
a3,349.617731953164,260.4697288042038,597.3508801387604,1.855145504683632,-0.5000000000000001,0.8660254037844387,0.0,299.99957748946235
a3,379.4249937401593,207.63021487050952,596.4113383075988,1.855145504683632,-0.5000000000000001,0.8660254037844387,0.0,299.99957748946235
a3,357.3551137023281,247.06819049762825,47.76254450853742,1.855145504683632,-0.5000000000000001,0.8660254037844387,0.0,299.99957748946235
a3,267.569445782415,148.0653416827463,0.0,1.855145504683632,-0.5000000000000001,0.8660254037844387,0.0,299.99957748946235
a3,21.64368108035172,142.53506903264258,119.4800046884532,1.855145504683632,-0.5000000000000001,0.8660254037844387,0.0,299.99957748946235
a3,319.7142579487172,34.14609639933885,495.1461140773076,1.855145504683632,-0.5000000000000001,0.8660254037844387,0.0,299.99957748946235
a3,102.34449057406373,275.80733664319524,653.1971999999998,1.855145504683632,-0.5000000000000001,0.8660254037844387,0.0,299.99957748946235
a3,54.57704420097761,78.67486727073347,203.44636027161536,1.855145504683632,-0.5000000000000001,0.8660254037844387,0.0,299.99957748946235
a3,266.1282258037001,267.605763319631,653.1971999999998,1.855145504683632,-0.5000000000000001,0.8660254037844387,0.0,299.99957748946235
a3,364.5224245871539,111.75611760803766,317.6050016668454,1.855145504683632,-0.5000000000000001,0.8660254037844387,0.0,299.99957748946235
a3,240.02243130928068,0.0,358.5646240369509,1.855145504683632,-0.5000000000000001,0.8660254037844387,0.0,299.99957748946235
a3,81.93316601558216,33.57268908380751,493.3873236751419,1.855145504683632,-0.5000000000000001,0.8660254037844387,0.0,299.99957748946235
a3,241.06542010109595,345.96420238551605,518.6985788558032,1.855145504683632,-0.5000000000000001,0.8660254037844387,0.0,299.99957748946235
a3,349.0039395810107,261.53284837802926,333.5936424807955,1.855145504683632,-0.5000000000000001,0.8660254037844387,0.0,299.99957748946235
a3,201.18478703799425,165.95695177423752,562.3157987715946,4.748036964477831,-0.5000000000000001,0.8660254037844387,0.0,1908.1060739449683
a3,394.7527496719327,182.29358491788363,354.77158155487496,1.855145504683632,-0.5000000000000001,0.8660254037844387,0.0,299.99957748946235
a3,364.68754747300386,112.04211883581078,591.8927721761213,1.855145504683632,-0.5000000000000001,0.8660254037844387,0.0,299.99957748946235
a3,290.7535938527302,346.41016149999984,264.1102300968044,1.855145504683632,-0.5000000000000001,0.8660254037844387,0.0,299.99957748946235
a3,111.71625920903348,114.30679516315968,2.701477116968464,1.855145504683632,-0.5000000000000001,0.8660254037844387,0.0,299.99957748946235
a3,112.06833145224304,344.4056550516479,592.3329415553488,1.855145504683632,-0.5000000000000001,0.8660254037844387,0.0,299.99957748946235
a3,159.11784828292332,77.01177653525274,0.0,1.855145504683632,-0.5000000000000001,0.8660254037844387,0.0,299.99957748946235
a3,44.570000403183016,245.77632136243662,237.8915946085153,1.855145504683632,-0.5000000000000001,0.8660254037844387,0.0,299.99957748946235
a3,260.31426133531323,195.22396300977056,2.2675976051718663,1.855145504683632,-0.5000000000000001,0.8660254037844387,0.0,299.99957748946235
a3,9.542693630639487,185.96573845144943,29.809404426506873,1.855145504683632,-0.5000000000000001,0.8660254037844387,0.0,299.99957748946235
a3,160.9855570457568,346.4101615000001,482.8942074460519,1.855145504683632,-0.5000000000000001,0.8660254037844387,0.0,299.99957748946235
a3,58.26843505697471,229.02351665488936,246.42203890990623,4.785854695183807,-0.5000000000000001,0.8660254037844387,0.0,1938.6229454232157
a3,295.1653212495855,139.23919689257116,651.3701184472769,1.855145504683632,-0.5000000000000001,0.8660254037844387,0.0,299.99957748946235
a3,107.39384468804047,1.7305682352415928,478.98814032008437,1.855145504683632,-0.5000000000000001,0.8660254037844387,0.0,299.99957748946235
a3,131.70779576867633,1.7690143059599635,100.1122923210834,1.855145504683632,-0.5000000000000001,0.8660254037844387,0.0,299.99957748946235
a3,7.575220012894462,165.28471628291243,300.44592839080894,1.855145504683632,-0.5000000000000001,0.8660254037844387,0.0,299.99957748946235
a3,318.0465711974185,31.457509560694355,462.9744405919256,1.855145504683632,-0.5000000000000001,0.8660254037844387,0.0,299.99957748946235
a3,385.89955278960514,152.29494632680877,392.83940307021925,1.855145504683632,-0.5000000000000001,0.8660254037844387,0.0,299.99957748946235
a3,53.02847527283983,265.0530941668159,63.43016478433177,1.855145504683632,-0.5000000000000001,0.8660254037844387,0.0,299.99957748946235
a3,346.4781460835888,87.32244380710159,300.35407877234417,1.855145504683632,-0.5000000000000001,0.8660254037844387,0.0,299.99957748946235
a3,316.1733184599849,177.12472095092804,0.14797095019835593,1.855145504683632,-0.5000000000000001,0.8660254037844387,0.0,299.99957748946235
a3,101.63877519343941,344.8556988993793,531.7904951879034,1.855145504683632,-0.5000000000000001,0.8660254037844387,0.0,299.99957748946235
a3,54.717472711020186,267.9785235434817,557.8662570796369,1.855145504683632,-0.5000000000000001,0.8660254037844387,0.0,299.99957748946235
a3,152.04888645305513,186.53459174896673,0.0,1.855145504683632,-0.5000000000000001,0.8660254037844387,0.0,299.99957748946235
a3,181.7907445083361,346.05654125132764,608.183715464124,1.855145504683632,-0.5000000000000001,0.8660254037844387,0.0,299.99957748946235
a3,65.89346239447883,195.32285416188847,653.1971999999998,1.855145504683632,-0.5000000000000001,0.8660254037844387,0.0,299.99957748946235
a3,168.7065780434592,236.5550321269317,0.0,1.855145504683632,-0.5000000000000001,0.8660254037844387,0.0,299.99957748946235
a3,359.68182693795416,103.37195654095848,552.0540856735438,1.855145504683632,-0.5000000000000001,0.8660254037844387,0.0,299.99957748946235
a3,73.96784991344516,301.3211549216214,340.8018783262189,1.855145504683632,-0.5000000000000001,0.8660254037844387,0.0,299.99957748946235
a3,163.14950242197438,310.64242357631633,455.50017459336925,4.775395837555862,-0.5000000000000001,0.8660254037844387,0.0,1930.1589916928133
a3,63.691107744566246,283.52131534954543,258.61782791785424,1.855145504683632,-0.5000000000000001,0.8660254037844387,0.0,299.99957748946235
a3,70.22501683314456,292.6089398206461,100.85231862816813,1.855145504683632,-0.5000000000000001,0.8660254037844387,0.0,299.99957748946235
a3,100.00000000000003,346.4101615000001,518.0529517241381,1.855145504683632,-0.5000000000000001,0.8660254037844387,0.0,299.99957748946235
a3,241.05227549716753,0.0,519.635080504556,1.855145504683632,-0.5000000000000001,0.8660254037844387,0.0,299.99957748946235
a3,183.61245025378886,122.78554377483023,346.05875383807415,4.744278934091948,-0.5000000000000001,0.8660254037844387,0.0,1905.0867702296935
a3,108.80403792592044,345.29248568445394,5.684646300255358,1.855145504683632,-0.5000000000000001,0.8660254037844387,0.0,299.99957748946235
a3,82.01112572534406,312.89542556173416,622.8477817008483,1.855145504683632,-0.5000000000000001,0.8660254037844387,0.0,299.99957748946235
a3,391.4161864256278,158.33747951707923,628.279962459189,1.855145504683632,-0.5000000000000001,0.8660254037844387,0.0,299.99957748946235
a3,304.027219815412,6.975349333264301,19.358430395682422,1.855145504683632,-0.5000000000000001,0.8660254037844387,0.0,299.99957748946235
a3,390.6091125995634,158.39363809430927,619.2520850733068,1.855145504683632,-0.5000000000000001,0.8660254037844387,0.0,299.99957748946235
a3,289.1818391316645,133.183993416471,511.18160295608857,4.7520126902266115,-0.5000000000000001,0.8660254037844387,0.0,1911.3028824724206
a3,215.92039917120167,137.48037539204074,0.0,1.855145504683632,-0.5000000000000001,0.8660254037844387,0.0,299.99957748946235
a3,74.76902455165511,185.34411887091704,0.48499545365478275,1.855145504683632,-0.5000000000000001,0.8660254037844387,0.0,299.99957748946235
a3,156.69320079560728,2.564949921427987,212.70038262242795,1.855145504683632,-0.5000000000000001,0.8660254037844387,0.0,299.99957748946235
a3,203.4585073096543,217.04520473701933,0.0,1.855145504683632,-0.5000000000000001,0.8660254037844387,0.0,299.99957748946235
a3,34.668044818751724,113.15826572723486,192.1986830594507,1.855145504683632,-0.5000000000000001,0.8660254037844387,0.0,299.99957748946235
a3,210.72305060676626,0.6251807552125053,269.6723426255173,1.855145504683632,-0.5000000000000001,0.8660254037844387,0.0,299.99957748946235
a3,26.940000868861926,128.75412772671137,375.2712453799494,1.855145504683632,-0.5000000000000001,0.8660254037844387,0.0,299.99957748946235
a3,111.45189810077129,235.71583319091565,0.0,1.855145504683632,-0.5000000000000001,0.8660254037844387,0.0,299.99957748946235
a3,100.00000000000003,346.4101615000001,90.09616551724149,1.855145504683632,-0.5000000000000001,0.8660254037844387,0.0,299.99957748946235
a3,26.55306983046384,130.4709469462237,228.80304627513405,1.855145504683632,-0.5000000000000001,0.8660254037844387,0.0,299.99957748946235
a3,237.25625338528707,277.1708764589123,0.0,1.855145504683632,-0.5000000000000001,0.8660254037844387,0.0,299.99957748946235
a3,165.54388389547148,293.8985027509188,419.8329668827055,4.7615850137349085,-0.5000000000000001,0.8660254037844387,0.0,1919.0107897501243
a3,262.00704673675494,3.1221088412326927,485.91951131567333,1.855145504683632,-0.5000000000000001,0.8660254037844387,0.0,299.99957748946235
a3,84.82599554621137,26.2821466671931,194.65138379486316,1.855145504683632,-0.5000000000000001,0.8660254037844387,0.0,299.99957748946235
a3,379.8387374387758,208.1254118493881,551.8617938234427,1.855145504683632,-0.5000000000000001,0.8660254037844387,0.0,299.99957748946235
a3,152.5683342969766,346.4101615000001,121.732381905522,1.855145504683632,-0.5000000000000001,0.8660254037844387,0.0,299.99957748946235
a3,213.15839142565395,328.8262445036609,652.8315440928427,1.855145504683632,-0.5000000000000001,0.8660254037844387,0.0,299.99957748946235
a3,170.70831494471705,346.4101615000001,546.2366764713204,1.855145504683632,-0.5000000000000001,0.8660254037844387,0.0,299.99957748946235
a3,9.565967736761879,189.77382289297736,268.3188017541843,1.855145504683632,-0.5000000000000001,0.8660254037844387,0.0,299.99957748946235
a3,304.8345179750755,8.373630762602685,240.91643280355092,1.855145504683632,-0.5000000000000001,0.8660254037844387,0.0,299.99957748946235
a3,116.26048722242511,53.40422893069595,170.77665424351147,4.771868243494702,-0.5000000000000001,0.8660254037844387,0.0,1927.3084206471924
a3,387.3182399180076,151.69224016983154,335.28386089091595,1.855145504683632,-0.5000000000000001,0.8660254037844387,0.0,299.99957748946235
a3,300.00000000000006,346.41016149999984,585.6250758620691,1.855145504683632,-0.5000000000000001,0.8660254037844387,0.0,299.99957748946235
a3,232.57807311553722,187.50222454695555,0.0,1.855145504683632,-0.5000000000000001,0.8660254037844387,0.0,299.99957748946235
a3,384.42393123406214,146.22653826628192,90.95430482909401,1.855145504683632,-0.5000000000000001,0.8660254037844387,0.0,299.99957748946235
a3,39.49247534294913,105.32311496857034,287.08149045399455,1.855145504683632,-0.5000000000000001,0.8660254037844387,0.0,299.99957748946235
a3,281.45556125336435,145.5724249045408,264.5050993983695,4.747985303559011,-0.5000000000000001,0.8660254037844387,0.0,1908.064551952846
a3,261.06521029355633,0.0,587.6757205039575,1.855145504683632,-0.5000000000000001,0.8660254037844387,0.0,299.99957748946235
a3,90.34746736049233,16.718676952679303,44.247537060035356,1.855145504683632,-0.5000000000000001,0.8660254037844387,0.0,299.99957748946235
a3,120.56559875499482,344.22832528986567,383.3859891915643,1.855145504683632,-0.5000000000000001,0.8660254037844387,0.0,299.99957748946235
a3,189.61881885191096,0.9285656413567815,581.0159955055695,1.855145504683632,-0.5000000000000001,0.8660254037844387,0.0,299.99957748946235
a3,50.20886735324765,255.93683675522635,78.18942207938497,1.855145504683632,-0.5000000000000001,0.8660254037844387,0.0,299.99957748946235
a3,276.01766002464734,306.2330705251877,652.1799197246372,1.855145504683632,-0.5000000000000001,0.8660254037844387,0.0,299.99957748946235
a3,338.89034996947,67.36006206857826,287.7046819828495,1.855145504683632,-0.5000000000000001,0.8660254037844387,0.0,299.99957748946235
a3,15.543740284934819,196.54888234537736,545.785545624206,1.855145504683632,-0.5000000000000001,0.8660254037844387,0.0,299.99957748946235
a3,14.83803147056938,147.50485635968988,205.99747233933493,1.855145504683632,-0.5000000000000001,0.8660254037844387,0.0,299.99957748946235
a3,176.22534125653232,1.6211206642300606,47.55027706667411,1.855145504683632,-0.5000000000000001,0.8660254037844387,0.0,299.99957748946235
a3,306.4193187369502,14.964423625618945,244.9341292948645,1.855145504683632,-0.5000000000000001,0.8660254037844387,0.0,299.99957748946235
a3,281.70340903008633,346.41016149999984,132.33191174229387,1.855145504683632,-0.5000000000000001,0.8660254037844387,0.0,299.99957748946235
a3,188.41960453020343,326.9910749976434,0.0,1.855145504683632,-0.5000000000000001,0.8660254037844387,0.0,299.99957748946235
a3,289.7013090892403,2.438488890030561,265.8162522842349,1.855145504683632,-0.5000000000000001,0.8660254037844387,0.0,299.99957748946235
a3,290.2138326297905,0.0,411.0271932116231,1.855145504683632,-0.5000000000000001,0.8660254037844387,0.0,299.99957748946235
a3,120.36423357533586,2.756621597654885e-14,473.6399928687416,1.855145504683632,-0.5000000000000001,0.8660254037844387,0.0,299.99957748946235
a3,53.870625756371396,266.5117415918533,316.27224669350437,1.855145504683632,-0.5000000000000001,0.8660254037844387,0.0,299.99957748946235
a3,331.85072222009927,58.70860885728431,500.6913036945551,1.855145504683632,-0.5000000000000001,0.8660254037844387,0.0,299.99957748946235
a3,39.56616104539602,241.73568193835325,494.79026913597744,1.855145504683632,-0.5000000000000001,0.8660254037844387,0.0,299.99957748946235
a3,276.1803247138739,160.06868729462647,0.2939087359168924,1.855145504683632,-0.5000000000000001,0.8660254037844387,0.0,299.99957748946235
a3,331.74672663751454,59.836269203506035,62.326434382930344,1.855145504683632,-0.5000000000000001,0.8660254037844387,0.0,299.99957748946235
a3,339.92517426296496,178.31131033088684,2.510598660907478,1.855145504683632,-0.5000000000000001,0.8660254037844387,0.0,299.99957748946235
a3,371.789172776128,215.81750872210796,157.96258717705194,1.855145504683632,-0.5000000000000001,0.8660254037844387,0.0,299.99957748946235
a3,308.7179349091045,16.95661943502992,23.317490305985572,1.855145504683632,-0.5000000000000001,0.8660254037844387,0.0,299.99957748946235
a3,289.8268495660557,208.10062112031125,0.0,1.855145504683632,-0.5000000000000001,0.8660254037844387,0.0,299.99957748946235
a3,30.92687866669245,136.5489773901196,0.22710555751110975,1.855145504683632,-0.5000000000000001,0.8660254037844387,0.0,299.99957748946235
a3,165.829179739385,2.507728058765583,85.80298086437712,1.855145504683632,-0.5000000000000001,0.8660254037844387,0.0,299.99957748946235
a3,394.73487781893675,164.0856216247033,61.63011635267314,1.855145504683632,-0.5000000000000001,0.8660254037844387,0.0,299.99957748946235
a3,182.21547988744706,346.4101615000001,310.45407331678695,1.855145504683632,-0.5000000000000001,0.8660254037844387,0.0,299.99957748946235
a3,49.52605776030494,257.8707473866823,572.9458166761598,1.855145504683632,-0.5000000000000001,0.8660254037844387,0.0,299.99957748946235
a3,325.78146881086684,298.49562902352625,267.6779826514098,1.855145504683632,-0.5000000000000001,0.8660254037844387,0.0,299.99957748946235
a3,324.0502822013982,41.67450559915641,430.288335665375,1.855145504683632,-0.5000000000000001,0.8660254037844387,0.0,299.99957748946235
a3,384.6227386268449,199.83927872851194,443.38315207629097,1.855145504683632,-0.5000000000000001,0.8660254037844387,0.0,299.99957748946235
a3,222.73797241978167,48.87838916534261,0.0,1.855145504683632,-0.5000000000000001,0.8660254037844387,0.0,299.99957748946235
a3,268.28774237510254,88.2879238810948,653.1971999999998,1.855145504683632,-0.5000000000000001,0.8660254037844387,0.0,299.99957748946235
a3,173.31848799070897,346.4101615000001,201.3801183100657,1.855145504683632,-0.5000000000000001,0.8660254037844387,0.0,299.99957748946235
a3,85.50746104936339,72.02822385617962,652.0087790586146,1.855145504683632,-0.5000000000000001,0.8660254037844387,0.0,299.99957748946235
a3,15.17268327683834,148.481868495748,226.98463216146905,1.855145504683632,-0.5000000000000001,0.8660254037844387,0.0,299.99957748946235
a3,44.34652315848029,96.39464950353675,29.492407605018244,1.855145504683632,-0.5000000000000001,0.8660254037844387,0.0,299.99957748946235
a3,323.13272093346933,306.3431135275123,30.49958431642711,1.855145504683632,-0.5000000000000001,0.8660254037844387,0.0,299.99957748946235
a3,211.5518119012735,346.41016149999984,612.5904328389686,1.855145504683632,-0.5000000000000001,0.8660254037844387,0.0,299.99957748946235
a3,266.17850263847026,17.189957022955426,0.0,1.855145504683632,-0.5000000000000001,0.8660254037844387,0.0,299.99957748946235
a3,47.739701420103366,163.72122436044972,178.6106415704535,4.7751541511692635,-0.5000000000000001,0.8660254037844387,0.0,1929.9636230308859
a3,94.70656728066425,116.85972399354397,287.82102500887544,4.757129544757547,-0.5000000000000001,0.8660254037844387,0.0,1915.4211897295856
a3,328.3152619127374,292.7405939341607,506.19381252400086,1.855145504683632,-0.5000000000000001,0.8660254037844387,0.0,299.99957748946235
a3,362.708288235292,233.48874108870942,246.87928908130587,1.855145504683632,-0.5000000000000001,0.8660254037844387,0.0,299.99957748946235
a3,80.28441137967961,34.14840119016368,496.32915029592533,1.855145504683632,-0.5000000000000001,0.8660254037844387,0.0,299.99957748946235
a3,151.94925368640196,0.3845045872020033,295.5729013278283,1.855145504683632,-0.5000000000000001,0.8660254037844387,0.0,299.99957748946235
a3,210.7201302319518,346.41016149999984,523.4866457555914,1.855145504683632,-0.5000000000000001,0.8660254037844387,0.0,299.99957748946235
a3,73.96784991344516,301.3211549216214,340.8018783262189,1.855145504683632,-0.5000000000000001,0.8660254037844387,0.0,299.99957748946235
a3,9.386950467329413,187.4443786327229,538.1805693461913,1.855145504683632,-0.5000000000000001,0.8660254037844387,0.0,299.99957748946235
a3,96.44017169683613,7.186239208242968,6.181312961808785,1.855145504683632,-0.5000000000000001,0.8660254037844387,0.0,299.99957748946235
a3,322.74126828817464,248.99366576622648,0.0,1.855145504683632,-0.5000000000000001,0.8660254037844387,0.0,299.99957748946235
a3,86.28927631191718,322.32296614135885,560.5700441985344,1.855145504683632,-0.5000000000000001,0.8660254037844387,0.0,299.99957748946235
a3,64.08064537153412,62.21414718911316,65.26052348858408,1.855145504683632,-0.5000000000000001,0.8660254037844387,0.0,299.99957748946235
a3,371.9602049793653,216.72020107822792,60.9390084873233,1.855145504683632,-0.5000000000000001,0.8660254037844387,0.0,299.99957748946235
a3,38.694531221746324,111.82244275979696,557.4675807069591,1.855145504683632,-0.5000000000000001,0.8660254037844387,0.0,299.99957748946235
a3,200.58795162499763,37.28885953215171,351.3159142830536,4.7682839509978425,-0.5000000000000001,0.8660254037844387,0.0,1924.4141904033606
a3,43.13993012496952,247.92563155844704,63.296930702859285,1.855145504683632,-0.5000000000000001,0.8660254037844387,0.0,299.99957748946235
a3,162.7202677679029,344.6569713920805,67.69635011634217,1.855145504683632,-0.5000000000000001,0.8660254037844387,0.0,299.99957748946235
a3,15.000046622088082,197.9477930599152,59.11565816083988,1.855145504683632,-0.5000000000000001,0.8660254037844387,0.0,299.99957748946235
a3,95.83784695195943,8.15983785179367,105.14035251458364,1.855145504683632,-0.5000000000000001,0.8660254037844387,0.0,299.99957748946235
a3,181.13635991590812,343.78745200334737,31.741859146317296,1.855145504683632,-0.5000000000000001,0.8660254037844387,0.0,299.99957748946235
a3,342.0890704160807,268.4374994092499,109.50775720526109,1.855145504683632,-0.5000000000000001,0.8660254037844387,0.0,299.99957748946235
a3,123.05615175756742,343.98946183542006,471.1300368392682,1.855145504683632,-0.5000000000000001,0.8660254037844387,0.0,299.99957748946235
a3,244.5611068010558,147.78886868893326,0.0,1.855145504683632,-0.5000000000000001,0.8660254037844387,0.0,299.99957748946235
a3,75.08891276270943,43.147268765051976,605.9176231242064,1.855145504683632,-0.5000000000000001,0.8660254037844387,0.0,299.99957748946235
a3,233.28824186656792,346.41016149999984,63.42464865788035,1.855145504683632,-0.5000000000000001,0.8660254037844387,0.0,299.99957748946235
a3,157.5616684303834,3.0854760355853172,255.15544993392552,1.855145504683632,-0.5000000000000001,0.8660254037844387,0.0,299.99957748946235
a3,150.04485315828958,31.430040383598726,12.689114885814481,4.809442796909846,-0.5000000000000001,0.8660254037844387,0.0,1957.7798690321888
a3,395.12340199240646,181.65159626690547,95.72717586206905,1.855145504683632,-0.5000000000000001,0.8660254037844387,0.0,299.99957748946235
a3,298.2669446955966,3.1400960966438585,262.1774513439693,1.855145504683632,-0.5000000000000001,0.8660254037844387,0.0,299.99957748946235
a3,319.28448107225995,313.00846048657377,335.3825144344087,1.855145504683632,-0.5000000000000001,0.8660254037844387,0.0,299.99957748946235
a3,110.17763123091868,346.4101615000001,398.99887015611307,1.855145504683632,-0.5000000000000001,0.8660254037844387,0.0,299.99957748946235
a3,31.070626366111306,120.19032100467456,68.68767763190556,1.855145504683632,-0.5000000000000001,0.8660254037844387,0.0,299.99957748946235
a3,200.76453609574142,346.41016149999984,597.3508801373324,1.855145504683632,-0.5000000000000001,0.8660254037844387,0.0,299.99957748946235
a3,133.17649915687676,346.07426466977074,293.0458752365143,1.855145504683632,-0.5000000000000001,0.8660254037844387,0.0,299.99957748946235
a3,324.33984939101305,304.2523057078677,363.13503394939687,1.855145504683632,-0.5000000000000001,0.8660254037844387,0.0,299.99957748946235
a3,210.04859833333322,147.3741599086129,653.1971999999998,1.855145504683632,-0.5000000000000001,0.8660254037844387,0.0,299.99957748946235
a3,173.56206792699163,0.7415678420057858,421.57266568380186,1.855145504683632,-0.5000000000000001,0.8660254037844387,0.0,299.99957748946235
a3,151.0417800540121,1.899570081099107,306.7630466767198,1.855145504683632,-0.5000000000000001,0.8660254037844387,0.0,299.99957748946235
a3,248.621751567338,0.41409556600063563,340.61360784442434,1.855145504683632,-0.5000000000000001,0.8660254037844387,0.0,299.99957748946235
a3,273.6153924804184,136.05942837515073,2.569041533229402,1.855145504683632,-0.5000000000000001,0.8660254037844387,0.0,299.99957748946235
a3,384.86663125393096,199.4168443068243,534.7910510909014,1.855145504683632,-0.5000000000000001,0.8660254037844387,0.0,299.99957748946235
a3,3.5214745964090985,178.5737784219992,283.3860249545133,1.855145504683632,-0.5000000000000001,0.8660254037844387,0.0,299.99957748946235
a3,202.51252743931002,99.7907725233632,3.014826535973262,1.855145504683632,-0.5000000000000001,0.8660254037844387,0.0,299.99957748946235
a3,249.23580256286158,237.52188034632172,0.0,1.855145504683632,-0.5000000000000001,0.8660254037844387,0.0,299.99957748946235
a3,190.86693375870055,1.3783107988274425e-14,456.679463310116,1.855145504683632,-0.5000000000000001,0.8660254037844387,0.0,299.99957748946235
a3,333.3543740498689,288.63869099326774,40.71102999204735,1.855145504683632,-0.5000000000000001,0.8660254037844387,0.0,299.99957748946235
a3,18.98622922488197,206.09019441033695,186.86131855333443,1.855145504683632,-0.5000000000000001,0.8660254037844387,0.0,299.99957748946235
a3,40.124340787395354,103.70768388878673,358.96719207891493,1.855145504683632,-0.5000000000000001,0.8660254037844387,0.0,299.99957748946235
a3,227.7326958376753,8.191343069239865,0.0,1.855145504683632,-0.5000000000000001,0.8660254037844387,0.0,299.99957748946235
a3,376.8146549100033,140.06580691133098,126.82132451414239,1.855145504683632,-0.5000000000000001,0.8660254037844387,0.0,299.99957748946235
a3,59.56789976095467,276.37970963204054,517.5398474285504,1.855145504683632,-0.5000000000000001,0.8660254037844387,0.0,299.99957748946235
a3,92.64076262886532,16.561974707721692,484.8866089374619,1.855145504683632,-0.5000000000000001,0.8660254037844387,0.0,299.99957748946235
a3,85.34257707607246,25.38740121125764,547.2418571162557,1.855145504683632,-0.5000000000000001,0.8660254037844387,0.0,299.99957748946235
a3,354.6808158992261,251.7002101669868,546.361601240914,1.855145504683632,-0.5000000000000001,0.8660254037844387,0.0,299.99957748946235
a3,391.91535997105905,160.68932972619976,388.614479935401,1.855145504683632,-0.5000000000000001,0.8660254037844387,0.0,299.99957748946235
a3,394.2430115450892,181.24934587652783,242.85487487962098,1.855145504683632,-0.5000000000000001,0.8660254037844387,0.0,299.99957748946235
a3,38.27705560276424,239.5028858154902,92.12352178255881,1.855145504683632,-0.5000000000000001,0.8660254037844387,0.0,299.99957748946235
a3,33.64464534804315,231.47931589312924,166.96808466206122,1.855145504683632,-0.5000000000000001,0.8660254037844387,0.0,299.99957748946235
a3,188.3580307631084,1.7451678462319438,79.00956211984082,1.855145504683632,-0.5000000000000001,0.8660254037844387,0.0,299.99957748946235
a3,291.3180818159054,0.8595730322479924,344.31118799873906,1.855145504683632,-0.5000000000000001,0.8660254037844387,0.0,299.99957748946235
a3,73.78132224769286,300.9980795275341,224.33114548603888,1.855145504683632,-0.5000000000000001,0.8660254037844387,0.0,299.99957748946235
a3,79.79480773580188,311.41374192310286,517.5500767591392,1.855145504683632,-0.5000000000000001,0.8660254037844387,0.0,299.99957748946235
a3,322.0630731559299,303.9534810748151,29.127098009412265,1.855145504683632,-0.5000000000000001,0.8660254037844387,0.0,299.99957748946235
a3,227.72087500171995,0.0,43.626818763245744,1.855145504683632,-0.5000000000000001,0.8660254037844387,0.0,299.99957748946235
a3,70.83434942800754,51.59623419257394,69.79318613981214,1.855145504683632,-0.5000000000000001,0.8660254037844387,0.0,299.99957748946235
a3,310.7925829621138,263.0900659252544,267.672112492506,4.773342549669942,-0.5000000000000001,0.8660254037844387,0.0,1928.4995187681625
a3,384.1964954226991,199.7979443816319,185.69331046328162,1.855145504683632,-0.5000000000000001,0.8660254037844387,0.0,299.99957748946235
a3,179.1972269463502,2.756621597654885e-14,186.43267446638336,1.855145504683632,-0.5000000000000001,0.8660254037844387,0.0,299.99957748946235
