family,x_nm,y_nm,z_nm,radius_nm,nx,ny,nz,defects
c,303.4729551634574,176.6669728431346,381.7716196657337,33.19938456784999,0.0,0.0,1.0,152341.68803515035
c,269.8740507926496,120.9731529481456,397.4115459143565,33.20100943297569,0.0,0.0,1.0,152356.60040517166
c,201.01611801185865,346.41016149999984,483.1554708830054,1.3875845123497137,0.0,0.0,1.0,400.0003256891068
c,214.0614423015445,313.759334735737,436.3141102066483,32.4178610107812,0.0,0.0,1.0,145253.7686949995
c,321.00996807723203,53.79188521027694,493.1297855335607,23.063286425802673,0.0,0.0,1.0,73519.25246974765
c,189.77874830938958,185.32105602755746,542.2393801904161,33.20622106645286,0.0,0.0,1.0,152404.4356422769
c,123.48272545465822,67.27642173568773,205.94582721472645,33.08939678460801,0.0,0.0,1.0,151333.96036965481
c,196.8129163468716,195.7562603851938,442.99293356292895,33.180153429633776,0.0,0.0,1.0,152165.24768459168
c,158.7616366623439,234.32694253403537,343.88839568974055,33.19813263954441,0.0,0.0,1.0,152330.1988296804
c,102.88350641368913,333.2143404371493,486.099967411303,17.483103297497383,0.0,0.0,1.0,42246.98733668323
c,203.94131661155728,70.06317983567074,268.60928033302207,33.1822588220888,0.0,0.0,1.0,152184.55909189256
c,107.04853517300835,162.85175126985516,282.78957613949143,33.20198849980999,0.0,0.0,1.0,152365.5862460478
c,352.1396541912059,106.6553455885359,566.9740747599325,23.657097516015394,0.0,0.0,1.0,77353.79363856425
c,331.04693448717205,157.70883601508646,600.5689963923353,32.806549362587646,0.0,0.0,1.0,148757.8194252666
c,344.21971508022705,104.73064842339367,632.2533912627372,20.928612449775365,0.0,0.0,1.0,60539.60307913168
c,200.67952128062257,244.95721896669744,295.82496509416103,33.195450604289114,0.0,0.0,1.0,152305.58669472547
c,344.27249273639177,205.4639535606225,603.1135796136996,32.002424829506,0.0,0.0,1.0,141554.75735752453
c,213.2468796595273,133.74934745022748,369.2001774313096,33.18263023869697,0.0,0.0,1.0,152187.96598407545
c,95.61978158691285,300.5930077129249,379.9674056531954,29.130669029670095,0.0,0.0,1.0,117289.62974704563
c,259.0374213825052,11.390131203917452,100.27608085199614,22.125134782619295,0.0,0.0,1.0,67659.77472332136
c,290.61941601331637,119.20615972980004,206.30622956931435,33.19155556489369,0.0,0.0,1.0,152269.84676980358
c,176.8513720703048,24.37619688266058,210.06462412733308,31.94100907401096,0.0,0.0,1.0,141011.96409144552
c,311.98273936516836,161.77609242223426,251.4002361474686,33.1915201693363,0.0,0.0,1.0,152269.52200809034
c,351.5626155525232,169.89575326985613,560.5260039167595,32.69604541025187,0.0,0.0,1.0,147757.37029032956
c,331.78097429854995,174.15401722652933,96.47633692755461,33.084278848018016,0.0,0.0,1.0,151287.15034644326
c,207.16736433527706,298.60830089705684,339.0393871352922,33.058889001818685,0.0,0.0,1.0,151055.0350515384
c,119.35208914315858,120.63867995190378,224.84119532894795,33.19900737350571,0.0,0.0,1.0,152338.22639889148
c,197.21821042937995,2.5933999747782783,183.1597090205509,1.3875845123497137,0.0,0.0,1.0,400.0003256891068
c,147.81061221691073,335.08990873298006,526.3443464015191,27.94835527746075,0.0,0.0,1.0,107962.07129328698
c,251.11590398792112,33.77268961485927,392.6507793281234,32.550923620669714,0.0,0.0,1.0,146448.63544863794
c,78.47244920253074,167.71555968870194,387.769738667207,33.15451546294305,0.0,0.0,1.0,151930.18545992664
c,361.54263107923117,234.22283909063034,522.4064873584608,1.3875845123497137,0.0,0.0,1.0,400.0003256891068
c,297.54873930284623,257.8564348547734,199.71341012759405,33.01058819780516,0.0,0.0,1.0,150613.9585433901
c,353.8222349868745,173.08655765040288,440.2002829634476,32.553592044042716,0.0,0.0,1.0,146472.64723915287
c,117.31432072981853,220.41949704381145,126.80383860404199,33.21573199295026,0.0,0.0,1.0,152491.75150795985
c,270.1834776098316,292.1988998113835,105.4018886909923,32.99855624050512,0.0,0.0,1.0,150504.18464610426
c,118.84443516151383,8.451281186522783,60.671734711977415,22.264433041750543,0.0,0.0,1.0,68514.4188316232
c,238.35155627411086,120.23152586154954,264.4712481389403,33.194898111198384,0.0,0.0,1.0,152300.51689856168
c,277.61546404567315,219.21073095467256,315.07454157204484,33.200739976864945,0.0,0.0,1.0,152354.1273929892
c,252.18194344175149,270.5173114025394,15.535056740263453,29.738492118052335,0.0,0.0,1.0,122235.2838384332
c,279.80275671606296,148.35166931541602,598.2263388926888,33.14105689064644,0.0,0.0,1.0,151806.86299020116
c,334.1863317451919,149.40174755366732,477.51382672252447,32.93382855885664,0.0,0.0,1.0,149914.32656428762
c,303.14434989582895,127.857229389281,473.4369940164003,33.16779881349203,0.0,0.0,1.0,152051.9514497681
c,101.8152705175638,36.34591444041312,555.5169638354399,30.326644982608368,0.0,0.0,1.0,127118.11139252207
c,159.7993496948477,232.12040798743368,596.1326441521489,33.171281673225145,0.0,0.0,1.0,152083.88624451694
c,279.6637296541147,186.68410884631646,380.5328046195293,33.199745316059875,0.0,0.0,1.0,152344.99877663242
c,281.21759088778487,191.5732895787823,401.8165684473711,33.2024985235659,0.0,0.0,1.0,152370.26733106357
c,190.53161858176964,45.695900171820035,220.1088648994071,33.018936841217126,0.0,0.0,1.0,150690.1511414322
c,195.36304107761492,326.15994266377777,384.9658833612984,30.463826271877867,0.0,0.0,1.0,128270.73918621647
c,302.0629720172989,287.5546050984062,261.82582981317665,32.284764468280045,0.0,0.0,1.0,144063.49352265618
c,292.41026103610955,98.67478920532903,310.05786100289265,33.11835399768514,0.0,0.0,1.0,151598.94720188956
c,46.334815196205525,190.5390995004367,353.6486576862136,32.4617238872707,0.0,0.0,1.0,145647.10485074224
c,39.16215001160083,241.03591430102927,368.239384341192,1.3875845123497137,0.0,0.0,1.0,400.0003256891068
c,291.9138835180191,216.65321254740923,283.9654127926487,33.19341047182261,0.0,0.0,1.0,152286.86641719737
c,75.11312626117399,288.1485925663225,375.6880747940628,25.300187783016895,0.0,0.0,1.0,88472.06957994463
c,198.82603789384697,276.5794819668436,25.772264188102273,31.596604339288035,0.0,0.0,1.0,137987.4284362341
c,58.904499297950196,209.8051527483517,276.43568965080647,32.56409655660921,0.0,0.0,1.0,146567.19115343865
c,177.94474955668912,111.6672397428475,35.42427708755043,32.77523675227338,0.0,0.0,1.0,148473.98752090536
c,124.483247201313,290.5117281115191,257.20171751554716,33.04318928991236,0.0,0.0,1.0,150911.59663090698
c,265.0188811202594,223.43044659694692,105.91465621287813,33.22481573011455,0.0,0.0,1.0,152575.168871766
c,227.11934235640967,0.8436641062435395,307.6056704267809,1.3875845123497137,0.0,0.0,1.0,400.0003256891068
c,349.4474278295091,102.27728186509783,7.33316914290902,5.791653056567619,0.0,0.0,1.0,4636.217194773731
c,178.47790538901376,199.2758976775003,611.1436087404596,32.997948543366824,0.0,0.0,1.0,150498.64136599965
c,281.538577693379,280.0818081784709,309.3214377726654,32.97839405910272,0.0,0.0,1.0,150320.32413959524
c,161.47576700921618,215.657245161707,288.11526812048845,33.189730019781805,0.0,0.0,1.0,152253.0974596034
c,159.89905236745375,1.634289948183605,436.8331100533426,1.3875845123497137,0.0,0.0,1.0,400.0003256891068
c,97.9896832169999,298.6046630903565,174.8785575279212,31.274658306145373,0.0,0.0,1.0,135189.7747196835
c,120.44261678524435,293.4521545969565,62.661803585602286,32.74121453478797,0.0,0.0,1.0,148165.9017223962
c,100.91683759913317,127.01288687593629,52.70703834372455,33.03960356472761,0.0,0.0,1.0,150878.84566686524
c,146.39825040892367,215.24519682030854,205.0995419403139,33.20049186672796,0.0,0.0,1.0,152351.8503074663
c,172.38129093381437,319.0838523399765,274.1040693876881,32.220207155137075,0.0,0.0,1.0,143487.92460497707
c,210.1348189326943,108.54358286729565,516.9265039859924,33.211835291825416,0.0,0.0,1.0,152455.97448973087
c,334.12090140029375,130.46992437628367,56.765652894285466,32.63680754943841,0.0,0.0,1.0,147222.44924112124
c,161.50073114891316,189.16014796996942,539.7960076262245,33.210898663787006,0.0,0.0,1.0,152447.37559565858
c,330.4008878444233,188.09399389886912,81.45596658024118,33.02577275526734,0.0,0.0,1.0,150752.55239667164
c,106.24304534583108,333.69500797638364,223.8233051698682,15.507274200344023,0.0,0.0,1.0,33237.597915064674
c,95.12231981133161,113.52342022766942,287.819979596371,33.13434169286781,0.0,0.0,1.0,151745.34957297114
c,76.05205312037113,128.85607009655646,482.3272812609955,32.97254067982781,0.0,0.0,1.0,150266.9677643494
c,43.53619204504288,177.4899055599163,250.132773156462,32.19108046116963,0.0,0.0,1.0,143228.61901979323
c,82.57791789173342,244.1192788109943,361.2643271066727,32.7559983147482,0.0,0.0,1.0,148299.73589146294
c,338.3621847011946,146.944999030984,292.3928588295732,32.915243203679935,0.0,0.0,1.0,149745.17375308613
c,54.304713001561865,130.31487027874732,535.9213125380156,31.890592775377236,0.0,0.0,1.0,140567.16345614643
c,82.81007297190581,97.38054465027314,379.8344947623482,32.70921282507387,0.0,0.0,1.0,147876.40452383395
c,32.44899780847483,215.28499778980608,380.5246808187597,23.09072887216054,0.0,0.0,1.0,73694.31411714295
c,81.26327181948331,97.59284507263726,460.6057944416684,32.72089443172481,0.0,0.0,1.0,147982.0470816945
c,265.04050515915145,255.5215901415894,29.197226186270303,32.21581806508157,0.0,0.0,1.0,143448.83494146244
c,58.47427487886487,155.3224859051708,216.5462755162533,32.93114751884722,0.0,0.0,1.0,149889.91944459887
c,161.81156563653042,334.57317451104666,63.45174944257052,27.094910695493102,0.0,0.0,1.0,101469.17871489182
c,187.17646556935432,213.79557204139851,629.8837713194154,31.53205567060399,0.0,0.0,1.0,137424.21558259474
c,332.58741003672463,117.2632849564337,447.5333196964724,32.39096935627902,0.0,0.0,1.0,145012.88333626758
c,121.0664812199635,132.2252900560725,521.2593617539119,33.217323309442385,0.0,0.0,1.0,152506.3631655889
c,79.02026484625654,309.12852300025685,103.07353527417914,1.3875845123497137,0.0,0.0,1.0,400.0003256891068
c,188.8875538265922,106.07853631910028,186.72573355711268,33.201933296976485,0.0,0.0,1.0,152365.0795893397
c,141.69329002669346,15.956651731888629,15.384287719385455,17.027936091047227,0.0,0.0,1.0,40075.84797199336
c,263.06217340576165,10.652255663122757,129.17817734091358,26.247535635934106,0.0,0.0,1.0,95221.66376880114
c,126.83301681948303,177.31558761546492,552.5595045007783,33.2267026727386,0.0,0.0,1.0,152592.49981904632
c,327.99832331136645,258.03889593538486,391.9033596016816,29.98223146291119,0.0,0.0,1.0,124247.1977698165
c,212.2967924914011,301.39399012348173,541.0383642703713,33.07245792958178,0.0,0.0,1.0,151179.06072561853
c,227.4041011816968,131.46132604108723,171.8710621317684,33.19680356919369,0.0,0.0,1.0,152318.0021498045
c,172.3315931931406,278.9287157799608,326.8414571802791,33.17900559538845,0.0,0.0,1.0,152154.71985737665
c,322.0040096307505,178.41119551655905,515.5651446186542,33.177012162098755,0.0,0.0,1.0,152136.4371411416
a1,240.52156284949086,0.0,427.5795321488428,1.8551455046836318,1.0,0.0,0.0,299.99957748946235
a1,303.4302697973476,9.616650527901331,589.9612824334658,1.8551455046836318,1.0,0.0,0.0,299.99957748946235
a1,385.2351037423961,198.7446475097561,392.2621295080364,1.8551455046836318,1.0,0.0,0.0,299.99957748946235
a1,63.50888201385398,283.205691125518,281.1651315928633,1.8551455046836318,1.0,0.0,0.0,299.99957748946235
a1,373.90114297172187,218.40962714065634,202.0431579059774,1.8551455046836318,1.0,0.0,0.0,299.99957748946235
a1,343.890827442914,270.3890183856575,293.3920298004658,1.8551455046836318,1.0,0.0,0.0,299.99957748946235
a1,66.73414162127668,208.8678944857723,309.685977457929,4.813221111164445,1.0,0.0,0.0,1960.8571540712974
a1,109.65814590167928,2.756621597654885e-14,286.9187077043555,1.8551455046836318,1.0,0.0,0.0,299.99957748946235
a1,84.63280302982643,26.616765921200585,35.04125780643172,1.8551455046836318,1.0,0.0,0.0,299.99957748946235
a1,390.2468039848128,190.098111783811,78.83414482758629,1.8551455046836318,1.0,0.0,0.0,299.99957748946235
a1,339.4771724617832,273.32763094078,644.7044736460973,1.8551455046836318,1.0,0.0,0.0,299.99957748946235
a1,281.5639438333183,1.0471079727957162,429.0440540495297,1.8551455046836318,1.0,0.0,0.0,299.99957748946235
a1,158.03759766406301,300.44543767307044,565.4392035234115,4.810425803146788,1.0,0.0,0.0,1958.580255513209
a1,227.42057834439476,1.0803724578855027,258.7231457582596,1.8551455046836318,1.0,0.0,0.0,299.99957748946235
a1,324.63912498873106,42.67621633282503,466.30659055403,1.8551455046836318,1.0,0.0,0.0,299.99957748946235
a1,391.4338392422118,183.40660479291498,316.752224751237,1.8551455046836318,1.0,0.0,0.0,299.99957748946235
a1,70.54070697265095,51.024992276399,588.0517397751695,1.8551455046836318,1.0,0.0,0.0,299.99957748946235
a1,193.87238131203836,344.0370245160567,376.1538408709679,1.8551455046836318,1.0,0.0,0.0,299.99957748946235
a1,130.73302628563533,346.4101615000001,466.0656733259187,1.8551455046836318,1.0,0.0,0.0,299.99957748946235
a1,125.24880238286282,2.756621597654885e-14,25.07654483407145,1.8551455046836318,1.0,0.0,0.0,299.99957748946235
a1,343.6815132832286,270.7515611449622,28.32738724573082,1.8551455046836318,1.0,0.0,0.0,299.99957748946235
a1,82.95772582621422,316.89207675565785,290.7924027664174,1.8551455046836318,1.0,0.0,0.0,299.99957748946235
a1,140.78414915632368,166.47054943181038,0.0,1.8551455046836318,1.0,0.0,0.0,299.99957748946235
a1,322.2862181433246,301.6671426468959,305.5761368756504,1.8551455046836318,1.0,0.0,0.0,299.99957748946235
a1,42.13050675609523,239.0762018778282,416.74507852592166,1.8551455046836318,1.0,0.0,0.0,299.99957748946235
a1,27.089372378182276,220.12525005229878,633.718956576393,1.8551455046836318,1.0,0.0,0.0,299.99957748946235
a1,101.10779083122193,236.93355859928047,0.8460263490141987,1.8551455046836318,1.0,0.0,0.0,299.99957748946235
a1,130.64889231882754,346.4101615000001,307.64413903621045,1.8551455046836318,1.0,0.0,0.0,299.99957748946235
a1,169.3696777300827,344.2127310476645,546.3143742266548,1.8551455046836318,1.0,0.0,0.0,299.99957748946235
a1,331.6199247206195,56.0736508965225,43.15744495077552,1.8551455046836318,1.0,0.0,0.0,299.99957748946235
a1,40.734232115775065,105.1194208539006,142.62053117991115,1.8551455046836318,1.0,0.0,0.0,299.99957748946235
a1,29.31527776500808,223.02312217604583,300.52493705173816,1.8551455046836318,1.0,0.0,0.0,299.99957748946235
a1,373.73917142814315,127.7199914164964,396.8319545694743,1.8551455046836318,1.0,0.0,0.0,299.99957748946235
a1,290.24680398481274,0.0,197.08536206896562,1.8551455046836318,1.0,0.0,0.0,299.99957748946235
a1,109.75319601518727,346.4101615000001,275.91950689655175,1.8551455046836318,1.0,0.0,0.0,299.99957748946235
a1,335.63695525007824,284.1184201924865,604.7739531260773,1.8551455046836318,1.0,0.0,0.0,299.99957748946235
a1,24.28853390871887,174.95582512193377,294.3468479997462,4.811219897929544,1.0,0.0,0.0,1959.2269453485058
a1,29.2107210824268,223.7995337884746,368.37133383558586,1.8551455046836318,1.0,0.0,0.0,299.99957748946235
a1,79.49483667202219,310.8941767998566,448.5200481883736,1.8551455046836318,1.0,0.0,0.0,299.99957748946235
a1,4.628314866950633,181.22155725266612,162.0448735528669,1.8551455046836318,1.0,0.0,0.0,299.99957748946235
a1,210.98945140073482,0.9507688955522967,387.1068230044681,1.8551455046836318,1.0,0.0,0.0,299.99957748946235
a1,37.232918525905085,230.11390931915727,340.3839876454623,1.8551455046836318,1.0,0.0,0.0,299.99957748946235
a1,261.7347931651744,345.35269375089115,37.87693223065473,1.8551455046836318,1.0,0.0,0.0,299.99957748946235
a1,213.08829087065433,68.18282935741686,652.11369790242,1.8551455046836318,1.0,0.0,0.0,299.99957748946235
a1,378.97129600524977,136.78229701521434,218.87154174671187,1.8551455046836318,1.0,0.0,0.0,299.99957748946235
a1,237.03092361098174,6.956869141903079,652.9309317436598,1.8551455046836318,1.0,0.0,0.0,299.99957748946235
a1,99.9999999999999,2.756621597654885e-14,225.24041379310356,1.8551455046836318,1.0,0.0,0.0,299.99957748946235
a1,155.80550313952705,198.50155632152627,650.1559555339983,1.8551455046836318,1.0,0.0,0.0,299.99957748946235
a1,41.20067407493522,231.46771731651825,650.8407269536013,1.8551455046836318,1.0,0.0,0.0,299.99957748946235
a1,191.69274777152992,1.3783107988274425e-14,571.6609229915764,1.8551455046836318,1.0,0.0,0.0,299.99957748946235
a1,384.0779047845488,200.782958625014,271.4185049266318,1.8551455046836318,1.0,0.0,0.0,299.99957748946235
a1,341.0684751766034,273.69824894144915,176.156756349194,1.8551455046836318,1.0,0.0,0.0,299.99957748946235
a1,44.79321160636313,249.18098049640665,99.20460710233525,1.8551455046836318,1.0,0.0,0.0,299.99957748946235
a1,123.81700359326854,274.1235372678438,640.6766823075051,4.816244322296894,1.0,0.0,0.0,1963.3211783793945
a1,96.05436829312949,339.57612691601736,7.883450547409763,1.8551455046836318,1.0,0.0,0.0,299.99957748946235
a1,119.71675694666536,2.756621597654885e-14,98.64877274303434,1.8551455046836318,1.0,0.0,0.0,299.99957748946235
a1,240.02243130928068,0.0,358.5646240369509,1.8551455046836318,1.0,0.0,0.0,299.99957748946235
a1,324.12262558373266,302.7869490054234,590.0490524244423,1.8551455046836318,1.0,0.0,0.0,299.99957748946235
a1,307.06825881277,158.2080934333064,0.6551137249072201,1.8551455046836318,1.0,0.0,0.0,299.99957748946235
a1,79.96454341514925,146.07919842033786,432.669327647772,4.815682577884212,1.0,0.0,0.0,1962.8632197249851
a1,127.0241675349605,117.0615873927787,1.1891844097060529,1.8551455046836318,1.0,0.0,0.0,299.99957748946235
a1,220.4762159256302,0.0,404.69813116878174,1.8551455046836318,1.0,0.0,0.0,299.99957748946235
a1,91.31716426691621,173.30408894092315,257.4080006184397,4.818010231422434,1.0,0.0,0.0,1964.7611727656827
a1,240.37797602086397,0.4920659093575794,62.16313676387583,1.8551455046836318,1.0,0.0,0.0,299.99957748946235
a1,240.61903987562863,0.0,439.10129303893973,1.8551455046836318,1.0,0.0,0.0,299.99957748946235
a1,229.7313664330881,0.0,306.86041658732887,1.8551455046836318,1.0,0.0,0.0,299.99957748946235
a1,322.60753900495354,42.66546597774216,477.0369260919884,1.8551455046836318,1.0,0.0,0.0,299.99957748946235
a1,226.70823725038028,76.16400036027812,2.9786709630786756,1.8551455046836318,1.0,0.0,0.0,299.99957748946235
a1,46.551473007985365,94.22414290784218,468.65081183309934,1.8551455046836318,1.0,0.0,0.0,299.99957748946235
a1,386.98660086715853,150.66521227364166,25.129508315143124,1.8551455046836318,1.0,0.0,0.0,299.99957748946235
a1,300.1389079225288,268.2540373487442,653.1971999999998,1.8551455046836318,1.0,0.0,0.0,299.99957748946235
a1,209.19233910288744,264.7273859228663,650.872855225082,1.8551455046836318,1.0,0.0,0.0,299.99957748946235
a1,152.52775084903388,146.6829795162119,653.1971999999998,1.8551455046836318,1.0,0.0,0.0,299.99957748946235
a1,94.97305196016376,337.7032320883411,128.56460579620213,1.8551455046836318,1.0,0.0,0.0,299.99957748946235
a1,352.4045079610579,216.18597975547323,153.79983415613307,4.810892655069428,1.0,0.0,0.0,1958.9604344682612
a1,207.64031281477898,322.6271092154446,153.96224384693608,4.811368150602663,1.0,0.0,0.0,1959.3476902378168
a1,278.1168347580361,227.90684438269452,653.1971999999998,1.8551455046836318,1.0,0.0,0.0,299.99957748946235
a1,129.99375938613454,345.9383733888333,67.507972203352,1.8551455046836318,1.0,0.0,0.0,299.99957748946235
a1,268.04831017820214,108.21372993798929,0.0,1.8551455046836318,1.0,0.0,0.0,299.99957748946235
a1,89.98163143283128,314.7247636320493,16.769481867440142,4.855381885321821,1.0,0.0,0.0,1995.3593419735148
a1,305.35520079269924,178.08131226775527,2.9166038796365834,1.8551455046836318,1.0,0.0,0.0,299.99957748946235
a1,338.33124319672885,66.39166073137305,34.815545252079254,1.8551455046836318,1.0,0.0,0.0,299.99957748946235
a1,79.41090140588935,284.92509587357404,3.1410967138253114,1.8551455046836318,1.0,0.0,0.0,299.99957748946235
a1,94.95682037722491,10.472320898993862,174.454684090819,1.8551455046836318,1.0,0.0,0.0,299.99957748946235
a1,377.64498192441073,193.9902446200881,414.5909635934201,4.818587706840131,1.0,0.0,0.0,1965.2321843325906
a1,59.19261758193566,275.72970183083027,402.49211339509225,1.8551455046836318,1.0,0.0,0.0,299.99957748946235
a1,340.7390261472639,272.71201298714533,156.3148625670122,1.8551455046836318,1.0,0.0,0.0,299.99957748946235
a1,91.05670801380903,60.52256755241649,653.1971999999998,1.8551455046836318,1.0,0.0,0.0,299.99957748946235
a1,302.76062981261333,11.150803175271898,402.40495059114284,1.8551455046836318,1.0,0.0,0.0,299.99957748946235
a1,30.673070344964618,225.7357683975709,263.74178572113107,1.8551455046836318,1.0,0.0,0.0,299.99957748946235
a1,147.06458361585572,1.4665014867764574,240.3518262263898,1.8551455046836318,1.0,0.0,0.0,299.99957748946235
a1,251.76673200836242,76.49782160187023,650.1664030506435,1.8551455046836318,1.0,0.0,0.0,299.99957748946235
a1,78.06588574209819,107.14468725339049,651.8825350206089,1.8551455046836318,1.0,0.0,0.0,299.99957748946235
a1,4.693133954065711,180.00045050890552,255.04676051987738,1.8551455046836318,1.0,0.0,0.0,299.99957748946235
a1,378.2544843330748,137.91185446475993,474.33436607256294,1.8551455046836318,1.0,0.0,0.0,299.99957748946235
a1,26.152451404593865,129.0715862812469,355.22488745969207,1.8551455046836318,1.0,0.0,0.0,299.99957748946235
a1,162.9124615167538,343.87426300086565,39.377891086746175,1.8551455046836318,1.0,0.0,0.0,299.99957748946235
a1,56.67299078591006,96.10984507771134,1.0947225625992771,1.8551455046836318,1.0,0.0,0.0,299.99957748946235
a1,91.31526831491787,17.495603454011057,238.93061635012387,1.8551455046836318,1.0,0.0,0.0,299.99957748946235
a1,259.6037171931664,0.0,300.91457167820107,1.8551455046836318,1.0,0.0,0.0,299.99957748946235
a1,280.32921994108295,346.41016149999984,495.3445072322625,1.8551455046836318,1.0,0.0,0.0,299.99957748946235
a1,383.862119309286,199.1218945335881,238.9795435161994,1.8551455046836318,1.0,0.0,0.0,299.99957748946235
a1,263.66825024069783,176.85258530661397,1.9232680501851191,1.8551455046836318,1.0,0.0,0.0,299.99957748946235
a1,167.78047564256983,3.0411563113273234,305.77139614093244,1.8551455046836318,1.0,0.0,0.0,299.99957748946235
a1,368.5177658988665,227.7339097467723,206.78121936347966,1.8551455046836318,1.0,0.0,0.0,299.99957748946235
a1,300.5496314080018,343.50701063649836,608.0567804801142,1.8551455046836318,1.0,0.0,0.0,299.99957748946235
a1,354.1492104856127,237.07158570521074,371.22139157605216,4.818928237106422,1.0,0.0,0.0,1965.5099606134202
a1,330.46383767789365,289.45187263998355,39.49410931904591,1.8551455046836318,1.0,0.0,0.0,299.99957748946235
a1,210.2713029505507,0.0,376.01748445171506,1.8551455046836318,1.0,0.0,0.0,299.99957748946235
a1,311.96623631203556,321.61011252619573,71.59448263360675,1.8551455046836318,1.0,0.0,0.0,299.99957748946235
a1,270.5174749895951,0.0,501.7631406974135,1.8551455046836318,1.0,0.0,0.0,299.99957748946235
a1,67.41352735666449,282.6278177348033,329.2847513588987,1.8551455046836318,1.0,0.0,0.0,299.99957748946235
a1,273.25823871136464,280.5702212562298,653.1238648082923,1.8551455046836318,1.0,0.0,0.0,299.99957748946235
a1,238.53747075531655,0.29029884584575977,173.60249164429473,1.8551455046836318,1.0,0.0,0.0,299.99957748946235
a1,142.37248234850853,346.4101615000001,264.73870632225925,1.8551455046836318,1.0,0.0,0.0,299.99957748946235
a1,171.8828745666199,346.4101615000001,612.2816733856342,1.8551455046836318,1.0,0.0,0.0,299.99957748946235
a1,141.44080578280068,346.4101615000001,391.05747630104827,1.8551455046836318,1.0,0.0,0.0,299.99957748946235
a1,332.0136740615682,59.10047848487076,177.68711023650513,1.8551455046836318,1.0,0.0,0.0,299.99957748946235
a1,6.155726813542965,178.7764004199187,300.20253018587016,1.8551455046836318,1.0,0.0,0.0,299.99957748946235
a1,143.59950109416377,344.09665928495343,613.072122925102,1.8551455046836318,1.0,0.0,0.0,299.99957748946235
a1,39.208680608262135,241.11650765854998,379.7455570432386,1.8551455046836318,1.0,0.0,0.0,299.99957748946235
a1,201.39140379420144,346.41016149999984,425.6316822968084,1.8551455046836318,1.0,0.0,0.0,299.99957748946235
a1,17.379380863605522,146.18803312983627,274.1279694422715,1.8551455046836318,1.0,0.0,0.0,299.99957748946235
a1,52.429501624379135,264.0156413753284,41.81190339873911,1.8551455046836318,1.0,0.0,0.0,299.99957748946235
a1,138.77966716268955,346.4101615000001,174.09153195134658,1.8551455046836318,1.0,0.0,0.0,299.99957748946235
a1,179.16361481657754,1.9026229220661284,37.65046642461159,1.8551455046836318,1.0,0.0,0.0,299.99957748946235
a1,379.1389307888137,208.29719959811854,609.4305863396097,1.8551455046836318,1.0,0.0,0.0,299.99957748946235
a1,16.575080472948567,150.36549933325696,170.00380956163784,1.8551455046836318,1.0,0.0,0.0,299.99957748946235
a1,230.4905911021097,0.6580563433867012,228.32957351567205,1.8551455046836318,1.0,0.0,0.0,299.99957748946235
a1,10.737910064176669,154.68999234789763,108.61798713731446,1.8551455046836318,1.0,0.0,0.0,299.99957748946235
a1,332.1575505440937,286.89187275988434,28.976179503321248,1.8551455046836318,1.0,0.0,0.0,299.99957748946235
a1,329.4525468198522,198.6617754382253,653.1971999999998,1.8551455046836318,1.0,0.0,0.0,299.99957748946235
a1,166.76338717503242,272.0967588143404,65.32355469793465,4.811842376501405,1.0,0.0,0.0,1959.733950104706
a1,304.74648146131597,77.00551477797123,613.3380960791624,4.80670580827489,1.0,0.0,0.0,1955.5522111620012
a1,392.03886714273693,159.41599415596247,174.5951530329918,1.8551455046836318,1.0,0.0,0.0,299.99957748946235
a1,355.79755662844696,98.70405337704535,266.65221703824113,1.8551455046836318,1.0,0.0,0.0,299.99957748946235
a1,312.98309361896014,188.39620882644397,653.1971999999998,1.8551455046836318,1.0,0.0,0.0,299.99957748946235
a1,191.3188786197198,114.73933427810036,652.0579157691955,1.8551455046836318,1.0,0.0,0.0,299.99957748946235
a1,182.5367515062409,1.6356092864844185,452.3851084513695,1.8551455046836318,1.0,0.0,0.0,299.99957748946235
a1,25.08221642668439,129.7614075342715,330.4753802542336,1.8551455046836318,1.0,0.0,0.0,299.99957748946235
a1,210.04734438001543,0.0,341.5034044786896,1.8551455046836318,1.0,0.0,0.0,299.99957748946235
a1,76.53339601080658,303.8943765693557,295.89860002415804,1.8551455046836318,1.0,0.0,0.0,299.99957748946235
a1,312.0145132849251,22.197666142825963,295.94420837508807,1.8551455046836318,1.0,0.0,0.0,299.99957748946235
a1,81.29787777137028,309.69678421632574,240.7904506227344,1.8551455046836318,1.0,0.0,0.0,299.99957748946235
a1,367.16735313096535,152.8674697221402,653.1971999999998,1.8551455046836318,1.0,0.0,0.0,299.99957748946235
a1,117.25139501235623,346.4101615000001,24.06529353211359,1.8551455046836318,1.0,0.0,0.0,299.99957748946235
a1,199.2627254125976,87.45850641827623,653.1971999999998,1.8551455046836318,1.0,0.0,0.0,299.99957748946235
a1,162.66081344632195,0.23519966521011446,542.2875642970914,1.8551455046836318,1.0,0.0,0.0,299.99957748946235
a1,108.66414920706397,0.5281055883915294,435.61176578207727,1.8551455046836318,1.0,0.0,0.0,299.99957748946235
a1,328.2641502544163,49.222359510203276,319.44123922116614,1.8551455046836318,1.0,0.0,0.0,299.99957748946235
a1,271.57329807446104,60.8226353975332,0.0,1.8551455046836318,1.0,0.0,0.0,299.99957748946235
a1,51.417434513393324,86.59450609641085,218.50141218597935,1.8551455046836318,1.0,0.0,0.0,299.99957748946235
a1,351.5400754049699,256.3570447520787,236.507785355568,1.8551455046836318,1.0,0.0,0.0,299.99957748946235
a1,288.9185130014623,2.2057595686134572,549.4699663286758,1.8551455046836318,1.0,0.0,0.0,299.99957748946235
a1,120.10622824387181,2.756621597654885e-14,382.63413476163,1.8551455046836318,1.0,0.0,0.0,299.99957748946235
a1,304.8248154401449,338.05333602085847,207.03446591149086,1.8551455046836318,1.0,0.0,0.0,299.99957748946235
a1,283.7487693434877,343.4203179205182,277.4932641261244,1.8551455046836318,1.0,0.0,0.0,299.99957748946235
a1,281.70340903008633,346.41016149999984,132.33191174229387,1.8551455046836318,1.0,0.0,0.0,299.99957748946235
a1,369.7731316957218,225.5595524046213,643.3956773782774,1.8551455046836318,1.0,0.0,0.0,299.99957748946235
a1,367.05926396609624,118.78792195243331,182.83598520038083,1.8551455046836318,1.0,0.0,0.0,299.99957748946235
a1,28.968876410222656,222.49273089666693,34.19137629455596,1.8551455046836318,1.0,0.0,0.0,299.99957748946235
a1,7.818584883525835,164.91168252671957,80.2962272422336,1.8551455046836318,1.0,0.0,0.0,299.99957748946235
a1,44.71401067308915,250.65201904288762,546.4903863969606,1.8551455046836318,1.0,0.0,0.0,299.99957748946235
a1,46.509350910157416,246.84882321139983,261.3490317678541,1.8551455046836318,1.0,0.0,0.0,299.99957748946235
a1,261.902664171517,346.41016149999984,243.83869309624043,1.8551455046836318,1.0,0.0,0.0,299.99957748946235
a1,304.8006791549508,8.31502020688069,376.75224288499203,1.8551455046836318,1.0,0.0,0.0,299.99957748946235
a1,214.09945305029942,343.75802833873314,442.0058911432417,1.8551455046836318,1.0,0.0,0.0,299.99957748946235
a1,365.74917062364125,147.39985156707345,348.7941634180614,4.811652890027144,1.0,0.0,0.0,1959.5796076570346
a1,324.8551486643095,303.3597811854501,558.2034830800134,1.8551455046836318,1.0,0.0,0.0,299.99957748946235
a1,86.41377106773811,322.8781227069958,174.37308390963346,1.8551455046836318,1.0,0.0,0.0,299.99957748946235
a1,76.79177005493551,216.4543010509319,651.6078404753163,1.8551455046836318,1.0,0.0,0.0,299.99957748946235
a1,290.11221361937083,305.775410203463,2.1600198416653518,1.8551455046836318,1.0,0.0,0.0,299.99957748946235
a1,209.56405748174376,1.3783107988274425e-14,260.9699113986057,1.8551455046836318,1.0,0.0,0.0,299.99957748946235
a1,248.21974967272672,344.31083017553675,442.2000347616718,1.8551455046836318,1.0,0.0,0.0,299.99957748946235
a1,319.72699571221585,34.16815885289243,472.20741938017784,1.8551455046836318,1.0,0.0,0.0,299.99957748946235
a1,341.55651061069346,269.61234695926527,202.54861516699012,1.8551455046836318,1.0,0.0,0.0,299.99957748946235
a1,53.6628790165272,265.1206161687321,255.9881270320057,1.8551455046836318,1.0,0.0,0.0,299.99957748946235
a1,350.22577214380294,257.09924122513524,74.17781184790638,1.8551455046836318,1.0,0.0,0.0,299.99957748946235
a1,378.8414782144106,136.55744600576324,47.11307205396605,1.8551455046836318,1.0,0.0,0.0,299.99957748946235
a1,121.60306344961442,198.6008069076526,651.4282128589026,1.8551455046836318,1.0,0.0,0.0,299.99957748946235
a1,55.093285370612925,81.27478769443604,273.9481199468557,1.8551455046836318,1.0,0.0,0.0,299.99957748946235
a1,338.9504456676303,132.5468603349011,191.08461458129565,4.8116344957954045,1.0,0.0,0.0,1959.5646253242091
a1,198.9303926105728,2.756621597654885e-14,163.24415005116336,1.8551455046836318,1.0,0.0,0.0,299.99957748946235
a1,350.6896412374911,91.14686579875456,212.22342823120144,1.8551455046836318,1.0,0.0,0.0,299.99957748946235
a1,234.87155416047648,190.18552052904778,650.1277023615647,1.8551455046836318,1.0,0.0,0.0,299.99957748946235
a1,294.7484101845008,239.1542246835228,1.6158583617013675,1.8551455046836318,1.0,0.0,0.0,299.99957748946235
a1,270.6157715117981,84.64881313062564,405.10128108636894,4.817242427038047,1.0,0.0,0.0,1964.135008864883
a1,317.24673163199105,312.4740052493872,114.56618730061193,1.8551455046836318,1.0,0.0,0.0,299.99957748946235
a1,272.7422815765704,344.62827586470803,248.89288516930492,1.8551455046836318,1.0,0.0,0.0,299.99957748946235
a1,110.1347510380269,2.756621597654885e-14,501.5023480332163,1.8551455046836318,1.0,0.0,0.0,299.99957748946235
a1,348.9383356968489,87.61037768727448,324.14926523156214,1.8551455046836318,1.0,0.0,0.0,299.99957748946235
a1,339.7899204406009,277.49199767049646,563.7597356235456,1.8551455046836318,1.0,0.0,0.0,299.99957748946235
a1,270.42549605222734,1.2276999067243688,318.5656060829843,1.8551455046836318,1.0,0.0,0.0,299.99957748946235
a1,132.38526502048285,17.583552866000357,653.1971999999998,1.8551455046836318,1.0,0.0,0.0,299.99957748946235
a1,334.03917377483197,287.4525830766697,305.02587533998195,1.8551455046836318,1.0,0.0,0.0,299.99957748946235
a1,322.31948867251737,302.48543871316457,567.272802020953,1.8551455046836318,1.0,0.0,0.0,299.99957748946235
a1,103.60918684107408,296.0482643126634,0.0,1.8551455046836318,1.0,0.0,0.0,299.99957748946235
a1,353.26504499662445,121.11637217282234,12.743867550545968,4.821611073490772,1.0,0.0,0.0,1967.69908202451
a1,149.85249586804017,2.756621597654885e-14,260.89288045380124,1.8551455046836318,1.0,0.0,0.0,299.99957748946235
a1,217.99233868629892,304.00851332479897,650.7684841931466,1.8551455046836318,1.0,0.0,0.0,299.99957748946235
a1,370.3978382624536,164.63649060031105,642.429265082319,4.830292254779846,1.0,0.0,0.0,1974.7910394599796
a1,99.9999999999999,2.756621597654885e-14,123.88222758620697,1.8551455046836318,1.0,0.0,0.0,299.99957748946235
a1,360.9974868685128,240.62274606567502,366.10466139164026,1.8551455046836318,1.0,0.0,0.0,299.99957748946235
a1,307.5812075465268,326.7722777852113,483.8371848675752,1.8551455046836318,1.0,0.0,0.0,299.99957748946235
a1,29.704896844748223,121.75469018334961,163.56609937318726,1.8551455046836318,1.0,0.0,0.0,299.99957748946235
a1,336.30080289762446,277.5495811887168,92.56662113383447,1.8551455046836318,1.0,0.0,0.0,299.99957748946235
a1,30.933432139211547,224.22906578927385,297.6569317368591,1.8551455046836318,1.0,0.0,0.0,299.99957748946235
a1,208.6129945762983,266.88538818901003,653.1971999999998,1.8551455046836318,1.0,0.0,0.0,299.99957748946235
a1,314.83542780112896,41.93382275942068,89.8738753106394,4.816500530680003,1.0,0.0,0.0,1963.5300684150582
a1,128.32225087436584,246.03553745300127,653.1971999999998,1.8551455046836318,1.0,0.0,0.0,299.99957748946235
a1,319.2544561826128,178.762942993978,650.9006395755428,1.8551455046836318,1.0,0.0,0.0,299.99957748946235
a1,18.81300393891448,205.7901594138975,140.9917927209,1.8551455046836318,1.0,0.0,0.0,299.99957748946235
a1,78.91721744570116,309.89371095247975,264.4573607939707,1.8551455046836318,1.0,0.0,0.0,299.99957748946235
a1,395.0002343900908,167.23760696775568,63.012876014437644,1.8551455046836318,1.0,0.0,0.0,299.99957748946235
a1,96.86187210855927,339.4628805352744,243.40850820441855,1.8551455046836318,1.0,0.0,0.0,299.99957748946235
a1,52.532011574039856,257.88867820788903,495.99437135832216,1.8551455046836318,1.0,0.0,0.0,299.99957748946235
a1,373.95496151306526,131.06624898567088,202.62778518610463,1.8551455046836318,1.0,0.0,0.0,299.99957748946235
a1,210.45368431919647,343.42460432596687,467.42962265626625,1.8551455046836318,1.0,0.0,0.0,299.99957748946235
a1,114.37016766824398,6.680968530059494,3.33910912614434,4.915214398839926,1.0,0.0,0.0,2044.8396788420985
a1,301.1243650224529,3.1493273463631986,505.82078953549075,1.8551455046836318,1.0,0.0,0.0,299.99957748946235
a1,243.47519743059078,11.102128018884141,574.5276677861315,4.814468084674474,1.0,0.0,0.0,1961.8732942425215
a1,18.07725923734941,203.1774836245025,636.8788988524885,1.8551455046836318,1.0,0.0,0.0,299.99957748946235
a1,280.4098761753608,0.0,236.10187059640384,1.8551455046836318,1.0,0.0,0.0,299.99957748946235
a1,131.38967270499083,48.88376696067773,0.0,1.8551455046836318,1.0,0.0,0.0,299.99957748946235
a1,14.887841633036501,147.41858262756696,297.4248655803277,1.8551455046836318,1.0,0.0,0.0,299.99957748946235
a1,338.50299299632485,66.68914011045106,161.15204284480038,1.8551455046836318,1.0,0.0,0.0,299.99957748946235
a1,155.35233682955823,18.690592226628294,653.1971999999998,1.8551455046836318,1.0,0.0,0.0,299.99957748946235
a1,81.3335910986079,35.84294413170481,188.838692552999,1.8551455046836318,1.0,0.0,0.0,299.99957748946235
a1,56.038488600659434,267.63098416937606,428.65335403625335,1.8551455046836318,1.0,0.0,0.0,299.99957748946235
a1,221.8687322581976,343.42912309134294,313.6319482995848,1.8551455046836318,1.0,0.0,0.0,299.99957748946235
a1,39.37410084136798,241.40302390687782,620.1544820819914,1.8551455046836318,1.0,0.0,0.0,299.99957748946235
a1,349.2667401196793,85.33249700718335,414.1269351631637,1.8551455046836318,1.0,0.0,0.0,299.99957748946235
a1,304.5465602926404,7.874873426215083,613.8969206604179,1.8551455046836318,1.0,0.0,0.0,299.99957748946235
a1,269.15086796114707,345.1896306107866,253.18556757758543,1.8551455046836318,1.0,0.0,0.0,299.99957748946235
a1,90.09645395257012,329.2567165714357,111.67157476171938,1.8551455046836318,1.0,0.0,0.0,299.99957748946235
a1,86.75747284680045,323.47343165096015,61.85925350591108,1.8551455046836318,1.0,0.0,0.0,299.99957748946235
a1,378.6804648138387,136.2785626152844,105.23194940853129,1.8551455046836318,1.0,0.0,0.0,299.99957748946235
a1,90.47399579701768,169.68330970474528,566.8194707787201,4.812638789035781,1.0,0.0,0.0,1960.3827185891757
a1,190.58886575771618,346.4101615000001,591.959548640162,1.8551455046836318,1.0,0.0,0.0,299.99957748946235
a1,222.73797241978167,48.87838916534261,0.0,1.8551455046836318,1.0,0.0,0.0,299.99957748946235
a1,57.1387439363885,268.7036859258376,610.8885770727638,1.8551455046836318,1.0,0.0,0.0,299.99957748946235
a1,335.6315855128614,277.21395589346713,69.25135942203136,1.8551455046836318,1.0,0.0,0.0,299.99957748946235
a1,111.70621720568944,344.04577610306956,532.9488119339775,1.8551455046836318,1.0,0.0,0.0,299.99957748946235
a1,42.52361026570339,243.568794002545,470.64943354495233,1.8551455046836318,1.0,0.0,0.0,299.99957748946235
a1,376.06682919176205,131.75161292555612,28.404991442131177,1.8551455046836318,1.0,0.0,0.0,299.99957748946235
a1,260.7396281683881,237.66006313469614,653.1971999999998,1.8551455046836318,1.0,0.0,0.0,299.99957748946235
a1,297.6386455935804,274.51138859077065,143.57640284682932,4.811300694873361,1.0,0.0,0.0,1959.2927502304206
a1,363.1707212836906,236.74234082379945,85.10038725134376,1.8551455046836318,1.0,0.0,0.0,299.99957748946235
a1,190.9668607062267,154.53218638349352,1.2757201901135202,1.8551455046836318,1.0,0.0,0.0,299.99957748946235
a1,100.00000000000003,346.4101615000001,427.9567862068966,1.8551455046836318,1.0,0.0,0.0,299.99957748946235
a1,201.39140379420144,346.41016149999984,425.6316822968084,1.8551455046836318,1.0,0.0,0.0,299.99957748946235
a1,343.8498593209894,76.99040366829163,510.63097171575737,1.8551455046836318,1.0,0.0,0.0,299.99957748946235
a1,277.1856027295548,35.25865722366745,0.0,1.8551455046836318,1.0,0.0,0.0,299.99957748946235
a1,312.43862947529533,42.74621127577949,327.5119331865515,4.815178503599886,1.0,0.0,0.0,1962.4523217585058
a1,210.82837630118678,9.857404978220993,459.08310779754845,4.817504053805814,1.0,0.0,0.0,1964.3483609043046
a1,290.24680398481274,0.0,264.6574862068967,1.8551455046836318,1.0,0.0,0.0,299.99957748946235
a1,62.210151395734194,70.31791297452925,281.25815427371543,1.8551455046836318,1.0,0.0,0.0,299.99957748946235
a1,349.04148447841806,84.94234279184299,345.098397429424,1.8551455046836318,1.0,0.0,0.0,299.99957748946235
a1,290.3383525674449,168.2676206385771,653.1971999999998,1.8551455046836318,1.0,0.0,0.0,299.99957748946235
a1,109.64826881854773,1.5314757067559777,106.67498222438431,1.8551455046836318,1.0,0.0,0.0,299.99957748946235
a1,343.9659172098949,76.15120240587623,316.4015397144358,1.8551455046836318,1.0,0.0,0.0,299.99957748946235
a1,139.2311373899849,2.756621597654885e-14,142.45389139493204,1.8551455046836318,1.0,0.0,0.0,299.99957748946235
a1,253.33825632563625,246.425526874752,0.30525653421974824,1.8551455046836318,1.0,0.0,0.0,299.99957748946235
a1,70.14857116460917,165.5788832798992,1.1649242358726606,1.8551455046836318,1.0,0.0,0.0,299.99957748946235
a1,156.4505623167066,127.52431343730349,335.0338536812344,4.824308981652798,1.0,0.0,0.0,1969.9017302900088
a1,353.4036988112282,253.91224185052553,155.2049110496671,1.8551455046836318,1.0,0.0,0.0,299.99957748946235
a1,284.4982682315704,175.18530096146623,1.0796540539206398,1.8551455046836318,1.0,0.0,0.0,299.99957748946235
a1,228.82907373727298,2.432035463225511,339.01010850360205,1.8551455046836318,1.0,0.0,0.0,299.99957748946235
a1,4.8759709723624685,164.75965128997302,185.02039931539025,1.8551455046836318,1.0,0.0,0.0,299.99957748946235
a1,252.83275382957729,345.98486990608313,130.82057490884915,1.8551455046836318,1.0,0.0,0.0,299.99957748946235
a1,341.9850758486022,268.6219015703406,210.80041632561705,1.8551455046836318,1.0,0.0,0.0,299.99957748946235
a1,41.852355187656364,240.8139379224372,243.4700040084027,1.8551455046836318,1.0,0.0,0.0,299.99957748946235
a1,85.4072035640464,25.275464850576476,570.0090050713633,1.8551455046836318,1.0,0.0,0.0,299.99957748946235
a1,60.64523826858106,69.77764927849671,148.47400214024375,1.8551455046836318,1.0,0.0,0.0,299.99957748946235
a1,180.86420047809085,346.4101615000001,517.5398474285528,1.8551455046836318,1.0,0.0,0.0,299.99957748946235
a1,290.39460981196777,64.97849654711187,652.9524343000656,1.8551455046836318,1.0,0.0,0.0,299.99957748946235
a1,347.5129981209345,82.48576986374925,151.75733660930922,1.8551455046836318,1.0,0.0,0.0,299.99957748946235
a1,307.71432291312897,158.51207195343375,653.1971999999998,1.8551455046836318,1.0,0.0,0.0,299.99957748946235
a1,202.09907671738193,343.51702660634527,285.1523895834979,1.8551455046836318,1.0,0.0,0.0,299.99957748946235
a1,229.05257222785374,0.0,203.31764651101994,1.8551455046836318,1.0,0.0,0.0,299.99957748946235
a1,221.02098585543496,346.41016149999984,471.781137602293,1.8551455046836318,1.0,0.0,0.0,299.99957748946235
a1,159.4980234955387,258.222919102822,1.8424770517891098,1.8551455046836318,1.0,0.0,0.0,299.99957748946235
a1,36.97000024182659,111.00134197162055,378.3618406205703,1.8551455046836318,1.0,0.0,0.0,299.99957748946235
a1,306.1978387585974,97.87191158001188,651.6131175622054,1.8551455046836318,1.0,0.0,0.0,299.99957748946235
a1,329.6504512125652,51.356087965462464,506.43343572173546,1.8551455046836318,1.0,0.0,0.0,299.99957748946235
a1,153.72491183135875,47.05394932705583,0.0,1.8551455046836318,1.0,0.0,0.0,299.99957748946235
a1,79.03293923639822,237.12744340394664,0.0,1.8551455046836318,1.0,0.0,0.0,299.99957748946235
a1,151.2542744570522,2.756621597654885e-14,571.2751521482305,1.8551455046836318,1.0,0.0,0.0,299.99957748946235
a1,167.42870981766342,2.756621597654885e-14,29.02453051634172,1.8551455046836318,1.0,0.0,0.0,299.99957748946235
a1,348.43208942656935,87.36027792913109,605.7024959521265,1.8551455046836318,1.0,0.0,0.0,299.99957748946235
a1,10.591624252761102,157.3768303061867,453.2219941408289,1.8551455046836318,1.0,0.0,0.0,299.99957748946235
a1,333.2841012351873,57.649754421317745,52.107714357315956,1.8551455046836318,1.0,0.0,0.0,299.99957748946235
a1,201.9902471206451,343.51009133977715,472.302920993611,1.8551455046836318,1.0,0.0,0.0,299.99957748946235
a1,121.08701020413177,124.71899730554269,0.8148679022023801,1.8551455046836318,1.0,0.0,0.0,299.99957748946235
a1,353.91241964548414,253.0311115187605,409.05553466443394,1.8551455046836318,1.0,0.0,0.0,299.99957748946235
a1,169.3288685490039,26.833031511286148,306.46232529617316,4.811727831725052,1.0,0.0,0.0,1959.640649203451
a1,185.45285740554718,148.76301700599385,462.67054490337745,4.826056966922345,1.0,0.0,0.0,1971.3294924975767
a1,287.76944307875027,345.6519366009313,510.9301972839187,1.8551455046836318,1.0,0.0,0.0,299.99957748946235
a1,314.7890309436574,320.7948085118958,478.0845903411269,1.8551455046836318,1.0,0.0,0.0,299.99957748946235
a1,210.04734438001543,0.0,341.5034044786896,1.8551455046836318,1.0,0.0,0.0,299.99957748946235
a1,365.7830271959142,118.37782252648742,19.66220986023605,1.8551455046836318,1.0,0.0,0.0,299.99957748946235
a1,372.6462442167794,134.68235624158297,16.391558326515778,4.846438723050494,1.0,0.0,0.0,1988.0155784741187
a1,387.3421977830265,192.84833196131746,201.34359808518778,1.8551455046836318,1.0,0.0,0.0,299.99957748946235
a1,376.7113150649855,137.46381284095813,456.99932941799085,1.8551455046836318,1.0,0.0,0.0,299.99957748946235
a1,339.6024060117703,277.81678218837027,506.2947118774789,1.8551455046836318,1.0,0.0,0.0,299.99957748946235
a1,318.63694669055917,311.0160147552675,518.461310572784,1.8551455046836318,1.0,0.0,0.0,299.99957748946235
a1,314.2242915452241,24.63719565702066,159.22354158251264,1.8551455046836318,1.0,0.0,0.0,299.99957748946235
a1,314.76476708093753,320.8368347549129,512.370739550911,1.8551455046836318,1.0,0.0,0.0,299.99957748946235
a1,188.48307451104847,2.756621597654885e-14,88.52766424983895,1.8551455046836318,1.0,0.0,0.0,299.99957748946235
a1,368.5264177535465,227.59410844142502,66.45804193756727,1.8551455046836318,1.0,0.0,0.0,299.99957748946235
a1,245.1480353726849,69.86449648002575,0.8310650377051575,1.8551455046836318,1.0,0.0,0.0,299.99957748946235
a1,375.21800727888416,209.9649415347743,69.9197742763584,1.8551455046836318,1.0,0.0,0.0,299.99957748946235
a1,109.48830980178123,2.756621597654885e-14,230.87142413793117,1.8551455046836318,1.0,0.0,0.0,299.99957748946235
a1,302.5284880372256,336.09079327077546,310.6500135673085,1.8551455046836318,1.0,0.0,0.0,299.99957748946235
a1,319.33079325071253,33.4819160595122,323.87791183354915,1.8551455046836318,1.0,0.0,0.0,299.99957748946235
a1,379.4468978005091,137.60606348874168,459.91283169486314,1.8551455046836318,1.0,0.0,0.0,299.99957748946235
a1,163.71536490281986,346.4101615000001,91.73366995542439,1.8551455046836318,1.0,0.0,0.0,299.99957748946235
a1,132.79951982337883,2.595338047405278,548.6582385786742,1.8551455046836318,1.0,0.0,0.0,299.99957748946235
a1,384.28210917103667,145.98089524749722,226.11570640534126,1.8551455046836318,1.0,0.0,0.0,299.99957748946235
a1,316.15980340920964,298.10664935009913,134.65604254614516,4.816674157261122,1.0,0.0,0.0,1963.6716347474355
a1,200.86831089644258,0.0,462.36719635660575,1.8551455046836318,1.0,0.0,0.0,299.99957748946235
a1,201.23634614567064,0.0,519.8915984610246,1.8551455046836318,1.0,0.0,0.0,299.99957748946235
a1,283.8472885296918,343.5528158097074,370.7494325914653,1.8551455046836318,1.0,0.0,0.0,299.99957748946235
a1,1.5868188009071664,173.07546188208883,317.5941852686636,1.8551455046836318,1.0,0.0,0.0,299.99957748946235
a1,250.18786110526023,0.0,387.2361808113052,1.8551455046836318,1.0,0.0,0.0,299.99957748946235
a1,147.8222225682164,3.074996158094792,46.29482174511824,1.8551455046836318,1.0,0.0,0.0,299.99957748946235
a1,109.39382266809845,2.756621597654885e-14,614.010205469259,1.8551455046836318,1.0,0.0,0.0,299.99957748946235
a1,338.7777153003072,67.16497309890245,253.19041712289368,1.8551455046836318,1.0,0.0,0.0,299.99957748946235
a1,379.33560185328565,137.41329325348167,612.168877307861,1.8551455046836318,1.0,0.0,0.0,299.99957748946235
a1,329.63488283497145,295.08103875551984,494.9320054475003,1.8551455046836318,1.0,0.0,0.0,299.99957748946235
a1,352.44365453226374,250.35934450527037,445.6690115229391,1.8551455046836318,1.0,0.0,0.0,299.99957748946235
a1,89.77006351958664,328.69139175842633,381.41107969912497,1.8551455046836318,1.0,0.0,0.0,299.99957748946235
a1,174.57157563636332,345.11891633000783,305.49065928570343,1.8551455046836318,1.0,0.0,0.0,299.99957748946235
a1,110.17763123091868,346.4101615000001,387.73684946645767,1.8551455046836318,1.0,0.0,0.0,299.99957748946235
a1,68.50438566208885,291.85815725331236,263.84205426584083,1.8551455046836318,1.0,0.0,0.0,299.99957748946235
a1,56.36346277115587,79.46154779318037,351.6259833329968,1.8551455046836318,1.0,0.0,0.0,299.99957748946235
a1,79.44638296714213,310.8102525211927,459.91282687025534,1.8551455046836318,1.0,0.0,0.0,299.99957748946235
a1,281.3401146370441,346.41016149999984,211.793487041379,1.8551455046836318,1.0,0.0,0.0,299.99957748946235
a1,45.28454558198634,94.76994700744996,410.65901553085683,1.8551455046836318,1.0,0.0,0.0,299.99957748946235
a1,161.30921911662472,2.756621597654885e-14,508.64476143768496,1.8551455046836318,1.0,0.0,0.0,299.99957748946235
a1,9.991932586499416,155.89854584506818,371.37706609985923,1.8551455046836318,1.0,0.0,0.0,299.99957748946235
a1,86.51983726932191,27.591525274419713,330.99845307617517,1.8551455046836318,1.0,0.0,0.0,299.99957748946235
a1,334.2513594356809,59.325094768543636,374.0545769088694,1.8551455046836318,1.0,0.0,0.0,299.99957748946235
a1,282.3414904893035,2.831142485203884,91.7966361701235,1.8551455046836318,1.0,0.0,0.0,299.99957748946235
a1,134.9123483106293,176.3643343570457,653.1971999999998,1.8551455046836318,1.0,0.0,0.0,299.99957748946235
a1,256.068922217217,165.7898652873566,620.6195217825941,4.811091065061273,1.0,0.0,0.0,1959.122020006154
a1,250.67369265749002,2.131385030227741,424.19555536578537,1.8551455046836318,1.0,0.0,0.0,299.99957748946235
a1,327.93761381421115,51.076004017794304,170.4248443452396,1.8551455046836318,1.0,0.0,0.0,299.99957748946235
a1,289.49617697108897,227.9777638936026,0.0,1.8551455046836318,1.0,0.0,0.0,299.99957748946235
a1,65.58238723956148,59.61305397393976,525.4506628186775,1.8551455046836318,1.0,0.0,0.0,299.99957748946235
a1,174.0996109605465,266.5058688563836,653.1971999999998,1.8551455046836318,1.0,0.0,0.0,299.99957748946235
a1,388.0760477591645,152.68310319631217,209.92225929323752,1.8551455046836318,1.0,0.0,0.0,299.99957748946235
a1,334.1151415365857,59.089158446419944,351.04586406083394,1.8551455046836318,1.0,0.0,0.0,299.99957748946235
a1,346.27602310554533,190.43908572947143,1.5491090187072178,1.8551455046836318,1.0,0.0,0.0,299.99957748946235
a1,370.7365554896804,122.5193080556693,625.096489644013,1.8551455046836318,1.0,0.0,0.0,299.99957748946235
a1,54.3165784947071,79.12600710760545,122.91304509391647,1.8551455046836318,1.0,0.0,0.0,299.99957748946235
a1,319.7255184678115,37.567036768670675,614.7378102573955,1.8551455046836318,1.0,0.0,0.0,299.99957748946235
a1,362.24065024481973,212.61531103164305,115.45794939628725,4.815747357577614,1.0,0.0,0.0,1962.9160282441221
a1,219.25169369960264,345.5568801061697,251.228237444545,1.8551455046836318,1.0,0.0,0.0,299.99957748946235
a1,128.3996278219309,265.6888807458091,653.1971999999998,1.8551455046836318,1.0,0.0,0.0,299.99957748946235
a1,309.6496308802897,329.69651054171715,211.35255940918853,1.8551455046836318,1.0,0.0,0.0,299.99957748946235
a1,47.066643703522956,254.72689898300166,645.638447545322,1.8551455046836318,1.0,0.0,0.0,299.99957748946235
a1,188.0008032814286,280.8706011302952,384.88648312106824,4.818035047048098,1.0,0.0,0.0,1964.7814122010518
a1,265.2977283572598,144.89547908097853,651.2656546138479,1.8551455046836318,1.0,0.0,0.0,299.99957748946235
a1,4.475709769303431,180.22678627153851,490.9828573102246,1.8551455046836318,1.0,0.0,0.0,299.99957748946235
a1,323.0748363713948,236.20417755625036,440.82526216533256,4.8125520879905865,1.0,0.0,0.0,1960.3120855302116
a1,273.92011102349414,98.31994503308276,0.0,1.8551455046836318,1.0,0.0,0.0,299.99957748946235
a1,245.23624448483233,224.82616953404508,651.0119710645383,1.8551455046836318,1.0,0.0,0.0,299.99957748946235
a1,222.03163220360074,107.66078494273609,653.1971999999998,1.8551455046836318,1.0,0.0,0.0,299.99957748946235
a1,27.24400013249708,143.4985394042496,0.0,1.8551455046836318,1.0,0.0,0.0,299.99957748946235
a1,291.945560369176,0.0,633.8387696043177,1.8551455046836318,1.0,0.0,0.0,299.99957748946235
a1,323.13272093346933,306.3431135275123,30.49958431642711,1.8551455046836318,1.0,0.0,0.0,299.99957748946235
a1,131.38967270499083,48.88376696067773,653.1971999999998,1.8551455046836318,1.0,0.0,0.0,299.99957748946235
a1,377.2383120488873,139.04660354113122,131.56406446464914,1.8551455046836318,1.0,0.0,0.0,299.99957748946235
a1,362.7395629742308,237.7420507882867,50.10366561376312,1.8551455046836318,1.0,0.0,0.0,299.99957748946235
a1,372.7778379113588,126.05491292247295,49.71031298350857,1.8551455046836318,1.0,0.0,0.0,299.99957748946235
a1,36.82740061330593,161.13105646706123,0.0,1.8551455046836318,1.0,0.0,0.0,299.99957748946235
a1,354.0196519550329,252.84537971041632,350.8402457335745,1.8551455046836318,1.0,0.0,0.0,299.99957748946235
a1,304.34800924766745,7.530972928439736,38.89609934362821,1.8551455046836318,1.0,0.0,0.0,299.99957748946235
a1,228.52051502784957,179.06371920333768,86.91880811010522,4.8193629549692805,1.0,0.0,0.0,1965.86459582992
a1,314.7669105453409,25.57703933433789,500.9369019509272,1.8551455046836318,1.0,0.0,0.0,299.99957748946235
a1,241.49502897202453,346.41016149999984,345.35731377668884,1.8551455046836318,1.0,0.0,0.0,299.99957748946235
a1,267.8088779812209,128.13953599893446,0.0,1.8551455046836318,1.0,0.0,0.0,299.99957748946235
a1,205.0626255545442,252.75175379794038,66.08772160729995,4.814121014967505,1.0,0.0,0.0,1961.5904458636523
a1,314.36122298654277,321.5357936294711,261.9459168211893,1.8551455046836318,1.0,0.0,0.0,299.99957748946235
a1,304.88305380850676,8.457697292089959,467.1713408156545,1.8551455046836318,1.0,0.0,0.0,299.99957748946235
a1,170.76372562714226,346.4101615000001,624.5854914829068,1.8551455046836318,1.0,0.0,0.0,299.99957748946235
a1,190.13516869499855,1.3783107988274425e-14,353.1095484217033,1.8551455046836318,1.0,0.0,0.0,299.99957748946235
a1,269.70855376801416,0.09431313878554803,364.3339642072444,1.8551455046836318,1.0,0.0,0.0,299.99957748946235
a1,96.86157744054951,339.49156496536506,363.08650740894774,1.8551455046836318,1.0,0.0,0.0,299.99957748946235
a1,307.04733264382315,100.10623111044993,650.3542201620146,1.8551455046836318,1.0,0.0,0.0,299.99957748946235
a1,75.50289196664308,42.43023575059057,559.4019833556619,1.8551455046836318,1.0,0.0,0.0,299.99957748946235
a1,387.92050904924236,190.88806441715974,588.218755984322,1.8551455046836318,1.0,0.0,0.0,299.99957748946235
a1,343.5378100504904,75.80071838391434,133.45843350664072,1.8551455046836318,1.0,0.0,0.0,299.99957748946235
a1,268.169413826682,180.53098033722273,607.5675468496052,4.811913701553188,1.0,0.0,0.0,1959.7920480848502
a1,331.0308245060099,76.00169340456783,132.6187456878273,4.816207560294977,1.0,0.0,0.0,1963.2912067514467
a1,302.9169869579048,6.974136514748823,643.0174528132046,1.8551455046836318,1.0,0.0,0.0,299.99957748946235
a1,150.42249378735391,346.3852044762478,544.939559499819,1.8551455046836318,1.0,0.0,0.0,299.99957748946235
a1,30.685842882542346,223.01351646651906,161.88534121836886,1.8551455046836318,1.0,0.0,0.0,299.99957748946235
a1,294.4502962577524,278.05191983720465,653.1971999999998,1.8551455046836318,1.0,0.0,0.0,299.99957748946235
a1,79.12472503841738,310.25312464600614,128.36765331944133,1.8551455046836318,1.0,0.0,0.0,299.99957748946235
a1,280.56906365328507,346.41016149999984,347.75933931610194,1.8551455046836318,1.0,0.0,0.0,299.99957748946235
a1,303.35335734188857,170.17544486416804,650.8780930442542,1.8551455046836318,1.0,0.0,0.0,299.99957748946235
a1,116.87154104132613,288.0806823657087,650.1910869997913,1.8551455046836318,1.0,0.0,0.0,299.99957748946235
a1,230.27125093145486,346.41016149999984,580.9654674137688,1.8551455046836318,1.0,0.0,0.0,299.99957748946235
a1,392.13814471814356,184.48080724390655,409.1777467904561,1.8551455046836318,1.0,0.0,0.0,299.99957748946235
a1,348.21549688652107,83.51169031631267,91.99378846705817,1.8551455046836318,1.0,0.0,0.0,299.99957748946235
a1,238.22059066640773,0.0,82.45331573365749,1.8551455046836318,1.0,0.0,0.0,299.99957748946235
a1,198.7177204016619,268.8550511276787,535.2830111973776,4.816824748843661,1.0,0.0,0.0,1963.7944236395558
a1,105.55555555555559,336.787657013889,653.1971999999998,1.8551455046836318,1.0,0.0,0.0,299.99957748946235
a1,244.0619608649797,343.7255077633442,448.42235764236887,1.8551455046836318,1.0,0.0,0.0,299.99957748946235
a1,266.680536108914,68.06967969619294,1.3931550510512951,1.8551455046836318,1.0,0.0,0.0,299.99957748946235
a1,95.2678253760036,335.49120249339603,345.8152430407212,1.8551455046836318,1.0,0.0,0.0,299.99957748946235
a1,198.70698081185148,2.756621597654885e-14,128.72987311939005,1.8551455046836318,1.0,0.0,0.0,299.99957748946235
a1,329.4882052979026,295.33509170204206,437.39565531935233,1.8551455046836318,1.0,0.0,0.0,299.99957748946235
a1,387.1689600320646,189.39106609311423,66.15791785455114,1.8551455046836318,1.0,0.0,0.0,299.99957748946235
a1,4.750480947326119,179.96013818506643,217.24204347768188,1.8551455046836318,1.0,0.0,0.0,299.99957748946235
a1,339.5661610453965,68.53060118835371,494.79026913597875,1.8551455046836318,1.0,0.0,0.0,299.99957748946235
a1,85.21456144254094,25.609130792688486,433.376359857569,1.8551455046836318,1.0,0.0,0.0,299.99957748946235
a1,309.7816390695202,16.9422958490359,540.6149378294098,1.8551455046836318,1.0,0.0,0.0,299.99957748946235
a1,129.29168002788154,2.756621597654885e-14,126.38488022241258,1.8551455046836318,1.0,0.0,0.0,299.99957748946235
a1,9.361049797983954,156.9912668883542,123.00231761795396,1.8551455046836318,1.0,0.0,0.0,299.99957748946235
a1,33.8862981843468,140.4043692654497,153.22263442531718,4.814183033007574,1.0,0.0,0.0,1961.6409866697927
a1,74.97500424137499,43.34456411141044,352.75018976083834,1.8551455046836318,1.0,0.0,0.0,299.99957748946235
a1,393.35341744583826,167.33897584283466,632.0449693181473,1.8551455046836318,1.0,0.0,0.0,299.99957748946235
a1,19.3781049626987,206.76894309846205,289.3815569506954,1.8551455046836318,1.0,0.0,0.0,299.99957748946235
a1,209.4964259269013,1.3783107988274425e-14,249.46510840596235,1.8551455046836318,1.0,0.0,0.0,299.99957748946235
a1,191.76531466091603,1.3783107988274425e-14,583.163378077393,1.8551455046836318,1.0,0.0,0.0,299.99957748946235
a1,147.87145434708188,2.756621597654885e-14,43.64656295381183,1.8551455046836318,1.0,0.0,0.0,299.99957748946235
a1,260.5205212088847,316.9967232727162,653.1971999999998,1.8551455046836318,1.0,0.0,0.0,299.99957748946235
a1,171.54045396315232,2.756621597654885e-14,560.2687680395549,1.8551455046836318,1.0,0.0,0.0,299.99957748946235
a1,107.26596079209307,242.9703888733332,651.9382028993025,1.8551455046836318,1.0,0.0,0.0,299.99957748946235
a1,270.40500567500254,346.41016149999984,535.127639024496,1.8551455046836318,1.0,0.0,0.0,299.99957748946235
a1,327.70889163650804,84.51654977397884,0.0,1.8551455046836318,1.0,0.0,0.0,299.99957748946235
a1,95.19373261541195,8.324699304536566,523.7678577627056,1.8551455046836318,1.0,0.0,0.0,299.99957748946235
a1,307.71584145813733,159.34108162801283,2.423152936810873,1.8551455046836318,1.0,0.0,0.0,299.99957748946235
a1,388.5479069452912,159.9163944190343,140.69111727301853,1.8551455046836318,1.0,0.0,0.0,299.99957748946235
a1,122.43782247050152,344.2240417127157,336.77094817719603,1.8551455046836318,1.0,0.0,0.0,299.99957748946235
a1,14.337509746221578,193.49627752219223,624.9414812040199,1.8551455046836318,1.0,0.0,0.0,299.99957748946235
a1,190.4734434864959,215.85943578076663,2.471229257889357,1.8551455046836318,1.0,0.0,0.0,299.99957748946235
a1,129.79356142990724,50.04837313824108,2.144256037255698,1.8551455046836318,1.0,0.0,0.0,299.99957748946235
a1,169.12701049608353,2.756621597654885e-14,169.21281511134964,1.8551455046836318,1.0,0.0,0.0,299.99957748946235
a1,374.37949583405003,128.82906582080903,465.5956203733254,1.8551455046836318,1.0,0.0,0.0,299.99957748946235
a1,337.6219720415586,68.41779123142635,48.085932123448536,1.8551455046836318,1.0,0.0,0.0,299.99957748946235
a1,333.38338326200954,288.58844556395474,86.43477982827247,1.8551455046836318,1.0,0.0,0.0,299.99957748946235
a1,240.7225277410265,0.0,473.6028595841087,1.8551455046836318,1.0,0.0,0.0,299.99957748946235
a1,349.27311788862147,88.3140022728136,575.0687498601169,1.8551455046836318,1.0,0.0,0.0,299.99957748946235
a1,9.836259169767288,156.1681801122253,552.0066963749795,1.8551455046836318,1.0,0.0,0.0,299.99957748946235
a1,299.5208780141595,2.0250794268133365,258.10569765463265,1.8551455046836318,1.0,0.0,0.0,299.99957748946235
a1,29.635344240122052,124.18544187935252,108.06903539918862,1.8551455046836318,1.0,0.0,0.0,299.99957748946235
a1,268.28774237510254,88.2879238810948,0.0,1.8551455046836318,1.0,0.0,0.0,299.99957748946235
a1,309.68368332188425,16.898319721987566,64.78006316698333,1.8551455046836318,1.0,0.0,0.0,299.99957748946235
a1,358.14136204944714,245.70636841310534,80.35897419825929,1.8551455046836318,1.0,0.0,0.0,299.99957748946235
a1,255.3551013256666,327.0152108969095,0.0,1.8551455046836318,1.0,0.0,0.0,299.99957748946235
a1,202.11625292760326,343.8330823745914,402.0380517129415,1.8551455046836318,1.0,0.0,0.0,299.99957748946235
a1,393.3901649803669,183.2929821617302,287.09697043980816,1.8551455046836318,1.0,0.0,0.0,299.99957748946235
a1,279.00281211126634,228.51778686422878,0.3598723751934016,1.8551455046836318,1.0,0.0,0.0,299.99957748946235
a1,304.5465602926404,7.874873426215083,625.1589413500731,1.8551455046836318,1.0,0.0,0.0,299.99957748946235
a1,376.8344964155215,209.63751862559477,614.1220461211761,1.8551455046836318,1.0,0.0,0.0,299.99957748946235
a1,166.477643156959,346.4101615000001,633.0831565954499,1.8551455046836318,1.0,0.0,0.0,299.99957748946235
a1,151.52978802425022,346.4101615000001,385.25831380517866,1.8551455046836318,1.0,0.0,0.0,299.99957748946235
a1,140.6896534329565,2.756621597654885e-14,519.6399401374107,1.8551455046836318,1.0,0.0,0.0,299.99957748946235
a1,359.9007720653694,241.0046041396325,468.6426440224858,1.8551455046836318,1.0,0.0,0.0,299.99957748946235
a1,121.53429635652945,70.07543068626919,652.8164936953949,1.8551455046836318,1.0,0.0,0.0,299.99957748946235
a1,324.08947814566864,41.72420007445915,225.55171589394288,1.8551455046836318,1.0,0.0,0.0,299.99957748946235
a1,136.12568168904446,295.68216672509965,0.0,1.8551455046836318,1.0,0.0,0.0,299.99957748946235
a1,388.572687245676,157.3999025297543,80.91676876962059,1.8551455046836318,1.0,0.0,0.0,299.99957748946235
a1,139.87353032952004,2.756621597654885e-14,347.7292365456548,1.8551455046836318,1.0,0.0,0.0,299.99957748946235
a1,304.8665685896728,63.81844506672937,0.0,1.8551455046836318,1.0,0.0,0.0,299.99957748946235
a1,321.6412688660849,305.36052944558355,526.1725956140793,1.8551455046836318,1.0,0.0,0.0,299.99957748946235
a1,44.22409404939892,249.80345855921732,612.590432838889,1.8551455046836318,1.0,0.0,0.0,299.99957748946235
a1,243.9641354651755,226.13286511953405,394.70938336090313,4.823476568634387,1.0,0.0,0.0,1969.2219934058835
a1,328.80982382647835,218.8172316433623,0.0,1.8551455046836318,1.0,0.0,0.0,299.99957748946235
a1,241.64589510264784,346.41016149999984,310.84203407314965,1.8551455046836318,1.0,0.0,0.0,299.99957748946235
a1,73.04353774376915,50.90163847243829,357.01213336325964,1.8551455046836318,1.0,0.0,0.0,299.99957748946235
a1,74.63235973651537,43.93804180273802,260.88058975759077,1.8551455046836318,1.0,0.0,0.0,299.99957748946235
a1,309.8085868988615,16.988970858606784,472.64978698333584,1.8551455046836318,1.0,0.0,0.0,299.99957748946235
a1,81.85402362472226,36.982029208834604,336.8715243300363,1.8551455046836318,1.0,0.0,0.0,299.99957748946235
a1,38.77327648608256,240.36236559714004,253.19047499971495,1.8551455046836318,1.0,0.0,0.0,299.99957748946235
a1,40.655243777559555,102.78813293596859,520.0205997308274,1.8551455046836318,1.0,0.0,0.0,299.99957748946235
a1,97.95284579956461,339.6784024896201,486.5163517194412,1.8551455046836318,1.0,0.0,0.0,299.99957748946235
a1,122.02742812589412,326.81677839994734,653.1971999999998,1.8551455046836318,1.0,0.0,0.0,299.99957748946235
a1,96.4206844295472,240.27474186386027,452.8070344889007,4.8149236763385455,1.0,0.0,0.0,1962.2446147679602
a1,349.00393958076364,84.87731312154307,333.5936424807955,1.8551455046836318,1.0,0.0,0.0,299.99957748946235
a1,348.7035804635437,84.35707587002176,241.55560285391513,1.8551455046836318,1.0,0.0,0.0,299.99957748946235
a1,321.43863312826556,156.35504368651172,650.8140529840326,1.8551455046836318,1.0,0.0,0.0,299.99957748946235
a1,231.0610223337871,106.50165215347238,522.0929328023304,4.820648541523058,1.0,0.0,0.0,1966.9135420069886
a1,344.22409404955414,269.8117836905138,612.5904328392336,1.8551455046836318,1.0,0.0,0.0,299.99957748946235
a1,162.08921235908912,27.155039100482448,517.2678261845994,4.810327166718302,1.0,0.0,0.0,1958.49993606184
a1,59.316890103804916,70.46521334731592,128.6009761982665,1.8551455046836318,1.0,0.0,0.0,299.99957748946235
a1,71.55110780699093,295.15180298031646,481.30280271424715,1.8551455046836318,1.0,0.0,0.0,299.99957748946235
a1,37.41651414893874,127.4828676084819,602.3401286402805,4.817958450998143,1.0,0.0,0.0,1964.7189413815308
a1,310.6085362588959,323.98550000328225,103.14441559610088,1.8551455046836318,1.0,0.0,0.0,299.99957748946235
a1,325.4325583275617,44.29283042703261,124.51235306869911,1.8551455046836318,1.0,0.0,0.0,299.99957748946235
a1,262.797990157754,343.4963981436887,322.9288427216095,1.8551455046836318,1.0,0.0,0.0,299.99957748946235
a1,11.269018133122715,192.57115420038667,503.6692608642087,1.8551455046836318,1.0,0.0,0.0,299.99957748946235
a1,366.66666666666686,230.94010766666662,0.0,1.8551455046836318,1.0,0.0,0.0,299.99957748946235
a1,51.96215456934603,85.24342057318887,173.6092128978157,1.8551455046836318,1.0,0.0,0.0,299.99957748946235
a1,34.19548877195411,174.06087873083123,2.9692684288621676,1.8551455046836318,1.0,0.0,0.0,299.99957748946235
a1,206.1754856778647,139.49687577038068,491.634358030419,4.824929379601155,1.0,0.0,0.0,1970.4084149066266
a1,280.5555241206805,0.0,146.40626896551734,1.8551455046836318,1.0,0.0,0.0,299.99957748946235
a1,314.9755192524806,320.2489786136263,236.90984241637992,1.8551455046836318,1.0,0.0,0.0,299.99957748946235
a1,331.48646881757884,209.74888446948276,281.3700984745671,4.812581468888799,1.0,0.0,0.0,1960.3360212319383
a1,19.71435360346135,207.35134282821576,495.1457645084235,1.8551455046836318,1.0,0.0,0.0,299.99957748946235
a1,105.84628262397928,245.4601712336074,653.1971999999998,1.8551455046836318,1.0,0.0,0.0,299.99957748946235
a1,356.7936849036044,98.3695477981887,37.649038095898895,1.8551455046836318,1.0,0.0,0.0,299.99957748946235
a1,110.02354478678772,346.4101615000001,568.8054320563356,1.8551455046836318,1.0,0.0,0.0,299.99957748946235
a1,283.10907924138667,2.5078449825658713,561.8970846074086,1.8551455046836318,1.0,0.0,0.0,299.99957748946235
a1,377.0564209201912,212.4973507745,55.42500172687292,1.8551455046836318,1.0,0.0,0.0,299.99957748946235
a1,131.61121523259555,306.1786466003875,653.1971999999998,1.8551455046836318,1.0,0.0,0.0,299.99957748946235
a1,334.70111228035313,286.30607195366656,535.1143962862441,1.8551455046836318,1.0,0.0,0.0,299.99957748946235
a1,244.08249680001197,345.54675863379555,240.90235281021228,1.8551455046836318,1.0,0.0,0.0,299.99957748946235
a1,164.37018839662173,346.4101615000001,55.527720233151285,1.8551455046836318,1.0,0.0,0.0,299.99957748946235
a1,313.77148816977206,317.96925232424184,399.3697716321102,1.8551455046836318,1.0,0.0,0.0,299.99957748946235
a1,380.0098706551302,138.58116107618895,185.69203030325536,1.8551455046836318,1.0,0.0,0.0,299.99957748946235
a1,388.8418416466188,191.93312559707854,435.953686188138,1.8551455046836318,1.0,0.0,0.0,299.99957748946235
a1,367.29357838003773,151.82791218689897,650.2836218605592,1.8551455046836318,1.0,0.0,0.0,299.99957748946235
a1,330.7975408539524,96.56123994826922,302.3533025392468,4.812086524443678,1.0,0.0,0.0,1959.9328249274006
a1,66.34349983072724,59.657017440995816,443.79323293829816,1.8551455046836318,1.0,0.0,0.0,299.99957748946235
a1,84.90195737993112,320.2595845882403,580.268577031373,1.8551455046836318,1.0,0.0,0.0,299.99957748946235
a1,357.6658582980326,246.45732440613264,68.8185678263555,1.8551455046836318,1.0,0.0,0.0,299.99957748946235
a1,11.317599581480364,191.94391702678922,119.52776787699617,1.8551455046836318,1.0,0.0,0.0,299.99957748946235
a1,186.17440797406616,345.0989467212914,127.24965610535403,1.8551455046836318,1.0,0.0,0.0,299.99957748946235
a1,136.54320553446212,188.13374953848054,317.26806960001807,4.823985760542104,1.0,0.0,0.0,1969.6377784999263
a1,80.61412174358811,37.20789572120601,321.1666321637926,1.8551455046836318,1.0,0.0,0.0,299.99957748946235
a1,28.443043864591267,222.46987784342323,57.35541032942232,1.8551455046836318,1.0,0.0,0.0,299.99957748946235
a1,110.52710077812381,269.14640853807623,249.9710920595602,4.813167638416106,1.0,0.0,0.0,1960.8135858095134
a1,142.78432803251053,21.305712751431326,647.1212104597402,4.831239883549305,1.0,0.0,0.0,1975.5659624960108
a1,119.61606152158376,292.0670715116216,531.663845623661,4.8102745923723065,1.0,0.0,0.0,1958.4571255472881
a1,265.96463813122955,154.4621961157056,199.56245551232513,4.823260673245096,1.0,0.0,0.0,1969.0457153922146
a1,75.50062793427219,42.43415716968672,525.1368691290168,1.8551455046836318,1.0,0.0,0.0,299.99957748946235
a1,283.1947766559921,45.11790046109351,0.2883851468455007,1.8551455046836318,1.0,0.0,0.0,299.99957748946235
a1,40.14366137718065,105.75441290513407,350.10032557656245,1.8551455046836318,1.0,0.0,0.0,299.99957748946235
a1,326.31249155575193,295.3760553637504,345.1679137367124,1.8551455046836318,1.0,0.0,0.0,299.99957748946235
a1,356.86469392722796,101.87042287755706,470.99373601204627,1.8551455046836318,1.0,0.0,0.0,299.99957748946235
a1,4.98188219964709,164.5762076632314,275.4655273738005,1.8551455046836318,1.0,0.0,0.0,299.99957748946235
a1,231.0801550201813,344.4827075514782,336.99019997359403,1.8551455046836318,1.0,0.0,0.0,299.99957748946235
a1,345.3330342144248,83.44727679741914,65.88907286075381,1.8551455046836318,1.0,0.0,0.0,299.99957748946235
a1,212.38626202104035,343.59483721674985,168.04696186416436,1.8551455046836318,1.0,0.0,0.0,299.99957748946235
a1,20.095350874890247,138.3989120401505,336.3477790542622,1.8551455046836318,1.0,0.0,0.0,299.99957748946235
a1,110.79446590747995,344.0282953435439,152.08183321038865,1.8551455046836318,1.0,0.0,0.0,299.99957748946235
a1,160.39133781092957,59.91204163009378,0.6521834336482539,1.8551455046836318,1.0,0.0,0.0,299.99957748946235
a1,155.55558636324247,195.71848394419146,219.4597479245417,4.825423760058349,1.0,0.0,0.0,1970.8122265452919
a1,40.543678391735504,102.98136985257419,485.5062914833235,1.8551455046836318,1.0,0.0,0.0,299.99957748946235
a1,344.57584064778143,269.10318349673486,122.54372529783227,1.8551455046836318,1.0,0.0,0.0,299.99957748946235
a1,76.10759928920695,305.0273095557573,622.8815160307778,1.8551455046836318,1.0,0.0,0.0,299.99957748946235
a1,249.4337391440328,2.3626010513027476,189.29296981334144,1.8551455046836318,1.0,0.0,0.0,299.99957748946235
a1,314.81509857204446,26.534547862453227,441.8010610107203,1.8551455046836318,1.0,0.0,0.0,299.99957748946235
a1,353.693473621023,92.99982434277251,247.21104381382975,1.8551455046836318,1.0,0.0,0.0,299.99957748946235
a1,332.235463091059,155.8094853968266,2.7434828848224755,1.8551455046836318,1.0,0.0,0.0,299.99957748946235
a1,137.48634109570358,25.671464602819675,0.0,1.8551455046836318,1.0,0.0,0.0,299.99957748946235
a1,59.465727659339926,70.20741913906514,174.62001344949712,1.8551455046836318,1.0,0.0,0.0,299.99957748946235
a1,41.01485394208037,243.85406557328548,460.05886959157,1.8551455046836318,1.0,0.0,0.0,299.99957748946235
a1,43.13993012496952,247.92563155844704,63.296930702859285,1.8551455046836318,1.0,0.0,0.0,299.99957748946235
a1,304.87659800759354,8.446515516905137,546.2080034482756,1.8551455046836318,1.0,0.0,0.0,299.99957748946235
a1,314.76476708093753,320.8368347549129,512.370739550911,1.8551455046836318,1.0,0.0,0.0,299.99957748946235
a1,161.2348117435657,2.756621597654885e-14,497.13999768000315,1.8551455046836318,1.0,0.0,0.0,299.99957748946235
a1,337.03369237958645,280.997555475412,227.72002805722093,1.8551455046836318,1.0,0.0,0.0,299.99957748946235
a1,196.72362950300405,21.535291707014686,570.4213135286606,4.809193608083163,1.0,0.0,0.0,1957.5769996976114
a1,388.7337904108264,153.69143333360756,255.66281016167756,1.8551455046836318,1.0,0.0,0.0,299.99957748946235
a1,291.8963308022042,37.36814613886291,651.8081417105325,1.8551455046836318,1.0,0.0,0.0,299.99957748946235
a1,290.2138326297905,0.0,411.0271932116231,1.8551455046836318,1.0,0.0,0.0,299.99957748946235
a1,152.77382463904055,334.9494319730759,443.5110480311409,4.819273989513732,1.0,0.0,0.0,1965.7920167663892
a1,105.4140626418609,226.60153095633262,652.3506967901591,1.8551455046836318,1.0,0.0,0.0,299.99957748946235
a1,201.963960797815,134.14284386284203,2.13957137371394,1.8551455046836318,1.0,0.0,0.0,299.99957748946235
a1,311.5860006432106,248.52380892316336,0.0,1.8551455046836318,1.0,0.0,0.0,299.99957748946235
a1,285.07563177684244,274.1658997287252,275.3765974573112,4.814097704903068,1.0,0.0,0.0,1961.571449794027
a1,152.66029214236912,163.45901201795076,650.3753681238236,1.8551455046836318,1.0,0.0,0.0,299.99957748946235
a1,65.75466953929815,284.53838493497585,416.902809047071,1.8551455046836318,1.0,0.0,0.0,299.99957748946235
a1,389.9764552167266,190.56636958588132,574.5098296224222,1.8551455046836318,1.0,0.0,0.0,299.99957748946235
a1,18.211467012737657,149.95371776445666,397.5801367302865,1.8551455046836318,1.0,0.0,0.0,299.99957748946235
a1,239.28021182754938,160.1007314290925,0.8034602448944931,1.8551455046836318,1.0,0.0,0.0,299.99957748946235
a1,307.0459155683337,15.468948440187063,519.1533962971926,1.8551455046836318,1.0,0.0,0.0,299.99957748946235
a1,231.38520058742958,287.00734966704766,653.1971999999998,1.8551455046836318,1.0,0.0,0.0,299.99957748946235
a1,57.56373583764124,78.57614637117963,420.51940989637666,1.8551455046836318,1.0,0.0,0.0,299.99957748946235
a1,170.2465504216797,343.9160390000395,314.6994809190537,1.8551455046836318,1.0,0.0,0.0,299.99957748946235
a1,395.4434062410398,181.09733264965644,625.1143514755609,1.8551455046836318,1.0,0.0,0.0,299.99957748946235
a1,328.5210594340849,297.010237476438,69.24038354191946,1.8551455046836318,1.0,0.0,0.0,299.99957748946235
a1,336.72847553674853,63.72844386555846,590.3788609727038,1.8551455046836318,1.0,0.0,0.0,299.99957748946235
a1,86.60115161884166,107.76328849497165,0.0,1.8551455046836318,1.0,0.0,0.0,299.99957748946235
a1,317.2046508870468,312.79192279278857,564.566367704368,1.8551455046836318,1.0,0.0,0.0,299.99957748946235
a1,41.374190720389194,151.08519588987073,179.25556067276108,4.810275224341531,1.0,0.0,0.0,1958.457640147729
a1,181.31011793095436,157.79961323092115,2.0702050375199885,1.8551455046836318,1.0,0.0,0.0,299.99957748946235
a1,57.91654301620924,273.5194758488337,57.87605101424457,1.8551455046836318,1.0,0.0,0.0,299.99957748946235
a1,127.51270556479172,9.719746407562,331.9111622119681,4.817906926477082,1.0,0.0,0.0,1964.6769191589626
a1,237.41038498024605,297.0283398931395,0.0,1.8551455046836318,1.0,0.0,0.0,299.99957748946235
a1,170.94132497190532,345.1640070358485,547.5528286462791,1.8551455046836318,1.0,0.0,0.0,299.99957748946235
a1,82.1361434394446,296.22651039993184,88.74736509418436,4.817384780587312,1.0,0.0,0.0,1964.2510942499189
a1,335.6031593627974,282.53635172279104,147.04802706661883,1.8551455046836318,1.0,0.0,0.0,299.99957748946235
a1,330.2489842321858,78.78058827372806,651.0339498799597,1.8551455046836318,1.0,0.0,0.0,299.99957748946235
a1,109.96731040169857,345.542197103455,476.7270849615613,1.8551455046836318,1.0,0.0,0.0,299.99957748946235
a1,52.99093048486443,264.9880646864858,51.925409830158095,1.8551455046836318,1.0,0.0,0.0,299.99957748946235
a1,192.30617687073286,259.67303476119963,652.875135366369,1.8551455046836318,1.0,0.0,0.0,299.99957748946235
a1,132.2149655122116,346.3044394357121,1.9008489335392342,1.8551455046836318,1.0,0.0,0.0,299.99957748946235
a1,369.36349088111405,121.01505162005803,262.2480539505503,1.8551455046836318,1.0,0.0,0.0,299.99957748946235
a1,274.28307990423986,204.02369023523798,384.47197075488214,4.822619416704459,1.0,0.0,0.0,1968.5221776474134
a1,53.72316068896937,266.25632460278166,258.7479463939648,1.8551455046836318,1.0,0.0,0.0,299.99957748946235
a1,120.58030790429355,111.53553481804407,183.19776286386806,4.818102823624632,1.0,0.0,0.0,1964.8366907920536
a1,258.28522802833686,25.22251453348543,630.86632216454,4.8083751338346925,1.0,0.0,0.0,1956.9107383019768
a1,48.589776099170884,255.49002814529604,206.59227942716515,1.8551455046836318,1.0,0.0,0.0,299.99957748946235
a1,163.23060888600693,343.71679560918665,71.1507973005844,1.8551455046836318,1.0,0.0,0.0,299.99957748946235
a1,159.55259432561638,345.2719718413842,508.80948774547085,1.8551455046836318,1.0,0.0,0.0,299.99957748946235
a1,74.15389270310307,44.7667710143219,122.65640892499675,1.8551455046836318,1.0,0.0,0.0,299.99957748946235
a1,282.9965654735388,27.137431732844707,0.0,1.8551455046836318,1.0,0.0,0.0,299.99957748946235
a1,200.42984995715804,0.0,393.3361507112489,1.8551455046836318,1.0,0.0,0.0,299.99957748946235
a1,243.82705190967158,334.6838013769999,336.90046280000615,4.815763118125507,1.0,0.0,0.0,1962.9288763777133
a1,85.34257707607246,25.38740121125764,547.2418571162557,1.8551455046836318,1.0,0.0,0.0,299.99957748946235
a1,65.7066621642915,181.93363486759853,651.6105534742388,1.8551455046836318,1.0,0.0,0.0,299.99957748946235
a1,302.0452817877958,290.3318224499012,2.0756984077738334,1.8551455046836318,1.0,0.0,0.0,299.99957748946235
a1,296.3860143663554,297.9587849799669,372.1913306662181,4.810554800175122,1.0,0.0,0.0,1958.6853000271942
a1,91.49224769218328,215.26805176490623,0.9539683531076307,1.8551455046836318,1.0,0.0,0.0,299.99957748946235
a1,393.46005033784286,182.7850778952807,397.22787761608157,1.8551455046836318,1.0,0.0,0.0,299.99957748946235
a1,62.47491473344894,70.06888975123444,392.0106248474457,1.8551455046836318,1.0,0.0,0.0,299.99957748946235
a1,59.91225131762666,69.43401747616174,312.67711852066225,1.8551455046836318,1.0,0.0,0.0,299.99957748946235
a1,209.45355809029283,204.00712418121424,619.7194063759819,4.811892817290296,1.0,0.0,0.0,1959.7750366727316
a1,20.095350874890247,138.3989120401505,336.3477790542622,1.8551455046836318,1.0,0.0,0.0,299.99957748946235
a1,329.38218027938746,294.78282817686147,150.2200664678615,1.8551455046836318,1.0,0.0,0.0,299.99957748946235
a1,168.98003976027644,158.73661761191323,650.5341402928526,1.8551455046836318,1.0,0.0,0.0,299.99957748946235
a1,233.33333333333346,346.41016149999984,0.0,1.8551455046836318,1.0,0.0,0.0,299.99957748946235
a1,86.60115161884166,107.76328849497165,0.0,1.8551455046836318,1.0,0.0,0.0,299.99957748946235
a1,190.07593078979173,1.1846648659448613,491.66113074319213,1.8551455046836318,1.0,0.0,0.0,299.99957748946235
a1,113.2539718063708,17.691369627278426,50.259160229673554,4.8097516245906835,1.0,0.0,0.0,1958.0313060714182
a1,343.5153785388399,271.0393149631341,178.34448027129986,1.8551455046836318,1.0,0.0,0.0,299.99957748946235
a1,324.3398493673468,42.15785575114115,363.13503394965517,1.8551455046836318,1.0,0.0,0.0,299.99957748946235
a1,339.22824508784123,278.4648479187967,391.2474820090956,1.8551455046836318,1.0,0.0,0.0,299.99957748946235
a1,266.37173572663,247.69028397544434,0.0,1.8551455046836318,1.0,0.0,0.0,299.99957748946235
a1,243.36408451557685,247.41391839869553,653.1971999999998,1.8551455046836318,1.0,0.0,0.0,299.99957748946235
a1,309.56839213559,329.8372201750747,336.7441791944103,1.8551455046836318,1.0,0.0,0.0,299.99957748946235
a1,371.14232089402606,130.68875839781307,249.63866408988133,1.8551455046836318,1.0,0.0,0.0,299.99957748946235
a1,313.22304467949533,318.4753935950151,377.47991093701233,1.8551455046836318,1.0,0.0,0.0,299.99957748946235
a1,280.4529571082646,0.0,382.834795217036,1.8551455046836318,1.0,0.0,0.0,299.99957748946235
a1,254.48660509267256,344.5605056240876,155.12093834662707,1.8551455046836318,1.0,0.0,0.0,299.99957748946235
a1,230.96614290069348,345.0060266858044,132.1419186950603,1.8551455046836318,1.0,0.0,0.0,299.99957748946235
a1,156.1127034042416,75.51320539409538,186.71851715378037,4.8179962433636945,1.0,0.0,0.0,1964.7497642574065
a1,141.53124020661647,3.1973184738198395,494.8183908697856,1.8551455046836318,1.0,0.0,0.0,299.99957748946235
a1,196.184125141461,344.760043380117,84.29707595642708,1.8551455046836318,1.0,0.0,0.0,299.99957748946235
a1,67.04057256303523,285.50256140016216,512.9829526806318,1.8551455046836318,1.0,0.0,0.0,299.99957748946235
a1,314.33466383029435,321.58179543749765,159.0976551323219,1.8551455046836318,1.0,0.0,0.0,299.99957748946235
a1,121.37920890785871,81.21902491378864,533.2389446849782,4.813858820970026,1.0,0.0,0.0,1961.3767814239536
a1,372.65409101858484,217.35026245201544,87.61895020779022,1.8551455046836318,1.0,0.0,0.0,299.99957748946235
a1,150.32255391937213,34.22322520142638,643.5608767905528,4.816489055810215,1.0,0.0,0.0,1963.5207125663976
a1,20.19279563585579,138.23013276323354,428.10281515978545,1.8551455046836318,1.0,0.0,0.0,299.99957748946235
a1,96.59476108145068,187.33749651152363,650.6531062792408,1.8551455046836318,1.0,0.0,0.0,299.99957748946235
a1,368.7805801326317,227.27870214095714,287.31450403333616,1.8551455046836318,1.0,0.0,0.0,299.99957748946235
a1,140.47511885134585,346.4101615000001,494.5346626574398,1.8551455046836318,1.0,0.0,0.0,299.99957748946235
a1,368.0672272123759,228.5142656425182,68.72415992946155,1.8551455046836318,1.0,0.0,0.0,299.99957748946235
a1,333.93369677255026,58.77488689635559,259.0062719895361,1.8551455046836318,1.0,0.0,0.0,299.99957748946235
a1,345.75749718478863,132.13680538753832,653.1971999999998,1.8551455046836318,1.0,0.0,0.0,299.99957748946235
a1,347.6986443568614,85.55148947558676,273.31543122890446,1.8551455046836318,1.0,0.0,0.0,299.99957748946235
a1,212.6355131262177,346.41016149999984,224.36328224373656,1.8551455046836318,1.0,0.0,0.0,299.99957748946235
a1,367.34498985024106,116.64494405118927,283.6594532804667,1.8551455046836318,1.0,0.0,0.0,299.99957748946235
a1,239.0235464317034,0.0,209.00576939881572,1.8551455046836318,1.0,0.0,0.0,299.99957748946235
a1,102.22639737369764,308.73780551045775,636.4650682224938,4.8121143182483985,1.0,0.0,0.0,1959.9554654793703
a1,109.75319601518723,2.756621597654885e-14,568.7320448275864,1.8551455046836318,1.0,0.0,0.0,299.99957748946235
a1,243.2749691502861,306.9730889222216,0.0,1.8551455046836318,1.0,0.0,0.0,299.99957748946235
a1,228.9284793507493,0.0,24.727825657193062,1.8551455046836318,1.0,0.0,0.0,299.99957748946235
a1,303.89058449397123,9.871540023409194,208.6620813565886,1.8551455046836318,1.0,0.0,0.0,299.99957748946235
a1,72.27537330294639,292.31030605551814,532.0910450862701,1.8551455046836318,1.0,0.0,0.0,299.99957748946235
a1,324.6823545806413,42.751092182400676,500.78977489952155,1.8551455046836318,1.0,0.0,0.0,299.99957748946235
a1,79.5786022623501,35.37089844177509,231.8860158052959,1.8551455046836318,1.0,0.0,0.0,299.99957748946235
a1,20.02215254013656,138.52569527496823,302.29155299559625,1.8551455046836318,1.0,0.0,0.0,299.99957748946235
a1,141.02358135372697,146.54474334807034,0.0,1.8551455046836318,1.0,0.0,0.0,299.99957748946235
a1,109.43747502076225,343.30603479143826,593.855003503825,1.8551455046836318,1.0,0.0,0.0,299.99957748946235
a1,330.70355230477713,93.20527566618883,2.602946669919297,1.8551455046836318,1.0,0.0,0.0,299.99957748946235
a1,375.03527298047317,168.22126647035694,271.18001297933256,4.811364251717299,1.0,0.0,0.0,1959.344514729854
a1,41.38902318383988,169.9800969311789,0.0,1.8551455046836318,1.0,0.0,0.0,299.99957748946235
a1,34.470641937304,231.38965971820826,213.70007087611992,1.8551455046836318,1.0,0.0,0.0,299.99957748946235
a1,262.8740815175764,346.41016149999984,623.7710278463496,1.8551455046836318,1.0,0.0,0.0,299.99957748946235
a1,289.2030075222032,2.425424002215325,330.69905720917757,1.8551455046836318,1.0,0.0,0.0,299.99957748946235
a1,86.60115161884166,107.76328849497165,0.0,1.8551455046836318,1.0,0.0,0.0,299.99957748946235
a1,203.75201273290574,346.41016149999984,69.07193150623588,1.8551455046836318,1.0,0.0,0.0,299.99957748946235
a1,364.50223187982743,117.02892190397546,43.5094195130843,1.8551455046836318,1.0,0.0,0.0,299.99957748946235
a1,25.312274564399345,129.36293515107042,433.85942823355026,1.8551455046836318,1.0,0.0,0.0,299.99957748946235
a1,391.47094691911917,158.88167313474176,119.14648766992607,1.8551455046836318,1.0,0.0,0.0,299.99957748946235
a1,143.40584803364183,346.4101615000001,68.8198847284017,1.8551455046836318,1.0,0.0,0.0,299.99957748946235
a1,21.68844457694154,153.1210438903607,653.1971999999998,1.8551455046836318,1.0,0.0,0.0,299.99957748946235
a1,326.04699758835636,45.160870513997246,559.6797885898405,1.8551455046836318,1.0,0.0,0.0,299.99957748946235
a1,254.9533086102915,306.2539021433224,651.2645151981835,1.8551455046836318,1.0,0.0,0.0,299.99957748946235
a1,79.80576028304084,287.2293924910932,102.29197327159949,4.817702429908448,1.0,0.0,0.0,1964.5101408595906
a1,229.41910660459433,1.1204678036663744,111.88627273972268,1.8551455046836318,1.0,0.0,0.0,299.99957748946235
a1,180.60370437834814,0.6864410818553117,36.06438997901127,1.8551455046836318,1.0,0.0,0.0,299.99957748946235
a1,366.71073933788404,117.63030962652172,448.34115534030815,1.8551455046836318,1.0,0.0,0.0,299.99957748946235
a1,149.56192415771534,263.9067317479945,2.1189731877068385,1.8551455046836318,1.0,0.0,0.0,299.99957748946235
a1,193.8320364837097,27.689102604709973,2.25006882710762,1.8551455046836318,1.0,0.0,0.0,299.99957748946235
a1,157.00736566242057,2.921661370279885,289.653830430844,1.8551455046836318,1.0,0.0,0.0,299.99957748946235
a1,256.05781951053075,197.79093967614776,306.4332851923951,4.824547914323513,1.0,0.0,0.0,1970.0968610491473
a1,199.7309885339088,33.43201717066623,0.0,1.8551455046836318,1.0,0.0,0.0,299.99957748946235
a1,64.32797682912735,283.7884451606414,548.0264132539739,1.8551455046836318,1.0,0.0,0.0,299.99957748946235
a1,58.62564852210218,274.74768261291825,229.92083821439448,1.8551455046836318,1.0,0.0,0.0,299.99957748946235
a1,364.1810393052016,234.3937195264899,522.6262165866535,1.8551455046836318,1.0,0.0,0.0,299.99957748946235
a1,256.5459216036488,26.11397288552557,372.4675057010574,4.810636168622695,1.0,0.0,0.0,1958.7515612118802
a1,6.659131727685456,182.69220955119874,171.36088355361994,1.8551455046836318,1.0,0.0,0.0,299.99957748946235
a1,336.91128366908015,278.0494289629422,70.89932073018474,1.8551455046836318,1.0,0.0,0.0,299.99957748946235
a1,220.4201587998191,346.41016149999984,563.7597350383691,1.8551455046836318,1.0,0.0,0.0,299.99957748946235
a1,96.13821103749866,77.1435544187372,631.2497491712306,4.8077696484102574,1.0,0.0,0.0,1956.4179288625899
a1,85.56366749097818,26.60309568059174,147.6373773531951,1.8551455046836318,1.0,0.0,0.0,299.99957748946235
a1,233.1747955371148,0.7480160461517504,436.5803385575387,1.8551455046836318,1.0,0.0,0.0,299.99957748946235
a1,329.85136212173626,128.60805672465366,621.1248272991832,4.806703182260086,1.0,0.0,0.0,1955.5500744355784
a1,83.0859907462108,99.3419104189802,0.0,1.8551455046836318,1.0,0.0,0.0,299.99957748946235
a1,80.45777393475605,33.84812843665325,564.7652464269615,1.8551455046836318,1.0,0.0,0.0,299.99957748946235
a1,116.8596375078179,345.07344078292056,349.4512340090485,1.8551455046836318,1.0,0.0,0.0,299.99957748946235
a1,90.24885490389903,16.889478737751276,90.09616551724146,1.8551455046836318,1.0,0.0,0.0,299.99957748946235
a1,141.68142513596288,0.9781052244979561,108.64525281858283,1.8551455046836318,1.0,0.0,0.0,299.99957748946235
a1,348.77867024440127,84.48713518559168,264.5651127597167,1.8551455046836318,1.0,0.0,0.0,299.99957748946235
a1,55.3828401109818,79.50775215226969,215.25906577525913,1.8551455046836318,1.0,0.0,0.0,299.99957748946235
a1,37.80874645445366,234.80769390679808,600.0229225951426,1.8551455046836318,1.0,0.0,0.0,299.99957748946235
a1,319.7849117582981,34.26847238727635,540.8644178016493,1.8551455046836318,1.0,0.0,0.0,299.99957748946235
a1,164.93762039295135,151.0625722701866,474.59828686427585,4.8252043387251495,1.0,0.0,0.0,1970.6329973476763
a1,151.08071410601184,284.6377335585631,650.8466450445991,1.8551455046836318,1.0,0.0,0.0,299.99957748946235
a1,335.5377971215861,63.095703201972064,555.149785827418,1.8551455046836318,1.0,0.0,0.0,299.99957748946235
a1,182.74727898292642,345.4688957655752,493.0676218306381,1.8551455046836318,1.0,0.0,0.0,299.99957748946235
a1,228.47261790514563,2.764300510556491,38.03502270371359,1.8551455046836318,1.0,0.0,0.0,299.99957748946235
a1,120.88520909386772,306.2276256054891,0.0,1.8551455046836318,1.0,0.0,0.0,299.99957748946235
a1,148.480613617075,138.3418246244375,650.9496081203002,1.8551455046836318,1.0,0.0,0.0,299.99957748946235
a1,151.60231108478138,285.7943918508769,0.0,1.8551455046836318,1.0,0.0,0.0,299.99957748946235
a1,190.00911301274937,68.35451383619164,256.9047639572967,4.818612199331953,1.0,0.0,0.0,1965.252162616047
a1,58.28655596024732,157.8234660214061,0.0,1.8551455046836318,1.0,0.0,0.0,299.99957748946235
a1,257.4293926536301,128.88095299974182,1.124598668552833,1.8551455046836318,1.0,0.0,0.0,299.99957748946235
a1,338.2021304137898,278.55167255059524,480.8553061046205,1.8551455046836318,1.0,0.0,0.0,299.99957748946235
a1,220.49897345358926,346.41016149999984,597.4568612531447,1.8551455046836318,1.0,0.0,0.0,299.99957748946235
a1,309.669035950151,16.747261525205378,234.0684104346879,1.8551455046836318,1.0,0.0,0.0,299.99957748946235
a1,130.0080778455016,85.07674147194761,1.784349456011466,1.8551455046836318,1.0,0.0,0.0,299.99957748946235
a1,339.788731795033,219.24902799586772,653.1971999999998,1.8551455046836318,1.0,0.0,0.0,299.99957748946235
a1,171.0791311128127,54.270976859585645,651.411546812997,1.8551455046836318,1.0,0.0,0.0,299.99957748946235
a1,61.11111111111119,279.0526300972223,653.1971999999998,1.8551455046836318,1.0,0.0,0.0,299.99957748946235
a1,162.5244813334319,344.89841592569303,377.756675077017,1.8551455046836318,1.0,0.0,0.0,299.99957748946235
a1,258.8045528237644,344.59864749281763,575.728864003041,1.8551455046836318,1.0,0.0,0.0,299.99957748946235
a1,355.91578272522963,101.95820647052975,252.04487322817678,1.8551455046836318,1.0,0.0,0.0,299.99957748946235
a1,48.11860427145324,96.56499551690196,535.914362775545,1.8551455046836318,1.0,0.0,0.0,299.99957748946235
a1,139.4975459218891,345.91058795207556,251.90749803664986,1.8551455046836318,1.0,0.0,0.0,299.99957748946235
a1,320.7684073011051,36.64621572287997,291.81185721546296,1.8551455046836318,1.0,0.0,0.0,299.99957748946235
a1,20.12341497644168,138.35030359039658,393.7928722762333,1.8551455046836318,1.0,0.0,0.0,299.99957748946235
a1,290.1899178761466,0.0,444.8118725154176,1.8551455046836318,1.0,0.0,0.0,299.99957748946235
a1,313.121023792262,22.846151628762996,412.8845511167197,1.8551455046836318,1.0,0.0,0.0,299.99957748946235
a1,242.9267149498222,346.41016149999984,80.74542504883182,1.8551455046836318,1.0,0.0,0.0,299.99957748946235
a1,292.07715903233276,62.76716260129252,651.4871466615746,1.8551455046836318,1.0,0.0,0.0,299.99957748946235
a1,70.5826978174207,50.95226199980797,531.1385973517024,1.8551455046836318,1.0,0.0,0.0,299.99957748946235
a1,12.479754950935844,186.9772959089459,539.2596119511561,1.8551455046836318,1.0,0.0,0.0,299.99957748946235
a1,223.60661000075135,0.6464959865747273,528.8890992121904,1.8551455046836318,1.0,0.0,0.0,299.99957748946235
a1,12.470879034087915,194.80527685122684,24.99067852907076,1.8551455046836318,1.0,0.0,0.0,299.99957748946235
a1,53.7519259714245,266.306147533486,270.2528159531301,1.8551455046836318,1.0,0.0,0.0,299.99957748946235
a1,260.1207211635873,346.41016149999984,587.0883570053372,1.8551455046836318,1.0,0.0,0.0,299.99957748946235
a1,58.038354402255386,78.73372221868311,511.5118344235002,1.8551455046836318,1.0,0.0,0.0,299.99957748946235
a1,388.3864224959802,161.089985781847,626.7481305223065,1.8551455046836318,1.0,0.0,0.0,299.99957748946235
a1,83.11542610879268,311.0520741375568,176.57895942223487,1.8551455046836318,1.0,0.0,0.0,299.99957748946235
a1,324.7071086712201,168.75681610655946,653.1971999999998,1.8551455046836318,1.0,0.0,0.0,299.99957748946235
a1,300.00000000000006,0.0,349.12264137931055,1.8551455046836318,1.0,0.0,0.0,299.99957748946235
a1,3.6083013989187385,178.3846251428521,283.2080781024092,1.8551455046836318,1.0,0.0,0.0,299.99957748946235
a1,261.28333559744294,343.88321889836374,208.38196361350342,1.8551455046836318,1.0,0.0,0.0,299.99957748946235
a1,86.98660086735924,323.8702930239897,25.129508321756514,1.8551455046836318,1.0,0.0,0.0,299.99957748946235
a1,373.7820758425986,218.61585745780087,224.3311355079293,1.8551455046836318,1.0,0.0,0.0,299.99957748946235
a1,250.7564449270635,346.41016149999984,466.3049501794937,1.8551455046836318,1.0,0.0,0.0,299.99957748946235
a1,86.89994513392027,26.248463089860223,547.015128564985,1.8551455046836318,1.0,0.0,0.0,299.99957748946235
a1,319.5997259864691,33.94772122164241,403.6518777511564,1.8551455046836318,1.0,0.0,0.0,299.99957748946235
a1,394.8902410403759,179.0544490556816,367.3958833497594,1.8551455046836318,1.0,0.0,0.0,299.99957748946235
a1,371.72681529251855,219.24440210719752,579.5102147994245,1.8551455046836318,1.0,0.0,0.0,299.99957748946235
a1,52.95638323983862,83.54217968444352,475.2569867821719,1.8551455046836318,1.0,0.0,0.0,299.99957748946235
a1,64.57701086733871,284.5350942077483,12.715206592865297,1.8551455046836318,1.0,0.0,0.0,299.99957748946235
a1,156.91095200874415,43.130497346619975,651.7916304742274,1.8551455046836318,1.0,0.0,0.0,299.99957748946235
a1,54.39099727233168,78.99711000372758,145.92256371942443,1.8551455046836318,1.0,0.0,0.0,299.99957748946235
a1,210.70610344500886,346.41016149999984,602.7891628422724,1.8551455046836318,1.0,0.0,0.0,299.99957748946235
a1,218.69187113211652,336.93800016096543,275.35584508122514,4.82008896097037,1.0,0.0,0.0,1966.4569301316549
a1,11.451448117654449,157.52301357297085,482.6338622519339,1.8551455046836318,1.0,0.0,0.0,299.99957748946235
a1,309.3940543633112,330.1391820543279,67.07822092729398,1.8551455046836318,1.0,0.0,0.0,299.99957748946235
a1,56.167560085215065,75.9200129490984,604.4886159738253,1.8551455046836318,1.0,0.0,0.0,299.99957748946235
a1,145.45929769192327,256.16346233234174,653.1971999999998,1.8551455046836318,1.0,0.0,0.0,299.99957748946235
a1,379.76246140225345,138.15263567996067,494.53466984443696,1.8551455046836318,1.0,0.0,0.0,299.99957748946235
a1,54.010506814261454,263.2920701952998,12.191286104966029,1.8551455046836318,1.0,0.0,0.0,299.99957748946235
a1,389.8582798113431,190.7710553922024,67.26112669750043,1.8551455046836318,1.0,0.0,0.0,299.99957748946235
a1,84.90033583318107,320.2567759868825,557.560588601667,1.8551455046836318,1.0,0.0,0.0,299.99957748946235
a1,25.365821248656935,214.3927746103681,571.6795000333922,1.8551455046836318,1.0,0.0,0.0,299.99957748946235
a1,15.278543548321899,148.11492772701763,192.81182477283224,1.8551455046836318,1.0,0.0,0.0,299.99957748946235
a1,327.7249506344429,101.32242507093238,652.1426705009419,1.8551455046836318,1.0,0.0,0.0,299.99957748946235
a1,220.54030896984204,148.18920536496287,652.3826045590126,1.8551455046836318,1.0,0.0,0.0,299.99957748946235
a1,198.34696656757612,37.24025428124216,489.55061718096,4.812281868305744,1.0,0.0,0.0,1960.0919528302245
a1,334.6083061289805,286.4668169230923,500.6118524288562,1.8551455046836318,1.0,0.0,0.0,299.99957748946235
a1,241.64589510264784,346.41016149999984,310.84203407314965,1.8551455046836318,1.0,0.0,0.0,299.99957748946235
a1,76.81036694936398,151.0753237142068,504.01521844550905,4.814249260174268,1.0,0.0,0.0,1961.6949583685496
a1,137.30275932134776,1.5255248235175078,257.26725175423513,1.8551455046836318,1.0,0.0,0.0,299.99957748946235
a1,389.8262381411834,190.82655319287602,472.1299917484871,1.8551455046836318,1.0,0.0,0.0,299.99957748946235
a1,170.60317398442888,100.02584787907449,652.9103922458849,1.8551455046836318,1.0,0.0,0.0,299.99957748946235
a1,60.3975818949725,68.59340025776545,462.2381101715539,1.8551455046836318,1.0,0.0,0.0,299.99957748946235
a1,307.4021564380941,16.82623969375403,92.35019280589661,1.8551455046836318,1.0,0.0,0.0,299.99957748946235
a1,336.031675465159,276.1664513103462,345.232164093686,1.8551455046836318,1.0,0.0,0.0,299.99957748946235
a1,24.621777536467732,215.8512504141243,466.3049501794927,1.8551455046836318,1.0,0.0,0.0,299.99957748946235
a1,77.49540109048614,46.70146364098028,143.5165160186179,1.8551455046836318,1.0,0.0,0.0,299.99957748946235
a1,271.91615227062675,346.41016149999984,193.91988425761448,1.8551455046836318,1.0,0.0,0.0,299.99957748946235
a1,159.4704558981842,2.568116657769966,436.5177123338923,1.8551455046836318,1.0,0.0,0.0,299.99957748946235
a1,54.1921406212806,267.0686216732426,396.8047653879186,1.8551455046836318,1.0,0.0,0.0,299.99957748946235
a1,302.56953262409473,99.5391630140164,491.75529808082814,4.813497569370585,1.0,0.0,0.0,1961.0824130432068
a1,364.5526519165735,111.80847287836718,602.5909247228907,1.8551455046836318,1.0,0.0,0.0,299.99957748946235
a1,9.814822632908857,190.20485221679905,518.0592758451317,1.8551455046836318,1.0,0.0,0.0,299.99957748946235
a1,99.73141977990359,344.7466764301727,267.939540871316,1.8551455046836318,1.0,0.0,0.0,299.99957748946235
a1,359.5236111795703,103.09791880889044,607.9645222414271,1.8551455046836318,1.0,0.0,0.0,299.99957748946235
a1,21.406053481427485,139.17125694725559,575.5917732186548,1.8551455046836318,1.0,0.0,0.0,299.99957748946235
a1,203.09658556349885,43.51235892179919,385.33530728149776,4.814558103857841,1.0,0.0,0.0,1961.9466597233059
a1,231.8831076516489,346.1699687535989,430.75296072812176,1.8551455046836318,1.0,0.0,0.0,299.99957748946235
a1,111.37311727282365,2.746496551055063,492.5365411649505,1.8551455046836318,1.0,0.0,0.0,299.99957748946235
a1,391.37430249361057,158.26493441880748,24.065293525155695,1.8551455046836318,1.0,0.0,0.0,299.99957748946235
a1,127.72850719600203,2.4056965784833797,332.01337014395136,1.8551455046836318,1.0,0.0,0.0,299.99957748946235
a1,294.8987885413664,334.12709682137586,516.6878578969175,4.828555313613327,1.0,0.0,0.0,1973.3710512062994
a1,54.242159716976325,79.25490421166717,99.90352646832869,1.8551455046836318,1.0,0.0,0.0,299.99957748946235
a1,73.55270703503312,300.60210636384,143.8683779875151,1.8551455046836318,1.0,0.0,0.0,299.99957748946235
a1,169.9657401658416,2.756621597654885e-14,353.1545374856482,1.8551455046836318,1.0,0.0,0.0,299.99957748946235
a1,95.37435998787953,246.39026826238114,653.1971999999998,1.8551455046836318,1.0,0.0,0.0,299.99957748946235
a1,110.2419254935395,282.5397105126646,0.6990775036563713,1.8551455046836318,1.0,0.0,0.0,299.99957748946235
a1,230.30535868988596,343.7098970575409,52.6403457745259,1.8551455046836318,1.0,0.0,0.0,299.99957748946235
a1,181.0873567834723,2.756621597654885e-14,485.50629148332376,1.8551455046836318,1.0,0.0,0.0,299.99957748946235
a1,308.8142570775155,18.119177501625863,278.9915387621297,1.8551455046836318,1.0,0.0,0.0,299.99957748946235
a1,333.41847767864823,269.0626213892113,653.1971999999998,1.8551455046836318,1.0,0.0,0.0,299.99957748946235
a1,4.862982943431177,181.62801428402872,297.51691536372493,1.8551455046836318,1.0,0.0,0.0,299.99957748946235
a1,182.3656194673013,57.362442965434674,653.1971999999998,1.8551455046836318,1.0,0.0,0.0,299.99957748946235
a1,318.35746973671735,33.50107833417498,195.07423188148576,1.8551455046836318,1.0,0.0,0.0,299.99957748946235
a1,309.49948924006395,16.453598009090197,222.9309487704766,1.8551455046836318,1.0,0.0,0.0,299.99957748946235
a1,243.85243733686013,346.41016149999984,21.825698221706148,1.8551455046836318,1.0,0.0,0.0,299.99957748946235
a1,44.6136303938243,95.93200620087005,203.57525731259568,1.8551455046836318,1.0,0.0,0.0,299.99957748946235
a1,379.87020638529475,208.07090603515843,375.01738792484167,1.8551455046836318,1.0,0.0,0.0,299.99957748946235
a1,62.88817097296227,228.63332623353637,0.0,1.8551455046836318,1.0,0.0,0.0,299.99957748946235
a1,280.4098761753608,0.0,236.10187059640384,1.8551455046836318,1.0,0.0,0.0,299.99957748946235
a1,152.99432956476278,343.7006596316854,488.06221666905174,1.8551455046836318,1.0,0.0,0.0,299.99957748946235
a1,339.3032954161495,278.3348569370471,414.2570151814215,1.8551455046836318,1.0,0.0,0.0,299.99957748946235
a1,329.62986061628914,143.24080544130544,651.5319867385041,1.8551455046836318,1.0,0.0,0.0,299.99957748946235
a1,28.485940134156866,222.5441763617631,69.24084184990815,1.8551455046836318,1.0,0.0,0.0,299.99957748946235
a1,215.92039917120167,137.48037539204074,653.1971999999998,1.8551455046836318,1.0,0.0,0.0,299.99957748946235
a1,152.4887681127727,263.9302105097865,651.0710025546521,1.8551455046836318,1.0,0.0,0.0,299.99957748946235
a1,215.57354463663856,136.66943587026566,651.07275388201,1.8551455046836318,1.0,0.0,0.0,299.99957748946235
a1,38.1850877571676,237.14811868621865,31.8897906147485,1.8551455046836318,1.0,0.0,0.0,299.99957748946235
a1,79.57268386522026,266.11560941178277,614.366757260613,4.807462512686877,1.0,0.0,0.0,1956.167972360303
a1,69.15602787516221,292.98683467466714,402.36205407110845,1.8551455046836318,1.0,0.0,0.0,299.99957748946235
a1,86.52886840353975,285.6277080522275,0.4794831622781262,1.8551455046836318,1.0,0.0,0.0,299.99957748946235
a1,264.72391978796156,51.2805380535545,653.1971999999998,1.8551455046836318,1.0,0.0,0.0,299.99957748946235
a1,9.78163906952014,190.14737659903588,540.6149378294098,1.8551455046836318,1.0,0.0,0.0,299.99957748946235
a1,48.215496769841586,256.7167708642178,91.9937884671469,1.8551455046836318,1.0,0.0,0.0,299.99957748946235
a1,24.769851528712366,130.30243940803868,215.99593866832947,1.8551455046836318,1.0,0.0,0.0,299.99957748946235
a1,385.4910126252478,148.07477745155288,182.76665794108598,1.8551455046836318,1.0,0.0,0.0,299.99957748946235
a1,48.760816926816595,257.66129308245235,264.5653458098977,1.8551455046836318,1.0,0.0,0.0,299.99957748946235
a1,51.03274347110759,90.37458390223775,177.0187899594208,1.8551455046836318,1.0,0.0,0.0,299.99957748946235
a1,332.4947558890602,58.54002753195198,258.652899478109,1.8551455046836318,1.0,0.0,0.0,299.99957748946235
a1,71.90331818745155,69.36985868978071,118.21109192880212,4.818663093650478,1.0,0.0,0.0,1965.293676933289
a1,71.08739015066693,51.49870521091021,521.8363794899873,1.8551455046836318,1.0,0.0,0.0,299.99957748946235
a1,339.8248619438482,68.97868428841804,586.6862769597867,1.8551455046836318,1.0,0.0,0.0,299.99957748946235
a1,291.2352707040951,345.85488099800693,254.1773030264951,1.8551455046836318,1.0,0.0,0.0,299.99957748946235
a1,17.192365026513993,200.25991994602157,616.5207602200252,1.8551455046836318,1.0,0.0,0.0,299.99957748946235
a1,69.60788685712531,85.00449266301301,2.6195378697168015,1.8551455046836318,1.0,0.0,0.0,299.99957748946235
a1,4.8765980075936275,181.65159626690547,568.7320448275864,1.8551455046836318,1.0,0.0,0.0,299.99957748946235
a1,130.95090280247948,3.0755741080404166,19.686547324326416,1.8551455046836318,1.0,0.0,0.0,299.99957748946235
a1,383.7314240065908,145.02708056374064,56.38872711404076,1.8551455046836318,1.0,0.0,0.0,299.99957748946235
a1,372.5198794026064,218.48400459715523,613.6434084778926,1.8551455046836318,1.0,0.0,0.0,299.99957748946235
a1,19.71459441223209,207.3517599212416,483.6760586440402,1.8551455046836318,1.0,0.0,0.0,299.99957748946235
a1,316.53932637096625,32.93827737988727,461.0557896322131,1.8551455046836318,1.0,0.0,0.0,299.99957748946235
a1,262.0323037824072,0.5452471560751896,391.0099720982471,1.8551455046836318,1.0,0.0,0.0,299.99957748946235
a1,179.9713411565364,256.61796346358784,653.1971999999998,1.8551455046836318,1.0,0.0,0.0,299.99957748946235
a1,151.4995337422154,346.4101615000001,362.54336821972424,1.8551455046836318,1.0,0.0,0.0,299.99957748946235
a1,258.19304206761046,0.0,60.138231210501516,1.8551455046836318,1.0,0.0,0.0,299.99957748946235
a1,369.7027923289424,121.08108347600778,323.56190270517305,1.8551455046836318,1.0,0.0,0.0,299.99957748946235
a1,92.8566178036585,331.23063634585213,313.646197175911,1.8551455046836318,1.0,0.0,0.0,299.99957748946235
a1,142.37415096625534,346.4101615000001,149.98406610961734,1.8551455046836318,1.0,0.0,0.0,299.99957748946235
a1,282.8266010602131,344.540546332996,588.0133657631221,1.8551455046836318,1.0,0.0,0.0,299.99957748946235
a1,59.18360246553504,270.48430948895145,55.34699648125869,1.8551455046836318,1.0,0.0,0.0,299.99957748946235
a1,384.46363439932463,200.11485533426503,103.29506780771294,1.8551455046836318,1.0,0.0,0.0,299.99957748946235
a1,351.63708066011844,95.06404502231673,76.93776592665222,1.8551455046836318,1.0,0.0,0.0,299.99957748946235
a1,235.05918023609337,344.3327150241567,305.0831721740645,1.8551455046836318,1.0,0.0,0.0,299.99957748946235
a1,95.12340199240623,8.44651551690552,129.51323793103458,1.8551455046836318,1.0,0.0,0.0,299.99957748946235
a1,66.66128384607546,111.10964881024678,653.1971999999998,1.8551455046836318,1.0,0.0,0.0,299.99957748946235
a1,273.1123203181106,346.41016149999984,35.9587929223611,1.8551455046836318,1.0,0.0,0.0,299.99957748946235
a1,99.15733487403931,306.71535385282215,0.5577559390934174,1.8551455046836318,1.0,0.0,0.0,299.99957748946235
a1,128.8011152682877,206.1839253292677,0.0,1.8551455046836318,1.0,0.0,0.0,299.99957748946235
a1,339.8248619440477,277.4314772112366,586.6862769599114,1.8551455046836318,1.0,0.0,0.0,299.99957748946235
a1,72.62283603646978,62.81779142012867,0.26990289053157634,1.8551455046836318,1.0,0.0,0.0,299.99957748946235
a1,4.857734116919889,181.61892304983138,342.80998001113556,1.8551455046836318,1.0,0.0,0.0,299.99957748946235
a1,228.37631925528586,58.412899128309306,0.0,1.8551455046836318,1.0,0.0,0.0,299.99957748946235
a1,355.681700978037,249.19949855526377,501.1188506406312,1.8551455046836318,1.0,0.0,0.0,299.99957748946235
a1,191.6753108540099,343.5152879964425,411.1764208105038,1.8551455046836318,1.0,0.0,0.0,299.99957748946235
a1,250.7518913630544,55.727877531785936,0.2759836844335998,1.8551455046836318,1.0,0.0,0.0,299.99957748946235
a1,383.8929481030888,197.29982645187627,467.8591543661257,1.8551455046836318,1.0,0.0,0.0,299.99957748946235
a1,241.57855817503525,346.41016149999984,368.37133384008484,1.8551455046836318,1.0,0.0,0.0,299.99957748946235
a1,343.85328255215074,270.4540480440219,281.8872748477673,1.8551455046836318,1.0,0.0,0.0,299.99957748946235
a1,250.04823400923402,0.0,364.2528025544129,1.8551455046836318,1.0,0.0,0.0,299.99957748946235
a1,347.96452179047066,85.29336545276848,49.06745161762012,1.8551455046836318,1.0,0.0,0.0,299.99957748946235
a1,177.1314645196004,326.9409800508349,0.0,1.8551455046836318,1.0,0.0,0.0,299.99957748946235
a1,109.85837847333265,2.756621597654885e-14,94.37246913013792,1.8551455046836318,1.0,0.0,0.0,299.99957748946235
a1,91.52226429903347,325.8691051012914,202.32118267591017,1.8551455046836318,1.0,0.0,0.0,299.99957748946235
a1,329.0135200036615,296.157270749241,287.833611108377,1.8551455046836318,1.0,0.0,0.0,299.99957748946235
a1,349.6129788751654,259.9129857003687,228.17359045020922,1.8551455046836318,1.0,0.0,0.0,299.99957748946235
a1,249.71953855010835,0.0,318.2362968615263,1.8551455046836318,1.0,0.0,0.0,299.99957748946235
a1,188.4122236448107,9.775397589163115,212.28732774996647,4.818787293491865,1.0,0.0,0.0,1965.3949881492326
a1,98.63687040812543,66.43492603157448,653.1971999999998,1.8551455046836318,1.0,0.0,0.0,299.99957748946235
a1,22.18478605728206,139.79815387077673,212.41766154590724,1.8551455046836318,1.0,0.0,0.0,299.99957748946235
a1,94.02400056796525,29.870276697751798,333.4891228087817,4.813767897002408,1.0,0.0,0.0,1961.3026893155677
a1,330.40747210969107,127.25983942603673,461.1037684708175,4.812809943456914,1.0,0.0,0.0,1960.5221573255492
a1,69.2876755052353,53.1953064413591,139.977224420048,1.8551455046836318,1.0,0.0,0.0,299.99957748946235
a1,323.33555794936376,305.9917895103418,97.9273728868245,1.8551455046836318,1.0,0.0,0.0,299.99957748946235
a1,222.45696102558605,309.7640058922036,15.75128537993256,4.808989730753203,1.0,0.0,0.0,1957.411027127271
a1,387.63740897653963,151.89507106914655,8.37231918102288,1.8551455046836318,1.0,0.0,0.0,299.99957748946235
a1,230.80062941808512,39.31244499012526,651.0502496491581,1.8551455046836318,1.0,0.0,0.0,299.99957748946235
a1,183.54435485141718,1.0049757865874278,507.25085499249286,1.8551455046836318,1.0,0.0,0.0,299.99957748946235
a1,375.94186551403834,208.4687623884506,231.10671378697995,1.8551455046836318,1.0,0.0,0.0,299.99957748946235
a1,73.61419551183141,225.48760728170768,652.6667723930664,1.8551455046836318,1.0,0.0,0.0,299.99957748946235
a1,231.08858165069742,8.222249435713447,64.72438960489,4.814290846430219,1.0,0.0,0.0,1961.7288493852277
a1,242.89554983106902,346.41016149999984,92.25046669109688,1.8551455046836318,1.0,0.0,0.0,299.99957748946235
a1,187.18087062525757,198.3769184627143,420.48238228927215,4.826786869833395,1.0,0.0,0.0,1971.9258335497495
a1,228.8914049811103,235.49307491603614,651.926208713106,1.8551455046836318,1.0,0.0,0.0,299.99957748946235
a1,192.247942964873,344.08047718889895,282.2607534030222,1.8551455046836318,1.0,0.0,0.0,299.99957748946235
a1,240.6186626932932,346.41016149999984,529.4217786012849,1.8551455046836318,1.0,0.0,0.0,299.99957748946235
a1,9.753196015187257,190.09811178381094,574.3630551724141,1.8551455046836318,1.0,0.0,0.0,299.99957748946235
a1,96.44323566800044,335.77699105538056,239.00492382236467,1.8551455046836318,1.0,0.0,0.0,299.99957748946235
a1,363.6299230984842,236.19990181610774,235.6081364035479,1.8551455046836318,1.0,0.0,0.0,299.99957748946235
a1,304.87659800759354,8.446515516905137,546.2080034482756,1.8551455046836318,1.0,0.0,0.0,299.99957748946235
a1,290.9737216435277,345.7757349483001,141.3584489779877,1.8551455046836318,1.0,0.0,0.0,299.99957748946235
a1,186.90175983670414,1.6328330621391387,133.9975734957221,1.8551455046836318,1.0,0.0,0.0,299.99957748946235
a1,199.69219699341502,248.86044209272902,245.5301693759656,4.822556089725095,1.0,0.0,0.0,1968.470479707321
a1,218.16106045177648,0.0,37.995941171242045,1.8551455046836318,1.0,0.0,0.0,299.99957748946235
a1,123.64761101382727,156.30029205217204,653.1971999999998,1.8551455046836318,1.0,0.0,0.0,299.99957748946235
a1,379.0383577136619,136.89845130142186,346.3554964573407,1.8551455046836318,1.0,0.0,0.0,299.99957748946235
a1,34.697391712516215,113.1074354161925,203.7035440186578,1.8551455046836318,1.0,0.0,0.0,299.99957748946235
a1,29.740035592296184,224.71633341271536,540.9321143539112,1.8551455046836318,1.0,0.0,0.0,299.99957748946235
a1,348.36180168626,259.3307671701863,205.81644593309758,1.8551455046836318,1.0,0.0,0.0,299.99957748946235
a1,152.49324455312404,346.4101615000001,133.23713685859985,1.8551455046836318,1.0,0.0,0.0,299.99957748946235
a1,383.18448848682556,198.9008700885076,499.1743436644839,1.8551455046836318,1.0,0.0,0.0,299.99957748946235
a1,112.08159462632972,0.34247290724160107,318.65877775795946,1.8551455046836318,1.0,0.0,0.0,299.99957748946235
a1,130.8225936276655,346.4101615000001,167.01043467208967,1.8551455046836318,1.0,0.0,0.0,299.99957748946235
a1,26.19178461688979,130.66684706666857,535.1580138724642,1.8551455046836318,1.0,0.0,0.0,299.99957748946235
a1,72.85427023148773,299.3914745065417,189.73046864128943,1.8551455046836318,1.0,0.0,0.0,299.99957748946235
a1,230.12349458684741,1.5679530117949303,90.99078737289777,1.8551455046836318,1.0,0.0,0.0,299.99957748946235
a1,348.8171416061951,258.0524116585675,492.53139797582116,1.8551455046836318,1.0,0.0,0.0,299.99957748946235
a1,388.9769313550571,189.95644793561445,1.2902076134520957,1.8551455046836318,1.0,0.0,0.0,299.99957748946235
a1,280.4661272198296,0.0,507.1971310989031,1.8551455046836318,1.0,0.0,0.0,299.99957748946235
a1,336.06752578150224,168.96953910678283,0.0,1.8551455046836318,1.0,0.0,0.0,299.99957748946235
a1,70.74945476938463,288.941817228618,124.02768255653208,1.8551455046836318,1.0,0.0,0.0,299.99957748946235
a1,321.3852357124977,308.29336046663326,100.99087054328952,1.8551455046836318,1.0,0.0,0.0,299.99957748946235
a1,30.654609558311254,120.10973951092976,508.644761437684,1.8551455046836318,1.0,0.0,0.0,299.99957748946235
a1,350.670461976597,92.59100850285124,645.3807706707871,1.8551455046836318,1.0,0.0,0.0,299.99957748946235
a1,230.18861719899883,344.76931712085985,317.33144259481116,1.8551455046836318,1.0,0.0,0.0,299.99957748946235
a1,100.00000000000003,346.4101615000001,22.52404137931037,1.8551455046836318,1.0,0.0,0.0,299.99957748946235
a1,205.82266945197972,0.0,617.4925008010251,1.8551455046836318,1.0,0.0,0.0,299.99957748946235
a1,320.25586116487443,35.08418068722861,599.7446819112508,1.8551455046836318,1.0,0.0,0.0,299.99957748946235
a1,324.56465744961383,42.54723477156465,420.3932315268432,1.8551455046836318,1.0,0.0,0.0,299.99957748946235
a1,316.98925577803135,258.60946304523753,653.1971999999998,1.8551455046836318,1.0,0.0,0.0,299.99957748946235
a1,289.5291139100661,0.08095471984124149,174.6004561654066,1.8551455046836318,1.0,0.0,0.0,299.99957748946235
a1,70.26304850689287,217.04004917191955,116.38554099414716,4.811018379007547,1.0,0.0,0.0,1959.0628235491426
a1,63.311377870575164,282.86009863968405,131.74842673281793,1.8551455046836318,1.0,0.0,0.0,299.99957748946235
a1,118.6331819222714,2.6702375264658142,611.0902591213555,1.8551455046836318,1.0,0.0,0.0,299.99957748946235
a1,352.36366681539374,217.24932110545143,652.4604582221187,1.8551455046836318,1.0,0.0,0.0,299.99957748946235
a1,304.8248154401449,338.05333602085847,207.03446591149086,1.8551455046836318,1.0,0.0,0.0,299.99957748946235
a1,64.52559484042594,61.44347210222232,203.31765544358183,1.8551455046836318,1.0,0.0,0.0,299.99957748946235
a1,64.30928191997671,77.9484852649593,322.3742229860837,4.819837417034826,1.0,0.0,0.0,1966.2516901818378
a1,382.2730373863047,148.2325987289159,205.63019364346033,1.8551455046836318,1.0,0.0,0.0,299.99957748946235
a1,45.58065617905054,94.25706840869562,502.69891411896464,1.8551455046836318,1.0,0.0,0.0,299.99957748946235
a1,84.57980994175941,319.7016088578208,46.41245355895429,1.8551455046836318,1.0,0.0,0.0,299.99957748946235
a1,99.9999999999999,2.756621597654885e-14,135.14424827586214,1.8551455046836318,1.0,0.0,0.0,299.99957748946235
a1,218.14155634707217,3.174420487133345,125.7355331323999,1.8551455046836318,1.0,0.0,0.0,299.99957748946235
a1,292.30309423954253,6.420967259204694,0.20162500464738478,1.8551455046836318,1.0,0.0,0.0,299.99957748946235
a1,45.69277052590633,94.06288066369167,537.213280393909,1.8551455046836318,1.0,0.0,0.0,299.99957748946235
a1,106.7765315051083,1.0975893562133079,160.5258669765597,1.8551455046836318,1.0,0.0,0.0,299.99957748946235
a1,15.23894843207525,194.53271776414306,634.8292834805579,1.8551455046836318,1.0,0.0,0.0,299.99957748946235
a1,199.9352433326656,248.678105017066,652.2170466591981,1.8551455046836318,1.0,0.0,0.0,299.99957748946235
a1,119.18283974968345,86.7575054490835,653.1971999999998,1.8551455046836318,1.0,0.0,0.0,299.99957748946235
a1,202.9365392732268,1.4831085223673104,333.62112773947507,1.8551455046836318,1.0,0.0,0.0,299.99957748946235
a1,309.94843999924507,91.28648642342746,0.0,1.8551455046836318,1.0,0.0,0.0,299.99957748946235
a1,241.25465329375785,346.41016149999984,391.3945484154991,1.8551455046836318,1.0,0.0,0.0,299.99957748946235
a1,337.7649696091473,280.0305239330308,370.8626431594777,1.8551455046836318,1.0,0.0,0.0,299.99957748946235
a1,92.05582418474025,330.2100991634492,516.9630510488678,1.8551455046836318,1.0,0.0,0.0,299.99957748946235
a1,344.42690364686274,211.36430099838057,1.0104721283593585,1.8551455046836318,1.0,0.0,0.0,299.99957748946235
a1,391.89026656649025,181.93112829508098,515.3318898797021,1.8551455046836318,1.0,0.0,0.0,299.99957748946235
a1,195.56704316662754,55.499949924559594,51.531309465813166,4.808488874500869,1.0,0.0,0.0,1957.0033196656855
a1,97.56267571664911,286.4798565982971,0.0,1.8551455046836318,1.0,0.0,0.0,299.99957748946235
a1,377.9930923753049,211.32216287193123,57.08934566066374,1.8551455046836318,1.0,0.0,0.0,299.99957748946235
a1,220.83447443136242,207.28967378312802,0.0,1.8551455046836318,1.0,0.0,0.0,299.99957748946235
a1,30.08344742878196,121.09902133859443,336.1217869766759,1.8551455046836318,1.0,0.0,0.0,299.99957748946235
a1,34.02928398332706,232.14552955196845,293.5207694452188,1.8551455046836318,1.0,0.0,0.0,299.99957748946235
a1,253.78467756950002,3.0783547009384704,502.47679140274283,1.8551455046836318,1.0,0.0,0.0,299.99957748946235
a1,362.05766290611587,201.29841027274887,0.0,1.8551455046836318,1.0,0.0,0.0,299.99957748946235
a1,280.45545014457394,0.0,315.1994842222528,1.8551455046836318,1.0,0.0,0.0,299.99957748946235
a1,79.13117847829551,36.145859168241586,116.8393972232965,1.8551455046836318,1.0,0.0,0.0,299.99957748946235
a1,28.443043864591267,222.46987784342323,57.35541032942232,1.8551455046836318,1.0,0.0,0.0,299.99957748946235
a1,342.8696752644475,77.96049091135264,279.18424833732223,1.8551455046836318,1.0,0.0,0.0,299.99957748946235
a1,291.79175385121965,337.70124510972465,430.8993716202011,4.823390867158622,1.0,0.0,0.0,1969.1520174334635
a1,328.4076911943161,297.20659702767443,115.26284362588208,1.8551455046836318,1.0,0.0,0.0,299.99957748946235
a1,190.58521638586672,346.4101615000001,624.7627892825341,1.8551455046836318,1.0,0.0,0.0,299.99957748946235
a1,87.1459969893083,324.1463752057239,73.4322716176516,1.8551455046836318,1.0,0.0,0.0,299.99957748946235
a1,334.00162889096697,287.51761272308545,293.52112038305665,1.8551455046836318,1.0,0.0,0.0,299.99957748946235
a1,228.2292025326787,1.4215949459216337,147.06946999400768,1.8551455046836318,1.0,0.0,0.0,299.99957748946235
a1,109.75319601518727,346.4101615000001,287.1815275862069,1.8551455046836318,1.0,0.0,0.0,299.99957748946235
a1,398.8187465945405,173.48135698694986,574.6669195930045,1.8551455046836318,1.0,0.0,0.0,299.99957748946235
a1,385.4663986381309,196.74177068480245,191.82415044504455,1.8551455046836318,1.0,0.0,0.0,299.99957748946235
a1,383.4374537230988,201.8922524031628,635.1139527215469,1.8551455046836318,1.0,0.0,0.0,299.99957748946235
a1,374.45864725491094,217.44400139677364,604.6931022551571,1.8551455046836318,1.0,0.0,0.0,299.99957748946235
a1,24.886502068633373,213.3564575715339,422.38257394429735,1.8551455046836318,1.0,0.0,0.0,299.99957748946235
a1,304.9050410619267,337.91438116786935,523.7219067949272,1.8551455046836318,1.0,0.0,0.0,299.99957748946235
a1,221.57168247032578,343.9624259616984,100.58001717330987,1.8551455046836318,1.0,0.0,0.0,299.99957748946235
a1,45.69171459525144,250.6934703822474,72.20334997424085,1.8551455046836318,1.0,0.0,0.0,299.99957748946235
a1,74.83415068281981,299.493487222933,238.22000094587375,1.8551455046836318,1.0,0.0,0.0,299.99957748946235
a1,205.15621453832458,1.3783107988274425e-14,11.082059652978243,1.8551455046836318,1.0,0.0,0.0,299.99957748946235
a1,174.7764644200341,2.756621597654885e-14,615.9098413498975,1.8551455046836318,1.0,0.0,0.0,299.99957748946235
a1,199.71498956028486,2.756621597654885e-14,312.80719028380446,1.8551455046836318,1.0,0.0,0.0,299.99957748946235
a1,195.53180959972858,55.856031827724934,1.2267763247275882,1.8551455046836318,1.0,0.0,0.0,299.99957748946235
a1,141.44080578280068,346.4101615000001,391.05747630104827,1.8551455046836318,1.0,0.0,0.0,299.99957748946235
a1,162.63770935990215,0.5211246636635379,349.0410950497481,1.8551455046836318,1.0,0.0,0.0,299.99957748946235
a1,366.9832715911878,120.06228168622644,193.0243145747846,1.8551455046836318,1.0,0.0,0.0,299.99957748946235
a1,248.38554555446137,198.7866980045362,2.383116428474126,1.8551455046836318,1.0,0.0,0.0,299.99957748946235
a1,270.1793337511604,0.0,353.68236989732304,1.8551455046836318,1.0,0.0,0.0,299.99957748946235
a1,144.68687983122305,344.9695994539919,622.5673041613067,1.8551455046836318,1.0,0.0,0.0,299.99957748946235
a1,345.75749718478863,132.13680538753832,653.1971999999998,1.8551455046836318,1.0,0.0,0.0,299.99957748946235
a1,53.513567560769026,184.05491082508456,653.1971999999998,1.8551455046836318,1.0,0.0,0.0,299.99957748946235
a1,342.4321534706807,270.2267192527401,227.29015341228114,1.8551455046836318,1.0,0.0,0.0,299.99957748946235
a1,342.6291414625029,269.0337301364105,191.9701448993234,1.8551455046836318,1.0,0.0,0.0,299.99957748946235
a1,221.77072033114055,331.6298359579368,596.3673575323444,4.81015252956771,1.0,0.0,0.0,1958.3577334099887
a1,226.31562824369257,106.21182763984189,520.9290459610831,4.820648541523058,1.0,0.0,0.0,1966.9135420069886
a1,5.037119928678226,164.48053311005856,422.3249155394541,1.8551455046836318,1.0,0.0,0.0,299.99957748946235
a1,43.49639004925105,248.54303825814026,166.8394830553109,1.8551455046836318,1.0,0.0,0.0,299.99957748946235
a1,36.137437155905644,114.20051503462587,113.02095354395713,1.8551455046836318,1.0,0.0,0.0,299.99957748946235
a1,241.64745017189898,2.309144581044669,349.3409933748777,1.8551455046836318,1.0,0.0,0.0,299.99957748946235
a1,307.2872603591529,331.73830912017036,90.34525384083777,1.8551455046836318,1.0,0.0,0.0,299.99957748946235
a1,86.29757848063183,28.301006560030412,170.81768339210632,1.8551455046836318,1.0,0.0,0.0,299.99957748946235
a1,182.74110808406013,346.4101615000001,229.92078864382205,1.8551455046836318,1.0,0.0,0.0,299.99957748946235
a1,334.5203040559071,286.619240984821,466.09353945796244,1.8551455046836318,1.0,0.0,0.0,299.99957748946235
a1,302.6856381851701,179.72328392137518,607.0927202825106,4.809470308596026,1.0,0.0,0.0,1957.8022674603212
a1,119.5063920303746,346.4101615000001,292.8125379310345,1.8551455046836318,1.0,0.0,0.0,299.99957748946235
a1,268.9642780339615,0.36782365711128484,477.4734674343567,1.8551455046836318,1.0,0.0,0.0,299.99957748946235
a1,301.7739592284161,7.624797864953276,321.30331104134024,1.8551455046836318,1.0,0.0,0.0,299.99957748946235
a1,75.74742093261409,128.10004283819754,652.7225325703887,1.8551455046836318,1.0,0.0,0.0,299.99957748946235
a1,81.01782858605884,313.2917592439854,422.54778987186575,1.8551455046836318,1.0,0.0,0.0,299.99957748946235
a1,222.71155779566254,346.41016149999984,207.17117943986187,1.8551455046836318,1.0,0.0,0.0,299.99957748946235
a1,209.5697344966063,187.2257459069976,0.0,1.8551455046836318,1.0,0.0,0.0,299.99957748946235
a1,59.11752897627909,275.5996445507688,379.4826031333221,1.8551455046836318,1.0,0.0,0.0,299.99957748946235
a1,334.9160055057358,61.92089225265237,582.1744894008674,1.8551455046836318,1.0,0.0,0.0,299.99957748946235
a1,303.14440364460086,336.4150245806238,230.33485410020603,1.8551455046836318,1.0,0.0,0.0,299.99957748946235
a1,22.720957778957505,140.7669897478478,483.13678615771767,1.8551455046836318,1.0,0.0,0.0,299.99957748946235
a1,6.4294385396345515,180.2080598651916,476.9700841859271,1.8551455046836318,1.0,0.0,0.0,299.99957748946235
a1,369.36628798941973,132.5691114695327,646.457547126467,4.916296403217504,1.0,0.0,0.0,2045.740054219495
a1,342.39557733579267,76.4624201687875,579.722018377445,1.8551455046836318,1.0,0.0,0.0,299.99957748946235
a1,309.36732217324754,330.1854835657139,234.47951123948985,1.8551455046836318,1.0,0.0,0.0,299.99957748946235
a1,238.44227924479148,0.3595258236205604,187.57102244863876,1.8551455046836318,1.0,0.0,0.0,299.99957748946235
a1,392.0411098392955,184.07599642711807,502.42613435068307,1.8551455046836318,1.0,0.0,0.0,299.99957748946235
a1,84.59367533382951,319.72562442135217,477.35905894707855,1.8551455046836318,1.0,0.0,0.0,299.99957748946235
a1,40.244763956365155,103.49910484173081,393.46704882929725,1.8551455046836318,1.0,0.0,0.0,299.99957748946235
a1,10.638719695700267,189.06879236024784,481.57060965454446,1.8551455046836318,1.0,0.0,0.0,299.99957748946235
a1,317.3052693956826,75.25559360348227,626.8820893849243,4.809452534984013,1.0,0.0,0.0,1957.787797195875
a1,249.82266629784388,7.763299299308286,653.1971999999998,1.8551455046836318,1.0,0.0,0.0,299.99957748946235
a1,146.59710865577165,334.8761863122258,571.437596247484,4.811516579492024,1.0,0.0,0.0,1959.4685823742464
a1,295.3044584048123,64.28610982377444,0.9272937748791742,1.8551455046836318,1.0,0.0,0.0,299.99957748946235
a1,207.79613532201168,2.5772555065698364,55.19014640721046,1.8551455046836318,1.0,0.0,0.0,299.99957748946235
a1,209.79053381428756,149.90566724844672,3.16968976394727,1.8551455046836318,1.0,0.0,0.0,299.99957748946235
a1,256.54414068451854,108.07549369090785,0.0,1.8551455046836318,1.0,0.0,0.0,299.99957748946235
a1,332.72100358376156,252.26106212035089,0.4344914546375836,1.8551455046836318,1.0,0.0,0.0,299.99957748946235
a1,191.78843583140315,139.33053428807014,652.6826906230655,1.8551455046836318,1.0,0.0,0.0,299.99957748946235
a1,334.74124564527693,61.14953333169971,19.747742253924745,1.8551455046836318,1.0,0.0,0.0,299.99957748946235
a1,314.7465516618094,320.8683847863226,466.772616023583,1.8551455046836318,1.0,0.0,0.0,299.99957748946235
a1,59.12894315828558,70.79074700606981,71.07720421466894,1.8551455046836318,1.0,0.0,0.0,299.99957748946235
a1,329.6504512125648,295.05407353453796,506.4334357217345,1.8551455046836318,1.0,0.0,0.0,299.99957748946235
a1,15.454570899820263,147.44536373265294,446.35703835664214,1.8551455046836318,1.0,0.0,0.0,299.99957748946235
a1,348.29058666760005,262.7684118677345,115.00329837272669,1.8551455046836318,1.0,0.0,0.0,299.99957748946235
a1,294.6082651720944,295.25193776168555,651.7331577578949,1.8551455046836318,1.0,0.0,0.0,299.99957748946235
a1,97.7920812471494,5.716315108182377,27.62123465667925,1.8551455046836318,1.0,0.0,0.0,299.99957748946235
a1,160.8895389280841,346.4101615000001,9.83659223032467,1.8551455046836318,1.0,0.0,0.0,299.99957748946235
a1,125.13852358362945,335.44473213380496,153.18225882692417,4.818161599733761,1.0,0.0,0.0,1964.8846292293972
a1,49.5292801708707,258.99231046485033,494.6602460616274,1.8551455046836318,1.0,0.0,0.0,299.99957748946235
a1,47.95154520436908,91.18254562024394,615.1157592452245,1.8551455046836318,1.0,0.0,0.0,299.99957748946235
a1,368.58282428158356,118.78893617754706,184.1314913501107,1.8551455046836318,1.0,0.0,0.0,299.99957748946235
a1,227.53200764051064,145.16751409353228,229.32603373881258,4.826023175948083,1.0,0.0,0.0,1971.3018869755547
a1,373.93367216307956,218.35328492849789,190.71829389929198,1.8551455046836318,1.0,0.0,0.0,299.99957748946235
a1,342.76319273798435,75.23458394675205,295.03639330458117,1.8551455046836318,1.0,0.0,0.0,299.99957748946235
a1,128.17644732010012,344.7746827978055,534.637941783843,1.8551455046836318,1.0,0.0,0.0,299.99957748946235
a1,333.38338326200954,288.58844556395474,86.43477982827247,1.8551455046836318,1.0,0.0,0.0,299.99957748946235
a1,0.0,173.20508075000004,202.7163724137932,1.8551455046836318,1.0,0.0,0.0,299.99957748946235
a1,377.20298891493843,136.37739359320912,435.82281109078946,1.8551455046836318,1.0,0.0,0.0,299.99957748946235
a1,349.9920104159925,258.36341238143604,484.84656434223,1.8551455046836318,1.0,0.0,0.0,299.99957748946235
a1,70.72883543829938,54.67457169372902,81.2122343125117,1.8551455046836318,1.0,0.0,0.0,299.99957748946235
a1,83.66647538168046,313.15223798151885,622.5839705787537,1.8551455046836318,1.0,0.0,0.0,299.99957748946235
a1,274.6097603428735,215.97522696074324,35.89610173092002,4.809651589704965,1.0,0.0,0.0,1957.9498592873329
a1,278.5884300173142,188.05155161347696,0.0,1.8551455046836318,1.0,0.0,0.0,299.99957748946235
a1,67.93206050183511,289.94248705437514,136.1618546424643,1.8551455046836318,1.0,0.0,0.0,299.99957748946235
a1,316.56646835739707,31.368310629739447,206.13963058903394,1.8551455046836318,1.0,0.0,0.0,299.99957748946235
a1,290.1222077735723,0.0,61.59001177523442,1.8551455046836318,1.0,0.0,0.0,299.99957748946235
a1,354.59597130585,94.56299618654427,304.44933071353313,1.8551455046836318,1.0,0.0,0.0,299.99957748946235
a1,31.52438946218579,223.68531838596863,185.06248602174202,1.8551455046836318,1.0,0.0,0.0,299.99957748946235
a1,94.41124973511057,336.7301620907823,251.74278470569587,1.8551455046836318,1.0,0.0,0.0,299.99957748946235
a1,322.46969190001636,191.76268145505546,55.85162654078959,4.808269018208183,1.0,0.0,0.0,1956.8243654579971
a1,130.65826597504528,346.4101615000001,341.4405641274844,1.8551455046836318,1.0,0.0,0.0,299.99957748946235
a1,151.3465789756523,345.3538880493004,581.470876431976,1.8551455046836318,1.0,0.0,0.0,299.99957748946235
a1,379.6509999495183,138.02072975374003,326.4363796264197,1.8551455046836318,1.0,0.0,0.0,299.99957748946235
a1,135.62412019131747,123.88283633313654,231.98563325459392,4.822217283169819,1.0,0.0,0.0,1968.1939013689778
a1,225.98873390749455,257.1623170587137,0.0,1.8551455046836318,1.0,0.0,0.0,299.99957748946235
a1,4.891630244442384,164.73252863512218,253.24970994802266,1.8551455046836318,1.0,0.0,0.0,299.99957748946235
a1,160.78901056254193,2.756621597654885e-14,428.1112935565396,1.8551455046836318,1.0,0.0,0.0,299.99957748946235
a1,87.25924382464333,25.47096946359391,282.5573157710143,1.8551455046836318,1.0,0.0,0.0,299.99957748946235
a1,220.28657885248288,343.38371718604026,297.71967756799006,1.8551455046836318,1.0,0.0,0.0,299.99957748946235
a1,31.64928079856163,123.00066438328199,96.23488444611354,1.8551455046836318,1.0,0.0,0.0,299.99957748946235
a1,229.58819649347538,41.549585919201625,651.928310806118,1.8551455046836318,1.0,0.0,0.0,299.99957748946235
a1,362.9918848567182,109.10514503202589,63.30010542532128,1.8551455046836318,1.0,0.0,0.0,299.99957748946235
a1,61.00560285794527,274.18082040518465,553.5350426080277,1.8551455046836318,1.0,0.0,0.0,299.99957748946235
a1,251.54023755874624,120.42949567428143,652.4764484457754,1.8551455046836318,1.0,0.0,0.0,299.99957748946235
a1,275.68712206045444,140.10850462882587,653.1606511533486,1.8551455046836318,1.0,0.0,0.0,299.99957748946235
a1,249.33013065448347,0.0,272.3854070270447,1.8551455046836318,1.0,0.0,0.0,299.99957748946235
a1,90.47590742009267,327.70665920672684,553.5594868286638,1.8551455046836318,1.0,0.0,0.0,299.99957748946235
a1,29.112929333687365,223.63015351110363,276.3270714910482,1.8551455046836318,1.0,0.0,0.0,299.99957748946235
a1,14.577127472718807,148.64078328587203,572.2554973559423,1.8551455046836318,1.0,0.0,0.0,299.99957748946235
a1,345.6533778392721,150.78810813914308,653.1971999999998,1.8551455046836318,1.0,0.0,0.0,299.99957748946235
a1,76.06682929448532,304.95669385347793,28.40499148722609,1.8551455046836318,1.0,0.0,0.0,299.99957748946235
a1,26.80786514228209,127.99243536753325,620.705562400647,1.8551455046836318,1.0,0.0,0.0,299.99957748946235
a1,202.7707977754112,1.656875388754091,407.0743697465652,1.8551455046836318,1.0,0.0,0.0,299.99957748946235
a1,280.36087371607096,346.41016149999984,506.7276898245467,1.8551455046836318,1.0,0.0,0.0,299.99957748946235
a1,390.3242747296367,189.90635817061215,449.71009236238734,1.8551455046836318,1.0,0.0,0.0,299.99957748946235
a1,188.54136246219588,2.756621597654885e-14,19.202449405793903,1.8551455046836318,1.0,0.0,0.0,299.99957748946235
a1,95.50827590504822,338.6302671542714,332.3375853740771,1.8551455046836318,1.0,0.0,0.0,299.99957748946235
a1,267.57181515734567,186.62146832314266,2.6057359236597644,1.8551455046836318,1.0,0.0,0.0,299.99957748946235
a1,393.9753629541861,181.81582960975894,299.0401180222185,1.8551455046836318,1.0,0.0,0.0,299.99957748946235
a1,15.266898934626031,146.76203612226007,456.69006729854715,1.8551455046836318,1.0,0.0,0.0,299.99957748946235
a1,44.791170941798526,250.78566454861263,569.4766560278754,1.8551455046836318,1.0,0.0,0.0,299.99957748946235
a1,173.26578136531103,346.4101615000001,155.07485182309233,1.8551455046836318,1.0,0.0,0.0,299.99957748946235
a1,107.82844854421727,2.756621597654885e-14,645.3638667773546,1.8551455046836318,1.0,0.0,0.0,299.99957748946235
a1,85.16486629255338,320.71495618264663,34.75024224160531,1.8551455046836318,1.0,0.0,0.0,299.99957748946235
a1,4.83754892422349,181.53200809500282,25.8852032944087,1.8551455046836318,1.0,0.0,0.0,299.99957748946235
a1,292.1052410920139,0.0,19.159098078436266,1.8551455046836318,1.0,0.0,0.0,299.99957748946235
a1,378.14351733488746,138.41002930684945,383.16543016264126,1.8551455046836318,1.0,0.0,0.0,299.99957748946235
a1,119.48023476395538,103.56896648422709,652.9642182918893,1.8551455046836318,1.0,0.0,0.0,299.99957748946235
a1,309.36732217324754,330.1854835657139,234.47951123948985,1.8551455046836318,1.0,0.0,0.0,299.99957748946235
a1,51.94427528988384,87.51047693244719,496.95994362362677,1.8551455046836318,1.0,0.0,0.0,299.99957748946235
a1,389.44663544936344,154.92611715822795,382.63866445904443,1.8551455046836318,1.0,0.0,0.0,299.99957748946235
a1,87.7049201732652,320.2857403331628,453.18124871121665,1.8551455046836318,1.0,0.0,0.0,299.99957748946235
a1,67.04166735114102,57.600630736507306,378.725934766746,1.8551455046836318,1.0,0.0,0.0,299.99957748946235
a1,77.99309298648676,308.29308043666697,57.08934584470821,1.8551455046836318,1.0,0.0,0.0,299.99957748946235
a1,76.26362823460954,135.3896158202888,246.67398374199664,4.813848188718142,1.0,0.0,0.0,1961.3681173439595
a1,92.28880279181965,23.75312745913588,628.0510009647722,4.824959753721652,1.0,0.0,0.0,1970.4332233986468
a1,109.75194194142537,2.756621597654885e-14,196.28242000504554,1.8551455046836318,1.0,0.0,0.0,299.99957748946235
a1,290.7276043272138,165.44157594482098,651.8191860363602,1.8551455046836318,1.0,0.0,0.0,299.99957748946235
a1,331.0890344745696,198.9650189560298,2.839947564901715,1.8551455046836318,1.0,0.0,0.0,299.99957748946235
a1,40.701098244384994,242.23017611272275,312.7013211816328,1.8551455046836318,1.0,0.0,0.0,299.99957748946235
a1,188.1332964385352,345.4633720848732,525.3574757915558,1.8551455046836318,1.0,0.0,0.0,299.99957748946235
a1,328.4931211730939,51.25371573622149,553.2264342636734,1.8551455046836318,1.0,0.0,0.0,299.99957748946235
a1,280.32921994108295,346.41016149999984,495.3445072322625,1.8551455046836318,1.0,0.0,0.0,299.99957748946235
a1,363.1793844119933,236.980257711854,97.55107696953004,1.8551455046836318,1.0,0.0,0.0,299.99957748946235
a1,162.06339057411844,346.4101615000001,344.83827892811405,1.8551455046836318,1.0,0.0,0.0,299.99957748946235
a1,16.80179633385361,147.98586409349082,253.59342148975293,1.8551455046836318,1.0,0.0,0.0,299.99957748946235
a1,227.90343304874514,97.76700004562905,653.1971999999998,1.8551455046836318,1.0,0.0,0.0,299.99957748946235
a1,255.24109378473975,49.72018866377086,0.0,1.8551455046836318,1.0,0.0,0.0,299.99957748946235
a1,343.21556694387164,270.9715074103956,377.0507219249774,1.8551455046836318,1.0,0.0,0.0,299.99957748946235
a1,13.942774871953514,149.76354068913335,434.94894890626557,1.8551455046836318,1.0,0.0,0.0,299.99957748946235
a1,278.27887483881676,1.1290765373694198,405.7412543859416,1.8551455046836318,1.0,0.0,0.0,299.99957748946235
a1,84.77593099007474,320.04130047792313,488.973587498944,1.8551455046836318,1.0,0.0,0.0,299.99957748946235
a1,315.357259726739,319.81060738931455,80.01141317498957,1.8551455046836318,1.0,0.0,0.0,299.99957748946235
a1,56.613955700432086,75.90559135386286,362.9022174832734,1.8551455046836318,1.0,0.0,0.0,299.99957748946235
a1,63.30664400822917,221.82146156516725,623.0077955507213,4.8073622193938075,1.0,0.0,0.0,1956.08635405095
a1,184.5540809326706,2.756621597654885e-14,613.3058457838262,1.8551455046836318,1.0,0.0,0.0,299.99957748946235
a1,211.56243908871633,344.8680104807483,521.201655171376,1.8551455046836318,1.0,0.0,0.0,299.99957748946235
a1,126.91447711727238,316.3480149388029,0.0,1.8551455046836318,1.0,0.0,0.0,299.99957748946235
a1,319.54556746252695,307.9010568903101,18.63948469411827,1.8551455046836318,1.0,0.0,0.0,299.99957748946235
a1,19.559853674129787,139.32642039914168,131.11385227186184,1.8551455046836318,1.0,0.0,0.0,299.99957748946235
a2,25.36219779876096,214.63671443065158,64.3817876460859,1.855145504683632,0.5000000000000001,0.8660254037844387,0.0,299.99957748946235
a2,162.5401272670565,3.0589761446316364,471.2719465665355,1.855145504683632,0.5000000000000001,0.8660254037844387,0.0,299.99957748946235
a2,231.41864611926636,346.41016149999984,385.5700527481441,1.855145504683632,0.5000000000000001,0.8660254037844387,0.0,299.99957748946235
a2,333.2841012351873,57.649754421317745,52.107714357315956,1.855145504683632,0.5000000000000001,0.8660254037844387,0.0,299.99957748946235
a2,396.6977275323688,167.69903256350216,138.1694060671847,1.855145504683632,0.5000000000000001,0.8660254037844387,0.0,299.99957748946235
a2,238.82390329414272,0.0,174.49133872872235,1.855145504683632,0.5000000000000001,0.8660254037844387,0.0,299.99957748946235
a2,366.66666666666686,230.94010766666662,653.1971999999998,1.855145504683632,0.5000000000000001,0.8660254037844387,0.0,299.99957748946235
a2,120.46603270032597,346.4101615000001,370.15240481004804,1.855145504683632,0.5000000000000001,0.8660254037844387,0.0,299.99957748946235
a2,71.98830054501757,50.31434542520624,220.43968650690817,1.855145504683632,0.5000000000000001,0.8660254037844387,0.0,299.99957748946235
a2,327.13020531776147,52.1432149216221,106.28391607587402,1.855145504683632,0.5000000000000001,0.8660254037844387,0.0,299.99957748946235
a2,138.86243222885858,149.71182319844564,0.17824499047313905,1.855145504683632,0.5000000000000001,0.8660254037844387,0.0,299.99957748946235
a2,81.47237510589476,307.6653441814083,335.30472137358964,1.855145504683632,0.5000000000000001,0.8660254037844387,0.0,299.99957748946235
a2,139.87774200480663,30.123944190200636,402.97153449477975,4.8106014311633825,0.5000000000000001,0.8660254037844387,0.0,1958.723273141608
a2,99.9999999999999,2.756621597654885e-14,619.4111379310347,1.855145504683632,0.5000000000000001,0.8660254037844387,0.0,299.99957748946235
a2,141.27438679655725,346.4101615000001,345.9083347875347,1.855145504683632,0.5000000000000001,0.8660254037844387,0.0,299.99957748946235
a2,47.120252242581834,99.76104241875599,43.575088058066704,1.855145504683632,0.5000000000000001,0.8660254037844387,0.0,299.99957748946235
a2,318.7603420540653,33.911188801999195,473.3154613339666,1.855145504683632,0.5000000000000001,0.8660254037844387,0.0,299.99957748946235
a2,76.4469864391617,301.33749181550985,455.53526445904555,1.855145504683632,0.5000000000000001,0.8660254037844387,0.0,299.99957748946235
a2,11.655498175227983,155.65742790768843,463.06886623211966,1.855145504683632,0.5000000000000001,0.8660254037844387,0.0,299.99957748946235
a2,353.5914232639328,92.82306793936898,212.7286858138432,1.855145504683632,0.5000000000000001,0.8660254037844387,0.0,299.99957748946235
a2,344.4160624339161,76.93087680463469,454.45879220821837,1.855145504683632,0.5000000000000001,0.8660254037844387,0.0,299.99957748946235
a2,218.0854927931003,0.11463000880663712,300.1895681085992,1.855145504683632,0.5000000000000001,0.8660254037844387,0.0,299.99957748946235
a2,229.17895279445545,0.35565591920821216,171.94563746124624,1.855145504683632,0.5000000000000001,0.8660254037844387,0.0,299.99957748946235
a2,193.26769121652396,346.4101615000001,143.7001561214945,1.855145504683632,0.5000000000000001,0.8660254037844387,0.0,299.99957748946235
a2,32.3020769482176,123.1853919602363,303.3810271060602,1.855145504683632,0.5000000000000001,0.8660254037844387,0.0,299.99957748946235
a2,327.8345972142152,212.30125620260316,499.56949079630056,4.812579008009752,0.5000000000000001,0.8660254037844387,0.0,1960.3340164248984
a2,287.7393042825632,71.97898180733827,507.3480413566659,4.812147070368755,0.5000000000000001,0.8660254037844387,0.0,1959.9821451929047
a2,28.660241483641215,133.08939258589692,648.4417432743821,4.916338312873302,0.5000000000000001,0.8660254037844387,0.0,2045.774932762174
a2,56.609381489057306,81.63169007221092,193.17224599629824,1.855145504683632,0.5000000000000001,0.8660254037844387,0.0,299.99957748946235
a2,370.40219022888834,121.94017043571438,316.8482667195296,1.855145504683632,0.5000000000000001,0.8660254037844387,0.0,299.99957748946235
a2,394.9650278063892,164.4842530963161,557.4713127084286,1.855145504683632,0.5000000000000001,0.8660254037844387,0.0,299.99957748946235
a2,76.28257660349767,299.1921083461551,326.46019084885404,1.855145504683632,0.5000000000000001,0.8660254037844387,0.0,299.99957748946235
a2,109.05871671376875,344.49908221946185,503.90024879097894,1.855145504683632,0.5000000000000001,0.8660254037844387,0.0,299.99957748946235
a2,109.75319601518723,2.756621597654885e-14,579.9940655172414,1.855145504683632,0.5000000000000001,0.8660254037844387,0.0,299.99957748946235
a2,368.55531078940754,227.66888008879346,218.2859743163144,1.855145504683632,0.5000000000000001,0.8660254037844387,0.0,299.99957748946235
a2,58.13319531506615,273.83085607141817,67.2026071544268,1.855145504683632,0.5000000000000001,0.8660254037844387,0.0,299.99957748946235
a2,61.184656498281306,274.4990715389882,275.140873314116,1.855145504683632,0.5000000000000001,0.8660254037844387,0.0,299.99957748946235
a2,86.41377106773811,322.8781227069958,174.37308390963346,1.855145504683632,0.5000000000000001,0.8660254037844387,0.0,299.99957748946235
a2,156.3820960208166,113.32698667605783,349.05524373897754,4.823504269709481,0.5000000000000001,0.8660254037844387,0.0,1969.244611831485
a2,24.400711519981435,186.88433845823323,88.51333681544683,4.814036486926071,0.5000000000000001,0.8660254037844387,0.0,1961.5215618691286
a2,228.78332094254685,0.0,157.29842541046526,1.855145504683632,0.5000000000000001,0.8660254037844387,0.0,299.99957748946235
a2,339.71155856442897,277.6277244213976,540.8070042609569,1.855145504683632,0.5000000000000001,0.8660254037844387,0.0,299.99957748946235
a2,160.86350698588558,2.756621597654885e-14,439.6160413073167,1.855145504683632,0.5000000000000001,0.8660254037844387,0.0,299.99957748946235
a2,248.61055507430407,0.0,145.66493183739124,1.855145504683632,0.5000000000000001,0.8660254037844387,0.0,299.99957748946235
a2,59.89679474366032,88.20546376557034,50.78083132862417,4.815975293676356,0.5000000000000001,0.8660254037844387,0.0,1963.1018477968971
a2,181.45934303463773,2.756621597654885e-14,543.0301196046241,1.855145504683632,0.5000000000000001,0.8660254037844387,0.0,299.99957748946235
a2,44.60813708924411,248.93759584302205,570.6467993285138,1.855145504683632,0.5000000000000001,0.8660254037844387,0.0,299.99957748946235
a2,373.7445309520587,127.72927438422212,212.82638055509682,1.855145504683632,0.5000000000000001,0.8660254037844387,0.0,299.99957748946235
a2,361.117106882928,107.75161567105228,211.76971178184516,1.855145504683632,0.5000000000000001,0.8660254037844387,0.0,299.99957748946235
a2,109.75319601518737,346.4101615000001,106.98919655172422,1.855145504683632,0.5000000000000001,0.8660254037844387,0.0,299.99957748946235
a2,179.56052565932833,345.0502403868357,250.16334950665114,1.855145504683632,0.5000000000000001,0.8660254037844387,0.0,299.99957748946235
a2,90.24680398481254,329.5171304661889,596.8870965517239,1.855145504683632,0.5000000000000001,0.8660254037844387,0.0,299.99957748946235
a2,328.95548419479337,229.307875100906,642.4035079649244,4.813560223534353,0.5000000000000001,0.8660254037844387,0.0,1961.1334656412632
a2,183.27985358783204,345.71040132791137,448.207024161225,1.855145504683632,0.5000000000000001,0.8660254037844387,0.0,299.99957748946235
a2,201.97883159995067,19.228906145011564,651.8982215031795,1.855145504683632,0.5000000000000001,0.8660254037844387,0.0,299.99957748946235
a2,338.4127780515836,66.53288324256354,126.63748532601905,1.855145504683632,0.5000000000000001,0.8660254037844387,0.0,299.99957748946235
a2,300.00000000000006,346.41016149999984,608.1491172413793,1.855145504683632,0.5000000000000001,0.8660254037844387,0.0,299.99957748946235
a2,8.938884660730087,159.1302779964865,609.6377907213265,1.855145504683632,0.5000000000000001,0.8660254037844387,0.0,299.99957748946235
a2,25.6271372285241,128.81757701942152,571.2751521482296,1.855145504683632,0.5000000000000001,0.8660254037844387,0.0,299.99957748946235
a2,18.880223370706148,205.906586885012,152.02969476340218,1.855145504683632,0.5000000000000001,0.8660254037844387,0.0,299.99957748946235
a2,163.55305594700948,186.6728279918286,0.0,1.855145504683632,0.5000000000000001,0.8660254037844387,0.0,299.99957748946235
a2,72.97554266828674,297.88454227549636,76.32266379967554,1.855145504683632,0.5000000000000001,0.8660254037844387,0.0,299.99957748946235
a2,304.8980523588931,8.483675543397979,388.00032339796167,1.855145504683632,0.5000000000000001,0.8660254037844387,0.0,299.99957748946235
a2,354.18462834153695,246.40548757989632,36.80881176555861,1.855145504683632,0.5000000000000001,0.8660254037844387,0.0,299.99957748946235
a2,71.5941241653627,54.0035678304861,618.4715348145731,1.855145504683632,0.5000000000000001,0.8660254037844387,0.0,299.99957748946235
a2,97.4687209197873,268.5825935659128,651.7813230979513,1.855145504683632,0.5000000000000001,0.8660254037844387,0.0,299.99957748946235
a2,269.3638189088554,0.0,92.20238328643667,1.855145504683632,0.5000000000000001,0.8660254037844387,0.0,299.99957748946235
a2,59.24247132607089,70.59411045138329,105.5914575726763,1.855145504683632,0.5000000000000001,0.8660254037844387,0.0,299.99957748946235
a2,167.9372074705934,17.286076492322415,262.35979196326133,4.812946665998368,0.5000000000000001,0.8660254037844387,0.0,1960.633548127359
a2,378.4926664435754,205.59104750969723,508.14457247594345,1.855145504683632,0.5000000000000001,0.8660254037844387,0.0,299.99957748946235
a2,323.6732390257676,178.79925442712448,211.25694381847092,4.814754077534919,0.5000000000000001,0.8660254037844387,0.0,1962.1063826794132
a2,79.5139739277622,42.98012472075924,624.7132288482322,1.855145504683632,0.5000000000000001,0.8660254037844387,0.0,299.99957748946235
a2,152.52775084903388,146.6829795162119,0.0,1.855145504683632,0.5000000000000001,0.8660254037844387,0.0,299.99957748946235
a2,372.6791624820119,162.81806385607362,0.0,1.855145504683632,0.5000000000000001,0.8660254037844387,0.0,299.99957748946235
a2,89.73546369625416,328.63146310648375,403.75673058031146,1.855145504683632,0.5000000000000001,0.8660254037844387,0.0,299.99957748946235
a2,290.2951483819772,0.0,219.60940344827605,1.855145504683632,0.5000000000000001,0.8660254037844387,0.0,299.99957748946235
a2,208.70760950834335,1.3783107988274425e-14,134.41780418826417,1.855145504683632,0.5000000000000001,0.8660254037844387,0.0,299.99957748946235
a2,358.8298253829658,103.68581215106441,435.38110763743765,1.855145504683632,0.5000000000000001,0.8660254037844387,0.0,299.99957748946235
a2,159.36126535211096,273.5102478340465,652.449081556735,1.855145504683632,0.5000000000000001,0.8660254037844387,0.0,299.99957748946235
a2,40.67746441847311,105.64385304156282,141.76467995932092,1.855145504683632,0.5000000000000001,0.8660254037844387,0.0,299.99957748946235
a2,234.24812010064977,48.519114219664914,0.0,1.855145504683632,0.5000000000000001,0.8660254037844387,0.0,299.99957748946235
a2,348.21549688652107,83.51169031631267,91.99378846705817,1.855145504683632,0.5000000000000001,0.8660254037844387,0.0,299.99957748946235
a2,68.02794037895914,120.07554622035329,640.8356131920551,4.816466560092755,0.5000000000000001,0.8660254037844387,0.0,1963.5023711133126
a2,262.2882311047848,21.665999287368958,170.35813034138363,4.810322052735425,0.5000000000000001,0.8660254037844387,0.0,1958.4957718004632
a2,309.36732217324754,330.1854835657139,234.47951123948985,1.855145504683632,0.5000000000000001,0.8660254037844387,0.0,299.99957748946235
a2,271.10854934624746,343.69347732798377,385.8479044944113,1.855145504683632,0.5000000000000001,0.8660254037844387,0.0,299.99957748946235
a2,200.37448286449086,208.17218632553215,11.860831845384276,4.815218405853678,0.5000000000000001,0.8660254037844387,0.0,1962.4848466565932
a2,208.37473233890924,286.7368873312851,653.1971999999998,1.855145504683632,0.5000000000000001,0.8660254037844387,0.0,299.99957748946235
a2,338.1834284837484,68.64069515584607,446.52649795890505,1.855145504683632,0.5000000000000001,0.8660254037844387,0.0,299.99957748946235
a2,309.9506119449939,327.71294401337224,156.10290821877933,1.855145504683632,0.5000000000000001,0.8660254037844387,0.0,299.99957748946235
a2,14.934120290679518,147.3384256412264,308.73408754876925,1.855145504683632,0.5000000000000001,0.8660254037844387,0.0,299.99957748946235
a2,295.3672957916716,281.61240904546986,618.4515526131929,4.806375420579725,0.5000000000000001,0.8660254037844387,0.0,1955.283391638127
a2,44.52905101973315,250.33165952593757,488.97287000949063,1.855145504683632,0.5000000000000001,0.8660254037844387,0.0,299.99957748946235
a2,248.75523758496377,297.10329816924394,653.1971999999998,1.855145504683632,0.5000000000000001,0.8660254037844387,0.0,299.99957748946235
a2,352.3810445430295,96.50400138485044,455.20895350603024,1.855145504683632,0.5000000000000001,0.8660254037844387,0.0,299.99957748946235
a2,141.29654389360297,346.4101615000001,379.6593287820759,1.855145504683632,0.5000000000000001,0.8660254037844387,0.0,299.99957748946235
a2,221.76876125728427,346.41016149999984,356.73321166124026,1.855145504683632,0.5000000000000001,0.8660254037844387,0.0,299.99957748946235
a2,95.56722210000312,10.958038642550237,93.54879243557659,1.855145504683632,0.5000000000000001,0.8660254037844387,0.0,299.99957748946235
a2,360.8437062017054,233.77409333969328,293.01659604848965,1.855145504683632,0.5000000000000001,0.8660254037844387,0.0,299.99957748946235
a2,302.7582471178519,7.987640072338908,59.97760510043743,1.855145504683632,0.5000000000000001,0.8660254037844387,0.0,299.99957748946235
a2,331.7274200309156,56.260229290195454,84.57226804983662,1.855145504683632,0.5000000000000001,0.8660254037844387,0.0,299.99957748946235
a2,83.64475470155797,32.949534320753976,575.0519853275334,1.855145504683632,0.5000000000000001,0.8660254037844387,0.0,299.99957748946235
a2,295.71496971120786,198.21614203186084,653.1971999999998,1.855145504683632,0.5000000000000001,0.8660254037844387,0.0,299.99957748946235
a2,262.0243151495761,346.41016149999984,197.77941136052394,1.855145504683632,0.5000000000000001,0.8660254037844387,0.0,299.99957748946235
a2,141.22018373619366,0.494445597774766,63.87193173354643,1.855145504683632,0.5000000000000001,0.8660254037844387,0.0,299.99957748946235
a2,361.5859848413576,110.15975277525236,232.57117171375447,1.855145504683632,0.5000000000000001,0.8660254037844387,0.0,299.99957748946235
a2,322.75062952065,267.6852112502901,0.39071988404246655,1.855145504683632,0.5000000000000001,0.8660254037844387,0.0,299.99957748946235
a2,319.92089479738036,311.90615958007504,563.9645160534889,1.855145504683632,0.5000000000000001,0.8660254037844387,0.0,299.99957748946235
a2,201.39140379420144,346.41016149999984,425.6316822968084,1.855145504683632,0.5000000000000001,0.8660254037844387,0.0,299.99957748946235
a2,304.3704716010591,127.05018559277457,646.7576105606306,4.817406727765756,0.5000000000000001,0.8660254037844387,0.0,1964.2689918725666
a2,367.8462836110776,121.40974070470781,335.06524836870614,1.855145504683632,0.5000000000000001,0.8660254037844387,0.0,299.99957748946235
a2,284.28638718459456,322.99400719036555,533.9593471430148,4.809405199129114,0.5000000000000001,0.8660254037844387,0.0,1957.74925929479
a2,244.30740215382244,135.94464841905284,469.94745019486516,4.8242815900358815,0.5000000000000001,0.8660254037844387,0.0,1969.8793608105323
a2,56.40650344673781,76.05635555943562,338.6985974645245,1.855145504683632,0.5000000000000001,0.8660254037844387,0.0,299.99957748946235
a2,281.57405201436075,346.41016149999984,200.926922098042,1.855145504683632,0.5000000000000001,0.8660254037844387,0.0,299.99957748946235
a2,128.78702300540846,3.0198983048319863,454.6445313845944,1.855145504683632,0.5000000000000001,0.8660254037844387,0.0,299.99957748946235
a2,334.8469037827478,60.35660783578281,569.5021967460118,1.855145504683632,0.5000000000000001,0.8660254037844387,0.0,299.99957748946235
a2,241.8892917615469,116.71104092727312,2.926963034728726,1.855145504683632,0.5000000000000001,0.8660254037844387,0.0,299.99957748946235
a2,319.93026710779316,311.88992626225627,575.5264365294137,1.855145504683632,0.5000000000000001,0.8660254037844387,0.0,299.99957748946235
a2,86.2465729506428,166.79147509670833,1.1111989509500289,1.855145504683632,0.5000000000000001,0.8660254037844387,0.0,299.99957748946235
a2,267.68978750049536,2.6701037429932555,59.58670649658553,1.855145504683632,0.5000000000000001,0.8660254037844387,0.0,299.99957748946235
a2,243.0210196716298,0.8626682127995535,379.82659907475306,1.855145504683632,0.5000000000000001,0.8660254037844387,0.0,299.99957748946235
a2,259.30837942983663,0.3472823219165082,137.79724452960124,1.855145504683632,0.5000000000000001,0.8660254037844387,0.0,299.99957748946235
a2,94.55373493479125,222.31746365055585,645.282115943362,4.814219036702266,0.5000000000000001,0.8660254037844387,0.0,1961.6703277176046
a2,113.51086438939862,22.52136803506899,532.3268479268306,4.809866671664849,0.5000000000000001,0.8660254037844387,0.0,1958.1249776306158
a2,122.27898558657893,2.7678374397236314,24.691935268846287,1.855145504683632,0.5000000000000001,0.8660254037844387,0.0,299.99957748946235
a2,39.24122488969663,105.23728549251184,82.8397331552889,1.855145504683632,0.5000000000000001,0.8660254037844387,0.0,299.99957748946235
a2,233.68498668371154,87.93723359373779,0.0,1.855145504683632,0.5000000000000001,0.8660254037844387,0.0,299.99957748946235
a2,96.32721429436619,161.07386232682197,477.25989996047764,4.8179990032976745,0.5000000000000001,0.8660254037844387,0.0,1964.7520152268614
a2,160.18082606654275,345.2912936833119,471.5870348308935,1.855145504683632,0.5000000000000001,0.8660254037844387,0.0,299.99957748946235
a2,181.9388887878754,42.92038269517679,652.1720996308288,1.855145504683632,0.5000000000000001,0.8660254037844387,0.0,299.99957748946235
a2,141.71593694462314,291.78716203840094,51.569153812021966,4.807723515347108,0.5000000000000001,0.8660254037844387,0.0,1956.3803833371448
a2,218.7104842795254,136.70286135962527,652.8772922059758,1.855145504683632,0.5000000000000001,0.8660254037844387,0.0,299.99957748946235
a2,205.6064638896771,325.24577723285546,101.08417113747998,4.810180276684978,0.5000000000000001,0.8660254037844387,0.0,1958.3803268467138
a2,151.46682533615217,283.7094274529429,1.8559765322152724,1.855145504683632,0.5000000000000001,0.8660254037844387,0.0,299.99957748946235
a2,81.84851907396813,314.97087430474556,281.51401189442396,1.855145504683632,0.5000000000000001,0.8660254037844387,0.0,299.99957748946235
a2,192.66697326581152,346.4101615000001,235.7381957461013,1.855145504683632,0.5000000000000001,0.8660254037844387,0.0,299.99957748946235
a2,241.59860021223645,346.41016149999984,322.3470187976485,1.855145504683632,0.5000000000000001,0.8660254037844387,0.0,299.99957748946235
a2,236.13658700900902,276.1647337036483,2.23517890833096,1.855145504683632,0.5000000000000001,0.8660254037844387,0.0,299.99957748946235
a2,364.02784981332314,110.89948897165534,362.1606377039223,1.855145504683632,0.5000000000000001,0.8660254037844387,0.0,299.99957748946235
a2,189.25125883615678,2.756621597654885e-14,203.6022398698907,1.855145504683632,0.5000000000000001,0.8660254037844387,0.0,299.99957748946235
a2,325.34698313492584,43.902262606537185,604.8772470211153,1.855145504683632,0.5000000000000001,0.8660254037844387,0.0,299.99957748946235
a2,66.98513875177473,285.51485197279186,467.6238799120349,1.855145504683632,0.5000000000000001,0.8660254037844387,0.0,299.99957748946235
a2,317.7050385159829,292.90632127640276,648.112420612709,4.850128342857555,0.5000000000000001,0.8660254037844387,0.0,1991.043704556
a2,327.95169512451133,50.158952630084464,128.88257603880174,1.855145504683632,0.5000000000000001,0.8660254037844387,0.0,299.99957748946235
a2,300.00000000000006,346.41016149999984,180.19233103448286,1.855145504683632,0.5000000000000001,0.8660254037844387,0.0,299.99957748946235
a2,80.68202139201729,311.35833724570006,642.3219049121342,1.855145504683632,0.5000000000000001,0.8660254037844387,0.0,299.99957748946235
a2,105.41052350730993,239.20947791982192,635.4946316161496,4.808512512912997,0.5000000000000001,0.8660254037844387,0.0,1957.0225608726098
a2,34.98858360270509,229.80284021923106,272.2166820341915,1.855145504683632,0.5000000000000001,0.8660254037844387,0.0,299.99957748946235
a2,25.19971575120741,130.05713538314058,367.26548516454085,1.855145504683632,0.5000000000000001,0.8660254037844387,0.0,299.99957748946235
a2,334.0775968601581,59.02412915929642,339.54110898169023,1.855145504683632,0.5000000000000001,0.8660254037844387,0.0,299.99957748946235
a2,65.60225413302499,59.57864350507382,548.4055009044441,1.855145504683632,0.5000000000000001,0.8660254037844387,0.0,299.99957748946235
a2,169.35502535673436,345.97899291753805,329.2324398366437,1.855145504683632,0.5000000000000001,0.8660254037844387,0.0,299.99957748946235
a2,53.696447500150256,266.2100560025166,247.2430500474388,1.855145504683632,0.5000000000000001,0.8660254037844387,0.0,299.99957748946235
a2,362.92320230736794,234.76146069099588,380.6934850341882,1.855145504683632,0.5000000000000001,0.8660254037844387,0.0,299.99957748946235
a2,26.75723561249922,215.57603869242791,99.13540363134243,1.855145504683632,0.5000000000000001,0.8660254037844387,0.0,299.99957748946235
a2,100.00000000000003,346.4101615000001,11.262020689655184,1.855145504683632,0.5000000000000001,0.8660254037844387,0.0,299.99957748946235
a2,15.421469542187685,197.0554764140384,534.7135997787753,1.855145504683632,0.5000000000000001,0.8660254037844387,0.0,299.99957748946235
a2,31.65159370967298,155.42820877244625,0.224534531916422,1.855145504683632,0.5000000000000001,0.8660254037844387,0.0,299.99957748946235
a2,108.81578577437698,344.66336601386126,389.72186521095784,1.855145504683632,0.5000000000000001,0.8660254037844387,0.0,299.99957748946235
a2,333.5324419468531,58.07989315149368,120.948569218818,1.855145504683632,0.5000000000000001,0.8660254037844387,0.0,299.99957748946235
a2,30.729041866386325,119.98081897162426,531.6542796059166,1.855145504683632,0.5000000000000001,0.8660254037844387,0.0,299.99957748946235
a2,99.9999999999999,2.756621597654885e-14,563.1010344827587,1.855145504683632,0.5000000000000001,0.8660254037844387,0.0,299.99957748946235
a2,162.28298273049307,3.0896344882493554,367.56826973844966,1.855145504683632,0.5000000000000001,0.8660254037844387,0.0,299.99957748946235
a2,190.58886575771618,346.4101615000001,591.959548640162,1.855145504683632,0.5000000000000001,0.8660254037844387,0.0,299.99957748946235
a2,12.540101941891846,190.01121400882798,234.5057078056242,1.855145504683632,0.5000000000000001,0.8660254037844387,0.0,299.99957748946235
a2,250.51947376170617,78.56579560325315,653.1971999999998,1.855145504683632,0.5000000000000001,0.8660254037844387,0.0,299.99957748946235
a2,120.65027993889369,346.4101615000001,426.4720139267022,1.855145504683632,0.5000000000000001,0.8660254037844387,0.0,299.99957748946235
a2,86.11111111111119,322.3539002847223,8.947665337052875,1.855145504683632,0.5000000000000001,0.8660254037844387,0.0,299.99957748946235
a2,205.13503421651797,105.45253540556733,10.554906377317419,4.817691350390257,0.5000000000000001,0.8660254037844387,0.0,1964.5011050998557
a2,280.49360796962577,346.41016149999984,563.1010344827583,1.855145504683632,0.5000000000000001,0.8660254037844387,0.0,299.99957748946235
a2,233.03732977954124,346.41016149999984,18.690488994362887,1.855145504683632,0.5000000000000001,0.8660254037844387,0.0,299.99957748946235
a2,79.64599196934904,36.37942545840562,160.36547352410673,1.855145504683632,0.5000000000000001,0.8660254037844387,0.0,299.99957748946235
a2,10.780767181181028,189.41560001696038,164.45841093485828,1.855145504683632,0.5000000000000001,0.8660254037844387,0.0,299.99957748946235
a2,74.57848308343144,302.3788025967825,167.45607496678278,1.855145504683632,0.5000000000000001,0.8660254037844387,0.0,299.99957748946235
a2,248.75523758496377,297.10329816924394,0.0,1.855145504683632,0.5000000000000001,0.8660254037844387,0.0,299.99957748946235
a2,72.77774299211715,166.17494942992576,653.1971999999998,1.855145504683632,0.5000000000000001,0.8660254037844387,0.0,299.99957748946235
a2,306.74152141700483,17.217917717384733,575.4183607403307,1.855145504683632,0.5000000000000001,0.8660254037844387,0.0,299.99957748946235
a2,29.690668653353327,224.6308273662556,529.421778601284,1.855145504683632,0.5000000000000001,0.8660254037844387,0.0,299.99957748946235
a2,241.1248382477674,2.779444574047446,149.2681734799219,1.855145504683632,0.5000000000000001,0.8660254037844387,0.0,299.99957748946235
a2,383.93828570423364,201.02478596581676,317.36612775947236,1.855145504683632,0.5000000000000001,0.8660254037844387,0.0,299.99957748946235
a2,350.717230875584,95.39484880759672,202.29848947604688,1.855145504683632,0.5000000000000001,0.8660254037844387,0.0,299.99957748946235
a2,380.7352212656816,206.57265631308525,174.07896415803194,1.855145504683632,0.5000000000000001,0.8660254037844387,0.0,299.99957748946235
a2,324.56465751444034,303.8629266161527,420.39323152703435,1.855145504683632,0.5000000000000001,0.8660254037844387,0.0,299.99957748946235
a2,201.01611801185865,346.41016149999984,483.1554708830054,1.855145504683632,0.5000000000000001,0.8660254037844387,0.0,299.99957748946235
a2,133.55453309302735,346.17619425415745,88.0867503460711,1.855145504683632,0.5000000000000001,0.8660254037844387,0.0,299.99957748946235
a2,15.284481204840606,146.73158273693727,592.8383666597607,1.855145504683632,0.5000000000000001,0.8660254037844387,0.0,299.99957748946235
a2,372.6791624820119,162.81806385607362,653.1971999999998,1.855145504683632,0.5000000000000001,0.8660254037844387,0.0,299.99957748946235
a2,304.13569025274654,285.2023157975908,626.0423304332668,4.808094202897336,0.5000000000000001,0.8660254037844387,0.0,1956.6820786434137
a2,325.1526195922434,108.98346629844316,0.7813329376534262,1.855145504683632,0.5000000000000001,0.8660254037844387,0.0,299.99957748946235
a2,158.91461446044835,213.35127338846428,0.033113636671364646,1.855145504683632,0.5000000000000001,0.8660254037844387,0.0,299.99957748946235
a2,227.73017869598317,0.0,54.41508291777198,1.855145504683632,0.5000000000000001,0.8660254037844387,0.0,299.99957748946235
a2,55.52090046386203,80.95623666764088,309.3159294837687,1.855145504683632,0.5000000000000001,0.8660254037844387,0.0,299.99957748946235
a2,97.80320240257849,154.7064362499792,370.3248610618365,4.819138333729999,0.5000000000000001,0.8660254037844387,0.0,1965.681349763823
a2,84.6498217952461,231.97542016739703,627.4112293049465,4.807027440178223,0.5000000000000001,0.8660254037844387,0.0,1955.8139242969223
a2,290.19142821238404,0.0,354.6555167923157,1.855145504683632,0.5000000000000001,0.8660254037844387,0.0,299.99957748946235
a2,280.403750505937,0.0,427.8822795201441,1.855145504683632,0.5000000000000001,0.8660254037844387,0.0,299.99957748946235
a2,118.01524236549666,146.26827089635762,653.1971999999998,1.855145504683632,0.5000000000000001,0.8660254037844387,0.0,299.99957748946235
a2,0.0,173.20508075000004,326.5986000000001,1.855145504683632,0.5000000000000001,0.8660254037844387,0.0,299.99957748946235
a2,243.78405255991527,2.050960739606027,509.96552093915005,1.855145504683632,0.5000000000000001,0.8660254037844387,0.0,299.99957748946235
a2,306.94294484273087,12.46495739801997,43.01525054557174,1.855145504683632,0.5000000000000001,0.8660254037844387,0.0,299.99957748946235
a2,9.215050368406834,188.00889641645156,380.1786185676685,1.855145504683632,0.5000000000000001,0.8660254037844387,0.0,299.99957748946235
a2,189.52411949468495,335.5469587765126,385.3184892294907,4.820364279657202,0.5000000000000001,0.8660254037844387,0.0,1966.6815806749453
a2,79.20559725604944,36.016962064139705,139.84891584890164,1.855145504683632,0.5000000000000001,0.8660254037844387,0.0,299.99957748946235
a2,366.89735167438334,117.9956509012022,493.61750147668505,1.855145504683632,0.5000000000000001,0.8660254037844387,0.0,299.99957748946235
a2,300.60718882131266,1.944165490619267,429.4632581297069,1.855145504683632,0.5000000000000001,0.8660254037844387,0.0,299.99957748946235
a2,123.46599642840525,334.36547165951566,143.92399326339236,4.818447774208156,0.5000000000000001,0.8660254037844387,0.0,1965.1180446154374
a2,314.6845603423131,25.434404598685724,421.1843320799694,1.855145504683632,0.5000000000000001,0.8660254037844387,0.0,299.99957748946235
a2,165.052966332848,344.44254172083356,238.37491076465022,1.855145504683632,0.5000000000000001,0.8660254037844387,0.0,299.99957748946235
a2,20.91749367540396,141.47738175043924,293.85195963443647,1.855145504683632,0.5000000000000001,0.8660254037844387,0.0,299.99957748946235
a2,25.43439409258071,214.05462943500473,315.2758574934047,1.855145504683632,0.5000000000000001,0.8660254037844387,0.0,299.99957748946235
a2,150.4110971363513,2.756621597654885e-14,399.4162910679204,1.855145504683632,0.5000000000000001,0.8660254037844387,0.0,299.99957748946235
a2,251.76900387586576,31.506418072774284,234.6428743589385,4.811201876927874,0.5000000000000001,0.8660254037844387,0.0,1959.2122683365708
a2,29.415353309083432,122.25619429810425,117.48257294623379,1.855145504683632,0.5000000000000001,0.8660254037844387,0.0,299.99957748946235
a2,336.5079621836919,282.43385352420154,137.65341413073526,1.855145504683632,0.5000000000000001,0.8660254037844387,0.0,299.99957748946235
a2,97.23933250470448,9.726389245889742,390.40872924285094,1.855145504683632,0.5000000000000001,0.8660254037844387,0.0,299.99957748946235
a2,100.00000000000003,346.4101615000001,259.02647586206905,1.855145504683632,0.5000000000000001,0.8660254037844387,0.0,299.99957748946235
a2,257.85741570991877,1.7737125615305898,269.4467173418829,1.855145504683632,0.5000000000000001,0.8660254037844387,0.0,299.99957748946235
a2,169.66428901993154,156.853235578508,0.0,1.855145504683632,0.5000000000000001,0.8660254037844387,0.0,299.99957748946235
a2,84.77040992086148,162.9397210008171,0.3239075621159335,1.855145504683632,0.5000000000000001,0.8660254037844387,0.0,299.99957748946235
a2,211.9701052953341,346.41016149999984,327.90619444960305,1.855145504683632,0.5000000000000001,0.8660254037844387,0.0,299.99957748946235
a2,35.20105096062636,230.3313053374477,463.02528583103566,1.855145504683632,0.5000000000000001,0.8660254037844387,0.0,299.99957748946235
a2,129.7743413592367,343.3264552393498,478.188107378422,1.855145504683632,0.5000000000000001,0.8660254037844387,0.0,299.99957748946235
a2,241.4229307173075,211.02766677746365,430.85493377241625,4.824800037493359,0.5000000000000001,0.8660254037844387,0.0,1970.30277466132
a2,88.31542265022428,257.01458476172866,2.867757519178032,1.855145504683632,0.5000000000000001,0.8660254037844387,0.0,299.99957748946235
a2,16.378477219007998,146.74571535402998,125.59372801769123,1.855145504683632,0.5000000000000001,0.8660254037844387,0.0,299.99957748946235
a2,216.37957029771042,336.6297127560758,0.0,1.855145504683632,0.5000000000000001,0.8660254037844387,0.0,299.99957748946235
a2,291.30398137640816,346.41016149999984,38.89609927011671,1.855145504683632,0.5000000000000001,0.8660254037844387,0.0,299.99957748946235
a2,306.51540391185745,19.00041310218878,208.97782060164735,1.855145504683632,0.5000000000000001,0.8660254037844387,0.0,299.99957748946235
a2,132.73448415071388,64.16907118471406,1.1152875220827552,1.855145504683632,0.5000000000000001,0.8660254037844387,0.0,299.99957748946235
a2,170.93746762246707,346.4101615000001,500.2170519105819,1.855145504683632,0.5000000000000001,0.8660254037844387,0.0,299.99957748946235
a2,57.355114155723946,272.5470525376763,47.76254458282555,1.855145504683632,0.5000000000000001,0.8660254037844387,0.0,299.99957748946235
a2,90.2468039848126,16.893031033811013,191.45435172413804,1.855145504683632,0.5000000000000001,0.8660254037844387,0.0,299.99957748946235
a2,81.82214916119864,309.0358216472707,597.4686178840246,1.855145504683632,0.5000000000000001,0.8660254037844387,0.0,299.99957748946235
a2,304.7838799263585,337.2095308684434,469.23965509202475,1.855145504683632,0.5000000000000001,0.8660254037844387,0.0,299.99957748946235
a2,329.04252801564587,296.1070273986592,253.6431171624955,1.855145504683632,0.5000000000000001,0.8660254037844387,0.0,299.99957748946235
a2,314.5192658597817,25.148106156741974,273.0126954624647,1.855145504683632,0.5000000000000001,0.8660254037844387,0.0,299.99957748946235
a2,197.92621611590792,345.1433346409512,561.883768023894,1.855145504683632,0.5000000000000001,0.8660254037844387,0.0,299.99957748946235
a2,56.57567235075933,79.41982368255901,584.5038619964822,1.855145504683632,0.5000000000000001,0.8660254037844387,0.0,299.99957748946235
a2,327.5864622544799,66.20119480907611,653.1971999999998,1.855145504683632,0.5000000000000001,0.8660254037844387,0.0,299.99957748946235
a2,130.64275401190562,0.30345789342307333,614.5472496215418,1.855145504683632,0.5000000000000001,0.8660254037844387,0.0,299.99957748946235
a2,330.41054798389814,224.8534440850727,115.19037179173131,4.811003138354251,0.5000000000000001,0.8660254037844387,0.0,1959.0504114785022
a2,35.06445781719167,112.47165827318344,330.27370687719446,1.855145504683632,0.5000000000000001,0.8660254037844387,0.0,299.99957748946235
a2,108.57227886479082,282.57342398264785,267.80197634875395,4.811503274129502,0.5000000000000001,0.8660254037844387,0.0,1959.457745290611
a2,362.1701344039093,108.48425518820618,178.0920287556646,1.855145504683632,0.5000000000000001,0.8660254037844387,0.0,299.99957748946235
a2,142.41786243521807,1.9141166153279692,348.77824130706335,1.855145504683632,0.5000000000000001,0.8660254037844387,0.0,299.99957748946235
a2,154.538518625318,337.356096757498,319.83760955073205,4.8162211935933845,0.5000000000000001,0.8660254037844387,0.0,1963.302321792661
a2,74.19405035655761,301.7129455817712,419.55415683175795,1.855145504683632,0.5000000000000001,0.8660254037844387,0.0,299.99957748946235
a2,215.33476092478293,234.97221140748934,1.536217337629898,1.855145504683632,0.5000000000000001,0.8660254037844387,0.0,299.99957748946235
a2,333.4611075347294,226.01958095453367,653.0694777911796,1.855145504683632,0.5000000000000001,0.8660254037844387,0.0,299.99957748946235
a2,316.69072214537175,304.1475956259963,4.240160606763338,4.900771027956942,0.5000000000000001,0.8660254037844387,0.0,2032.8398017015006
a2,312.12465683025255,22.228893726025,252.49963332245068,1.855145504683632,0.5000000000000001,0.8660254037844387,0.0,299.99957748946235
a2,335.14443015448967,149.89998998421243,653.1971999999998,1.855145504683632,0.5000000000000001,0.8660254037844387,0.0,299.99957748946235
a2,325.1103718367165,302.1694642555843,512.9307437510749,1.855145504683632,0.5000000000000001,0.8660254037844387,0.0,299.99957748946235
a2,326.5587398665366,49.824242217506566,43.445961828334205,1.855145504683632,0.5000000000000001,0.8660254037844387,0.0,299.99957748946235
a2,253.0646072565682,343.340220613862,546.5117461498975,1.855145504683632,0.5000000000000001,0.8660254037844387,0.0,299.99957748946235
a2,362.1994525054792,110.44310130398382,246.59362070546726,1.855145504683632,0.5000000000000001,0.8660254037844387,0.0,299.99957748946235
a2,72.98074470289478,55.17399090686007,337.0296507667427,1.855145504683632,0.5000000000000001,0.8660254037844387,0.0,299.99957748946235
a2,387.04831355778856,190.1760595999318,463.98978621340814,1.855145504683632,0.5000000000000001,0.8660254037844387,0.0,299.99957748946235
a2,328.8761209312838,296.39525292350226,207.29868930604547,1.855145504683632,0.5000000000000001,0.8660254037844387,0.0,299.99957748946235
a2,145.68105865617653,326.361454507491,0.16547737750722596,1.855145504683632,0.5000000000000001,0.8660254037844387,0.0,299.99957748946235
a2,251.48369954381616,7.6897919138698825,319.6373653844684,4.819383195529429,0.5000000000000001,0.8660254037844387,0.0,1965.8811085037
a2,363.74958975783994,110.4175284178605,329.7991487128234,1.855145504683632,0.5000000000000001,0.8660254037844387,0.0,299.99957748946235
a2,272.0989141358187,58.47586795648612,281.87916014981647,4.813309391219574,0.5000000000000001,0.8660254037844387,0.0,1960.9290835177674
a2,48.962606922190815,255.77029303642695,474.7463835810554,1.855145504683632,0.5000000000000001,0.8660254037844387,0.0,299.99957748946235
a2,324.06072036234036,304.73577136737674,282.804276383935,1.855145504683632,0.5000000000000001,0.8660254037844387,0.0,299.99957748946235
a2,37.11124121457729,235.66333161745212,474.89698134686347,1.855145504683632,0.5000000000000001,0.8660254037844387,0.0,299.99957748946235
a2,224.41466750399772,345.81891550992935,346.4580854511938,1.855145504683632,0.5000000000000001,0.8660254037844387,0.0,299.99957748946235
a2,208.37473233890924,286.7368873312851,0.0,1.855145504683632,0.5000000000000001,0.8660254037844387,0.0,299.99957748946235
a2,130.23770845003887,86.62908895870953,653.1971999999998,1.855145504683632,0.5000000000000001,0.8660254037844387,0.0,299.99957748946235
a2,335.42022515420564,282.72604420349927,610.1569372412253,1.855145504683632,0.5000000000000001,0.8660254037844387,0.0,299.99957748946235
a2,201.65155443142854,197.26857799972603,652.8786308531871,1.855145504683632,0.5000000000000001,0.8660254037844387,0.0,299.99957748946235
a2,74.1629750454668,301.65912156410315,396.65646132771985,1.855145504683632,0.5000000000000001,0.8660254037844387,0.0,299.99957748946235
a2,333.355878500724,57.774076292050864,63.42464876226825,1.855145504683632,0.5000000000000001,0.8660254037844387,0.0,299.99957748946235
a2,70.6242411177492,50.88030689292774,577.140559825171,1.855145504683632,0.5000000000000001,0.8660254037844387,0.0,299.99957748946235
a2,231.36152800003782,346.41016149999984,397.07339000208134,1.855145504683632,0.5000000000000001,0.8660254037844387,0.0,299.99957748946235
a2,230.3636447616231,0.0,398.8613029433524,1.855145504683632,0.5000000000000001,0.8660254037844387,0.0,299.99957748946235
a2,208.0784612719456,2.95913834567429,262.32673780672144,1.855145504683632,0.5000000000000001,0.8660254037844387,0.0,299.99957748946235
a2,369.87004491754107,121.74452587814208,381.09379656736286,1.855145504683632,0.5000000000000001,0.8660254037844387,0.0,299.99957748946235
a2,163.71536490281986,346.4101615000001,91.73366995542439,1.855145504683632,0.5000000000000001,0.8660254037844387,0.0,299.99957748946235
a2,29.950631078150547,224.96474153971891,437.4260441844704,1.855145504683632,0.5000000000000001,0.8660254037844387,0.0,299.99957748946235
a2,146.67303752901933,1.0794306316206224,113.39743279949427,1.855145504683632,0.5000000000000001,0.8660254037844387,0.0,299.99957748946235
a2,17.05412346846379,202.50057322003053,40.803305324252285,1.855145504683632,0.5000000000000001,0.8660254037844387,0.0,299.99957748946235
a2,46.60187624709679,94.81402242867178,433.75863186363745,1.855145504683632,0.5000000000000001,0.8660254037844387,0.0,299.99957748946235
a2,96.44710569407623,64.43510241808103,1.9034770104869512,1.855145504683632,0.5000000000000001,0.8660254037844387,0.0,299.99957748946235
a2,100.30274522324189,241.49070427900455,412.63677177619974,4.815961591851575,0.5000000000000001,0.8660254037844387,0.0,1963.0906774574978
a2,65.80092125974538,98.12377381503059,208.14643640290672,4.811863112410161,0.5000000000000001,0.8660254037844387,0.0,1959.750840496682
a2,29.966677415875157,121.30127293374137,278.54991757412387,1.855145504683632,0.5000000000000001,0.8660254037844387,0.0,299.99957748946235
a2,160.76840843942335,2.4265647944410436,448.67547156017827,1.855145504683632,0.5000000000000001,0.8660254037844387,0.0,299.99957748946235
a2,312.48022958591423,23.08481836420898,364.5247455281736,1.855145504683632,0.5000000000000001,0.8660254037844387,0.0,299.99957748946235
a2,94.93725171712322,336.09795959423917,85.12340476743407,1.855145504683632,0.5000000000000001,0.8660254037844387,0.0,299.99957748946235
a2,364.2741383433418,233.82327359943406,339.65262523215455,1.855145504683632,0.5000000000000001,0.8660254037844387,0.0,299.99957748946235
a2,85.12033278326851,27.14223589243078,124.64719347160634,1.855145504683632,0.5000000000000001,0.8660254037844387,0.0,299.99957748946235
a2,226.0203605666163,150.29895155072992,306.4850062756124,4.826730995019437,0.5000000000000001,0.8660254037844387,0.0,1971.8801798449836
a2,73.6262239851808,300.72944145670823,39.73403946549597,1.855145504683632,0.5000000000000001,0.8660254037844387,0.0,299.99957748946235
a2,16.3160671128735,182.60735093924342,0.0,1.855145504683632,0.5000000000000001,0.8660254037844387,0.0,299.99957748946235
a2,89.54794325099232,153.25341357775952,585.8842239267218,4.81089335332536,0.5000000000000001,0.8660254037844387,0.0,1958.961003117757
a2,53.36613823610028,265.6379435749941,143.70015633238336,1.855145504683632,0.5000000000000001,0.8660254037844387,0.0,299.99957748946235
a2,280.232171320852,345.2879975800326,57.69793773388049,1.855145504683632,0.5000000000000001,0.8660254037844387,0.0,299.99957748946235
a2,339.19070655392215,278.5298665667834,379.7427231617266,1.855145504683632,0.5000000000000001,0.8660254037844387,0.0,299.99957748946235
a2,213.70072769735222,254.36313827927867,274.3259365958018,4.822119358812448,0.5000000000000001,0.8660254037844387,0.0,1968.1139662873597
a2,314.76691054534075,320.83312216566236,500.9369019509267,1.855145504683632,0.5000000000000001,0.8660254037844387,0.0,299.99957748946235
a2,38.27705560276424,239.5028858154902,92.12352178255881,1.855145504683632,0.5000000000000001,0.8660254037844387,0.0,299.99957748946235
a2,321.1466829423947,308.33238444716494,32.654329562453796,1.855145504683632,0.5000000000000001,0.8660254037844387,0.0,299.99957748946235
a2,23.542650435623784,133.1551836430606,624.0620837387205,1.855145504683632,0.5000000000000001,0.8660254037844387,0.0,299.99957748946235
a2,238.57180857563776,346.41016149999984,607.0549850906965,1.855145504683632,0.5000000000000001,0.8660254037844387,0.0,299.99957748946235
a2,331.30630806621235,292.1860453340734,616.7564829566332,1.855145504683632,0.5000000000000001,0.8660254037844387,0.0,299.99957748946235
a2,119.18596230419546,327.1060445731313,35.273413377100624,4.808065150867253,0.5000000000000001,0.8660254037844387,0.0,1956.6584329274715
a2,301.94296578584834,128.76670488890377,0.0,1.855145504683632,0.5000000000000001,0.8660254037844387,0.0,299.99957748946235
a2,47.727528477738545,91.42014472895069,447.0162595442666,1.855145504683632,0.5000000000000001,0.8660254037844387,0.0,299.99957748946235
a2,19.41377443709678,206.83072444039635,69.24406223726358,1.855145504683632,0.5000000000000001,0.8660254037844387,0.0,299.99957748946235
a2,182.21547988744706,346.4101615000001,310.45407331678695,1.855145504683632,0.5000000000000001,0.8660254037844387,0.0,299.99957748946235
a2,54.57067156572238,267.72425650122665,602.6577011879627,1.855145504683632,0.5000000000000001,0.8660254037844387,0.0,299.99957748946235
a2,322.31682501446863,287.49103343879506,174.3350039843484,4.81917172685792,0.5000000000000001,0.8660254037844387,0.0,1965.708591345881
a2,83.96265110369248,318.14800563375053,36.52190267844572,1.855145504683632,0.5000000000000001,0.8660254037844387,0.0,299.99957748946235
a2,24.855148673914616,216.25546108118633,558.2034830449039,1.855145504683632,0.5000000000000001,0.8660254037844387,0.0,299.99957748946235
a2,180.8655566209585,2.756621597654885e-14,450.99173026362644,1.855145504683632,0.5000000000000001,0.8660254037844387,0.0,299.99957748946235
a2,238.7954750091689,97.14270442999081,255.07015938573187,4.822049569272623,0.5000000000000001,0.8660254037844387,0.0,1968.0569984838423
a2,375.1728959461699,136.17374072700576,651.3625189458274,1.855145504683632,0.5000000000000001,0.8660254037844387,0.0,299.99957748946235
a2,65.29260921679695,166.40294364063524,542.5820138268248,4.811066604543348,0.5000000000000001,0.8660254037844387,0.0,1959.1020989459123
a2,303.5524500990826,252.85179054687032,611.3866345603219,4.80707245803132,0.5000000000000001,0.8660254037844387,0.0,1955.8505568967157
a2,324.7871571447685,42.93261554822584,546.653433954094,1.855145504683632,0.5000000000000001,0.8660254037844387,0.0,299.99957748946235
a2,187.91713265553764,0.5624060352796829,455.8735063424327,1.855145504683632,0.5000000000000001,0.8660254037844387,0.0,299.99957748946235
a2,300.32148082309214,344.67990838883014,155.5906840869929,1.855145504683632,0.5000000000000001,0.8660254037844387,0.0,299.99957748946235
a2,351.73494476906876,93.2995052990753,622.9394109429779,1.855145504683632,0.5000000000000001,0.8660254037844387,0.0,299.99957748946235
a2,76.4028278867031,40.87150101355236,623.3822250800325,1.855145504683632,0.5000000000000001,0.8660254037844387,0.0,299.99957748946235
a2,247.0847134443889,169.10111980518423,2.542635558994062,1.855145504683632,0.5000000000000001,0.8660254037844387,0.0,299.99957748946235
a2,256.72113152054277,267.4800092563589,1.0181888156065293,1.855145504683632,0.5000000000000001,0.8660254037844387,0.0,299.99957748946235
a2,333.0240200180153,287.94926457985383,500.3431115440388,1.855145504683632,0.5000000000000001,0.8660254037844387,0.0,299.99957748946235
a2,385.8357546870547,197.61992095970126,503.28474957854854,1.855145504683632,0.5000000000000001,0.8660254037844387,0.0,299.99957748946235
a2,379.4602475947533,208.7809754893576,448.6448536590025,1.855145504683632,0.5000000000000001,0.8660254037844387,0.0,299.99957748946235
a2,58.99235777079016,247.201222687078,423.80503337501676,4.814090875227719,0.5000000000000001,0.8660254037844387,0.0,1961.5658841044649
a2,319.70997101991065,34.13867122083775,518.0137892772764,1.855145504683632,0.5000000000000001,0.8660254037844387,0.0,299.99957748946235
a2,372.82988969073125,220.26509225103302,364.1821927541845,1.855145504683632,0.5000000000000001,0.8660254037844387,0.0,299.99957748946235
a2,144.44444444444437,2.756621597654885e-14,0.0,1.855145504683632,0.5000000000000001,0.8660254037844387,0.0,299.99957748946235
a2,130.32212486423856,2.756621597654885e-14,445.20258411335806,1.855145504683632,0.5000000000000001,0.8660254037844387,0.0,299.99957748946235
a2,104.60948158754373,338.55333509838874,1.099161493995614,1.855145504683632,0.5000000000000001,0.8660254037844387,0.0,299.99957748946235
a2,141.44080578280068,346.4101615000001,391.05747630104827,1.855145504683632,0.5000000000000001,0.8660254037844387,0.0,299.99957748946235
a2,75.02411702541626,43.25949827415325,364.2528025541439,1.855145504683632,0.5000000000000001,0.8660254037844387,0.0,299.99957748946235
a2,75.31749829333572,42.75134701214791,467.74454208074945,1.855145504683632,0.5000000000000001,0.8660254037844387,0.0,299.99957748946235
a2,344.4922606155988,77.97936578273244,429.9052611076893,1.855145504683632,0.5000000000000001,0.8660254037844387,0.0,299.99957748946235
a2,223.59413756290675,29.810768814934477,651.8553167397023,1.855145504683632,0.5000000000000001,0.8660254037844387,0.0,299.99957748946235
a2,318.0400075027832,312.91502942465326,483.86421522417004,1.855145504683632,0.5000000000000001,0.8660254037844387,0.0,299.99957748946235
a2,199.19696884441555,1.3354136825894227,268.1216351936944,1.855145504683632,0.5000000000000001,0.8660254037844387,0.0,299.99957748946235
a2,339.374100841424,68.19794315697449,620.1544820822304,1.855145504683632,0.5000000000000001,0.8660254037844387,0.0,299.99957748946235
a2,365.91513779639143,121.50224195289647,404.917038970575,1.855145504683632,0.5000000000000001,0.8660254037844387,0.0,299.99957748946235
a2,313.08722255237444,25.58116814620602,89.87923503716992,1.855145504683632,0.5000000000000001,0.8660254037844387,0.0,299.99957748946235
a2,39.63865407806692,241.86124355412895,517.7991432903586,1.855145504683632,0.5000000000000001,0.8660254037844387,0.0,299.99957748946235
a2,381.7282939276293,148.29486157478894,332.0419407846135,1.855145504683632,0.5000000000000001,0.8660254037844387,0.0,299.99957748946235
a2,97.56267571664911,286.4798565982971,0.0,1.855145504683632,0.5000000000000001,0.8660254037844387,0.0,299.99957748946235
a2,86.3850287524881,319.65253051874714,70.59546513824714,1.855145504683632,0.5000000000000001,0.8660254037844387,0.0,299.99957748946235
a2,39.87080925488337,237.0929475333232,230.60463905381133,1.855145504683632,0.5000000000000001,0.8660254037844387,0.0,299.99957748946235
a2,10.48562467654541,157.618285216678,529.299200701481,1.855145504683632,0.5000000000000001,0.8660254037844387,0.0,299.99957748946235
a2,334.9733726510784,60.57565834129887,592.0198820924239,1.855145504683632,0.5000000000000001,0.8660254037844387,0.0,299.99957748946235
a2,223.49288840129103,344.706210607498,332.62244715286084,1.855145504683632,0.5000000000000001,0.8660254037844387,0.0,299.99957748946235
a2,379.42089216745603,207.0605365231537,398.8533520211325,1.855145504683632,0.5000000000000001,0.8660254037844387,0.0,299.99957748946235
a2,73.74659549698838,300.9379310309345,121.74289808199198,1.855145504683632,0.5000000000000001,0.8660254037844387,0.0,299.99957748946235
a2,14.037401393562417,197.51857316892145,205.5556014223368,1.855145504683632,0.5000000000000001,0.8660254037844387,0.0,299.99957748946235
a2,359.4325335199455,243.4699938250077,471.52049135173576,1.855145504683632,0.5000000000000001,0.8660254037844387,0.0,299.99957748946235
a2,259.2504390695573,1.174875270049555,521.9553046129064,1.855145504683632,0.5000000000000001,0.8660254037844387,0.0,299.99957748946235
a2,80.99387580771976,117.81393162498608,0.0,1.855145504683632,0.5000000000000001,0.8660254037844387,0.0,299.99957748946235
a2,43.84769718972452,249.15152007447784,281.88734821244935,1.855145504683632,0.5000000000000001,0.8660254037844387,0.0,299.99957748946235
a2,322.2222222222224,307.9201435555554,0.0,1.855145504683632,0.5000000000000001,0.8660254037844387,0.0,299.99957748946235
a2,282.12616868796806,345.9730324017139,151.91711730791897,1.855145504683632,0.5000000000000001,0.8660254037844387,0.0,299.99957748946235
a2,308.5543137196753,331.3580402702965,508.12950275805395,1.855145504683632,0.5000000000000001,0.8660254037844387,0.0,299.99957748946235
a2,65.43734934604653,59.86426697452048,490.9287965397679,1.855145504683632,0.5000000000000001,0.8660254037844387,0.0,299.99957748946235
a2,21.56235812438526,207.31100536627014,609.2181762714763,1.855145504683632,0.5000000000000001,0.8660254037844387,0.0,299.99957748946235
a2,362.6107374113332,237.04643247787624,192.17469520143985,1.855145504683632,0.5000000000000001,0.8660254037844387,0.0,299.99957748946235
a2,327.39484772959656,297.86902636237096,117.88565753805793,1.855145504683632,0.5000000000000001,0.8660254037844387,0.0,299.99957748946235
a2,180.929026424958,176.91727296564378,653.1971999999998,1.855145504683632,0.5000000000000001,0.8660254037844387,0.0,299.99957748946235
a2,230.08059394900874,1.3818503972637788,260.2617748137043,1.855145504683632,0.5000000000000001,0.8660254037844387,0.0,299.99957748946235
a2,235.613938306206,64.89810306313036,2.7756570504642784,1.855145504683632,0.5000000000000001,0.8660254037844387,0.0,299.99957748946235
a2,335.42992893884826,284.3254398969988,306.3676942546337,1.855145504683632,0.5000000000000001,0.8660254037844387,0.0,299.99957748946235
a2,87.71016159376438,69.8014207804113,653.1971999999998,1.855145504683632,0.5000000000000001,0.8660254037844387,0.0,299.99957748946235
a2,352.2979751257347,248.71286493102926,590.1102860839576,1.855145504683632,0.5000000000000001,0.8660254037844387,0.0,299.99957748946235
a2,14.46478375682601,198.2588211363234,250.22191880246763,1.855145504683632,0.5000000000000001,0.8660254037844387,0.0,299.99957748946235
a2,187.86466538361663,0.4745342486091895,155.9984462237409,1.855145504683632,0.5000000000000001,0.8660254037844387,0.0,299.99957748946235
a2,74.59198792273524,98.92388228078794,0.3282156728158072,1.855145504683632,0.5000000000000001,0.8660254037844387,0.0,299.99957748946235
a2,34.945231265290815,114.96072909571164,194.63290740566265,1.855145504683632,0.5000000000000001,0.8660254037844387,0.0,299.99957748946235
a2,133.16123780021422,303.7012605112249,1.696818965349493,1.855145504683632,0.5000000000000001,0.8660254037844387,0.0,299.99957748946235
a2,319.289518821657,33.4104266513373,232.1605273331626,1.855145504683632,0.5000000000000001,0.8660254037844387,0.0,299.99957748946235
a2,274.26522742305167,346.32335850699116,60.023043197997914,1.855145504683632,0.5000000000000001,0.8660254037844387,0.0,299.99957748946235
a2,250.5002290696222,139.2853335487116,51.47181637647718,4.813141491775842,0.5000000000000001,0.8660254037844387,0.0,1960.7922823553015
a2,283.2495417455843,346.41016149999984,24.468467596833587,1.855145504683632,0.5000000000000001,0.8660254037844387,0.0,299.99957748946235
a2,69.11848392531128,292.92180664601113,390.8572988310128,1.855145504683632,0.5000000000000001,0.8660254037844387,0.0,299.99957748946235
a2,220.44433642581905,343.9866490205064,175.25012764114317,1.855145504683632,0.5000000000000001,0.8660254037844387,0.0,299.99957748946235
a2,194.07494412351582,256.62305586633886,2.7005635595817634,1.855145504683632,0.5000000000000001,0.8660254037844387,0.0,299.99957748946235
a2,174.75149956919657,346.21912412331557,645.7233995692818,1.855145504683632,0.5000000000000001,0.8660254037844387,0.0,299.99957748946235
a2,280.5805282804581,346.41016149999984,404.5918972078896,1.855145504683632,0.5000000000000001,0.8660254037844387,0.0,299.99957748946235
a2,332.6098251129893,61.57840046542064,396.24392002002645,1.855145504683632,0.5000000000000001,0.8660254037844387,0.0,299.99957748946235
a2,94.28434370103092,10.610513339022724,398.5721540785726,1.855145504683632,0.5000000000000001,0.8660254037844387,0.0,299.99957748946235
a2,303.0569216588513,33.90751142004622,3.2903600164195494,4.863148163503932,0.5000000000000001,0.8660254037844387,0.0,2001.7476795251907
a2,33.43932868795479,231.12369700623003,143.9602746975075,1.855145504683632,0.5000000000000001,0.8660254037844387,0.0,299.99957748946235
a2,312.0850824671234,21.81095668307853,636.1157371128437,1.855145504683632,0.5000000000000001,0.8660254037844387,0.0,299.99957748946235
a2,352.4954665233479,251.56872006436564,64.4704819684559,1.855145504683632,0.5000000000000001,0.8660254037844387,0.0,299.99957748946235
a2,351.7852776013646,93.58972724450379,520.7143517973495,1.855145504683632,0.5000000000000001,0.8660254037844387,0.0,299.99957748946235
a2,14.392222845270652,150.88839880877916,136.02873631005673,1.855145504683632,0.5000000000000001,0.8660254037844387,0.0,299.99957748946235
a2,0.0,173.20508075000004,540.5769931034482,1.855145504683632,0.5000000000000001,0.8660254037844387,0.0,299.99957748946235
a2,11.60368045355345,156.88400848659708,76.21226535048345,1.855145504683632,0.5000000000000001,0.8660254037844387,0.0,299.99957748946235
a2,23.39427361723911,141.10396508754835,464.9740269809807,1.855145504683632,0.5000000000000001,0.8660254037844387,0.0,299.99957748946235
a2,364.0653944612794,110.96451820946474,373.6653927800939,1.855145504683632,0.5000000000000001,0.8660254037844387,0.0,299.99957748946235
a2,162.5612102739652,343.69085754444285,549.090510836769,1.855145504683632,0.5000000000000001,0.8660254037844387,0.0,299.99957748946235
a2,88.00661932297216,27.494788493205462,536.1911633435243,1.855145504683632,0.5000000000000001,0.8660254037844387,0.0,299.99957748946235
a2,379.39807529097175,137.52150042167315,471.3056222065463,1.855145504683632,0.5000000000000001,0.8660254037844387,0.0,299.99957748946235
a2,109.56634707854485,2.756621597654885e-14,83.25725328822168,1.855145504683632,0.5000000000000001,0.8660254037844387,0.0,299.99957748946235
a2,25.395504536957304,129.21877660989313,456.827356914448,1.855145504683632,0.5000000000000001,0.8660254037844387,0.0,299.99957748946235
a2,237.97680107582218,171.66994093753675,41.48954324668732,4.812392111743192,0.5000000000000001,0.8660254037844387,0.0,1960.1817604332089
a2,208.61655317537335,8.820444482828444,628.2845006937995,4.817995707025928,0.5000000000000001,0.8660254037844387,0.0,1964.7493268268279
a2,142.2182641147159,2.756621597654885e-14,613.3701773069525,1.855145504683632,0.5000000000000001,0.8660254037844387,0.0,299.99957748946235
a2,108.94983752079285,341.3083648305223,392.66683416741574,4.834892461169475,0.5000000000000001,0.8660254037844387,0.0,1978.5542785095795
a2,78.60700917801002,309.3564144719321,93.00032747331798,1.855145504683632,0.5000000000000001,0.8660254037844387,0.0,299.99957748946235
a2,10.781720817879751,191.16887740027292,484.16795300198083,1.855145504683632,0.5000000000000001,0.8660254037844387,0.0,299.99957748946235
a2,220.86767790920615,0.0,473.7435101743642,1.855145504683632,0.5000000000000001,0.8660254037844387,0.0,299.99957748946235
a2,151.1466884559936,346.4101615000001,454.202846802787,1.855145504683632,0.5000000000000001,0.8660254037844387,0.0,299.99957748946235
a2,394.89471166829156,164.36246197254385,489.4707147138044,1.855145504683632,0.5000000000000001,0.8660254037844387,0.0,299.99957748946235
a2,144.10611212128495,2.756621597654885e-14,634.857502243174,1.855145504683632,0.5000000000000001,0.8660254037844387,0.0,299.99957748946235
a2,322.9976829303407,302.6163489407781,50.68095199757956,1.855145504683632,0.5000000000000001,0.8660254037844387,0.0,299.99957748946235
a2,4.843594505693361,165.89944418938882,445.0724144010259,1.855145504683632,0.5000000000000001,0.8660254037844387,0.0,299.99957748946235
a2,322.6237013995916,300.8003963750136,489.9952166088085,1.855145504683632,0.5000000000000001,0.8660254037844387,0.0,299.99957748946235
a2,74.78867459124307,221.90699979558585,87.4099954276941,4.809893822206755,0.5000000000000001,0.8660254037844387,0.0,1958.14708398322
a2,205.9780427856923,3.1021895931904933,645.9590464160844,1.855145504683632,0.5000000000000001,0.8660254037844387,0.0,299.99957748946235
a2,79.34468278006214,310.6341026300379,436.8807762703429,1.855145504683632,0.5000000000000001,0.8660254037844387,0.0,299.99957748946235
a2,286.19918326703817,2.613746308090724,18.71735345501366,1.855145504683632,0.5000000000000001,0.8660254037844387,0.0,299.99957748946235
a2,76.5715345947838,136.34475682576814,651.3172091447667,1.855145504683632,0.5000000000000001,0.8660254037844387,0.0,299.99957748946235
a2,368.6082134476998,121.05833687937336,393.1019982544343,1.855145504683632,0.5000000000000001,0.8660254037844387,0.0,299.99957748946235
a2,304.35949373446397,338.7202777874113,355.00906253017473,1.855145504683632,0.5000000000000001,0.8660254037844387,0.0,299.99957748946235
a2,99.9999999999999,2.756621597654885e-14,157.66828965517254,1.855145504683632,0.5000000000000001,0.8660254037844387,0.0,299.99957748946235
a2,34.917246255526905,231.26615800738205,152.98887961758277,1.855145504683632,0.5000000000000001,0.8660254037844387,0.0,299.99957748946235
a2,46.510715590736865,222.47253334037862,653.1971999999998,1.855145504683632,0.5000000000000001,0.8660254037844387,0.0,299.99957748946235
a2,314.76476708093753,320.8368347549129,512.370739550911,1.855145504683632,0.5000000000000001,0.8660254037844387,0.0,299.99957748946235
a2,386.3870442042098,149.62674967143963,174.33705859551281,1.855145504683632,0.5000000000000001,0.8660254037844387,0.0,299.99957748946235
a2,127.14795996252084,0.194401240022154,442.09771515252714,1.855145504683632,0.5000000000000001,0.8660254037844387,0.0,299.99957748946235
a2,44.510273859570546,96.99506795384916,182.82657778905678,1.855145504683632,0.5000000000000001,0.8660254037844387,0.0,299.99957748946235
a2,387.25204973708594,155.6243239426239,131.45973305082475,1.855145504683632,0.5000000000000001,0.8660254037844387,0.0,299.99957748946235
a2,290.23306360991484,0.0,501.3630207218654,1.855145504683632,0.5000000000000001,0.8660254037844387,0.0,299.99957748946235
a2,90.68937579675823,328.6018676626095,574.2741244047334,1.855145504683632,0.5000000000000001,0.8660254037844387,0.0,299.99957748946235
a2,73.55270703503312,300.60210636384,143.8683779875151,1.855145504683632,0.5000000000000001,0.8660254037844387,0.0,299.99957748946235
a2,159.89015390559766,2.756621597654885e-14,277.87899225583374,1.855145504683632,0.5000000000000001,0.8660254037844387,0.0,299.99957748946235
a2,185.28977158495866,346.4101615000001,47.76254458215127,1.855145504683632,0.5000000000000001,0.8660254037844387,0.0,299.99957748946235
a2,339.5661610453965,68.53060118835371,494.79026913597875,1.855145504683632,0.5000000000000001,0.8660254037844387,0.0,299.99957748946235
a2,300.00000000000006,346.41016149999984,326.5986000000001,1.855145504683632,0.5000000000000001,0.8660254037844387,0.0,299.99957748946235
a2,0.0,173.20508075000004,529.3149724137932,1.855145504683632,0.5000000000000001,0.8660254037844387,0.0,299.99957748946235
a2,390.566808233446,189.54384816656213,608.2213204410776,1.855145504683632,0.5000000000000001,0.8660254037844387,0.0,299.99957748946235
a2,273.9970549031711,344.66498958019713,331.91282656158455,1.855145504683632,0.5000000000000001,0.8660254037844387,0.0,299.99957748946235
a2,300.00000000000006,0.0,225.24041379310356,1.855145504683632,0.5000000000000001,0.8660254037844387,0.0,299.99957748946235
a2,168.7065780434592,236.5550321269317,653.1971999999998,1.855145504683632,0.5000000000000001,0.8660254037844387,0.0,299.99957748946235
a2,78.15852522391506,308.5796174770912,634.354053739006,1.855145504683632,0.5000000000000001,0.8660254037844387,0.0,299.99957748946235
a2,314.8326017484118,25.690819835662413,616.0228654483133,1.855145504683632,0.5000000000000001,0.8660254037844387,0.0,299.99957748946235
a2,304.6103541568956,338.4247938596882,139.43985024029948,1.855145504683632,0.5000000000000001,0.8660254037844387,0.0,299.99957748946235
a2,246.02768026125094,307.6933355062737,0.20867642627087019,1.855145504683632,0.5000000000000001,0.8660254037844387,0.0,299.99957748946235
a2,349.30429366893577,261.01261983750254,425.6316860855559,1.855145504683632,0.5000000000000001,0.8660254037844387,0.0,299.99957748946235
a2,264.2777179220454,116.08196569980737,650.6949921598206,1.855145504683632,0.5000000000000001,0.8660254037844387,0.0,299.99957748946235
a2,187.08457230477077,104.85682227734128,81.44337792167643,4.816578268037806,0.5000000000000001,0.8660254037844387,0.0,1963.5934508938103
a2,74.20910037629753,44.81786436150514,377.2882318994621,1.855145504683632,0.5000000000000001,0.8660254037844387,0.0,299.99957748946235
a2,342.7817625589559,233.24032060650916,308.96511651529846,4.81190678987335,0.5000000000000001,0.8660254037844387,0.0,1959.7864181229281
a2,324.63912498873106,42.67621633282503,466.30659055403,1.855145504683632,0.5000000000000001,0.8660254037844387,0.0,299.99957748946235
a2,58.25545444932664,272.1301179775086,186.78149462115903,1.855145504683632,0.5000000000000001,0.8660254037844387,0.0,299.99957748946235
a2,306.5668015881806,332.5841785767348,599.876276249086,1.855145504683632,0.5000000000000001,0.8660254037844387,0.0,299.99957748946235
a2,363.7425577700503,236.00481284226885,270.1224012620868,1.855145504683632,0.5000000000000001,0.8660254037844387,0.0,299.99957748946235
a2,11.311156179387465,190.9765810663133,209.82370030635298,1.855145504683632,0.5000000000000001,0.8660254037844387,0.0,299.99957748946235
a2,334.66465848721117,60.04094972448549,523.6104714652565,1.855145504683632,0.5000000000000001,0.8660254037844387,0.0,299.99957748946235
a2,351.4464451581794,123.30814055468636,653.1971999999998,1.855145504683632,0.5000000000000001,0.8660254037844387,0.0,299.99957748946235
a2,337.62971598156093,275.9960359413307,376.75570307689406,1.855145504683632,0.5000000000000001,0.8660254037844387,0.0,299.99957748946235
a2,65.98884356943086,63.49978599872107,98.28886156508338,1.855145504683632,0.5000000000000001,0.8660254037844387,0.0,299.99957748946235
a2,69.57562496580564,293.71359815434073,517.4090927557108,1.855145504683632,0.5000000000000001,0.8660254037844387,0.0,299.99957748946235
a2,174.11349291375404,0.3205001456336889,594.0523880971637,1.855145504683632,0.5000000000000001,0.8660254037844387,0.0,299.99957748946235
a2,178.13950250227498,2.4872133077985064,517.4813961066794,1.855145504683632,0.5000000000000001,0.8660254037844387,0.0,299.99957748946235
a2,296.9284500109547,98.5964175223585,653.1971999999998,1.855145504683632,0.5000000000000001,0.8660254037844387,0.0,299.99957748946235
a2,64.26817813784028,284.52083059020003,431.1889732202723,1.855145504683632,0.5000000000000001,0.8660254037844387,0.0,299.99957748946235
a2,374.79511063899747,216.86122972067247,569.106506348932,1.855145504683632,0.5000000000000001,0.8660254037844387,0.0,299.99957748946235
a2,400.0000000000001,173.20508075,439.21880689655165,1.855145504683632,0.5000000000000001,0.8660254037844387,0.0,299.99957748946235
a2,9.672240974846696,188.06028331621604,201.2776830141771,1.855145504683632,0.5000000000000001,0.8660254037844387,0.0,299.99957748946235
a2,304.43165396951434,7.955675164159517,332.1844420659463,1.855145504683632,0.5000000000000001,0.8660254037844387,0.0,299.99957748946235
a2,112.51700523025315,344.25013703829103,261.7391440693878,1.855145504683632,0.5000000000000001,0.8660254037844387,0.0,299.99957748946235
a2,100.00000000000003,346.4101615000001,22.52404137931037,1.855145504683632,0.5000000000000001,0.8660254037844387,0.0,299.99957748946235
a2,230.88445108886344,346.41016149999984,477.60533303450217,1.855145504683632,0.5000000000000001,0.8660254037844387,0.0,299.99957748946235
a2,94.99198828183498,337.7360307595829,501.00942239651425,1.855145504683632,0.5000000000000001,0.8660254037844387,0.0,299.99957748946235
a2,383.9128695150213,201.06880809686496,356.0557145851907,1.855145504683632,0.5000000000000001,0.8660254037844387,0.0,299.99957748946235
a2,358.666286008799,181.3447795418975,13.033226657773367,4.8157531684944965,0.5000000000000001,0.8660254037844387,0.0,1962.9207653484268
a2,138.77966716268955,346.4101615000001,174.09153195134658,1.855145504683632,0.5000000000000001,0.8660254037844387,0.0,299.99957748946235
a2,58.7748566415491,275.0061186566918,310.45560586437733,1.855145504683632,0.5000000000000001,0.8660254037844387,0.0,299.99957748946235
a2,319.0761644113872,311.32088132034977,578.2755660527806,1.855145504683632,0.5000000000000001,0.8660254037844387,0.0,299.99957748946235
a2,185.92220250977329,308.5745387111792,2.916236706893877,1.855145504683632,0.5000000000000001,0.8660254037844387,0.0,299.99957748946235
a2,62.45824643269187,68.6185422527479,542.3323041879585,1.855145504683632,0.5000000000000001,0.8660254037844387,0.0,299.99957748946235
a2,97.10989608288122,335.97828615085,384.5951312941356,1.855145504683632,0.5000000000000001,0.8660254037844387,0.0,299.99957748946235
a2,329.36963467069376,295.54046205264507,391.37616974800227,1.855145504683632,0.5000000000000001,0.8660254037844387,0.0,299.99957748946235
a2,83.43745372305258,317.72298984675706,635.1139527214583,1.855145504683632,0.5000000000000001,0.8660254037844387,0.0,299.99957748946235
a2,35.65745719368755,116.62716344685924,16.055256957510814,1.855145504683632,0.5000000000000001,0.8660254037844387,0.0,299.99957748946235
a2,348.89130491625514,84.68222415992823,299.0793776180847,1.855145504683632,0.5000000000000001,0.8660254037844387,0.0,299.99957748946235
a2,153.02156885309597,11.884649279859275,441.4130965967052,4.814178001734162,0.5000000000000001,0.8660254037844387,0.0,1961.636886473803
a2,373.50288795935967,127.31073644359101,110.13973758861121,1.855145504683632,0.5000000000000001,0.8660254037844387,0.0,299.99957748946235
a2,65.87699099815175,61.66908201199539,89.74839534908864,1.855145504683632,0.5000000000000001,0.8660254037844387,0.0,299.99957748946235
a2,358.6188613119454,101.53084607008536,229.8888817265971,1.855145504683632,0.5000000000000001,0.8660254037844387,0.0,299.99957748946235
a2,195.91861016370052,319.1298421642153,535.5281920070582,4.810496770739624,0.5000000000000001,0.8660254037844387,0.0,1958.6380453044208
a2,190.27895973016123,344.28409289803676,613.8136161785953,1.855145504683632,0.5000000000000001,0.8660254037844387,0.0,299.99957748946235
a2,251.01316746780466,346.41016149999984,420.5899184808799,1.855145504683632,0.5000000000000001,0.8660254037844387,0.0,299.99957748946235
a2,309.6496308802897,329.69651054171715,211.35255940918853,1.855145504683632,0.5000000000000001,0.8660254037844387,0.0,299.99957748946235
a2,364.75650366816825,112.16155446932719,580.7508216637965,1.855145504683632,0.5000000000000001,0.8660254037844387,0.0,299.99957748946235
a2,374.7045760967063,129.3921213522452,591.6223258294752,1.855145504683632,0.5000000000000001,0.8660254037844387,0.0,299.99957748946235
a2,113.9377068567786,83.92950609569733,586.9947371857993,4.809478916834385,0.5000000000000001,0.8660254037844387,0.0,1957.8092758178225
a2,378.97129600524977,136.78229701521434,218.87154174671187,1.855145504683632,0.5000000000000001,0.8660254037844387,0.0,299.99957748946235
a2,225.46365851324575,295.48625441100177,651.5340799593693,1.855145504683632,0.5000000000000001,0.8660254037844387,0.0,299.99957748946235
a2,286.572658361235,56.39457164541533,564.000426121495,4.808924702408153,0.5000000000000001,0.8660254037844387,0.0,1957.3580902959611
a2,374.60278523990695,217.1943470834701,372.1271186290653,1.855145504683632,0.5000000000000001,0.8660254037844387,0.0,299.99957748946235
a2,290.6700573185221,346.41016149999984,218.51695041724125,1.855145504683632,0.5000000000000001,0.8660254037844387,0.0,299.99957748946235
a2,64.57474739497876,285.05182411958145,523.2270553747879,1.855145504683632,0.5000000000000001,0.8660254037844387,0.0,299.99957748946235
a2,159.44160320602623,2.756621597654885e-14,186.78919640961928,1.855145504683632,0.5000000000000001,0.8660254037844387,0.0,299.99957748946235
a2,230.96743042362456,158.30922324824857,549.9860402892351,4.820961365729308,0.5000000000000001,0.8660254037844387,0.0,1967.1688263847543
a2,127.97298653701378,185.60883202220592,0.5956765922385259,1.855145504683632,0.5000000000000001,0.8660254037844387,0.0,299.99957748946235
a2,334.78966148591974,286.1527002306609,558.1010928650419,1.855145504683632,0.5000000000000001,0.8660254037844387,0.0,299.99957748946235
a2,224.0739312300456,246.55063059422147,116.18138533852516,4.819313292581108,0.5000000000000001,0.8660254037844387,0.0,1965.8240805051598
a2,349.60391687965597,85.91650428657069,517.6695871086663,1.855145504683632,0.5000000000000001,0.8660254037844387,0.0,299.99957748946235
a2,93.09480408430453,14.004375167363788,324.2326707615077,1.855145504683632,0.5000000000000001,0.8660254037844387,0.0,299.99957748946235
a2,270.67353303379525,287.24428276545075,521.6361611441575,4.812412423712465,0.5000000000000001,0.8660254037844387,0.0,1960.1983073956296
a2,228.85822739008475,2.0306742051305897,9.348738272361901,1.855145504683632,0.5000000000000001,0.8660254037844387,0.0,299.99957748946235
a2,4.101096476268105,168.0201471199155,643.7099423175571,1.855145504683632,0.5000000000000001,0.8660254037844387,0.0,299.99957748946235
a2,42.45611225295083,99.75257066616123,633.8996742962607,1.855145504683632,0.5000000000000001,0.8660254037844387,0.0,299.99957748946235
a2,298.3377342790182,1.7819068659147608,98.31766408507504,1.855145504683632,0.5000000000000001,0.8660254037844387,0.0,299.99957748946235
a2,196.54140732685417,265.1431792501715,1.8567200479566113,1.855145504683632,0.5000000000000001,0.8660254037844387,0.0,299.99957748946235
a2,84.46839591791453,27.687981455417955,274.0369293387234,1.855145504683632,0.5000000000000001,0.8660254037844387,0.0,299.99957748946235
a2,142.51677418693026,87.33918165757038,643.0535668442776,4.8177911630602335,0.5000000000000001,0.8660254037844387,0.0,1964.582506799309
a2,170.76372562714226,346.4101615000001,624.5854914829068,1.855145504683632,0.5000000000000001,0.8660254037844387,0.0,299.99957748946235
a2,309.8510661807095,17.062547133033657,483.9617613008797,1.855145504683632,0.5000000000000001,0.8660254037844387,0.0,299.99957748946235
a2,209.8130835125397,339.6455057340848,198.1434021165017,4.820198485755742,0.5000000000000001,0.8660254037844387,0.0,1966.546297038326
a2,6.868887429682079,167.554335512594,475.8657988432162,1.855145504683632,0.5000000000000001,0.8660254037844387,0.0,299.99957748946235
a2,315.09091026098935,99.13807741081729,652.5708656203478,1.855145504683632,0.5000000000000001,0.8660254037844387,0.0,299.99957748946235
a2,313.44642285670443,318.59955044743504,487.06268568801005,1.855145504683632,0.5000000000000001,0.8660254037844387,0.0,299.99957748946235
a2,33.269800157747135,230.83006497858952,51.53978083011801,1.855145504683632,0.5000000000000001,0.8660254037844387,0.0,299.99957748946235
a2,128.56168307131762,226.10973139156872,653.1971999999998,1.855145504683632,0.5000000000000001,0.8660254037844387,0.0,299.99957748946235
a2,14.395174583076106,197.05639811349883,331.6613756607732,1.855145504683632,0.5000000000000001,0.8660254037844387,0.0,299.99957748946235
a2,241.85724299725464,344.5594645548695,311.40060069570796,1.855145504683632,0.5000000000000001,0.8660254037844387,0.0,299.99957748946235
a2,61.80141195886575,71.30930591030726,496.005776254541,1.855145504683632,0.5000000000000001,0.8660254037844387,0.0,299.99957748946235
a2,385.3954266896658,148.50995971576856,456.68685499284476,1.855145504683632,0.5000000000000001,0.8660254037844387,0.0,299.99957748946235
a2,94.84327450758487,337.47845094680633,207.1054224339581,1.855145504683632,0.5000000000000001,0.8660254037844387,0.0,299.99957748946235
a2,70.79572268370795,52.81536115494155,586.2218994832259,1.855145504683632,0.5000000000000001,0.8660254037844387,0.0,299.99957748946235
a2,351.586367861716,250.2077111096593,510.90714443171834,1.855145504683632,0.5000000000000001,0.8660254037844387,0.0,299.99957748946235
a2,10.066946470303616,187.21446203460235,576.1241840735387,1.855145504683632,0.5000000000000001,0.8660254037844387,0.0,299.99957748946235
a2,247.88798002500872,180.90635303647912,650.3516770196889,1.855145504683632,0.5000000000000001,0.8660254037844387,0.0,299.99957748946235
a2,159.3870334598841,218.86572859342695,650.0723186990648,1.855145504683632,0.5000000000000001,0.8660254037844387,0.0,299.99957748946235
a2,9.79980938357946,156.23131299382516,303.8674001335007,1.855145504683632,0.5000000000000001,0.8660254037844387,0.0,299.99957748946235
a2,151.6118992872298,346.4101615000001,419.5541568310108,1.855145504683632,0.5000000000000001,0.8660254037844387,0.0,299.99957748946235
a2,226.9030289532859,232.14399870083352,375.99874628173865,4.824370715489043,0.5000000000000001,0.8660254037844387,0.0,1969.9521459534249
a2,269.26560605965125,0.0,35.04125780643236,1.855145504683632,0.5000000000000001,0.8660254037844387,0.0,299.99957748946235
a2,128.69970012246526,344.59858239348955,535.0698692310507,1.855145504683632,0.5000000000000001,0.8660254037844387,0.0,299.99957748946235
a2,99.9999999999999,2.756621597654885e-14,337.86062068965515,1.855145504683632,0.5000000000000001,0.8660254037844387,0.0,299.99957748946235
a2,278.75197264142963,303.4876201833172,450.36081009021495,4.810386147508666,0.5000000000000001,0.8660254037844387,0.0,1958.547963806451
a2,20.02215254013656,138.52569527496823,302.29155299559625,1.855145504683632,0.5000000000000001,0.8660254037844387,0.0,299.99957748946235
a2,317.9647770192048,297.6885086552773,431.0161486402554,4.816463610183053,0.5000000000000001,0.8660254037844387,0.0,1963.499965967195
a2,208.64615950823787,164.7912875941537,2.552559651552432,1.855145504683632,0.5000000000000001,0.8660254037844387,0.0,299.99957748946235
a2,341.9629859917993,140.96983885058083,650.2954518852475,1.855145504683632,0.5000000000000001,0.8660254037844387,0.0,299.99957748946235
a2,30.21514794027955,120.87090936130679,382.0994631712419,1.855145504683632,0.5000000000000001,0.8660254037844387,0.0,299.99957748946235
a2,9.4697798276642,156.80294095264702,645.3638667773546,1.855145504683632,0.5000000000000001,0.8660254037844387,0.0,299.99957748946235
a2,39.73318964586922,104.38517753932153,232.40153178534936,1.855145504683632,0.5000000000000001,0.8660254037844387,0.0,299.99957748946235
a2,173.47264371507524,2.756621597654885e-14,606.5601092567575,1.855145504683632,0.5000000000000001,0.8660254037844387,0.0,299.99957748946235
a2,80.79964775647359,309.9828842290499,242.47399032063907,1.855145504683632,0.5000000000000001,0.8660254037844387,0.0,299.99957748946235
a2,1.0897542594180156,172.11722702504548,67.3811188354364,1.855145504683632,0.5000000000000001,0.8660254037844387,0.0,299.99957748946235
a2,368.339646748374,225.373874169688,482.4930583568645,1.855145504683632,0.5000000000000001,0.8660254037844387,0.0,299.99957748946235
a2,152.0300338076234,346.4101615000001,305.1014696681159,1.855145504683632,0.5000000000000001,0.8660254037844387,0.0,299.99957748946235
a2,47.84782342448594,255.18612502543886,285.49154260025176,1.855145504683632,0.5000000000000001,0.8660254037844387,0.0,299.99957748946235
a2,119.4148031323961,346.4101615000001,132.23703315650047,1.855145504683632,0.5000000000000001,0.8660254037844387,0.0,299.99957748946235
a2,336.9129917938752,280.10148700923816,426.43282618859,1.855145504683632,0.5000000000000001,0.8660254037844387,0.0,299.99957748946235
a2,153.2566234715431,346.4101615000001,86.1420467837584,1.855145504683632,0.5000000000000001,0.8660254037844387,0.0,299.99957748946235
a2,278.86183167570596,310.49492298203137,3.070813438914093,1.855145504683632,0.5000000000000001,0.8660254037844387,0.0,299.99957748946235
a2,392.97107703792324,178.2436463325804,398.1397249287567,1.855145504683632,0.5000000000000001,0.8660254037844387,0.0,299.99957748946235
a2,303.10493569174105,340.68511589380154,477.6229585310056,1.855145504683632,0.5000000000000001,0.8660254037844387,0.0,299.99957748946235
a2,19.113582114743455,206.31077608605898,105.58909566369942,1.855145504683632,0.5000000000000001,0.8660254037844387,0.0,299.99957748946235
a2,244.28898198856749,327.0850224467128,0.0,1.855145504683632,0.5000000000000001,0.8660254037844387,0.0,299.99957748946235
a2,4.83816406289476,164.82513477804565,139.81032381398856,1.855145504683632,0.5000000000000001,0.8660254037844387,0.0,299.99957748946235
a2,199.23255428854372,47.76513641639115,1.3718034242287451,1.855145504683632,0.5000000000000001,0.8660254037844387,0.0,299.99957748946235
a2,354.70556712376697,251.65733978853393,591.9595486433716,1.855145504683632,0.5000000000000001,0.8660254037844387,0.0,299.99957748946235
a2,191.6157187940728,346.4101615000001,396.8047653881436,1.855145504683632,0.5000000000000001,0.8660254037844387,0.0,299.99957748946235
a2,267.72390190888996,345.656270167859,479.36194216800214,1.855145504683632,0.5000000000000001,0.8660254037844387,0.0,299.99957748946235
a2,281.3401146370441,346.41016149999984,211.793487041379,1.855145504683632,0.5000000000000001,0.8660254037844387,0.0,299.99957748946235
a2,159.75589815846274,137.24418147172227,652.0661026295202,1.855145504683632,0.5000000000000001,0.8660254037844387,0.0,299.99957748946235
a2,354.71747255998173,94.77344253187536,557.8662576787706,1.855145504683632,0.5000000000000001,0.8660254037844387,0.0,299.99957748946235
a2,368.46005082184934,227.833875192525,427.57456017284613,1.855145504683632,0.5000000000000001,0.8660254037844387,0.0,299.99957748946235
a2,220.35561445933865,247.14143033976484,653.1971999999998,1.855145504683632,0.5000000000000001,0.8660254037844387,0.0,299.99957748946235
a2,316.8158942553833,32.31431127086,137.70352935504573,1.855145504683632,0.5000000000000001,0.8660254037844387,0.0,299.99957748946235
a2,250.019591028438,25.58854307868591,651.6396360743923,1.855145504683632,0.5000000000000001,0.8660254037844387,0.0,299.99957748946235
a2,202.48082912958137,156.4341653857063,1.0212025894667172,1.855145504683632,0.5000000000000001,0.8660254037844387,0.0,299.99957748946235
a2,20.757643468505716,204.79563439868014,241.2288686752715,1.855145504683632,0.5000000000000001,0.8660254037844387,0.0,299.99957748946235
a2,276.4266052897174,212.03428753021547,219.9399744961109,4.8210391116765186,0.5000000000000001,0.8660254037844387,0.0,1967.2322745749925
a2,35.54055789479406,231.92500529501876,514.3785287641645,1.855145504683632,0.5000000000000001,0.8660254037844387,0.0,299.99957748946235
a2,348.59094579192873,84.16198689609887,207.0413379954063,1.855145504683632,0.5000000000000001,0.8660254037844387,0.0,299.99957748946235
a2,64.45234223624652,280.68695589689753,291.8817626192884,1.855145504683632,0.5000000000000001,0.8660254037844387,0.0,299.99957748946235
a2,298.4282152148435,71.36588477679022,653.1971999999998,1.855145504683632,0.5000000000000001,0.8660254037844387,0.0,299.99957748946235
a2,82.95077542235072,313.09533982316606,586.9970298776641,1.855145504683632,0.5000000000000001,0.8660254037844387,0.0,299.99957748946235
a2,141.924898451854,2.756621597654885e-14,601.0799070373753,1.855145504683632,0.5000000000000001,0.8660254037844387,0.0,299.99957748946235
a2,94.89471070269853,337.56754105008787,489.47071134342355,1.855145504683632,0.5000000000000001,0.8660254037844387,0.0,299.99957748946235
a2,20.369981127662033,137.92323848907319,462.56261320683495,1.855145504683632,0.5000000000000001,0.8660254037844387,0.0,299.99957748946235
a2,160.21863892940016,1.464712258798831,13.360445677264863,1.855145504683632,0.5000000000000001,0.8660254037844387,0.0,299.99957748946235
a2,22.88213690110358,138.54645691934795,407.43715782966547,1.855145504683632,0.5000000000000001,0.8660254037844387,0.0,299.99957748946235
a2,40.167046776443186,103.63371494597126,370.4650303164893,1.855145504683632,0.5000000000000001,0.8660254037844387,0.0,299.99957748946235
a2,112.23562807040234,74.77158879787353,653.1668577777118,1.855145504683632,0.5000000000000001,0.8660254037844387,0.0,299.99957748946235
a2,109.63920373168843,2.756621597654885e-14,117.20529043795673,1.855145504683632,0.5000000000000001,0.8660254037844387,0.0,299.99957748946235
a2,271.0937132889484,158.18909060055435,651.0884147559731,1.855145504683632,0.5000000000000001,0.8660254037844387,0.0,299.99957748946235
a2,286.21625188793087,247.08196162491404,651.3002170016448,1.855145504683632,0.5000000000000001,0.8660254037844387,0.0,299.99957748946235
a2,81.87296167945975,309.13921856223845,149.37488920608973,1.855145504683632,0.5000000000000001,0.8660254037844387,0.0,299.99957748946235
a2,279.7553552452896,343.7953598288387,247.68551071927192,1.855145504683632,0.5000000000000001,0.8660254037844387,0.0,299.99957748946235
a2,174.44328095679154,57.655709517330024,643.7569622641814,4.8127064215159265,0.5000000000000001,0.8660254037844387,0.0,1960.4378178736727
a2,48.140407529470416,256.5867124847983,68.98427855441902,1.855145504683632,0.5000000000000001,0.8660254037844387,0.0,299.99957748946235
a2,206.13135668919915,234.9976187105619,2.9135001403737726,1.855145504683632,0.5000000000000001,0.8660254037844387,0.0,299.99957748946235
a2,33.546146646860144,231.30871113820749,121.20336344236397,1.855145504683632,0.5000000000000001,0.8660254037844387,0.0,299.99957748946235
a2,232.37253176233335,346.41016149999984,247.5025931056473,1.855145504683632,0.5000000000000001,0.8660254037844387,0.0,299.99957748946235
a2,120.91005932511305,344.96162317247934,99.56299846121472,1.855145504683632,0.5000000000000001,0.8660254037844387,0.0,299.99957748946235
a2,261.902664171517,346.41016149999984,243.83869309624043,1.855145504683632,0.5000000000000001,0.8660254037844387,0.0,299.99957748946235
a2,400.0000000000001,173.20508075,326.5986000000001,1.855145504683632,0.5000000000000001,0.8660254037844387,0.0,299.99957748946235
a2,309.7531960151871,329.5171304661895,551.8390137931029,1.855145504683632,0.5000000000000001,0.8660254037844387,0.0,299.99957748946235
a2,231.4077832386641,0.0,604.1550854899764,1.855145504683632,0.5000000000000001,0.8660254037844387,0.0,299.99957748946235
a2,161.78689194727926,346.4101615000001,379.3889475347561,1.855145504683632,0.5000000000000001,0.8660254037844387,0.0,299.99957748946235
a2,68.97338327212083,189.7612337312039,200.8658934424241,4.813558775799278,0.5000000000000001,0.8660254037844387,0.0,1961.1322859733477
a2,231.02606404294716,1.8442514675079256,584.2240684869644,1.855145504683632,0.5000000000000001,0.8660254037844387,0.0,299.99957748946235
a2,120.36423357533586,2.756621597654885e-14,473.6399928687416,1.855145504683632,0.5000000000000001,0.8660254037844387,0.0,299.99957748946235
a2,20.053846075137383,206.8860694230923,599.2537102670918,1.855145504683632,0.5000000000000001,0.8660254037844387,0.0,299.99957748946235
a2,348.5158560108472,84.03192758014154,184.0318280897367,1.855145504683632,0.5000000000000001,0.8660254037844387,0.0,299.99957748946235
a2,285.9518537467961,239.0894276020333,2.4827438582468133,1.855145504683632,0.5000000000000001,0.8660254037844387,0.0,299.99957748946235
a2,155.12827616585443,343.43156590820354,62.77587687021112,1.855145504683632,0.5000000000000001,0.8660254037844387,0.0,299.99957748946235
a2,177.98636986932237,101.95507214881953,140.72363334871676,4.820787094320967,0.5000000000000001,0.8660254037844387,0.0,1967.0266078272755
a2,371.0870625540763,219.58569843598488,329.6834910561846,1.855145504683632,0.5000000000000001,0.8660254037844387,0.0,299.99957748946235
a2,340.4482264153965,274.1317218526615,51.108811689022495,1.855145504683632,0.5000000000000001,0.8660254037844387,0.0,299.99957748946235
a2,353.40816519642465,252.42060253860888,30.792408225708037,1.855145504683632,0.5000000000000001,0.8660254037844387,0.0,299.99957748946235
a2,383.7131005178287,144.99534335023404,248.73397723094556,1.855145504683632,0.5000000000000001,0.8660254037844387,0.0,299.99957748946235
a2,28.133228025759312,221.93326106959805,32.85928513297779,1.855145504683632,0.5000000000000001,0.8660254037844387,0.0,299.99957748946235
a2,331.2164733750692,289.9281866158554,75.94383128132208,1.855145504683632,0.5000000000000001,0.8660254037844387,0.0,299.99957748946235
a2,83.18594246892627,163.55030572159282,650.7769468608163,1.855145504683632,0.5000000000000001,0.8660254037844387,0.0,299.99957748946235
a2,295.92690776110027,196.28051987643877,650.2134737493002,1.855145504683632,0.5000000000000001,0.8660254037844387,0.0,299.99957748946235
a2,263.19091578031197,0.0,624.0255666913491,1.855145504683632,0.5000000000000001,0.8660254037844387,0.0,299.99957748946235
a2,99.9999999999999,2.756621597654885e-14,585.6250758620691,1.855145504683632,0.5000000000000001,0.8660254037844387,0.0,299.99957748946235
a2,84.90173647374017,26.15095953250606,273.97938524084856,1.855145504683632,0.5000000000000001,0.8660254037844387,0.0,299.99957748946235
a2,198.78386101857606,127.31011854558103,0.0,1.855145504683632,0.5000000000000001,0.8660254037844387,0.0,299.99957748946235
a2,190.52530511755077,0.473007375861603,74.46989862680523,1.855145504683632,0.5000000000000001,0.8660254037844387,0.0,299.99957748946235
a2,15.48024125402203,146.7869256307218,354.0515815937338,1.855145504683632,0.5000000000000001,0.8660254037844387,0.0,299.99957748946235
a2,201.6189458714961,0.0,565.8440837654003,1.855145504683632,0.5000000000000001,0.8660254037844387,0.0,299.99957748946235
a2,45.08831036606778,202.93432526937485,112.37800521983412,4.809983228177273,0.5000000000000001,0.8660254037844387,0.0,1958.2198804623222
a2,141.32709535147868,0.782834608908523,589.9945295429175,1.855145504683632,0.5000000000000001,0.8660254037844387,0.0,299.99957748946235
a2,311.6176243997351,160.3680996401022,455.5692907187661,4.816290218930958,0.5000000000000001,0.8660254037844387,0.0,1963.358597686637
a2,241.82360895625777,346.41016149999984,276.32739488940615,1.855145504683632,0.5000000000000001,0.8660254037844387,0.0,299.99957748946235
a2,114.15601103657634,77.22709711599626,653.1971999999998,1.855145504683632,0.5000000000000001,0.8660254037844387,0.0,299.99957748946235
a2,340.46000793705446,273.3049871453548,167.59924702283703,1.855145504683632,0.5000000000000001,0.8660254037844387,0.0,299.99957748946235
a2,287.555369135036,12.835169073878767,363.30856815755027,4.819756136058931,0.5000000000000001,0.8660254037844387,0.0,1966.185373625978
a2,289.32688158650024,45.30919256769559,45.27668305735553,4.806193969328686,0.5000000000000001,0.8660254037844387,0.0,1955.1357619215623
a2,65.4856276911199,59.78064642795139,502.4419673886588,1.855145504683632,0.5000000000000001,0.8660254037844387,0.0,299.99957748946235
a2,304.47408743444595,336.63386058229753,284.6722629193988,1.855145504683632,0.5000000000000001,0.8660254037844387,0.0,299.99957748946235
a2,271.6820526840125,26.224307123311437,653.1971999999998,1.855145504683632,0.5000000000000001,0.8660254037844387,0.0,299.99957748946235
a2,239.924205677646,0.0,347.0620112440562,1.855145504683632,0.5000000000000001,0.8660254037844387,0.0,299.99957748946235
a2,255.3551013256666,327.0152108969095,0.0,1.855145504683632,0.5000000000000001,0.8660254037844387,0.0,299.99957748946235
a2,84.86663097688869,320.1983974633245,534.7910507136511,1.855145504683632,0.5000000000000001,0.8660254037844387,0.0,299.99957748946235
a2,243.36577530204227,142.81162295595135,254.57124992830524,4.82536077795978,0.5000000000000001,0.8660254037844387,0.0,1970.7607802533046
a2,144.23130434441828,346.16977826413546,262.3155482088854,1.855145504683632,0.5000000000000001,0.8660254037844387,0.0,299.99957748946235
a2,243.24400530053447,32.089759697950655,653.1971999999998,1.855145504683632,0.5000000000000001,0.8660254037844387,0.0,299.99957748946235
a2,201.61667275223797,346.41016149999984,391.1174173812167,1.855145504683632,0.5000000000000001,0.8660254037844387,0.0,299.99957748946235
a2,381.94949463036977,152.82328194064715,628.1238877148602,4.8242732633870435,0.5000000000000001,0.8660254037844387,0.0,1969.8725608428151
a2,334.86437453445325,60.38686806538202,580.9654674141966,1.855145504683632,0.5000000000000001,0.8660254037844387,0.0,299.99957748946235
a2,74.56261798491217,302.1183888673039,120.9824568852942,1.855145504683632,0.5000000000000001,0.8660254037844387,0.0,299.99957748946235
a2,80.4730343316134,309.18687281482175,299.3231409808285,1.855145504683632,0.5000000000000001,0.8660254037844387,0.0,299.99957748946235
a2,251.0820150525097,0.0,570.9529031260638,1.855145504683632,0.5000000000000001,0.8660254037844387,0.0,299.99957748946235
a2,376.5113643690403,205.85225016813104,610.0017308554839,1.855145504683632,0.5000000000000001,0.8660254037844387,0.0,299.99957748946235
a2,153.17721722734314,346.4101615000001,98.48280974512693,1.855145504683632,0.5000000000000001,0.8660254037844387,0.0,299.99957748946235
a2,193.19260147267173,346.4101615000001,155.20491107457224,1.855145504683632,0.5000000000000001,0.8660254037844387,0.0,299.99957748946235
a2,349.61773195271076,85.94043269501118,597.3508801386408,1.855145504683632,0.5000000000000001,0.8660254037844387,0.0,299.99957748946235
a2,133.34967104554542,235.14894741181925,652.9401406456691,1.855145504683632,0.5000000000000001,0.8660254037844387,0.0,299.99957748946235
a2,95.09495893807318,8.495780332130908,444.8118725154176,1.855145504683632,0.5000000000000001,0.8660254037844387,0.0,299.99957748946235
a2,337.8687245954885,69.05741373448221,573.8773854823042,1.855145504683632,0.5000000000000001,0.8660254037844387,0.0,299.99957748946235
a2,353.9816885542162,252.91113424945632,339.45241422176247,1.855145504683632,0.5000000000000001,0.8660254037844387,0.0,299.99957748946235
a2,161.2830502560745,346.4101615000001,459.885645417203,1.855145504683632,0.5000000000000001,0.8660254037844387,0.0,299.99957748946235
a2,389.6838544180677,155.3369924645263,438.1499016912504,1.855145504683632,0.5000000000000001,0.8660254037844387,0.0,299.99957748946235
a2,201.52825783223167,0.13385743472137016,177.68437263300666,1.855145504683632,0.5000000000000001,0.8660254037844387,0.0,299.99957748946235
a2,42.60772429113951,221.8197026619282,125.12944082486122,4.815104204163672,0.5000000000000001,0.8660254037844387,0.0,1962.391759942964
a2,353.66651304500726,253.4570342446861,235.73819571951523,1.855145504683632,0.5000000000000001,0.8660254037844387,0.0,299.99957748946235
a2,201.09139887518438,346.41016149999984,471.6507427960636,1.855145504683632,0.5000000000000001,0.8660254037844387,0.0,299.99957748946235
a2,161.7032875734288,98.95183156258936,651.5109786955879,1.855145504683632,0.5000000000000001,0.8660254037844387,0.0,299.99957748946235
a2,289.90476610298873,1.6768114265363507,172.37613708891703,1.855145504683632,0.5000000000000001,0.8660254037844387,0.0,299.99957748946235
a2,210.9880876734412,345.8355434147552,238.1271444038763,1.855145504683632,0.5000000000000001,0.8660254037844387,0.0,299.99957748946235
a2,49.416660130744326,258.7972468334087,460.14601470912027,1.855145504683632,0.5000000000000001,0.8660254037844387,0.0,299.99957748946235
a2,373.7445309520587,127.72927438422212,212.82638055509682,1.855145504683632,0.5000000000000001,0.8660254037844387,0.0,299.99957748946235
a2,182.3656194673013,57.362442965434674,653.1971999999998,1.855145504683632,0.5000000000000001,0.8660254037844387,0.0,299.99957748946235
a2,234.0816364047554,105.95052662406664,1.394000490630745,1.855145504683632,0.5000000000000001,0.8660254037844387,0.0,299.99957748946235
a2,304.841446397203,338.02453035825664,421.962352689219,1.855145504683632,0.5000000000000001,0.8660254037844387,0.0,299.99957748946235
a2,120.095357174259,2.583900833158297,418.7340254090045,1.855145504683632,0.5000000000000001,0.8660254037844387,0.0,299.99957748946235
a2,389.8262381411834,190.82655319287602,472.1299917484871,1.855145504683632,0.5000000000000001,0.8660254037844387,0.0,299.99957748946235
a2,368.0672272123759,228.5142656425182,68.72415992946155,1.855145504683632,0.5000000000000001,0.8660254037844387,0.0,299.99957748946235
a2,281.82614878408975,275.9413180816124,1.1829090636831796,1.855145504683632,0.5000000000000001,0.8660254037844387,0.0,299.99957748946235
a2,383.53993036097364,182.60937385611462,0.0,1.855145504683632,0.5000000000000001,0.8660254037844387,0.0,299.99957748946235
a2,379.1279080249138,137.05355699033768,208.0883190975944,1.855145504683632,0.5000000000000001,0.8660254037844387,0.0,299.99957748946235
a2,199.7309885339088,33.43201717066623,653.1971999999998,1.855145504683632,0.5000000000000001,0.8660254037844387,0.0,299.99957748946235
a2,9.835390029458384,190.24047599260084,495.3445072322622,1.855145504683632,0.5000000000000001,0.8660254037844387,0.0,299.99957748946235
a2,199.02329321618873,107.38431245180755,0.0,1.855145504683632,0.5000000000000001,0.8660254037844387,0.0,299.99957748946235
a2,245.39958813608547,233.90317225688077,37.63367538477087,4.810745400938638,0.5000000000000001,0.8660254037844387,0.0,1958.840514685395
a2,139.57812542481227,2.756621597654885e-14,233.4672343112313,1.855145504683632,0.5000000000000001,0.8660254037844387,0.0,299.99957748946235
a2,49.266752606021775,258.5375993841627,414.1269275433878,1.855145504683632,0.5000000000000001,0.8660254037844387,0.0,299.99957748946235
a2,334.70111228035313,286.30607195366656,535.1143962862441,1.855145504683632,0.5000000000000001,0.8660254037844387,0.0,299.99957748946235
a2,45.41153410058728,247.76919602795297,100.53567638991106,1.855145504683632,0.5000000000000001,0.8660254037844387,0.0,299.99957748946235
a2,151.12915718969887,2.756621597654885e-14,536.9734174826546,1.855145504683632,0.5000000000000001,0.8660254037844387,0.0,299.99957748946235
a2,109.9372811392449,346.207418305582,479.0069177936794,1.855145504683632,0.5000000000000001,0.8660254037844387,0.0,299.99957748946235
a2,94.96320192766255,337.68617133159336,534.857547079791,1.855145504683632,0.5000000000000001,0.8660254037844387,0.0,299.99957748946235
a2,304.8248154401449,338.05333602085847,207.03446591149086,1.855145504683632,0.5000000000000001,0.8660254037844387,0.0,299.99957748946235
a2,178.92528996344123,179.40116160507046,2.2195709555792114,1.855145504683632,0.5000000000000001,0.8660254037844387,0.0,299.99957748946235
a2,206.28683526984977,266.60094852203173,651.9686696697306,1.855145504683632,0.5000000000000001,0.8660254037844387,0.0,299.99957748946235
a2,388.9219391859826,157.45743344509364,537.7515138065685,1.855145504683632,0.5000000000000001,0.8660254037844387,0.0,299.99957748946235
a2,77.8130607794437,302.31543705780246,580.0378879547765,1.855145504683632,0.5000000000000001,0.8660254037844387,0.0,299.99957748946235
a2,150.57861711076393,2.8808835138164186,215.92332147682643,1.855145504683632,0.5000000000000001,0.8660254037844387,0.0,299.99957748946235
a2,349.75444140070624,260.23294109519543,563.6836751267673,1.855145504683632,0.5000000000000001,0.8660254037844387,0.0,299.99957748946235
a2,182.3656194673013,57.362442965434674,653.1971999999998,1.855145504683632,0.5000000000000001,0.8660254037844387,0.0,299.99957748946235
a2,140.47511885134585,346.4101615000001,494.5346626574398,1.855145504683632,0.5000000000000001,0.8660254037844387,0.0,299.99957748946235
a2,335.84950032404544,65.04754808288124,227.74999827293306,1.855145504683632,0.5000000000000001,0.8660254037844387,0.0,299.99957748946235
a2,2.411709193137912,175.87702934243762,415.19982286327416,1.855145504683632,0.5000000000000001,0.8660254037844387,0.0,299.99957748946235
a2,240.21087987783525,22.497345861187146,413.5657711625453,4.81153885740308,0.5000000000000001,0.8660254037844387,0.0,1959.4867275752995
a2,342.4734054459562,219.7231716618825,0.8806968210626094,1.855145504683632,0.5000000000000001,0.8660254037844387,0.0,299.99957748946235
a2,181.01424505015092,346.4101615000001,494.5301816307648,1.855145504683632,0.5000000000000001,0.8660254037844387,0.0,299.99957748946235
a2,73.98502967956144,300.46901100371963,212.02771426622476,1.855145504683632,0.5000000000000001,0.8660254037844387,0.0,299.99957748946235
a2,50.512854554126676,256.4381531193125,450.1037328913888,1.855145504683632,0.5000000000000001,0.8660254037844387,0.0,299.99957748946235
a2,222.23029824767124,114.27442591057896,576.5111255812501,4.816765514506413,0.5000000000000001,0.8660254037844387,0.0,1963.7461248734587
a2,378.9929253338458,136.8197601112751,117.02013368912947,1.855145504683632,0.5000000000000001,0.8660254037844387,0.0,299.99957748946235
a2,95.31993420069257,338.30404975315645,27.443863674358827,1.855145504683632,0.5000000000000001,0.8660254037844387,0.0,299.99957748946235
a2,229.1657072510599,2.1220113415979944,466.52244543077984,1.855145504683632,0.5000000000000001,0.8660254037844387,0.0,299.99957748946235
a2,92.40233245388815,14.63187188108345,482.340621836594,1.855145504683632,0.5000000000000001,0.8660254037844387,0.0,299.99957748946235
a2,358.2164518305291,245.5763090971475,103.36848410392892,1.855145504683632,0.5000000000000001,0.8660254037844387,0.0,299.99957748946235
a2,27.866308456492963,221.47094281411273,20.248591457019103,1.855145504683632,0.5000000000000001,0.8660254037844387,0.0,299.99957748946235
a2,121.1039189443355,345.365218201841,563.704761619843,1.855145504683632,0.5000000000000001,0.8660254037844387,0.0,299.99957748946235
a2,180.14907715068887,2.756621597654885e-14,358.8988997730393,1.855145504683632,0.5000000000000001,0.8660254037844387,0.0,299.99957748946235
a2,353.8432023798613,252.57299370671035,330.30830007820475,1.855145504683632,0.5000000000000001,0.8660254037844387,0.0,299.99957748946235
a2,136.06738796927777,268.3980371426807,337.02149782156283,4.816368875128389,0.5000000000000001,0.8660254037844387,0.0,1963.4227265391316
a2,46.793940842810635,247.0717744756119,261.53103551446947,1.855145504683632,0.5000000000000001,0.8660254037844387,0.0,299.99957748946235
a2,358.45642010066496,101.2494896389161,274.840959534002,1.855145504683632,0.5000000000000001,0.8660254037844387,0.0,299.99957748946235
a2,93.40143073235532,266.2773039671351,599.130441512635,4.8073289189111845,0.5000000000000001,0.8660254037844387,0.0,1956.0592546184282
a2,248.67630323523912,81.98511647219522,110.48860773317314,4.816317946366797,0.5000000000000001,0.8660254037844387,0.0,1963.3812039058541
a2,133.3594231963313,343.3108704907462,452.5312887792827,1.855145504683632,0.5000000000000001,0.8660254037844387,0.0,299.99957748946235
a2,26.52546975156257,217.44440741433613,431.58995535310964,1.855145504683632,0.5000000000000001,0.8660254037844387,0.0,299.99957748946235
a2,9.443498359536877,189.5616997092608,279.8515777584955,1.855145504683632,0.5000000000000001,0.8660254037844387,0.0,299.99957748946235
a2,39.19703920768999,105.31381733871136,59.829823402852796,1.855145504683632,0.5000000000000001,0.8660254037844387,0.0,299.99957748946235
a2,353.62896815446516,253.52206390266716,224.23344076668118,1.855145504683632,0.5000000000000001,0.8660254037844387,0.0,299.99957748946235
a2,349.8985053651901,87.11458639088478,625.1757262143892,1.855145504683632,0.5000000000000001,0.8660254037844387,0.0,299.99957748946235
a2,67.3512584124069,286.2884148991912,581.675983493582,1.855145504683632,0.5000000000000001,0.8660254037844387,0.0,299.99957748946235
a2,52.08286720662678,262.84194621265993,96.67960007078719,1.855145504683632,0.5000000000000001,0.8660254037844387,0.0,299.99957748946235
a2,230.29623230311458,2.0606234658054197,614.2215370110057,1.855145504683632,0.5000000000000001,0.8660254037844387,0.0,299.99957748946235
a2,366.73031336772925,116.43869535699889,136.20663981473635,1.855145504683632,0.5000000000000001,0.8660254037844387,0.0,299.99957748946235
a2,64.83813450593357,60.90213752220408,295.35553624756744,1.855145504683632,0.5000000000000001,0.8660254037844387,0.0,299.99957748946235
a2,102.07059170505872,344.3410875646675,145.9334270037435,1.855145504683632,0.5000000000000001,0.8660254037844387,0.0,299.99957748946235
a2,262.15007597507054,346.41016149999984,186.69202756355403,1.855145504683632,0.5000000000000001,0.8660254037844387,0.0,299.99957748946235
a2,137.48634109570358,25.671464602819675,653.1971999999998,1.855145504683632,0.5000000000000001,0.8660254037844387,0.0,299.99957748946235
a2,178.63128967669172,2.756621597654885e-14,105.84925176573287,1.855145504683632,0.5000000000000001,0.8660254037844387,0.0,299.99957748946235
a2,57.05019923300574,81.91187683273192,27.254077720961515,1.855145504683632,0.5000000000000001,0.8660254037844387,0.0,299.99957748946235
a2,395.4434062410398,181.09733264965644,613.8523307859055,1.855145504683632,0.5000000000000001,0.8660254037844387,0.0,299.99957748946235
a2,126.80428814121218,151.26191585142553,338.91661686349573,4.822704066974802,0.5000000000000001,0.8660254037844387,0.0,1968.5912842397338
a2,80.62716169863512,46.55011350885156,0.0,1.855145504683632,0.5000000000000001,0.8660254037844387,0.0,299.99957748946235
a2,0.3406849678042478,172.63353486010686,339.5087971930331,1.855145504683632,0.5000000000000001,0.8660254037844387,0.0,299.99957748946235
a2,304.6103541568956,338.4247938596882,139.43985024029948,1.855145504683632,0.5000000000000001,0.8660254037844387,0.0,299.99957748946235
a2,45.324312951931375,94.70106790222454,422.1643287374495,1.855145504683632,0.5000000000000001,0.8660254037844387,0.0,299.99957748946235
a2,243.10143461876663,346.41016149999984,57.92344894102018,1.855145504683632,0.5000000000000001,0.8660254037844387,0.0,299.99957748946235
a2,284.4633912923795,178.15958612602705,653.1971999999998,1.855145504683632,0.5000000000000001,0.8660254037844387,0.0,299.99957748946235
a2,55.09852070325854,77.77164347386557,364.5126808799499,1.855145504683632,0.5000000000000001,0.8660254037844387,0.0,299.99957748946235
a2,78.81292086528713,309.7130639761541,149.98406615728157,1.855145504683632,0.5000000000000001,0.8660254037844387,0.0,299.99957748946235
a2,27.866308456492963,221.47094281411273,20.248591457019103,1.855145504683632,0.5000000000000001,0.8660254037844387,0.0,299.99957748946235
a2,242.68929259631267,199.7744654869531,227.65443946886685,4.825423903053559,0.5000000000000001,0.8660254037844387,0.0,1970.8123433502499
a2,223.80541744709043,344.10684440264794,196.32780465173752,1.855145504683632,0.5000000000000001,0.8660254037844387,0.0,299.99957748946235
a2,279.31304747492715,128.27777224494443,0.0,1.855145504683632,0.5000000000000001,0.8660254037844387,0.0,299.99957748946235
a2,87.3286016135879,317.09619383563296,548.1660927579788,1.855145504683632,0.5000000000000001,0.8660254037844387,0.0,299.99957748946235
a2,304.18832760704424,81.32618560010884,653.1971999999998,1.855145504683632,0.5000000000000001,0.8660254037844387,0.0,299.99957748946235
a2,182.2131040500173,1.2099268749666274,552.2036370284615,1.855145504683632,0.5000000000000001,0.8660254037844387,0.0,299.99957748946235
a2,101.74876935161227,343.26338039173703,282.0542498139303,1.855145504683632,0.5000000000000001,0.8660254037844387,0.0,299.99957748946235
a2,68.24993292325753,291.3908994476874,114.06141892932159,1.855145504683632,0.5000000000000001,0.8660254037844387,0.0,299.99957748946235
a2,130.60128167075035,345.8971118230306,46.89928185813564,1.855145504683632,0.5000000000000001,0.8660254037844387,0.0,299.99957748946235
a2,24.655797300202313,215.9101743733717,643.4580782881966,1.855145504683632,0.5000000000000001,0.8660254037844387,0.0,299.99957748946235
a2,56.76398651802829,78.78629528425475,501.47610723846395,1.855145504683632,0.5000000000000001,0.8660254037844387,0.0,299.99957748946235
a2,89.29453679120812,20.003944149907916,80.31709932074646,1.855145504683632,0.5000000000000001,0.8660254037844387,0.0,299.99957748946235
a2,251.11454411400635,0.0,27.253960065387403,1.855145504683632,0.5000000000000001,0.8660254037844387,0.0,299.99957748946235
a2,20.601661756967886,137.52195586800187,576.8471371794612,1.855145504683632,0.5000000000000001,0.8660254037844387,0.0,299.99957748946235
a2,345.73584222724304,152.45859879139954,0.4363476336053155,1.855145504683632,0.5000000000000001,0.8660254037844387,0.0,299.99957748946235
a2,307.4251907013264,333.54935394992634,101.26210979535534,1.855145504683632,0.5000000000000001,0.8660254037844387,0.0,299.99957748946235
a2,23.935727168630866,131.7471851794732,43.64656295387523,1.855145504683632,0.5000000000000001,0.8660254037844387,0.0,299.99957748946235
a2,84.90173647374017,26.15095953250606,273.97938524084856,1.855145504683632,0.5000000000000001,0.8660254037844387,0.0,299.99957748946235
a2,314.0250356358543,322.1180872017024,91.33290257933392,1.855145504683632,0.5000000000000001,0.8660254037844387,0.0,299.99957748946235
a2,147.0855632743363,135.4999892457934,1.3256410302147015,1.855145504683632,0.5000000000000001,0.8660254037844387,0.0,299.99957748946235
a2,169.78362126013826,2.756621597654885e-14,283.77595986916697,1.855145504683632,0.5000000000000001,0.8660254037844387,0.0,299.99957748946235
a2,28.507623057676867,221.52770110655433,139.46460957996885,1.855145504683632,0.5000000000000001,0.8660254037844387,0.0,299.99957748946235
a2,183.8073856254875,344.21569365949244,219.3865142213454,1.855145504683632,0.5000000000000001,0.8660254037844387,0.0,299.99957748946235
a2,200.41094295570252,344.996488965697,218.215852356384,1.855145504683632,0.5000000000000001,0.8660254037844387,0.0,299.99957748946235
a2,143.06694015113334,253.0107700563648,653.1900080906316,1.855145504683632,0.5000000000000001,0.8660254037844387,0.0,299.99957748946235
a2,305.50652919599946,298.1983319939847,0.0,1.855145504683632,0.5000000000000001,0.8660254037844387,0.0,299.99957748946235
a2,288.8827184816291,268.0026266153402,653.1971999999998,1.855145504683632,0.5000000000000001,0.8660254037844387,0.0,299.99957748946235
a2,201.0466688371652,346.18871906255544,428.4575126988965,1.855145504683632,0.5000000000000001,0.8660254037844387,0.0,299.99957748946235
a2,323.3191189937353,56.44654851930238,1.4221028395199853,1.855145504683632,0.5000000000000001,0.8660254037844387,0.0,299.99957748946235
a2,269.3433250186179,0.0,69.4861880190439,1.855145504683632,0.5000000000000001,0.8660254037844387,0.0,299.99957748946235
a2,110.68008994354227,1.3733266401513997,47.57920344720613,1.855145504683632,0.5000000000000001,0.8660254037844387,0.0,299.99957748946235
a2,151.78701394140367,346.4101615000001,328.2396491975079,1.855145504683632,0.5000000000000001,0.8660254037844387,0.0,299.99957748946235
a2,240.6186626932932,346.41016149999984,529.4217786012849,1.855145504683632,0.5000000000000001,0.8660254037844387,0.0,299.99957748946235
a2,176.7332508188669,47.33042181376715,653.1971999999998,1.855145504683632,0.5000000000000001,0.8660254037844387,0.0,299.99957748946235
a2,195.18837519232517,1.3783107988274425e-14,615.3991732924255,1.855145504683632,0.5000000000000001,0.8660254037844387,0.0,299.99957748946235
a2,264.6164970131767,246.5667707347791,650.8200344324902,1.855145504683632,0.5000000000000001,0.8660254037844387,0.0,299.99957748946235
a2,77.15518045513132,239.74764997261877,650.0673634935996,1.855145504683632,0.5000000000000001,0.8660254037844387,0.0,299.99957748946235
a2,34.87258507513314,112.8039916110032,261.227676880137,1.855145504683632,0.5000000000000001,0.8660254037844387,0.0,299.99957748946235
a2,170.61635400038767,114.19991271651132,651.0235281553114,1.855145504683632,0.5000000000000001,0.8660254037844387,0.0,299.99957748946235
a2,290.20493808768043,0.0,230.67114219475374,1.855145504683632,0.5000000000000001,0.8660254037844387,0.0,299.99957748946235
a2,376.55245231291445,139.2986064240193,329.7823372789444,1.855145504683632,0.5000000000000001,0.8660254037844387,0.0,299.99957748946235
a2,29.446252593824813,122.20267516701675,82.96645112418837,1.855145504683632,0.5000000000000001,0.8660254037844387,0.0,299.99957748946235
a2,84.60637378007205,143.87092731421885,652.5114524276659,1.855145504683632,0.5000000000000001,0.8660254037844387,0.0,299.99957748946235
a2,28.76508531605928,130.15214034112094,550.8665573701044,1.855145504683632,0.5000000000000001,0.8660254037844387,0.0,299.99957748946235
a2,127.96491439755705,1.2149782734437564,128.33311231243297,1.855145504683632,0.5000000000000001,0.8660254037844387,0.0,299.99957748946235
a2,44.62506816023606,246.92124674846437,445.83772172436153,1.855145504683632,0.5000000000000001,0.8660254037844387,0.0,299.99957748946235
a2,20.239029099230596,138.15005405566163,439.5659022352462,1.855145504683632,0.5000000000000001,0.8660254037844387,0.0,299.99957748946235
a2,77.82203462791107,301.7765221466664,498.0841054992442,1.855145504683632,0.5000000000000001,0.8660254037844387,0.0,299.99957748946235
a2,112.66606983316309,1.465598149037254,481.8563405000421,1.855145504683632,0.5000000000000001,0.8660254037844387,0.0,299.99957748946235
a2,11.244578117286913,156.58050874533026,41.099917995970046,1.855145504683632,0.5000000000000001,0.8660254037844387,0.0,299.99957748946235
a2,37.7746548922636,238.62758557110365,265.5883071938575,1.855145504683632,0.5000000000000001,0.8660254037844387,0.0,299.99957748946235
a2,74.57848308343144,302.3788025967825,167.45607496678278,1.855145504683632,0.5000000000000001,0.8660254037844387,0.0,299.99957748946235
a2,327.7256237368748,53.34143172269754,331.4634770838484,1.855145504683632,0.5000000000000001,0.8660254037844387,0.0,299.99957748946235
a2,319.26147874647324,33.36185981647289,197.77583951242386,1.855145504683632,0.5000000000000001,0.8660254037844387,0.0,299.99957748946235
a2,384.88939447577314,147.0327442499486,512.0200077194619,1.855145504683632,0.5000000000000001,0.8660254037844387,0.0,299.99957748946235
a2,37.83227836834258,113.2987211481945,386.13468892225933,1.855145504683632,0.5000000000000001,0.8660254037844387,0.0,299.99957748946235
a2,329.11466427534066,295.982083731805,345.3585161202633,1.855145504683632,0.5000000000000001,0.8660254037844387,0.0,299.99957748946235
a2,17.72252640789009,171.28004759020496,8.308588040345112,4.869765272316576,0.5000000000000001,0.8660254037844387,0.0,2007.1987960827205
a2,270.7944290495402,258.88414068278996,652.9488513358027,1.855145504683632,0.5000000000000001,0.8660254037844387,0.0,299.99957748946235
a2,220.19673000323772,0.0,370.20087751199213,1.855145504683632,0.5000000000000001,0.8660254037844387,0.0,299.99957748946235
a2,77.97393920713125,216.28275093690033,653.1971999999998,1.855145504683632,0.5000000000000001,0.8660254037844387,0.0,299.99957748946235
a2,230.67084477315646,0.0,444.9170016038422,1.855145504683632,0.5000000000000001,0.8660254037844387,0.0,299.99957748946235
a2,308.7731546537301,17.162252078879884,645.5577980275049,1.855145504683632,0.5000000000000001,0.8660254037844387,0.0,299.99957748946235
a2,89.92640385532505,328.9621811631869,529.1381010561333,1.855145504683632,0.5000000000000001,0.8660254037844387,0.0,299.99957748946235
a2,89.29796184577731,19.489194202406033,470.3230205590639,1.855145504683632,0.5000000000000001,0.8660254037844387,0.0,299.99957748946235
a2,369.36092399194644,226.27351709080307,459.8856391458616,1.855145504683632,0.5000000000000001,0.8660254037844387,0.0,299.99957748946235
a2,49.11595546676895,255.1148702120198,45.47186920453173,1.855145504683632,0.5000000000000001,0.8660254037844387,0.0,299.99957748946235
a2,277.1856027295548,35.25865722366745,0.0,1.855145504683632,0.5000000000000001,0.8660254037844387,0.0,299.99957748946235
a2,128.31509628206868,122.55206077028642,364.44442982939523,4.821658829386022,0.5000000000000001,0.8660254037844387,0.0,1967.7380605713804
a2,152.71919716580356,1.301177025814429,1.7854093273054674,1.855145504683632,0.5000000000000001,0.8660254037844387,0.0,299.99957748946235
a2,191.0730709087228,346.4101615000001,477.3379576746586,1.855145504683632,0.5000000000000001,0.8660254037844387,0.0,299.99957748946235
a2,328.831507215542,296.24881381069844,597.963109350394,1.855145504683632,0.5000000000000001,0.8660254037844387,0.0,299.99957748946235
a2,191.38554105181626,1.3783107988274425e-14,537.213280393909,1.855145504683632,0.5000000000000001,0.8660254037844387,0.0,299.99957748946235
a2,182.74110808406013,346.4101615000001,229.92078864382205,1.855145504683632,0.5000000000000001,0.8660254037844387,0.0,299.99957748946235
a2,95.0551263245728,331.0438911910329,174.8810122377551,1.855145504683632,0.5000000000000001,0.8660254037844387,0.0,299.99957748946235
a2,349.26674373811113,261.07765822550914,414.1269351208816,1.855145504683632,0.5000000000000001,0.8660254037844387,0.0,299.99957748946235
a2,56.1350973314222,75.97624008801903,594.1318689875258,1.855145504683632,0.5000000000000001,0.8660254037844387,0.0,299.99957748946235
a2,338.26097038204455,66.26994464595391,46.21222961734817,1.855145504683632,0.5000000000000001,0.8660254037844387,0.0,299.99957748946235
a2,251.51022081466428,214.94567433414124,652.5348058803664,1.855145504683632,0.5000000000000001,0.8660254037844387,0.0,299.99957748946235
a2,263.40840270733435,118.37518302544369,1.824735858904486,1.855145504683632,0.5000000000000001,0.8660254037844387,0.0,299.99957748946235
a2,278.99637649338536,256.3656762829176,632.5293837925014,4.808102817497319,0.5000000000000001,0.8660254037844387,0.0,1956.6890901734666
a2,76.74677931361849,198.3099209310153,650.0873383095499,1.855145504683632,0.5000000000000001,0.8660254037844387,0.0,299.99957748946235
a2,222.92829387271362,346.25068052024767,103.00819247289827,1.855145504683632,0.5000000000000001,0.8660254037844387,0.0,299.99957748946235
a2,218.96373714809965,345.378284138703,503.7378633994812,1.855145504683632,0.5000000000000001,0.8660254037844387,0.0,299.99957748946235
a2,358.6243962444738,242.27264761102754,609.2223488297884,1.855145504683632,0.5000000000000001,0.8660254037844387,0.0,299.99957748946235
a2,70.46957767974443,51.148191825614575,508.13156365741287,1.855145504683632,0.5000000000000001,0.8660254037844387,0.0,299.99957748946235
a2,81.04406574971267,128.7595916898002,249.30505851951705,4.814487567062694,0.5000000000000001,0.8660254037844387,0.0,1961.889172239351
a2,145.23560388389424,1.5277147005865075,615.0985720142118,1.855145504683632,0.5000000000000001,0.8660254037844387,0.0,299.99957748946235
a2,79.82745954313503,311.47029651236056,586.027324440325,1.855145504683632,0.5000000000000001,0.8660254037844387,0.0,299.99957748946235
a2,72.58923499471484,146.05974375312275,0.0,1.855145504683632,0.5000000000000001,0.8660254037844387,0.0,299.99957748946235
a2,86.73991521789274,152.84964778477686,650.9912473873959,1.855145504683632,0.5000000000000001,0.8660254037844387,0.0,299.99957748946235
a2,13.450386527396729,150.93788286649774,34.00174552651785,1.855145504683632,0.5000000000000001,0.8660254037844387,0.0,299.99957748946235
a2,342.26701189656706,74.70928296818099,591.7217565739799,1.855145504683632,0.5000000000000001,0.8660254037844387,0.0,299.99957748946235
a2,53.32860146926435,265.572927987685,132.1954012735042,1.855145504683632,0.5000000000000001,0.8660254037844387,0.0,299.99957748946235
a2,104.63998379445687,184.40505813438648,3.0486130789139985,1.855145504683632,0.5000000000000001,0.8660254037844387,0.0,299.99957748946235
a2,330.3744356684718,58.657300654894335,38.746633854223106,1.855145504683632,0.5000000000000001,0.8660254037844387,0.0,299.99957748946235
a2,164.51489589137543,118.01627802807764,50.27361870751221,4.812593113722244,0.5000000000000001,0.8660254037844387,0.0,1960.3455079551154
a2,353.4036988112282,253.91224185052553,155.2049110496671,1.855145504683632,0.5000000000000001,0.8660254037844387,0.0,299.99957748946235
a2,378.86759467162466,136.60268103657017,414.0228721212517,1.855145504683632,0.5000000000000001,0.8660254037844387,0.0,299.99957748946235
a2,369.6830599751266,225.71556120101098,563.4286750704232,1.855145504683632,0.5000000000000001,0.8660254037844387,0.0,299.99957748946235
a2,318.1916607806069,31.508880744816203,39.17347024003493,1.855145504683632,0.5000000000000001,0.8660254037844387,0.0,299.99957748946235
a2,304.6649712649885,8.079967246487511,218.51695044968443,1.855145504683632,0.5000000000000001,0.8660254037844387,0.0,299.99957748946235
a2,239.71345784570127,0.0,312.5484001268215,1.855145504683632,0.5000000000000001,0.8660254037844387,0.0,299.99957748946235
a2,118.25467456254184,126.34246483039716,653.1971999999998,1.855145504683632,0.5000000000000001,0.8660254037844387,0.0,299.99957748946235
a2,316.63351632704394,316.3446835617634,624.0699789503271,1.855145504683632,0.5000000000000001,0.8660254037844387,0.0,299.99957748946235
a2,400.0000000000001,173.20508075,67.5721241379311,1.855145504683632,0.5000000000000001,0.8660254037844387,0.0,299.99957748946235
a2,91.13930437314905,77.03700982156398,651.608893569419,1.855145504683632,0.5000000000000001,0.8660254037844387,0.0,299.99957748946235
a2,32.01314099750205,225.96920225207256,265.99617730201305,1.855145504683632,0.5000000000000001,0.8660254037844387,0.0,299.99957748946235
a2,293.4175373488973,62.48975979563066,0.0,1.855145504683632,0.5000000000000001,0.8660254037844387,0.0,299.99957748946235
a2,388.99961147548,155.59381645494128,142.7225326510681,1.855145504683632,0.5000000000000001,0.8660254037844387,0.0,299.99957748946235
a2,339.22824508784123,278.4648479187967,391.2474820090956,1.855145504683632,0.5000000000000001,0.8660254037844387,0.0,299.99957748946235
a2,73.9403063875465,299.7129632147717,544.364016728656,1.855145504683632,0.5000000000000001,0.8660254037844387,0.0,299.99957748946235
a2,22.354876868465965,211.7131275014341,620.2031619455796,1.855145504683632,0.5000000000000001,0.8660254037844387,0.0,299.99957748946235
a2,311.9313461444488,318.3705421174016,443.9807890048885,1.855145504683632,0.5000000000000001,0.8660254037844387,0.0,299.99957748946235
a2,69.94071796402919,53.70570972555017,463.6421764566248,1.855145504683632,0.5000000000000001,0.8660254037844387,0.0,299.99957748946235
a2,162.0623205863487,2.756621597654885e-14,588.7300197175122,1.855145504683632,0.5000000000000001,0.8660254037844387,0.0,299.99957748946235
a2,198.0993890700304,345.55909870606035,44.78540032818963,1.855145504683632,0.5000000000000001,0.8660254037844387,0.0,299.99957748946235
a2,199.65436329210888,2.756621597654885e-14,266.7866324851832,1.855145504683632,0.5000000000000001,0.8660254037844387,0.0,299.99957748946235
a2,157.60808346118634,296.04994314232056,653.1971999999998,1.855145504683632,0.5000000000000001,0.8660254037844387,0.0,299.99957748946235
a2,95.31791589951091,338.3005539529647,150.06830252848908,1.855145504683632,0.5000000000000001,0.8660254037844387,0.0,299.99957748946235
a2,309.76610761701346,16.915394584179918,461.3378126657919,1.855145504683632,0.5000000000000001,0.8660254037844387,0.0,299.99957748946235
a2,66.03426098605186,61.13919799808622,206.36218576968054,1.855145504683632,0.5000000000000001,0.8660254037844387,0.0,299.99957748946235
a2,209.56405748174376,1.3783107988274425e-14,260.9699113986057,1.855145504683632,0.5000000000000001,0.8660254037844387,0.0,299.99957748946235
a2,204.9994259277043,26.39512269886647,652.8609541684856,1.855145504683632,0.5000000000000001,0.8660254037844387,0.0,299.99957748946235
a2,291.63282203635316,316.93764248021324,243.77448517363914,4.810069906780524,0.5000000000000001,0.8660254037844387,0.0,1958.2904575456134
a2,339.0780741251893,67.68520984407898,345.22845692221915,1.855145504683632,0.5000000000000001,0.8660254037844387,0.0,299.99957748946235
a2,133.46835720993712,47.89265908122784,513.4105651662439,4.8109514070482735,0.5000000000000001,0.8660254037844387,0.0,1959.008281515796
a2,9.999555038944415,158.86492907037595,348.3756943261799,1.855145504683632,0.5000000000000001,0.8660254037844387,0.0,299.99957748946235
a2,334.9060006242275,131.32153371966714,652.0221055433883,1.855145504683632,0.5000000000000001,0.8660254037844387,0.0,299.99957748946235
a2,311.5860006432106,248.52380892316336,653.1971999999998,1.855145504683632,0.5000000000000001,0.8660254037844387,0.0,299.99957748946235
a2,206.7067149683071,256.8548210245715,22.786362840176018,4.809580443258271,0.5000000000000001,0.8660254037844387,0.0,1957.8919340333334
a2,14.911292976542462,151.44065187734512,27.36876810147061,1.855145504683632,0.5000000000000001,0.8660254037844387,0.0,299.99957748946235
a2,73.23778893247515,50.014093246051736,474.2426456651186,1.855145504683632,0.5000000000000001,0.8660254037844387,0.0,299.99957748946235
a2,247.15365774154142,325.1880654277657,651.682029438996,1.855145504683632,0.5000000000000001,0.8660254037844387,0.0,299.99957748946235
a2,360.0715408924428,240.512171904418,537.957978954481,1.855145504683632,0.5000000000000001,0.8660254037844387,0.0,299.99957748946235
a2,341.9592811373399,272.30659197617723,457.16634456525134,1.855145504683632,0.5000000000000001,0.8660254037844387,0.0,299.99957748946235
a2,348.7720234959316,84.47562267953734,616.9534201308734,1.855145504683632,0.5000000000000001,0.8660254037844387,0.0,299.99957748946235
a2,111.3659698751245,187.53980289026038,416.827688244594,4.820699418541603,0.5000000000000001,0.8660254037844387,0.0,1966.9550597504885
a2,388.2738412248296,154.5997506928103,310.87830434527655,1.855145504683632,0.5000000000000001,0.8660254037844387,0.0,299.99957748946235
a2,338.64700156919423,66.93857027537649,207.17114321035763,1.855145504683632,0.5000000000000001,0.8660254037844387,0.0,299.99957748946235
a2,79.08690332664267,37.42253892269576,173.35937466164043,1.855145504683632,0.5000000000000001,0.8660254037844387,0.0,299.99957748946235
a2,188.48307451104847,2.756621597654885e-14,88.52766424983895,1.855145504683632,0.5000000000000001,0.8660254037844387,0.0,299.99957748946235
a2,201.8479315665373,3.1063910087245006,428.61609303083515,1.855145504683632,0.5000000000000001,0.8660254037844387,0.0,299.99957748946235
a2,352.0268189949007,94.3178792818209,627.0250757724731,1.855145504683632,0.5000000000000001,0.8660254037844387,0.0,299.99957748946235
a2,162.1729596196704,2.774787048955503,345.06663070471586,1.855145504683632,0.5000000000000001,0.8660254037844387,0.0,299.99957748946235
a2,140.5824734479134,346.4101615000001,238.9952458794547,1.855145504683632,0.5000000000000001,0.8660254037844387,0.0,299.99957748946235
a2,163.07419897779323,226.5239336338375,653.1971999999998,1.855145504683632,0.5000000000000001,0.8660254037844387,0.0,299.99957748946235
a2,116.66397688738392,259.6077398605167,31.306161037188733,4.807586567082631,0.5000000000000001,0.8660254037844387,0.0,1956.268929722393
a2,359.64517027153175,103.3084653322816,540.549429213123,1.855145504683632,0.5000000000000001,0.8660254037844387,0.0,299.99957748946235
a2,67.65349120620397,60.576425798357704,24.622338927057317,1.855145504683632,0.5000000000000001,0.8660254037844387,0.0,299.99957748946235
a2,298.3656004646119,345.79816883514786,304.9006911659256,1.855145504683632,0.5000000000000001,0.8660254037844387,0.0,299.99957748946235
a2,68.98618155890023,292.6926522254347,184.46700212046312,1.855145504683632,0.5000000000000001,0.8660254037844387,0.0,299.99957748946235
a2,9.836259169767288,156.1681801122253,552.0066963749795,1.855145504683632,0.5000000000000001,0.8660254037844387,0.0,299.99957748946235
a2,364.3518332452789,111.46064473659068,454.19838453220143,1.855145504683632,0.5000000000000001,0.8660254037844387,0.0,299.99957748946235
a2,32.09111205995495,138.8432580297405,547.5707718542499,4.8158962706401125,0.5000000000000001,0.8660254037844387,0.0,1963.0374251259818
a2,271.8452732671389,2.6701408361184784,591.2650764473658,1.855145504683632,0.5000000000000001,0.8660254037844387,0.0,299.99957748946235
a2,236.2957224877944,136.35573014062783,650.5777196899201,1.855145504683632,0.5000000000000001,0.8660254037844387,0.0,299.99957748946235
a2,136.6854914228458,57.862643051733066,653.1971999999998,1.855145504683632,0.5000000000000001,0.8660254037844387,0.0,299.99957748946235
a2,221.2016353850077,1.773670240205861,552.9571875106284,1.855145504683632,0.5000000000000001,0.8660254037844387,0.0,299.99957748946235
a2,128.56168307131762,226.10973139156872,653.1971999999998,1.855145504683632,0.5000000000000001,0.8660254037844387,0.0,299.99957748946235
a2,266.13296133989456,149.19304293132367,398.8105301298476,4.82321580693443,0.5000000000000001,0.8660254037844387,0.0,1969.0090831585956
a2,368.58282428158356,118.78893617754706,184.1314913501107,1.855145504683632,0.5000000000000001,0.8660254037844387,0.0,299.99957748946235
a2,290.14878308304753,346.41016149999984,478.48309680274775,1.855145504683632,0.5000000000000001,0.8660254037844387,0.0,299.99957748946235
a2,254.5389326750799,309.26031487037204,3.1384536393268982,1.855145504683632,0.5000000000000001,0.8660254037844387,0.0,299.99957748946235
a2,379.0738942507959,136.9600023892606,356.61392080700233,1.855145504683632,0.5000000000000001,0.8660254037844387,0.0,299.99957748946235
a2,302.9848127883805,212.84443606568817,8.978294868241122,4.817189457076758,0.5000000000000001,0.8660254037844387,0.0,1964.0918142011496
a2,250.5995489179036,0.0,444.81064153600397,1.855145504683632,0.5000000000000001,0.8660254037844387,0.0,299.99957748946235
a2,343.20742627671996,270.9881803508396,110.89565607578558,1.855145504683632,0.5000000000000001,0.8660254037844387,0.0,299.99957748946235
a2,67.30308456503882,61.10389874447535,442.23561925713244,1.855145504683632,0.5000000000000001,0.8660254037844387,0.0,299.99957748946235
a2,68.87979363319896,181.826019764678,97.47525427045933,4.810683825010773,0.5000000000000001,0.8660254037844387,0.0,1958.79037000292
a2,384.55002490946,146.4449389185753,376.10545214407756,1.855145504683632,0.5000000000000001,0.8660254037844387,0.0,299.99957748946235
a2,328.80689422181945,295.682071772457,174.21372829087397,1.855145504683632,0.5000000000000001,0.8660254037844387,0.0,299.99957748946235
a2,394.9632019263213,164.4810905792701,534.8575470847348,1.855145504683632,0.5000000000000001,0.8660254037844387,0.0,299.99957748946235
a2,270.43291281807984,0.0,490.4512188604835,1.855145504683632,0.5000000000000001,0.8660254037844387,0.0,299.99957748946235
a2,268.2038941257102,344.0190661534492,418.8315490803383,1.855145504683632,0.5000000000000001,0.8660254037844387,0.0,299.99957748946235
a2,274.6938197602113,54.99799183914236,651.9257173408178,1.855145504683632,0.5000000000000001,0.8660254037844387,0.0,299.99957748946235
a2,384.43023506822436,147.40913566491975,137.86788682642882,1.855145504683632,0.5000000000000001,0.8660254037844387,0.0,299.99957748946235
a2,88.14379948576855,24.744660368532323,614.9655268710361,1.855145504683632,0.5000000000000001,0.8660254037844387,0.0,299.99957748946235
a2,78.60700917801002,309.3564144719321,93.00032747331798,1.855145504683632,0.5000000000000001,0.8660254037844387,0.0,299.99957748946235
a2,30.40251611566599,121.58052311949928,588.2508221953218,1.855145504683632,0.5000000000000001,0.8660254037844387,0.0,299.99957748946235
a2,72.55219328042728,52.90794507793004,348.14104240312014,1.855145504683632,0.5000000000000001,0.8660254037844387,0.0,299.99957748946235
a2,294.59167452870344,28.078598488327764,653.1971999999998,1.855145504683632,0.5000000000000001,0.8660254037844387,0.0,299.99957748946235
a2,338.351204887588,66.42623539414443,115.13304403093721,1.855145504683632,0.5000000000000001,0.8660254037844387,0.0,299.99957748946235
a2,362.1180229681569,181.5775448333845,0.0,1.855145504683632,0.5000000000000001,0.8660254037844387,0.0,299.99957748946235
a2,97.70816679939767,10.076367939534352,604.530945999773,1.855145504683632,0.5000000000000001,0.8660254037844387,0.0,299.99957748946235
a2,351.05140443540876,253.70874411180418,227.22300834006566,1.855145504683632,0.5000000000000001,0.8660254037844387,0.0,299.99957748946235
a2,48.13957442211265,232.7489745688027,108.11576197251073,4.814740814581651,0.5000000000000001,0.8660254037844387,0.0,1962.0955728689848
a2,328.4492821685481,297.13455934717115,57.92344913696753,1.855145504683632,0.5000000000000001,0.8660254037844387,0.0,299.99957748946235
a2,309.58633488980826,329.8061424131422,313.8094085428929,1.855145504683632,0.5000000000000001,0.8660254037844387,0.0,299.99957748946235
a2,84.53474316281206,319.6235509069536,374.9582463488317,1.855145504683632,0.5000000000000001,0.8660254037844387,0.0,299.99957748946235
a2,171.96725502630403,2.7079316666164255,447.0236536861118,1.855145504683632,0.5000000000000001,0.8660254037844387,0.0,299.99957748946235
a2,285.251568496737,119.25204159917068,653.1566731981751,1.855145504683632,0.5000000000000001,0.8660254037844387,0.0,299.99957748946235
a2,30.993723521618154,215.93822617021354,0.1025301893982849,1.855145504683632,0.5000000000000001,0.8660254037844387,0.0,299.99957748946235
a2,83.83456016925696,146.0443624961461,0.0,1.855145504683632,0.5000000000000001,0.8660254037844387,0.0,299.99957748946235
a2,290.1899178761466,0.0,433.5498518257625,1.855145504683632,0.5000000000000001,0.8660254037844387,0.0,299.99957748946235
a2,183.41691577862258,346.4101615000001,126.37799406613782,1.855145504683632,0.5000000000000001,0.8660254037844387,0.0,299.99957748946235
a2,5.909690665314111,163.00919829128196,151.3708634400682,1.855145504683632,0.5000000000000001,0.8660254037844387,0.0,299.99957748946235
a2,211.16766715608534,346.41016149999984,454.458670066714,1.855145504683632,0.5000000000000001,0.8660254037844387,0.0,299.99957748946235
a2,30.654609558311254,120.10973951092976,508.644761437684,1.855145504683632,0.5000000000000001,0.8660254037844387,0.0,299.99957748946235
a2,118.11218839544435,3.115291986391345,619.1636820650494,1.855145504683632,0.5000000000000001,0.8660254037844387,0.0,299.99957748946235
a2,249.7918948468969,0.0,341.352979245929,1.855145504683632,0.5000000000000001,0.8660254037844387,0.0,299.99957748946235
a2,281.70340903008633,346.41016149999984,132.33191174229387,1.855145504683632,0.5000000000000001,0.8660254037844387,0.0,299.99957748946235
a2,147.98338888942942,345.1422679255013,485.671350773592,1.855145504683632,0.5000000000000001,0.8660254037844387,0.0,299.99957748946235
a2,49.90308918357854,87.64687793857613,281.3526534904918,1.855145504683632,0.5000000000000001,0.8660254037844387,0.0,299.99957748946235
a2,268.28774237510254,88.2879238810948,653.1971999999998,1.855145504683632,0.5000000000000001,0.8660254037844387,0.0,299.99957748946235
a2,353.7040579355112,253.39200458677115,247.24295067237267,1.855145504683632,0.5000000000000001,0.8660254037844387,0.0,299.99957748946235
a2,300.00000000000006,346.41016149999984,67.5721241379311,1.855145504683632,0.5000000000000001,0.8660254037844387,0.0,299.99957748946235
a2,337.3981213978845,88.23723675303009,430.03671024445555,4.816537493712672,0.5000000000000001,0.8660254037844387,0.0,1963.560205774784
a2,357.0528058632517,149.57025801513834,653.1108030893517,1.855145504683632,0.5000000000000001,0.8660254037844387,0.0,299.99957748946235
a2,171.61381059328633,346.4101615000001,408.1794613523894,1.855145504683632,0.5000000000000001,0.8660254037844387,0.0,299.99957748946235
a2,376.10759928902894,131.82222880544873,622.8815160322083,1.855145504683632,0.5000000000000001,0.8660254037844387,0.0,299.99957748946235
a2,175.7755220344609,127.03364589391957,653.1971999999998,1.855145504683632,0.5000000000000001,0.8660254037844387,0.0,299.99957748946235
a2,4.73954511832906,164.99594780061548,60.63392914228538,1.855145504683632,0.5000000000000001,0.8660254037844387,0.0,299.99957748946235
a2,131.53652020396805,303.66642617321276,650.9363871035629,1.855145504683632,0.5000000000000001,0.8660254037844387,0.0,299.99957748946235
a2,281.7378232471521,1.4228213980102398,642.795548999674,1.855145504683632,0.5000000000000001,0.8660254037844387,0.0,299.99957748946235
a2,381.53362359507025,198.4793694738265,223.58287686259573,1.855145504683632,0.5000000000000001,0.8660254037844387,0.0,299.99957748946235
a2,190.79088454906426,346.4101615000001,523.3569978246879,1.855145504683632,0.5000000000000001,0.8660254037844387,0.0,299.99957748946235
a2,378.86759467162466,136.60268103657017,414.0228721212517,1.855145504683632,0.5000000000000001,0.8660254037844387,0.0,299.99957748946235
a2,270.6060623974632,200.01511805399113,651.4348525628432,1.855145504683632,0.5000000000000001,0.8660254037844387,0.0,299.99957748946235
a2,212.7666230966642,50.297734411048566,650.4657223919503,1.855145504683632,0.5000000000000001,0.8660254037844387,0.0,299.99957748946235
a2,96.26462472199492,67.532384836052,363.8790724658993,4.811917570943967,0.5000000000000001,0.8660254037844387,0.0,1959.7951999303734
a2,210.76689490634504,87.5967426628014,653.1971999999998,1.855145504683632,0.5000000000000001,0.8660254037844387,0.0,299.99957748946235
a2,320.3056217330036,37.073392934647025,32.90290637060206,1.855145504683632,0.5000000000000001,0.8660254037844387,0.0,299.99957748946235
a2,297.4900463987293,327.408998724607,410.0892262018916,4.8206892946519275,0.5000000000000001,0.8660254037844387,0.0,1966.9467982044425
a2,317.9937214948513,47.18719713066796,216.88791288791685,4.818429866970805,0.5000000000000001,0.8660254037844387,0.0,1965.1034383474
a2,375.73927786611983,194.7894859214708,384.6385080356866,4.819188479083025,0.5000000000000001,0.8660254037844387,0.0,1965.7222576154873
a2,19.346699176771512,205.5219791100693,469.9319155719939,1.855145504683632,0.5000000000000001,0.8660254037844387,0.0,299.99957748946235
a2,309.56839213559,329.8372201750747,336.7441791944103,1.855145504683632,0.5000000000000001,0.8660254037844387,0.0,299.99957748946235
a2,230.78334570603135,0.0,467.9220036914755,1.855145504683632,0.5000000000000001,0.8660254037844387,0.0,299.99957748946235
a2,78.82964019396366,307.07767253325045,93.47404956033539,1.855145504683632,0.5000000000000001,0.8660254037844387,0.0,299.99957748946235
a2,30.65944793380116,225.20702473419757,595.9060065464047,1.855145504683632,0.5000000000000001,0.8660254037844387,0.0,299.99957748946235
a2,27.157427252927857,131.05192316118587,570.1082780245567,1.855145504683632,0.5000000000000001,0.8660254037844387,0.0,299.99957748946235
a2,155.7629710859784,346.4101615000001,212.41252516544847,1.855145504683632,0.5000000000000001,0.8660254037844387,0.0,299.99957748946235
a2,283.0131369532113,0.9089025549452698,188.43951699477657,1.855145504683632,0.5000000000000001,0.8660254037844387,0.0,299.99957748946235
a2,328.954556957868,293.07874072299734,297.2431318912432,1.855145504683632,0.5000000000000001,0.8660254037844387,0.0,299.99957748946235
a2,100.41274286101647,175.94889450911006,0.0,1.855145504683632,0.5000000000000001,0.8660254037844387,0.0,299.99957748946235
a2,302.7175059453699,10.963892599807314,488.72337727636545,1.855145504683632,0.5000000000000001,0.8660254037844387,0.0,299.99957748946235
a2,7.04627265677782,180.143581675642,143.1131345496245,1.855145504683632,0.5000000000000001,0.8660254037844387,0.0,299.99957748946235
a2,97.24980269149373,235.9039593482925,2.652484340965778,1.855145504683632,0.5000000000000001,0.8660254037844387,0.0,299.99957748946235
a2,384.77585464367934,199.57407400791277,488.9739246118007,1.855145504683632,0.5000000000000001,0.8660254037844387,0.0,299.99957748946235
a2,240.6590266892426,0.0,450.6008951237634,1.855145504683632,0.5000000000000001,0.8660254037844387,0.0,299.99957748946235
a2,261.9370771342717,138.0333205162534,653.1971999999998,1.855145504683632,0.5000000000000001,0.8660254037844387,0.0,299.99957748946235
a2,255.3443361656709,207.70287316985923,0.0,1.855145504683632,0.5000000000000001,0.8660254037844387,0.0,299.99957748946235
a2,74.72668646239059,302.6354983789829,546.1839621034057,1.855145504683632,0.5000000000000001,0.8660254037844387,0.0,299.99957748946235
a2,219.4582245931188,0.0,255.15329050263472,1.855145504683632,0.5000000000000001,0.8660254037844387,0.0,299.99957748946235
a2,184.1406988552003,206.64668771677975,2.6281847899258057,1.855145504683632,0.5000000000000001,0.8660254037844387,0.0,299.99957748946235
a2,270.8519220257524,346.41016149999984,432.8674749178224,1.855145504683632,0.5000000000000001,0.8660254037844387,0.0,299.99957748946235
a2,215.20210446398434,197.25770984506278,653.1971999999998,1.855145504683632,0.5000000000000001,0.8660254037844387,0.0,299.99957748946235
a2,170.34179813255182,2.756621597654885e-14,376.2201608880679,1.855145504683632,0.5000000000000001,0.8660254037844387,0.0,299.99957748946235
a2,374.6347548080931,217.13897416707812,488.71477220226086,1.855145504683632,0.5000000000000001,0.8660254037844387,0.0,299.99957748946235
a2,173.482536609329,343.6171691113445,256.3288567350438,1.855145504683632,0.5000000000000001,0.8660254037844387,0.0,299.99957748946235
a2,371.7806511159048,216.40069220823486,108.14254680528545,1.855145504683632,0.5000000000000001,0.8660254037844387,0.0,299.99957748946235
a2,190.79664492189664,346.35075478575703,199.79210162820843,1.855145504683632,0.5000000000000001,0.8660254037844387,0.0,299.99957748946235
a2,337.0398993508838,108.49123579245293,518.8481865365859,4.810954781023313,0.5000000000000001,0.8660254037844387,0.0,1959.0110292664185
a2,300.00000000000006,0.0,259.02647586206905,1.855145504683632,0.5000000000000001,0.8660254037844387,0.0,299.99957748946235
a2,39.62119124214177,240.32118060148832,573.7541653267485,1.855145504683632,0.5000000000000001,0.8660254037844387,0.0,299.99957748946235
a2,369.5072277148769,226.02011160936144,482.89422341638294,1.855145504683632,0.5000000000000001,0.8660254037844387,0.0,299.99957748946235
a2,26.69291546952558,129.90408336798612,76.7672857912848,1.855145504683632,0.5000000000000001,0.8660254037844387,0.0,299.99957748946235
a2,80.83291026096008,309.80076392304363,549.1753859234253,1.855145504683632,0.5000000000000001,0.8660254037844387,0.0,299.99957748946235
a2,249.92226877206156,336.74759197335624,0.0,1.855145504683632,0.5000000000000001,0.8660254037844387,0.0,299.99957748946235
a2,384.7656620146953,146.818433340825,194.37972408630745,1.855145504683632,0.5000000000000001,0.8660254037844387,0.0,299.99957748946235
a2,19.852903508867218,207.59131830375307,552.4144660832726,1.855145504683632,0.5000000000000001,0.8660254037844387,0.0,299.99957748946235
a2,272.9514099169562,346.41016149999984,47.13419279848864,1.855145504683632,0.5000000000000001,0.8660254037844387,0.0,299.99957748946235
a2,394.7527496719327,182.29358491788363,354.77158155487496,1.855145504683632,0.5000000000000001,0.8660254037844387,0.0,299.99957748946235
a2,398.18555018780467,170.46911563868574,551.8354720112258,1.855145504683632,0.5000000000000001,0.8660254037844387,0.0,299.99957748946235
a2,334.93637662722807,63.129760478609114,581.4961150406001,1.855145504683632,0.5000000000000001,0.8660254037844387,0.0,299.99957748946235
a2,24.18242282057736,214.21077081703234,130.92450922538092,1.855145504683632,0.5000000000000001,0.8660254037844387,0.0,299.99957748946235
a2,244.26368786620216,345.5213045477966,436.581452914046,1.855145504683632,0.5000000000000001,0.8660254037844387,0.0,299.99957748946235
a2,182.97629192374586,319.03828392424793,650.6481998541725,1.855145504683632,0.5000000000000001,0.8660254037844387,0.0,299.99957748946235
a2,172.51488392761814,346.4101615000001,270.1224013537901,1.855145504683632,0.5000000000000001,0.8660254037844387,0.0,299.99957748946235
a2,25.595598616699185,199.9144793359968,0.5177552054108209,1.855145504683632,0.5000000000000001,0.8660254037844387,0.0,299.99957748946235
a2,19.505886152459997,139.41989488862862,119.6732917795804,1.855145504683632,0.5000000000000001,0.8660254037844387,0.0,299.99957748946235
a2,29.690668653353327,224.6308273662556,529.421778601284,1.855145504683632,0.5000000000000001,0.8660254037844387,0.0,299.99957748946235
a2,51.02064634714537,87.50667546641213,222.26093633770643,1.855145504683632,0.5000000000000001,0.8660254037844387,0.0,299.99957748946235
a2,25.443369614813168,213.47643158419845,547.5145331066074,1.855145504683632,0.5000000000000001,0.8660254037844387,0.0,299.99957748946235
a2,302.6549833353327,6.401348952931984,230.02441786003453,1.855145504683632,0.5000000000000001,0.8660254037844387,0.0,299.99957748946235
a2,204.01638876659854,345.3714656367734,47.0486157438285,1.855145504683632,0.5000000000000001,0.8660254037844387,0.0,299.99957748946235
a2,149.16792099967486,2.756621597654885e-14,101.17673437944627,1.855145504683632,0.5000000000000001,0.8660254037844387,0.0,299.99957748946235
a2,38.3521442999417,239.63294325407057,115.13303170237735,1.855145504683632,0.5000000000000001,0.8660254037844387,0.0,299.99957748946235
a2,52.69810219734564,87.98991351367408,574.7180255613716,1.855145504683632,0.5000000000000001,0.8660254037844387,0.0,299.99957748946235
a2,319.33528896863936,33.48970287137755,255.02331726538534,1.855145504683632,0.5000000000000001,0.8660254037844387,0.0,299.99957748946235
a2,149.23288409071284,2.756621597654885e-14,170.1556325005756,1.855145504683632,0.5000000000000001,0.8660254037844387,0.0,299.99957748946235
a2,237.41038498024605,297.0283398931395,0.0,1.855145504683632,0.5000000000000001,0.8660254037844387,0.0,299.99957748946235
a2,314.79749694107574,320.7801449742311,535.1276398336826,1.855145504683632,0.5000000000000001,0.8660254037844387,0.0,299.99957748946235
a2,384.06447197724407,200.80622492975306,259.74929547539034,1.855145504683632,0.5000000000000001,0.8660254037844387,0.0,299.99957748946235
a2,344.6469482781406,269.07937868243573,602.7891628431745,1.855145504683632,0.5000000000000001,0.8660254037844387,0.0,299.99957748946235
a2,228.87392647209558,2.8288561495574442,170.91051497610175,1.855145504683632,0.5000000000000001,0.8660254037844387,0.0,299.99957748946235
a2,374.0435772641559,128.24723779056998,362.2310515525276,1.855145504683632,0.5000000000000001,0.8660254037844387,0.0,299.99957748946235
a2,119.96791490765733,344.2604077385636,561.545522851005,1.855145504683632,0.5000000000000001,0.8660254037844387,0.0,299.99957748946235
a2,89.96702755264572,257.135731259066,2.957098785160211,1.855145504683632,0.5000000000000001,0.8660254037844387,0.0,299.99957748946235
a2,14.406484214387078,148.25231813323487,115.61752445262647,1.855145504683632,0.5000000000000001,0.8660254037844387,0.0,299.99957748946235
a2,49.07902941480685,258.21245327923236,356.60315240461733,1.855145504683632,0.5000000000000001,0.8660254037844387,0.0,299.99957748946235
a2,312.1962461801856,25.322815618230226,110.47304580580933,1.855145504683632,0.5000000000000001,0.8660254037844387,0.0,299.99957748946235
a2,45.60655594430658,94.21220869936982,623.6374821133987,1.855145504683632,0.5000000000000001,0.8660254037844387,0.0,299.99957748946235
a2,226.70627377344982,197.3959491650418,653.1971999999998,1.855145504683632,0.5000000000000001,0.8660254037844387,0.0,299.99957748946235
a2,255.39748173925568,1.8889340734554831,93.83523292755295,1.855145504683632,0.5000000000000001,0.8660254037844387,0.0,299.99957748946235
a2,162.66410848888464,346.4101615000001,252.80023929851407,1.855145504683632,0.5000000000000001,0.8660254037844387,0.0,299.99957748946235
a2,168.79679805684216,344.1140523103317,371.4844652542529,1.855145504683632,0.5000000000000001,0.8660254037844387,0.0,299.99957748946235
a2,280.45545014457394,0.0,315.1994842222528,1.855145504683632,0.5000000000000001,0.8660254037844387,0.0,299.99957748946235
a2,337.02854840987993,71.333829389854,451.8210875692181,1.855145504683632,0.5000000000000001,0.8660254037844387,0.0,299.99957748946235
a2,365.05256657031805,177.09976604402848,637.9793565034178,4.81402980972393,0.5000000000000001,0.8660254037844387,0.0,1961.516120503271
a2,187.31308454791946,225.4939504174513,650.6788661260376,1.855145504683632,0.5000000000000001,0.8660254037844387,0.0,299.99957748946235
a2,69.61405492766586,293.78016080081295,540.4190935783338,1.855145504683632,0.5000000000000001,0.8660254037844387,0.0,299.99957748946235
a2,73.16344112101663,226.9345215167384,653.1971999999998,1.855145504683632,0.5000000000000001,0.8660254037844387,0.0,299.99957748946235
a2,394.8530631882941,182.11983681086699,207.09832792145374,1.855145504683632,0.5000000000000001,0.8660254037844387,0.0,299.99957748946235
a2,317.5487343695401,315.9469793547688,153.06644649437135,1.855145504683632,0.5000000000000001,0.8660254037844387,0.0,299.99957748946235
a2,394.67114094371436,164.5995928570325,555.1919319468706,1.855145504683632,0.5000000000000001,0.8660254037844387,0.0,299.99957748946235
a2,29.690668653353327,224.6308273662556,529.421778601284,1.855145504683632,0.5000000000000001,0.8660254037844387,0.0,299.99957748946235
a2,289.830150956723,345.82068258894503,317.69167755645026,1.855145504683632,0.5000000000000001,0.8660254037844387,0.0,299.99957748946235
a2,40.898296793968264,239.83095570958912,388.15817223112737,1.855145504683632,0.5000000000000001,0.8660254037844387,0.0,299.99957748946235
a2,7.131703045377282,179.08304630026055,105.06279452552917,1.855145504683632,0.5000000000000001,0.8660254037844387,0.0,299.99957748946235
a2,294.4502962577524,278.05191983720465,653.1971999999998,1.855145504683632,0.5000000000000001,0.8660254037844387,0.0,299.99957748946235
a2,328.995784396958,50.2221717788471,241.81286241287887,1.855145504683632,0.5000000000000001,0.8660254037844387,0.0,299.99957748946235
a2,368.5507544010077,209.09399704391836,73.91444092759791,4.816185362367652,0.5000000000000001,0.8660254037844387,0.0,1963.273109153057
a2,20.39996391923627,137.8713067707159,508.34159416043013,1.855145504683632,0.5000000000000001,0.8660254037844387,0.0,299.99957748946235
a2,27.88730234275018,130.337925714542,539.9745746919796,1.855145504683632,0.5000000000000001,0.8660254037844387,0.0,299.99957748946235
a2,82.33150159934056,313.44664755808196,369.96003141908795,1.855145504683632,0.5000000000000001,0.8660254037844387,0.0,299.99957748946235
a2,254.61982175500378,307.04804719832606,653.1971999999998,1.855145504683632,0.5000000000000001,0.8660254037844387,0.0,299.99957748946235
a2,76.17899006966339,41.32091439130656,374.6446728395436,1.855145504683632,0.5000000000000001,0.8660254037844387,0.0,299.99957748946235
a2,221.6288434631157,345.28027535787646,480.8067906793348,1.855145504683632,0.5000000000000001,0.8660254037844387,0.0,299.99957748946235
a2,337.0931113516919,282.05522123880166,71.0069214618566,1.855145504683632,0.5000000000000001,0.8660254037844387,0.0,299.99957748946235
a2,310.44654524522497,19.009892385820923,220.12666444894558,1.855145504683632,0.5000000000000001,0.8660254037844387,0.0,299.99957748946235
a2,358.6933759822346,106.94473796183624,18.545507685148856,1.855145504683632,0.5000000000000001,0.8660254037844387,0.0,299.99957748946235
a2,176.254386425089,87.18203393065882,0.0,1.855145504683632,0.5000000000000001,0.8660254037844387,0.0,299.99957748946235
a2,14.924273445038727,147.35548087816986,331.4731895271313,1.855145504683632,0.5000000000000001,0.8660254037844387,0.0,299.99957748946235
a2,169.4391573929739,2.756621597654885e-14,203.75817873616208,1.855145504683632,0.5000000000000001,0.8660254037844387,0.0,299.99957748946235
a2,116.41172167348437,345.71997347300567,6.311477263611054,1.855145504683632,0.5000000000000001,0.8660254037844387,0.0,299.99957748946235
a2,109.90871710217111,306.42200498403133,653.1971999999998,1.855145504683632,0.5000000000000001,0.8660254037844387,0.0,299.99957748946235
a2,126.07078792126134,183.8747053700929,650.4033597849099,1.855145504683632,0.5000000000000001,0.8660254037844387,0.0,299.99957748946235
a2,45.59575276833631,95.5122019213214,190.05839799007063,1.855145504683632,0.5000000000000001,0.8660254037844387,0.0,299.99957748946235
a2,122.05986576810396,211.81349014099894,140.14250396745962,4.819388050121791,0.5000000000000001,0.8660254037844387,0.0,1965.8850689923488
a2,395.07131011926487,178.6570779144695,419.53472854444846,1.855145504683632,0.5000000000000001,0.8660254037844387,0.0,299.99957748946235
a2,213.38942766321472,177.56625689148177,2.42105752409384,1.855145504683632,0.5000000000000001,0.8660254037844387,0.0,299.99957748946235
a2,100.00000000000003,346.4101615000001,180.19233103448286,1.855145504683632,0.5000000000000001,0.8660254037844387,0.0,299.99957748946235
a2,178.92900061373007,2.756621597654885e-14,151.86828878496974,1.855145504683632,0.5000000000000001,0.8660254037844387,0.0,299.99957748946235
a2,203.4585073096543,217.04520473701933,653.1971999999998,1.855145504683632,0.5000000000000001,0.8660254037844387,0.0,299.99957748946235
a2,206.5255609370924,102.0898133353574,467.8926923130279,4.822330328317001,0.5000000000000001,0.8660254037844387,0.0,1968.286181481681
a2,45.398045809493944,94.57335884674397,445.17406285723524,1.855145504683632,0.5000000000000001,0.8660254037844387,0.0,299.99957748946235
a2,261.5441370458828,345.1287676727721,198.16230681415,1.855145504683632,0.5000000000000001,0.8660254037844387,0.0,299.99957748946235
a2,106.63054141350646,343.22147362954337,592.6984256343236,1.855145504683632,0.5000000000000001,0.8660254037844387,0.0,299.99957748946235
a2,280.37320214460664,0.859345353085233,87.89906180753789,1.855145504683632,0.5000000000000001,0.8660254037844387,0.0,299.99957748946235
a2,368.23381404916813,228.22572877733344,103.39059780191012,1.855145504683632,0.5000000000000001,0.8660254037844387,0.0,299.99957748946235
a2,79.872920518623,257.56477650299496,0.14679080699969643,1.855145504683632,0.5000000000000001,0.8660254037844387,0.0,299.99957748946235
a2,323.6239161441144,105.59506719530074,320.57253025606343,4.8125470767105885,0.5000000000000001,0.8660254037844387,0.0,1960.3080030112285
a2,290.18043685803536,0.0,467.40547922565753,1.855145504683632,0.5000000000000001,0.8660254037844387,0.0,299.99957748946235
a2,395.12340199240646,164.7585652330945,84.46515517241387,1.855145504683632,0.5000000000000001,0.8660254037844387,0.0,299.99957748946235
a2,59.8021401877194,259.0747131438105,653.1971999999998,1.855145504683632,0.5000000000000001,0.8660254037844387,0.0,299.99957748946235
a2,224.91445980739397,0.5973373743700553,19.097588515636215,1.855145504683632,0.5000000000000001,0.8660254037844387,0.0,299.99957748946235
a2,166.02850116376962,0.5049390184495745,2.6270850083333843,1.855145504683632,0.5000000000000001,0.8660254037844387,0.0,299.99957748946235
a2,9.02254658121612,157.57757165829827,32.028397161076995,1.855145504683632,0.5000000000000001,0.8660254037844387,0.0,299.99957748946235
a2,379.194526732307,137.1689439762724,425.24149494633434,1.855145504683632,0.5000000000000001,0.8660254037844387,0.0,299.99957748946235
a2,128.72409623568976,2.067524944048808,446.1188719629907,1.855145504683632,0.5000000000000001,0.8660254037844387,0.0,299.99957748946235
a2,309.6263629220484,327.9992560406973,304.374729096655,1.855145504683632,0.5000000000000001,0.8660254037844387,0.0,299.99957748946235
a2,80.36365366509541,311.13546602418364,310.73865329937536,1.855145504683632,0.5000000000000001,0.8660254037844387,0.0,299.99957748946235
a2,44.394033890351665,245.8559715354973,77.13660889815272,1.855145504683632,0.5000000000000001,0.8660254037844387,0.0,299.99957748946235
a2,348.44076622976587,83.90186826418434,161.02231818406705,1.855145504683632,0.5000000000000001,0.8660254037844387,0.0,299.99957748946235
a2,41.36655383822161,239.707459113499,173.61484648427773,1.855145504683632,0.5000000000000001,0.8660254037844387,0.0,299.99957748946235
a2,239.32341857949274,248.14749500130202,407.35131563601897,4.822064312493319,0.5000000000000001,0.8660254037844387,0.0,1968.0690330109085
a2,199.5021576095059,67.53270036051862,653.1971999999998,1.855145504683632,0.5000000000000001,0.8660254037844387,0.0,299.99957748946235
a2,76.01243786232759,46.265561889187474,113.3217693626069,1.855145504683632,0.5000000000000001,0.8660254037844387,0.0,299.99957748946235
a2,198.4616798570311,1.0763892639693768,131.0844152402661,1.855145504683632,0.5000000000000001,0.8660254037844387,0.0,299.99957748946235
a2,209.7788180242363,2.3262400821761844,504.4579806482139,1.855145504683632,0.5000000000000001,0.8660254037844387,0.0,299.99957748946235
a2,270.2301898155685,45.81235559388769,284.818517554376,4.81156303691515,0.5000000000000001,0.8660254037844387,0.0,1959.5064217120118
a2,34.89902398058047,233.65196341652626,602.7904663859804,1.855145504683632,0.5000000000000001,0.8660254037844387,0.0,299.99957748946235
a2,95.14757419098878,8.404648040831635,208.34738275862085,1.855145504683632,0.5000000000000001,0.8660254037844387,0.0,299.99957748946235
a2,131.19611263153882,344.6028708060383,102.33162304635431,1.855145504683632,0.5000000000000001,0.8660254037844387,0.0,299.99957748946235
a2,73.90101451333437,301.20539261288997,202.0431596992274,1.855145504683632,0.5000000000000001,0.8660254037844387,0.0,299.99957748946235
a2,161.56818631751779,203.91233208158744,2.8942560991305153,1.855145504683632,0.5000000000000001,0.8660254037844387,0.0,299.99957748946235
a2,165.59440530040345,2.871480830890505e-14,634.4229289388284,1.855145504683632,0.5000000000000001,0.8660254037844387,0.0,299.99957748946235
a2,229.94655996692833,0.49869008139742943,226.70949478945553,1.855145504683632,0.5000000000000001,0.8660254037844387,0.0,299.99957748946235
a2,293.24118648017145,138.17371858518757,624.4805072662671,4.8086511500580595,0.5000000000000001,0.8660254037844387,0.0,1957.1354107117945
a2,52.33762378701498,84.82417925732976,427.8745792359215,1.855145504683632,0.5000000000000001,0.8660254037844387,0.0,299.99957748946235
a2,366.22798876272145,223.83327636796042,323.4134850036951,1.855145504683632,0.5000000000000001,0.8660254037844387,0.0,299.99957748946235
a2,330.02410958192536,208.0966642021933,309.4464845272131,4.813016173870013,0.5000000000000001,0.8660254037844387,0.0,1960.6901789020283
a2,130.8623280725454,2.756621597654885e-14,605.128636929338,1.855145504683632,0.5000000000000001,0.8660254037844387,0.0,299.99957748946235
a2,192.51758161382187,268.742572109599,286.34772515541516,4.820223352262513,0.5000000000000001,0.8660254037844387,0.0,1966.5665871832614
a2,62.762197021995014,184.67305563922997,653.1971999999998,1.855145504683632,0.5000000000000001,0.8660254037844387,0.0,299.99957748946235
a2,232.19032154743243,344.09816494335314,359.89212204947916,1.855145504683632,0.5000000000000001,0.8660254037844387,0.0,299.99957748946235
a2,26.994209094755426,213.95703158920398,258.3023376171427,1.855145504683632,0.5000000000000001,0.8660254037844387,0.0,299.99957748946235
a2,377.36748562309083,211.1165950304291,403.883218572379,1.855145504683632,0.5000000000000001,0.8660254037844387,0.0,299.99957748946235
a2,13.35762193314007,195.74765818399254,33.818751636719306,1.855145504683632,0.5000000000000001,0.8660254037844387,0.0,299.99957748946235
a2,51.410778305674825,84.54301690924193,462.7485029503053,1.855145504683632,0.5000000000000001,0.8660254037844387,0.0,299.99957748946235
a2,223.52831358764297,48.83264743961785,2.232974717845667,1.855145504683632,0.5000000000000001,0.8660254037844387,0.0,299.99957748946235
a2,243.66154079972407,346.3111926608931,529.043205125893,1.855145504683632,0.5000000000000001,0.8660254037844387,0.0,299.99957748946235
a2,338.70262551948684,67.03491378339717,230.18090721707006,1.855145504683632,0.5000000000000001,0.8660254037844387,0.0,299.99957748946235
a2,189.47094566867858,2.756621597654885e-14,238.07103843909223,1.855145504683632,0.5000000000000001,0.8660254037844387,0.0,299.99957748946235
a2,81.28755308347588,277.71970314355275,653.1971999999998,1.855145504683632,0.5000000000000001,0.8660254037844387,0.0,299.99957748946235
a2,97.24375779052178,337.2781814115641,614.8789782887459,1.855145504683632,0.5000000000000001,0.8660254037844387,0.0,299.99957748946235
a2,356.98387254124395,102.2609667779804,216.49082031004437,1.855145504683632,0.5000000000000001,0.8660254037844387,0.0,299.99957748946235
a2,359.43172371189456,242.70698629068616,331.77573886368333,1.855145504683632,0.5000000000000001,0.8660254037844387,0.0,299.99957748946235
a2,307.81476663120173,118.87291998076793,653.1971999999998,1.855145504683632,0.5000000000000001,0.8660254037844387,0.0,299.99957748946235
a2,314.71767350439313,320.9184032221947,455.36884894625916,1.855145504683632,0.5000000000000001,0.8660254037844387,0.0,299.99957748946235
a2,98.03890097723593,340.628100235147,376.58943901533144,1.855145504683632,0.5000000000000001,0.8660254037844387,0.0,299.99957748946235
a2,210.7661907786292,146.55579453483054,651.9152651970011,1.855145504683632,0.5000000000000001,0.8660254037844387,0.0,299.99957748946235
a2,264.190952827552,344.589680961565,103.79660911589336,1.855145504683632,0.5000000000000001,0.8660254037844387,0.0,299.99957748946235
a3,242.15728660567063,346.41016149999984,218.80334373541208,1.855145504683632,-0.5000000000000001,0.8660254037844387,0.0,299.99957748946235
a3,379.30538585385204,209.04920389273653,128.80831796972606,1.855145504683632,-0.5000000000000001,0.8660254037844387,0.0,299.99957748946235
a3,327.8629221230928,278.68512587532246,653.1971999999998,1.855145504683632,-0.5000000000000001,0.8660254037844387,0.0,299.99957748946235
a3,74.13531524432113,301.6112133831934,190.88604980125,1.855145504683632,-0.5000000000000001,0.8660254037844387,0.0,299.99957748946235
a3,351.85453384759955,183.2687129071903,651.1243881267088,1.855145504683632,-0.5000000000000001,0.8660254037844387,0.0,299.99957748946235
a3,358.0289522752537,100.50909364673223,69.11751255971986,1.855145504683632,-0.5000000000000001,0.8660254037844387,0.0,299.99957748946235
a3,4.885551641068998,164.7430570850035,105.7647051720437,1.855145504683632,-0.5000000000000001,0.8660254037844387,0.0,299.99957748946235
a3,69.21871034939394,167.08009181229158,19.225589380266676,4.808385226275631,-0.5000000000000001,0.8660254037844387,0.0,1956.918953146378
a3,212.16717859282676,346.21307869947333,66.008688795846,1.855145504683632,-0.5000000000000001,0.8660254037844387,0.0,299.99957748946235
a3,70.1687898587088,51.66917161392554,404.54112298829,1.855145504683632,-0.5000000000000001,0.8660254037844387,0.0,299.99957748946235
a3,132.61983552944838,346.4101615000001,154.95670175122504,1.855145504683632,-0.5000000000000001,0.8660254037844387,0.0,299.99957748946235
a3,25.100350648346197,129.7299981409988,365.08712999697036,1.855145504683632,-0.5000000000000001,0.8660254037844387,0.0,299.99957748946235
a3,201.96635001608948,0.060761104905345545,8.278994980619201,1.855145504683632,-0.5000000000000001,0.8660254037844387,0.0,299.99957748946235
a3,29.00079547703354,223.4359319741383,253.31804192290025,1.855145504683632,-0.5000000000000001,0.8660254037844387,0.0,299.99957748946235
a3,62.87016044385059,100.47478840737803,603.1786417702685,4.808370710210651,-0.5000000000000001,0.8660254037844387,0.0,1956.9071376538714
a3,174.0996109605465,266.5058688563836,653.1971999999998,1.855145504683632,-0.5000000000000001,0.8660254037844387,0.0,299.99957748946235
a3,237.97101895682357,217.45964818874225,0.0,1.855145504683632,-0.5000000000000001,0.8660254037844387,0.0,299.99957748946235
a3,400.0000000000001,173.20508075,349.12264137931055,1.855145504683632,-0.5000000000000001,0.8660254037844387,0.0,299.99957748946235
a3,59.234584066581654,254.14391730986128,85.74482628235974,4.816226884568095,-0.5000000000000001,0.8660254037844387,0.0,1963.3069615756
a3,68.41226696538617,289.4389116875161,263.6223394521903,1.855145504683632,-0.5000000000000001,0.8660254037844387,0.0,299.99957748946235
a3,59.8006122467385,69.62738201904213,278.1628462132191,1.855145504683632,-0.5000000000000001,0.8660254037844387,0.0,299.99957748946235
a3,4.905396075207889,164.70868551682887,343.4302160735783,1.855145504683632,-0.5000000000000001,0.8660254037844387,0.0,299.99957748946235
a3,308.56359388713554,218.9198738036482,2.8828560616535306,1.855145504683632,-0.5000000000000001,0.8660254037844387,0.0,299.99957748946235
a3,308.9157514568001,156.32176900955992,650.6915716539324,1.855145504683632,-0.5000000000000001,0.8660254037844387,0.0,299.99957748946235
a3,333.7119603948299,58.3908282242731,178.47245110167563,1.855145504683632,-0.5000000000000001,0.8660254037844387,0.0,299.99957748946235
a3,16.660644225341652,147.81440384476807,229.98650559143806,1.855145504683632,-0.5000000000000001,0.8660254037844387,0.0,299.99957748946235
a3,323.8307276448621,41.27603106059559,623.0599816967805,1.855145504683632,-0.5000000000000001,0.8660254037844387,0.0,299.99957748946235
a3,325.7559335543329,294.5131422225749,170.9346776404236,1.855145504683632,-0.5000000000000001,0.8660254037844387,0.0,299.99957748946235
a3,300.8755191841418,228.04868340451068,653.1971999999998,1.855145504683632,-0.5000000000000001,0.8660254037844387,0.0,299.99957748946235
a3,389.9152645389209,189.43957609456106,451.62721876889594,1.855145504683632,-0.5000000000000001,0.8660254037844387,0.0,299.99957748946235
a3,9.808779684106241,190.19438552244583,472.6494821612715,1.855145504683632,-0.5000000000000001,0.8660254037844387,0.0,299.99957748946235
a3,289.65773304187593,343.3612724105969,62.81801422832098,1.855145504683632,-0.5000000000000001,0.8660254037844387,0.0,299.99957748946235
a3,90.24680398481264,16.893031033810956,326.5986000000001,1.855145504683632,-0.5000000000000001,0.8660254037844387,0.0,299.99957748946235
a3,348.424361134692,87.3536763703153,378.9330965646524,1.855145504683632,-0.5000000000000001,0.8660254037844387,0.0,299.99957748946235
a3,322.2529646400426,43.40790557675948,53.280463359727136,1.855145504683632,-0.5000000000000001,0.8660254037844387,0.0,299.99957748946235
a3,208.6358167055897,1.1239504362341832,618.0300727791358,1.855145504683632,-0.5000000000000001,0.8660254037844387,0.0,299.99957748946235
a3,14.787131418817026,147.59301783542935,183.18335627617193,1.855145504683632,-0.5000000000000001,0.8660254037844387,0.0,299.99957748946235
a3,244.11089380705627,2.9980251401479303,507.02311071977414,1.855145504683632,-0.5000000000000001,0.8660254037844387,0.0,299.99957748946235
a3,259.619171571921,0.586025038750256,452.1734140932264,1.855145504683632,-0.5000000000000001,0.8660254037844387,0.0,299.99957748946235
a3,328.960302034278,199.08928595606457,650.9476984983428,1.855145504683632,-0.5000000000000001,0.8660254037844387,0.0,299.99957748946235
a3,186.32196428358412,206.87504069633033,653.1971999999998,1.855145504683632,-0.5000000000000001,0.8660254037844387,0.0,299.99957748946235
a3,91.23809034131153,15.9408122184229,576.2290869911525,1.855145504683632,-0.5000000000000001,0.8660254037844387,0.0,299.99957748946235
a3,273.0996536704985,0.36270752397066947,330.8442607332877,1.855145504683632,-0.5000000000000001,0.8660254037844387,0.0,299.99957748946235
a3,385.4910126252478,148.07477745155288,182.76665794108598,1.855145504683632,-0.5000000000000001,0.8660254037844387,0.0,299.99957748946235
a3,199.00509874333667,2.756621597654885e-14,174.7489075034199,1.855145504683632,-0.5000000000000001,0.8660254037844387,0.0,299.99957748946235
a3,353.5538783733933,92.75803828139219,201.22393086100786,1.855145504683632,-0.5000000000000001,0.8660254037844387,0.0,299.99957748946235
a3,210.67608872599808,0.0,433.53537536688094,1.855145504683632,-0.5000000000000001,0.8660254037844387,0.0,299.99957748946235
a3,348.89130491625514,84.68222415992823,299.0793776180847,1.855145504683632,-0.5000000000000001,0.8660254037844387,0.0,299.99957748946235
a3,191.21311188861608,2.756621597654885e-14,623.6374821133993,1.855145504683632,-0.5000000000000001,0.8660254037844387,0.0,299.99957748946235
a3,130.82590317772016,346.4101615000001,386.11216213335774,1.855145504683632,-0.5000000000000001,0.8660254037844387,0.0,299.99957748946235
a3,334.4518475244578,286.73781117539625,443.0835975790916,1.855145504683632,-0.5000000000000001,0.8660254037844387,0.0,299.99957748946235
a3,376.35853011107326,134.75380875715476,390.02206981083305,1.855145504683632,-0.5000000000000001,0.8660254037844387,0.0,299.99957748946235
a3,395.1234019924062,181.6515962669056,591.2560862068965,1.855145504683632,-0.5000000000000001,0.8660254037844387,0.0,299.99957748946235
a3,251.49899367953938,343.40094411894074,468.09709793103696,1.855145504683632,-0.5000000000000001,0.8660254037844387,0.0,299.99957748946235
a3,109.63920373168843,2.756621597654885e-14,117.20529043795673,1.855145504683632,-0.5000000000000001,0.8660254037844387,0.0,299.99957748946235
a3,356.46291907685134,204.7561235390394,640.0130573555643,4.821894018674106,-0.5000000000000001,0.8660254037844387,0.0,1967.9300286126324
a3,94.59163463657832,206.28529042315773,1.4608220923619117,1.855145504683632,-0.5000000000000001,0.8660254037844387,0.0,299.99957748946235
a3,202.59283844747293,346.41016149999984,241.55560284839353,1.855145504683632,-0.5000000000000001,0.8660254037844387,0.0,299.99957748946235
a3,322.86602126624854,43.19788348275729,169.05445366539408,1.855145504683632,-0.5000000000000001,0.8660254037844387,0.0,299.99957748946235
a3,47.6274054459454,94.83698361873167,181.98692749390116,1.855145504683632,-0.5000000000000001,0.8660254037844387,0.0,299.99957748946235
a3,5.597696445548783,179.30159070641935,589.4664272260775,1.855145504683632,-0.5000000000000001,0.8660254037844387,0.0,299.99957748946235
a3,357.36931749299947,181.29881624823696,495.54129746355153,4.8097322331852155,-0.5000000000000001,0.8660254037844387,0.0,1958.0155177707318
a3,9.75319601518726,190.09811178381094,585.6250758620688,1.855145504683632,-0.5000000000000001,0.8660254037844387,0.0,299.99957748946235
a3,34.355864915682076,113.6989771804319,88.65555560903238,1.855145504683632,-0.5000000000000001,0.8660254037844387,0.0,299.99957748946235
a3,87.50600194054643,322.8269528319774,441.5725471646916,1.855145504683632,-0.5000000000000001,0.8660254037844387,0.0,299.99957748946235
a3,139.5880055219731,266.01491472494683,0.0,1.855145504683632,-0.5000000000000001,0.8660254037844387,0.0,299.99957748946235
a3,272.0151876762208,314.56835924734787,87.61836137590412,4.807842868510936,-0.5000000000000001,0.8660254037844387,0.0,1956.4775199907028
a3,78.93381804515917,309.9224640341759,116.92915695580471,1.855145504683632,-0.5000000000000001,0.8660254037844387,0.0,299.99957748946235
a3,79.49483667202219,310.8941767998566,448.5200481883736,1.855145504683632,-0.5000000000000001,0.8660254037844387,0.0,299.99957748946235
a3,221.1464088298333,0.76171728225325,405.66488275883535,1.855145504683632,-0.5000000000000001,0.8660254037844387,0.0,299.99957748946235
a3,21.68844457694154,153.1210438903607,0.0,1.855145504683632,-0.5000000000000001,0.8660254037844387,0.0,299.99957748946235
a3,259.892962405637,176.018657883368,0.3606135702583071,1.855145504683632,-0.5000000000000001,0.8660254037844387,0.0,299.99957748946235
a3,35.237377662340485,231.16662600282584,48.54644944029826,1.855145504683632,-0.5000000000000001,0.8660254037844387,0.0,299.99957748946235
a3,146.96976622805238,295.9620297230814,0.0,1.855145504683632,-0.5000000000000001,0.8660254037844387,0.0,299.99957748946235
a3,322.3401888535887,92.26542561254337,2.22336483799472,1.855145504683632,-0.5000000000000001,0.8660254037844387,0.0,299.99957748946235
a3,71.0770192673276,291.18314663629843,185.54091499240752,1.855145504683632,-0.5000000000000001,0.8660254037844387,0.0,299.99957748946235
a3,378.47229226121954,208.2349042192041,613.91366702656,1.855145504683632,-0.5000000000000001,0.8660254037844387,0.0,299.99957748946235
a3,248.16797822182528,0.0,65.5434043513239,1.855145504683632,-0.5000000000000001,0.8660254037844387,0.0,299.99957748946235
a3,51.46533553893183,89.30133940525626,61.52306061824169,1.855145504683632,-0.5000000000000001,0.8660254037844387,0.0,299.99957748946235
a3,72.0657046363459,54.614217583278304,197.35214818267187,1.855145504683632,-0.5000000000000001,0.8660254037844387,0.0,299.99957748946235
a3,226.14773356077723,343.93421414438455,6.926295990652108,1.855145504683632,-0.5000000000000001,0.8660254037844387,0.0,299.99957748946235
a3,312.6573264623408,324.32738678891326,273.92681007788116,1.855145504683632,-0.5000000000000001,0.8660254037844387,0.0,299.99957748946235
a3,58.33081282239553,239.52571581342204,0.0,1.855145504683632,-0.5000000000000001,0.8660254037844387,0.0,299.99957748946235
a3,47.23204177916343,95.21377343340596,356.0397740160777,1.855145504683632,-0.5000000000000001,0.8660254037844387,0.0,299.99957748946235
a3,281.3401146370441,346.41016149999984,211.793487041379,1.855145504683632,-0.5000000000000001,0.8660254037844387,0.0,299.99957748946235
a3,171.56666168942178,267.1538141533906,651.6067104753502,1.855145504683632,-0.5000000000000001,0.8660254037844387,0.0,299.99957748946235
a3,123.65916178328114,343.33552541471613,366.980221434396,1.855145504683632,-0.5000000000000001,0.8660254037844387,0.0,299.99957748946235
a3,169.75638195757477,2.756621597654885e-14,295.204500496041,1.855145504683632,-0.5000000000000001,0.8660254037844387,0.0,299.99957748946235
a3,242.93336816994335,0.7732973557967479,368.8033520428946,1.855145504683632,-0.5000000000000001,0.8660254037844387,0.0,299.99957748946235
a3,181.29038748603398,345.5646832120758,263.5109929896025,1.855145504683632,-0.5000000000000001,0.8660254037844387,0.0,299.99957748946235
a3,381.3865277887493,205.44456032387572,623.6414150140014,1.855145504683632,-0.5000000000000001,0.8660254037844387,0.0,299.99957748946235
a3,168.05748891339533,1.833979277845232,270.85192624339913,1.855145504683632,-0.5000000000000001,0.8660254037844387,0.0,299.99957748946235
a3,205.92676163505476,0.7943468361361076,617.4437871109545,1.855145504683632,-0.5000000000000001,0.8660254037844387,0.0,299.99957748946235
a3,383.33333333333337,144.33756729166652,17.895330674105836,1.855145504683632,-0.5000000000000001,0.8660254037844387,0.0,299.99957748946235
a3,250.88415821498873,344.58627977969843,400.7013903097394,1.855145504683632,-0.5000000000000001,0.8660254037844387,0.0,299.99957748946235
a3,174.57837167936674,226.66213136413748,0.0,1.855145504683632,-0.5000000000000001,0.8660254037844387,0.0,299.99957748946235
a3,147.13481439594037,116.72515238197337,0.0,1.855145504683632,-0.5000000000000001,0.8660254037844387,0.0,299.99957748946235
a3,201.08763285502525,0.0,496.88203867666857,1.855145504683632,-0.5000000000000001,0.8660254037844387,0.0,299.99957748946235
a3,87.68765366506607,25.273928065382258,316.72253584997094,1.855145504683632,-0.5000000000000001,0.8660254037844387,0.0,299.99957748946235
a3,319.4562944096998,34.0683333279153,485.3396230659037,1.855145504683632,-0.5000000000000001,0.8660254037844387,0.0,299.99957748946235
a3,160.7718901540708,346.4101615000001,540.4190935929307,1.855145504683632,-0.5000000000000001,0.8660254037844387,0.0,299.99957748946235
a3,181.32728474837916,346.22004779473434,553.9539621522052,1.855145504683632,-0.5000000000000001,0.8660254037844387,0.0,299.99957748946235
a3,171.76398710813223,346.4101615000001,385.1699509808896,1.855145504683632,-0.5000000000000001,0.8660254037844387,0.0,299.99957748946235
a3,14.53353534019553,198.37790237181545,261.59354058586104,1.855145504683632,-0.5000000000000001,0.8660254037844387,0.0,299.99957748946235
a3,27.866308456492963,221.47094281411273,20.248591457019103,1.855145504683632,-0.5000000000000001,0.8660254037844387,0.0,299.99957748946235
a3,279.4017403490162,343.95663271149897,144.8720491552025,1.855145504683632,-0.5000000000000001,0.8660254037844387,0.0,299.99957748946235
a3,9.918207383476672,156.02624164249676,166.80341470500335,1.855145504683632,-0.5000000000000001,0.8660254037844387,0.0,299.99957748946235
a3,90.93987806743216,313.42521223673117,230.79227429999602,4.817983238888043,-0.5000000000000001,0.8660254037844387,0.0,1964.7391579784892
a3,360.2429002891044,105.91687776254561,469.10948892583895,1.855145504683632,-0.5000000000000001,0.8660254037844387,0.0,299.99957748946235
a3,312.4608503635386,323.7140300987395,105.18751251139145,1.855145504683632,-0.5000000000000001,0.8660254037844387,0.0,299.99957748946235
a3,190.94050317740417,346.4101615000001,500.347601435509,1.855145504683632,-0.5000000000000001,0.8660254037844387,0.0,299.99957748946235
a3,78.86120627588491,88.5106603224019,6.451749868209467,4.824964195149619,-0.5000000000000001,0.8660254037844387,0.0,1970.4368510107715
a3,79.45979218200245,36.833770629060695,427.27158161216016,1.855145504683632,-0.5000000000000001,0.8660254037844387,0.0,299.99957748946235
a3,389.66385098844466,191.10781599190486,301.61031604738486,1.855145504683632,-0.5000000000000001,0.8660254037844387,0.0,299.99957748946235
a3,10.134713011710092,155.65124289428678,507.4757839708767,1.855145504683632,-0.5000000000000001,0.8660254037844387,0.0,299.99957748946235
a3,355.1232246977297,97.12826932045235,477.38751875428284,1.855145504683632,-0.5000000000000001,0.8660254037844387,0.0,299.99957748946235
a3,346.10319619454685,260.9085741361542,287.73547901044304,1.855145504683632,-0.5000000000000001,0.8660254037844387,0.0,299.99957748946235
a3,95.93809810277861,218.0418952730441,256.3565407900203,4.816746762367729,-0.5000000000000001,0.8660254037844387,0.0,1963.7308347922278
a3,45.398045809493944,94.57335884674397,445.17406285723524,1.855145504683632,-0.5000000000000001,0.8660254037844387,0.0,299.99957748946235
a3,191.4755174824912,256.75696017703115,0.0,1.855145504683632,-0.5000000000000001,0.8660254037844387,0.0,299.99957748946235
a3,59.65177418514442,69.88517710381291,232.1438096991039,1.855145504683632,-0.5000000000000001,0.8660254037844387,0.0,299.99957748946235
a3,177.73603107739117,93.28888548667264,470.840903492978,4.821565518061069,-0.5000000000000001,0.8660254037844387,0.0,1967.6618998659426
a3,322.213085152768,38.47419207591799,19.97271498514753,1.855145504683632,-0.5000000000000001,0.8660254037844387,0.0,299.99957748946235
a3,161.25342198174215,288.3610422843604,650.8672499541198,1.855145504683632,-0.5000000000000001,0.8660254037844387,0.0,299.99957748946235
a3,148.1983076834324,2.351174209715575,65.24126427317908,1.855145504683632,-0.5000000000000001,0.8660254037844387,0.0,299.99957748946235
a3,306.8626510370785,118.07966445757815,650.2646344116491,1.855145504683632,-0.5000000000000001,0.8660254037844387,0.0,299.99957748946235
a3,316.9446997268353,36.7454891028662,590.286400891726,1.855145504683632,-0.5000000000000001,0.8660254037844387,0.0,299.99957748946235
a3,185.32342748175245,47.37147846770249,443.95814839494005,4.8139283494814356,-0.5000000000000001,0.8660254037844387,0.0,1961.4334397506025
a3,110.03463370669633,2.756621597654885e-14,354.5911635971851,1.855145504683632,-0.5000000000000001,0.8660254037844387,0.0,299.99957748946235
a3,148.54857751197625,2.756621597654885e-14,623.8916562337031,1.855145504683632,-0.5000000000000001,0.8660254037844387,0.0,299.99957748946235
a3,380.6076157504382,206.7936755488036,644.1555763607736,1.855145504683632,-0.5000000000000001,0.8660254037844387,0.0,299.99957748946235
a3,172.45133542519875,345.33921808344303,536.3135057807053,1.855145504683632,-0.5000000000000001,0.8660254037844387,0.0,299.99957748946235
a3,228.26640243324226,289.0915223239321,650.1530993461913,1.855145504683632,-0.5000000000000001,0.8660254037844387,0.0,299.99957748946235
a3,139.5792516060119,305.9058678451147,652.3713737996512,1.855145504683632,-0.5000000000000001,0.8660254037844387,0.0,299.99957748946235
a3,87.26238660789521,27.435779115364667,81.57889864277449,1.855145504683632,-0.5000000000000001,0.8660254037844387,0.0,299.99957748946235
a3,129.9320191832105,345.12478204762044,69.73716526554985,1.855145504683632,-0.5000000000000001,0.8660254037844387,0.0,299.99957748946235
a3,371.5981653692699,129.02959817144654,223.88307643880123,1.855145504683632,-0.5000000000000001,0.8660254037844387,0.0,299.99957748946235
a3,270.68404561573476,346.41016149999984,409.8444157930055,1.855145504683632,-0.5000000000000001,0.8660254037844387,0.0,299.99957748946235
a3,75.11078609151336,303.3007784517655,9.83659223032444,1.855145504683632,-0.5000000000000001,0.8660254037844387,0.0,299.99957748946235
a3,272.3591519713324,0.0,644.1880034297279,1.855145504683632,-0.5000000000000001,0.8660254037844387,0.0,299.99957748946235
a3,44.63658409341483,235.81249489800203,161.90944778788625,4.818625621767176,-0.5000000000000001,0.8660254037844387,0.0,1965.2631112068439
a3,163.8740148879002,344.985292245827,90.46369541975639,1.855145504683632,-0.5000000000000001,0.8660254037844387,0.0,299.99957748946235
a3,255.27483052656694,253.04139660355477,150.54820574197817,4.81869014927107,-0.5000000000000001,0.8660254037844387,0.0,1965.3157462866823
a3,270.36520620738975,343.2649025914659,455.92410007788305,1.855145504683632,-0.5000000000000001,0.8660254037844387,0.0,299.99957748946235
a3,48.77202349589213,257.68070342946885,616.9534201306644,1.855145504683632,-0.5000000000000001,0.8660254037844387,0.0,299.99957748946235
a3,178.1194556382746,234.02065405894837,0.9812817552373921,1.855145504683632,-0.5000000000000001,0.8660254037844387,0.0,299.99957748946235
a3,243.36408451557685,247.41391839869553,0.0,1.855145504683632,-0.5000000000000001,0.8660254037844387,0.0,299.99957748946235
a3,389.3205513051982,154.76663065908681,200.3376248184374,1.855145504683632,-0.5000000000000001,0.8660254037844387,0.0,299.99957748946235
a3,0.0,173.20508075000004,540.5769931034482,1.855145504683632,-0.5000000000000001,0.8660254037844387,0.0,299.99957748946235
a3,279.48642763196165,27.892313462890666,637.3020091417327,4.813372148906069,-0.5000000000000001,0.8660254037844387,0.0,1960.9802184708444
a3,373.7820758425986,218.61585745780087,224.3311355079293,1.855145504683632,-0.5000000000000001,0.8660254037844387,0.0,299.99957748946235
a3,339.0720370798395,67.67475337480607,632.0815186169135,1.855145504683632,-0.5000000000000001,0.8660254037844387,0.0,299.99957748946235
a3,69.69753729938299,293.19962987395405,147.63054552086828,1.855145504683632,-0.5000000000000001,0.8660254037844387,0.0,299.99957748946235
a3,180.48811411049084,346.4101615000001,575.0634796320487,1.855145504683632,-0.5000000000000001,0.8660254037844387,0.0,299.99957748946235
a3,130.50295472545648,2.756621597654885e-14,616.6207355020454,1.855145504683632,-0.5000000000000001,0.8660254037844387,0.0,299.99957748946235
a3,115.24048569175307,231.70212720605087,299.34957429992653,4.818459345254029,-0.5000000000000001,0.8660254037844387,0.0,1965.127482716422
a3,263.36164082784126,251.56059087749452,12.449348231164887,4.811285866456451,-0.5000000000000001,0.8660254037844387,0.0,1959.2806731781557
a3,33.43932868795479,231.12369700623003,143.9602746975075,1.855145504683632,-0.5000000000000001,0.8660254037844387,0.0,299.99957748946235
a3,312.70296845455135,322.06865548632317,486.4590441281554,1.855145504683632,-0.5000000000000001,0.8660254037844387,0.0,299.99957748946235
a3,373.2951894371541,128.1528286322924,266.5116706325044,1.855145504683632,-0.5000000000000001,0.8660254037844387,0.0,299.99957748946235
a3,310.24106533027975,54.6496471092468,652.5468546992571,1.855145504683632,-0.5000000000000001,0.8660254037844387,0.0,299.99957748946235
a3,24.53686564456847,130.70598279680615,66.61248988281298,1.855145504683632,-0.5000000000000001,0.8660254037844387,0.0,299.99957748946235
a3,381.0798555493267,205.97573222380547,414.77966819780505,1.855145504683632,-0.5000000000000001,0.8660254037844387,0.0,299.99957748946235
a3,358.678331896492,102.19121291947683,577.0427025228697,1.855145504683632,-0.5000000000000001,0.8660254037844387,0.0,299.99957748946235
a3,387.1444538387655,190.4312089711513,450.3899243187074,1.855145504683632,-0.5000000000000001,0.8660254037844387,0.0,299.99957748946235
a3,223.59137810278173,2.5248297796930745,565.2503917323562,1.855145504683632,-0.5000000000000001,0.8660254037844387,0.0,299.99957748946235
a3,21.723526400592345,141.9627391384859,53.31156321078444,1.855145504683632,-0.5000000000000001,0.8660254037844387,0.0,299.99957748946235
a3,289.63737336643834,307.9290519928941,650.1817047576803,1.855145504683632,-0.5000000000000001,0.8660254037844387,0.0,299.99957748946235
a3,188.07870364810404,328.44396343722946,1.6369427789386521,1.855145504683632,-0.5000000000000001,0.8660254037844387,0.0,299.99957748946235
a3,329.2411966721035,295.7629231918168,322.5798614640941,1.855145504683632,-0.5000000000000001,0.8660254037844387,0.0,299.99957748946235
a3,98.05038865430862,339.9831033735244,334.1778253076851,1.855145504683632,-0.5000000000000001,0.8660254037844387,0.0,299.99957748946235
a3,168.86339691270155,2.756621597654885e-14,111.66505593178286,1.855145504683632,-0.5000000000000001,0.8660254037844387,0.0,299.99957748946235
a3,141.02358135372697,146.54474334807034,653.1971999999998,1.855145504683632,-0.5000000000000001,0.8660254037844387,0.0,299.99957748946235
a3,19.062726455314817,140.32908970192952,39.66942664790824,1.855145504683632,-0.5000000000000001,0.8660254037844387,0.0,299.99957748946235
a3,61.39219808509108,279.53948701748186,20.22386142739341,1.855145504683632,-0.5000000000000001,0.8660254037844387,0.0,299.99957748946235
a3,34.87258507513314,112.8039916110032,261.227676880137,1.855145504683632,-0.5000000000000001,0.8660254037844387,0.0,299.99957748946235
a3,45.61786019436589,94.19262916392641,514.2036777348416,1.855145504683632,-0.5000000000000001,0.8660254037844387,0.0,299.99957748946235
a3,141.2033235139395,2.756621597654885e-14,576.8471371794618,1.855145504683632,-0.5000000000000001,0.8660254037844387,0.0,299.99957748946235
a3,40.929279396027454,241.04770337952246,299.8552278379728,1.855145504683632,-0.5000000000000001,0.8660254037844387,0.0,299.99957748946235
a3,340.860451810387,159.87882362296295,653.1971999999998,1.855145504683632,-0.5000000000000001,0.8660254037844387,0.0,299.99957748946235
a3,392.1805008797999,167.23867155449756,453.8867421468078,1.855145504683632,-0.5000000000000001,0.8660254037844387,0.0,299.99957748946235
a3,377.6382365587089,135.44572677627303,566.1950135000112,1.855145504683632,-0.5000000000000001,0.8660254037844387,0.0,299.99957748946235
a3,40.755550664438495,105.90229362975965,620.7726648257683,1.855145504683632,-0.5000000000000001,0.8660254037844387,0.0,299.99957748946235
a3,54.36278203786633,149.0304451509748,653.1971999999998,1.855145504683632,-0.5000000000000001,0.8660254037844387,0.0,299.99957748946235
a3,14.406484214387078,148.25231813323487,115.61752445262647,1.855145504683632,-0.5000000000000001,0.8660254037844387,0.0,299.99957748946235
a3,294.3870372734073,336.7426793526429,653.1971999999998,1.855145504683632,-0.5000000000000001,0.8660254037844387,0.0,299.99957748946235
a3,324.6823545806413,42.751092182400676,500.78977489952155,1.855145504683632,-0.5000000000000001,0.8660254037844387,0.0,299.99957748946235
a3,70.8565837467159,51.0474307438614,93.56207726188218,1.855145504683632,-0.5000000000000001,0.8660254037844387,0.0,299.99957748946235
a3,9.376310965941734,187.3112058245942,266.49762847044076,1.855145504683632,-0.5000000000000001,0.8660254037844387,0.0,299.99957748946235
a3,14.83803147056938,147.50485635968988,205.99747233933493,1.855145504683632,-0.5000000000000001,0.8660254037844387,0.0,299.99957748946235
a3,33.74854466432353,231.6592747877914,190.18610485646937,1.855145504683632,-0.5000000000000001,0.8660254037844387,0.0,299.99957748946235
a3,272.6170351201531,276.3246067942234,650.1873683953231,1.855145504683632,-0.5000000000000001,0.8660254037844387,0.0,299.99957748946235
a3,343.1937693557042,76.49634941321665,123.88142078376637,1.855145504683632,-0.5000000000000001,0.8660254037844387,0.0,299.99957748946235
a3,209.33657515599123,134.5341805122017,73.99270205226041,4.817647760489694,-0.5000000000000001,0.8660254037844387,0.0,1964.465556114168
a3,384.6824682769124,146.67433756011897,454.6728927520178,1.855145504683632,-0.5000000000000001,0.8660254037844387,0.0,299.99957748946235
a3,358.14616159614377,240.2052335998414,562.5575407087948,1.855145504683632,-0.5000000000000001,0.8660254037844387,0.0,299.99957748946235
a3,65.75496301063407,59.31414397029857,582.8871585536803,1.855145504683632,-0.5000000000000001,0.8660254037844387,0.0,299.99957748946235
a3,123.54470659275245,21.12106908367074,1.7999876532991035,1.855145504683632,-0.5000000000000001,0.8660254037844387,0.0,299.99957748946235
a3,314.83704540628275,25.698516476866015,557.9017649232948,1.855145504683632,-0.5000000000000001,0.8660254037844387,0.0,299.99957748946235
a3,32.6576255344403,116.86982206058161,67.16447131837609,1.855145504683632,-0.5000000000000001,0.8660254037844387,0.0,299.99957748946235
a3,250.98209606222815,308.80440648693815,200.12885297912203,4.811122593528403,-0.5000000000000001,0.8660254037844387,0.0,1959.1476974733937
a3,262.4159415298106,98.18170878600128,0.0,1.855145504683632,-0.5000000000000001,0.8660254037844387,0.0,299.99957748946235
a3,388.31571594464197,153.8788183197421,462.70456188679526,1.855145504683632,-0.5000000000000001,0.8660254037844387,0.0,299.99957748946235
a3,119.86816038779077,2.2193805766519077,395.5579620446949,1.855145504683632,-0.5000000000000001,0.8660254037844387,0.0,299.99957748946235
a3,240.2180733365111,135.231775961965,414.0015161835899,4.824966324765563,-0.5000000000000001,0.8660254037844387,0.0,1970.4385904121398
a3,380.7352212656826,139.83750518691684,174.0789641580339,1.855145504683632,-0.5000000000000001,0.8660254037844387,0.0,299.99957748946235
a3,87.42066723113793,136.93631706590168,2.9666018382389265,1.855145504683632,-0.5000000000000001,0.8660254037844387,0.0,299.99957748946235
a3,169.53129113920303,197.03281035170784,237.16397667986712,4.826347262015367,-0.5000000000000001,0.8660254037844387,0.0,1971.5666569130492
a3,279.53628019751864,269.5841039909585,164.4346085512573,4.814404522142194,-0.5000000000000001,0.8660254037844387,0.0,1961.8214917134683
a3,348.5485503470452,84.08855583155389,33.90699894755101,1.855145504683632,-0.5000000000000001,0.8660254037844387,0.0,299.99957748946235
a3,75.01619095082299,300.38652680679684,61.9983965943457,1.855145504683632,-0.5000000000000001,0.8660254037844387,0.0,299.99957748946235
a3,203.4585073096543,217.04520473701933,0.0,1.855145504683632,-0.5000000000000001,0.8660254037844387,0.0,299.99957748946235
a3,39.98704556547156,103.94548618878565,312.9406576330515,1.855145504683632,-0.5000000000000001,0.8660254037844387,0.0,299.99957748946235
a3,91.45458264561206,17.125233186441243,294.5826210342846,1.855145504683632,-0.5000000000000001,0.8660254037844387,0.0,299.99957748946235
a3,107.92304364061035,346.4101615000001,166.46921689836043,1.855145504683632,-0.5000000000000001,0.8660254037844387,0.0,299.99957748946235
a3,0.0,173.20508075000004,168.93031034482772,1.855145504683632,-0.5000000000000001,0.8660254037844387,0.0,299.99957748946235
a3,54.3891279853995,266.86775653311105,11.550866694755829,1.855145504683632,-0.5000000000000001,0.8660254037844387,0.0,299.99957748946235
a3,304.4284643860657,7.670325315869948,50.07149920091483,1.855145504683632,-0.5000000000000001,0.8660254037844387,0.0,299.99957748946235
a3,126.06048933476514,2.756621597654885e-14,627.5865815115164,1.855145504683632,-0.5000000000000001,0.8660254037844387,0.0,299.99957748946235
a3,162.41520859916082,0.13676133489270714,617.9717450389868,1.855145504683632,-0.5000000000000001,0.8660254037844387,0.0,299.99957748946235
a3,351.492076893375,94.49818545238517,256.2100588836185,1.855145504683632,-0.5000000000000001,0.8660254037844387,0.0,299.99957748946235
a3,205.94499653262025,226.2463563083259,1.7972086972544175,1.855145504683632,-0.5000000000000001,0.8660254037844387,0.0,299.99957748946235
a3,391.74772142901554,166.52876206546142,399.48273191078846,1.855145504683632,-0.5000000000000001,0.8660254037844387,0.0,299.99957748946235
a3,61.21165178204103,273.7080177151463,115.2879830791569,1.855145504683632,-0.5000000000000001,0.8660254037844387,0.0,299.99957748946235
a3,197.99888935304722,0.4184243462229323,461.5577133886938,1.855145504683632,-0.5000000000000001,0.8660254037844387,0.0,299.99957748946235
a3,324.6731550819918,303.67500331666344,477.81899727732036,1.855145504683632,-0.5000000000000001,0.8660254037844387,0.0,299.99957748946235
a3,14.663293219072289,147.80751188929656,229.35749106743447,1.855145504683632,-0.5000000000000001,0.8660254037844387,0.0,299.99957748946235
a3,116.00188873683035,294.89163638783776,651.6368735203424,1.855145504683632,-0.5000000000000001,0.8660254037844387,0.0,299.99957748946235
a3,4.503711105577127,181.00573720716156,139.98134163357656,1.855145504683632,-0.5000000000000001,0.8660254037844387,0.0,299.99957748946235
a3,48.552984599323146,257.3013169317927,195.53658847541598,1.855145504683632,-0.5000000000000001,0.8660254037844387,0.0,299.99957748946235
a3,34.009370751932344,232.1110388234513,282.015776273442,1.855145504683632,-0.5000000000000001,0.8660254037844387,0.0,299.99957748946235
a3,394.98822760836333,181.88572516794062,580.0674527422457,1.855145504683632,-0.5000000000000001,0.8660254037844387,0.0,299.99957748946235
a3,291.05664916561295,108.49020242987665,653.1971999999998,1.855145504683632,-0.5000000000000001,0.8660254037844387,0.0,299.99957748946235
a3,63.1039219486141,277.52552677007253,21.756443434532276,1.855145504683632,-0.5000000000000001,0.8660254037844387,0.0,299.99957748946235
a3,163.3815830760471,145.03853123101538,652.7349569852526,1.855145504683632,-0.5000000000000001,0.8660254037844387,0.0,299.99957748946235
a3,338.7047121648553,277.041246841889,94.49195571738468,1.855145504683632,-0.5000000000000001,0.8660254037844387,0.0,299.99957748946235
a3,279.46211992746635,245.65153628992067,651.4880984891631,1.855145504683632,-0.5000000000000001,0.8660254037844387,0.0,299.99957748946235
a3,64.3916204905949,61.67552248303153,157.29842592817522,1.855145504683632,-0.5000000000000001,0.8660254037844387,0.0,299.99957748946235
a3,304.47509519397516,149.8499372282379,652.2364943042904,1.855145504683632,-0.5000000000000001,0.8660254037844387,0.0,299.99957748946235
a3,80.90616227966996,35.760707371411,104.91554342111942,1.855145504683632,-0.5000000000000001,0.8660254037844387,0.0,299.99957748946235
a3,318.9343114657661,310.06054296684056,635.8076696982207,1.855145504683632,-0.5000000000000001,0.8660254037844387,0.0,299.99957748946235
a3,336.333643997861,239.70432624750057,113.05333346465716,4.810503208252977,-0.5000000000000001,0.8660254037844387,0.0,1958.6432874935788
a3,378.97129600524914,209.62786448478718,218.87154174670948,1.855145504683632,-0.5000000000000001,0.8660254037844387,0.0,299.99957748946235
a3,64.6133826325622,285.11874231403584,534.7318462035348,1.855145504683632,-0.5000000000000001,0.8660254037844387,0.0,299.99957748946235
a3,389.48690916405667,191.41428822171673,278.66207504157325,1.855145504683632,-0.5000000000000001,0.8660254037844387,0.0,299.99957748946235
a3,80.16727602546318,34.351285575021016,416.0087597684391,1.855145504683632,-0.5000000000000001,0.8660254037844387,0.0,299.99957748946235
a3,309.8151497318921,78.77405360684537,344.1652730887162,4.811969165944983,-0.5000000000000001,0.8660254037844387,0.0,1959.8372273242087
a3,351.07636120366743,252.45944805510334,258.734860587367,1.855145504683632,-0.5000000000000001,0.8660254037844387,0.0,299.99957748946235
a3,210.45303294139413,0.0,399.0171409400155,1.855145504683632,-0.5000000000000001,0.8660254037844387,0.0,299.99957748946235
a3,325.506770985249,44.79334800791066,468.8873703920246,1.855145504683632,-0.5000000000000001,0.8660254037844387,0.0,299.99957748946235
a3,197.108359890123,266.7675922480799,0.0,1.855145504683632,-0.5000000000000001,0.8660254037844387,0.0,299.99957748946235
a3,20.45510112199523,137.77580633415397,497.0432481834509,1.855145504683632,-0.5000000000000001,0.8660254037844387,0.0,299.99957748946235
a3,368.44481643865083,227.86026191824573,137.94941612104347,1.855145504683632,-0.5000000000000001,0.8660254037844387,0.0,299.99957748946235
a3,157.3291398567825,177.38040937791388,651.2438221035158,1.855145504683632,-0.5000000000000001,0.8660254037844387,0.0,299.99957748946235
a3,306.3167299246489,15.885179568598973,221.39199268389714,1.855145504683632,-0.5000000000000001,0.8660254037844387,0.0,299.99957748946235
a3,42.35518705169596,104.58878284184667,172.4182485398901,1.855145504683632,-0.5000000000000001,0.8660254037844387,0.0,299.99957748946235
a3,214.3711886293066,343.9502867528234,17.166143277411884,1.855145504683632,-0.5000000000000001,0.8660254037844387,0.0,299.99957748946235
a3,160.50722782185542,344.56657815674254,586.0101537474828,1.855145504683632,-0.5000000000000001,0.8660254037844387,0.0,299.99957748946235
a3,104.80712222545094,22.3113973125972,146.35280190367493,4.812313982422224,-0.5000000000000001,0.8660254037844387,0.0,1960.1181137381006
a3,254.39997297271032,287.2896812926742,0.0,1.855145504683632,-0.5000000000000001,0.8660254037844387,0.0,299.99957748946235
a3,25.312274564399345,129.36293515107042,433.85942823355026,1.855145504683632,-0.5000000000000001,0.8660254037844387,0.0,299.99957748946235
a3,100.00000000000003,346.4101615000001,563.1010344827587,1.855145504683632,-0.5000000000000001,0.8660254037844387,0.0,299.99957748946235
a3,314.261848707929,321.7079149289888,182.01104796349068,1.855145504683632,-0.5000000000000001,0.8660254037844387,0.0,299.99957748946235
a3,170.99990104795387,346.4101615000001,488.7121945384085,1.855145504683632,-0.5000000000000001,0.8660254037844387,0.0,299.99957748946235
a3,396.01943357136855,166.31053745298124,177.3937420337373,1.855145504683632,-0.5000000000000001,0.8660254037844387,0.0,299.99957748946235
a3,278.4116732531338,0.2748630499282116,317.7482142339806,1.855145504683632,-0.5000000000000001,0.8660254037844387,0.0,299.99957748946235
a3,29.966677415875157,121.30127293374137,278.54991757412387,1.855145504683632,-0.5000000000000001,0.8660254037844387,0.0,299.99957748946235
a3,212.015263429593,0.8697464362248315,331.69507298474605,1.855145504683632,-0.5000000000000001,0.8660254037844387,0.0,299.99957748946235
a3,48.96312049569489,226.75439569750372,425.0929508408072,4.813808022749299,-0.5000000000000001,0.8660254037844387,0.0,1961.3353868053402
a3,384.62979653330103,199.82705407593537,466.0792532969625,1.855145504683632,-0.5000000000000001,0.8660254037844387,0.0,299.99957748946235
a3,374.41058579334987,217.52724629008034,454.26524640243224,1.855145504683632,-0.5000000000000001,0.8660254037844387,0.0,299.99957748946235
a3,84.5149174676755,319.5892117956832,397.5103096560166,1.855145504683632,-0.5000000000000001,0.8660254037844387,0.0,299.99957748946235
a3,50.098219854617206,86.43241859649774,358.82474242941305,1.855145504683632,-0.5000000000000001,0.8660254037844387,0.0,299.99957748946235
a3,342.85819687527743,79.9895806703247,432.3875243291549,1.855145504683632,-0.5000000000000001,0.8660254037844387,0.0,299.99957748946235
a3,384.6227386268449,199.83927872851194,443.38315207629097,1.855145504683632,-0.5000000000000001,0.8660254037844387,0.0,299.99957748946235
a3,312.82347807808674,324.1992459398914,627.3928864775063,1.855145504683632,-0.5000000000000001,0.8660254037844387,0.0,299.99957748946235
a3,347.0666437035224,81.52181823300089,645.6384475453225,1.855145504683632,-0.5000000000000001,0.8660254037844387,0.0,299.99957748946235
a3,234.53666831818109,20.44866020918369,209.68568884756732,4.81146781377672,-0.5000000000000001,0.8660254037844387,0.0,1959.4288633371305
a3,279.55247967188575,108.35196618507072,653.1971999999998,1.855145504683632,-0.5000000000000001,0.8660254037844387,0.0,299.99957748946235
a3,63.61687388900385,70.17004191483959,577.5590593034634,1.855145504683632,-0.5000000000000001,0.8660254037844387,0.0,299.99957748946235
a3,25.198345271594476,129.56026647467095,399.4003374207718,1.855145504683632,-0.5000000000000001,0.8660254037844387,0.0,299.99957748946235
a3,90.36179104053546,16.978765111515486,29.988102941923902,1.855145504683632,-0.5000000000000001,0.8660254037844387,0.0,299.99957748946235
a3,344.49064739181426,269.3500997588105,477.46839418975827,1.855145504683632,-0.5000000000000001,0.8660254037844387,0.0,299.99957748946235
a3,63.33000134051642,282.8958607108175,120.74806849048767,1.855145504683632,-0.5000000000000001,0.8660254037844387,0.0,299.99957748946235
a3,352.7591353921335,92.91207006524118,329.8212109352498,1.855145504683632,-0.5000000000000001,0.8660254037844387,0.0,299.99957748946235
a3,251.01141857650384,0.0,547.94492077233,1.855145504683632,-0.5000000000000001,0.8660254037844387,0.0,299.99957748946235
a3,307.99645616157153,330.26167788629874,407.2190534087642,1.855145504683632,-0.5000000000000001,0.8660254037844387,0.0,299.99957748946235
a3,232.5456627678344,346.41016149999984,201.4827425854495,1.855145504683632,-0.5000000000000001,0.8660254037844387,0.0,299.99957748946235
a3,364.57474753332895,234.563417890789,523.227055866447,1.855145504683632,-0.5000000000000001,0.8660254037844387,0.0,299.99957748946235
a3,163.61385583759127,306.30549443376424,653.1971999999998,1.855145504683632,-0.5000000000000001,0.8660254037844387,0.0,299.99957748946235
a3,389.7293799380196,189.20047495096168,112.70309673191157,1.855145504683632,-0.5000000000000001,0.8660254037844387,0.0,299.99957748946235
a3,336.16148969871574,231.34145116689837,475.2636223487531,4.81147954496214,-0.5000000000000001,0.8660254037844387,0.0,1959.4384181974044
a3,153.21431480339115,8.293218129161591,182.78845872751185,4.819653033643556,-0.5000000000000001,0.8660254037844387,0.0,1966.1012547257117
a3,327.0770936461826,298.0088977837185,220.05937637224548,1.855145504683632,-0.5000000000000001,0.8660254037844387,0.0,299.99957748946235
a3,90.42050247183468,48.99732936255252,644.7759203066965,4.847395756777658,-0.5000000000000001,0.8660254037844387,0.0,1988.8008089998457
a3,64.8861728919196,281.18192185560326,9.157955056563551,1.855145504683632,-0.5000000000000001,0.8660254037844387,0.0,299.99957748946235
a3,297.76342299545615,14.668532129638969,147.7734195396927,4.824115384496747,-0.5000000000000001,0.8660254037844387,0.0,1969.743631079493
a3,157.68406715910007,324.16263142791223,66.65635967719197,4.8079374431111175,-0.5000000000000001,0.8660254037844387,0.0,1956.5544920982209
a3,175.0572255507016,186.8110592252268,0.0,1.855145504683632,-0.5000000000000001,0.8660254037844387,0.0,299.99957748946235
a3,214.11345414905688,344.2677640707085,211.41121818152718,1.855145504683632,-0.5000000000000001,0.8660254037844387,0.0,299.99957748946235
a3,192.5918835219436,346.4101615000001,247.24295069918128,1.855145504683632,-0.5000000000000001,0.8660254037844387,0.0,299.99957748946235
a3,180.17139012103172,306.77947549785665,270.23072473485695,4.813617223231364,-0.5000000000000001,0.8660254037844387,0.0,1961.1799113778882
a3,294.3870372734073,336.7426793526429,0.0,1.855145504683632,-0.5000000000000001,0.8660254037844387,0.0,299.99957748946235
a3,392.64719434132337,180.18548711542064,309.7782656462664,1.855145504683632,-0.5000000000000001,0.8660254037844387,0.0,299.99957748946235
a3,70.54800999853003,51.0123430645279,554.0387202843621,1.855145504683632,-0.5000000000000001,0.8660254037844387,0.0,299.99957748946235
a3,235.42712479258765,294.83109835637197,90.67769434527203,4.811130282962765,-0.5000000000000001,0.8660254037844387,0.0,1959.1539599409857
a3,24.140347761677926,213.39274237754208,7.778075834594898,1.855145504683632,-0.5000000000000001,0.8660254037844387,0.0,299.99957748946235
a3,369.02822381474783,162.30107914169514,155.69585047486538,4.809932246594322,-0.5000000000000001,0.8660254037844387,0.0,1958.1783698725903
a3,309.09312058528104,330.66041464756904,619.6447240794578,1.855145504683632,-0.5000000000000001,0.8660254037844387,0.0,299.99957748946235
a3,267.78913069287887,344.8477886179306,637.4686730998429,1.855145504683632,-0.5000000000000001,0.8660254037844387,0.0,299.99957748946235
a3,261.30638182768905,25.50229341783853,7.558494587367216,4.817536396445195,-0.5000000000000001,0.8660254037844387,0.0,1964.37473656407
a3,391.4822238619023,164.86139524160046,249.32789726655463,1.855145504683632,-0.5000000000000001,0.8660254037844387,0.0,299.99957748946235
a3,208.75562177253255,345.009411194537,604.3376923735451,1.855145504683632,-0.5000000000000001,0.8660254037844387,0.0,299.99957748946235
a3,52.521650135031244,84.79156157567846,367.7738226297624,1.855145504683632,-0.5000000000000001,0.8660254037844387,0.0,299.99957748946235
a3,4.959103691738334,164.6156611962484,162.23585218008796,1.855145504683632,-0.5000000000000001,0.8660254037844387,0.0,299.99957748946235
a3,231.43395227099134,1.6257832611729424,283.96037911016424,1.855145504683632,-0.5000000000000001,0.8660254037844387,0.0,299.99957748946235
a3,141.96890023476945,270.7751196581967,296.01956646102025,4.816580726536727,-0.5000000000000001,0.8660254037844387,0.0,1963.595455426216
a3,202.47166499129793,345.46221329691394,321.798624306043,1.855145504683632,-0.5000000000000001,0.8660254037844387,0.0,299.99957748946235
a3,375.1107860538946,216.31446386339223,9.836592218498144,1.855145504683632,-0.5000000000000001,0.8660254037844387,0.0,299.99957748946235
a3,90.19862592735441,16.976477877135302,281.2224069709302,1.855145504683632,-0.5000000000000001,0.8660254037844387,0.0,299.99957748946235
a3,69.07145697482117,53.56980792155945,70.94857749490683,1.855145504683632,-0.5000000000000001,0.8660254037844387,0.0,299.99957748946235
a3,289.3445599422986,65.39776980178402,398.62240768996924,4.812260692201824,-0.5000000000000001,0.8660254037844387,0.0,1960.0747023778617
a3,71.09541177602672,54.25277986468372,641.3527637661167,1.855145504683632,-0.5000000000000001,0.8660254037844387,0.0,299.99957748946235
a3,306.99026853676685,329.6836710206003,163.25547603928592,1.855145504683632,-0.5000000000000001,0.8660254037844387,0.0,299.99957748946235
a3,223.2660812809722,343.66912166276836,264.08485620850075,1.855145504683632,-0.5000000000000001,0.8660254037844387,0.0,299.99957748946235
a3,189.69177819168524,2.756621597654885e-14,283.98223157546664,1.855145504683632,-0.5000000000000001,0.8660254037844387,0.0,299.99957748946235
a3,219.48061053907378,1.8255794450294738,278.72298698052884,1.855145504683632,-0.5000000000000001,0.8660254037844387,0.0,299.99957748946235
a3,164.7502169313668,87.04379768566591,0.0,1.855145504683632,-0.5000000000000001,0.8660254037844387,0.0,299.99957748946235
a3,324.7871571447685,303.4775459517746,546.6534339540934,1.855145504683632,-0.5000000000000001,0.8660254037844387,0.0,299.99957748946235
a3,47.535584594825416,95.66289586790649,286.9913458659649,1.855145504683632,-0.5000000000000001,0.8660254037844387,0.0,299.99957748946235
a3,266.4212206627656,326.94539934710645,653.1971999999998,1.855145504683632,-0.5000000000000001,0.8660254037844387,0.0,299.99957748946235
a3,349.82186859426315,87.68377546104206,437.4222569249945,1.855145504683632,-0.5000000000000001,0.8660254037844387,0.0,299.99957748946235
a3,177.93491994610793,343.36456736747147,469.9811117667447,1.855145504683632,-0.5000000000000001,0.8660254037844387,0.0,299.99957748946235
a3,307.4226946251265,332.04403987642627,631.0889123524901,1.855145504683632,-0.5000000000000001,0.8660254037844387,0.0,299.99957748946235
a3,208.13882681547983,306.1895116157135,0.0,1.855145504683632,-0.5000000000000001,0.8660254037844387,0.0,299.99957748946235
a3,307.4992168920343,332.5923828477037,68.55199688646351,1.855145504683632,-0.5000000000000001,0.8660254037844387,0.0,299.99957748946235
a3,242.02450696321227,346.41016149999984,264.823459500697,1.855145504683632,-0.5000000000000001,0.8660254037844387,0.0,299.99957748946235
a3,332.6763510523958,287.9640594641926,590.6601817323146,1.855145504683632,-0.5000000000000001,0.8660254037844387,0.0,299.99957748946235
a3,349.5666188310175,260.55825932869146,506.16502312835553,1.855145504683632,-0.5000000000000001,0.8660254037844387,0.0,299.99957748946235
a3,345.6661137735659,80.37567394791593,67.35889880236795,1.855145504683632,-0.5000000000000001,0.8660254037844387,0.0,299.99957748946235
a3,300.00000000000006,346.41016149999984,326.5986000000001,1.855145504683632,-0.5000000000000001,0.8660254037844387,0.0,299.99957748946235
a3,84.18265871423056,319.0137227534799,237.62049514380982,1.855145504683632,-0.5000000000000001,0.8660254037844387,0.0,299.99957748946235
a3,82.91328696501547,311.5053579952059,170.97089827760644,1.855145504683632,-0.5000000000000001,0.8660254037844387,0.0,299.99957748946235
a3,368.5668946832984,118.76134530397457,241.1040430708783,1.855145504683632,-0.5000000000000001,0.8660254037844387,0.0,299.99957748946235
a3,162.4655814598859,309.3418601449053,2.5458262738139603,1.855145504683632,-0.5000000000000001,0.8660254037844387,0.0,299.99957748946235
a3,304.92553309035475,8.531273566516827,478.48331513319846,1.855145504683632,-0.5000000000000001,0.8660254037844387,0.0,299.99957748946235
a3,40.72967151731688,102.65922030922154,543.0301196046235,1.855145504683632,-0.5000000000000001,0.8660254037844387,0.0,299.99957748946235
a3,346.64717258151336,188.66928906108936,2.3326085054723475,1.855145504683632,-0.5000000000000001,0.8660254037844387,0.0,299.99957748946235
a3,61.41779748391091,66.82633502312062,17.54934865648962,1.855145504683632,-0.5000000000000001,0.8660254037844387,0.0,299.99957748946235
a3,281.69685254208616,344.9056111861281,370.699456192429,1.855145504683632,-0.5000000000000001,0.8660254037844387,0.0,299.99957748946235
a3,96.56095324893096,337.1402118476591,343.7394229274212,1.855145504683632,-0.5000000000000001,0.8660254037844387,0.0,299.99957748946235
a3,14.832601748408708,198.89590058565724,616.0228654483001,1.855145504683632,-0.5000000000000001,0.8660254037844387,0.0,299.99957748946235
a3,24.494564427673943,215.6309108463134,409.14150288357183,1.855145504683632,-0.5000000000000001,0.8660254037844387,0.0,299.99957748946235
a3,321.88912349563145,44.780876240674374,478.2321146146696,1.855145504683632,-0.5000000000000001,0.8660254037844387,0.0,299.99957748946235
a3,335.9129462502426,62.52154411628539,536.4690749225385,1.855145504683632,-0.5000000000000001,0.8660254037844387,0.0,299.99957748946235
a3,389.7419794775927,158.8445893070623,112.99005359042883,1.855145504683632,-0.5000000000000001,0.8660254037844387,0.0,299.99957748946235
a3,314.6845603499076,320.97575688816016,421.1843320802649,1.855145504683632,-0.5000000000000001,0.8660254037844387,0.0,299.99957748946235
a3,357.0495973203875,241.76014238932504,264.2389935503625,1.855145504683632,-0.5000000000000001,0.8660254037844387,0.0,299.99957748946235
a3,101.89494596190856,9.925947207581798,325.00019858832604,4.828681477927778,-0.5000000000000001,0.8660254037844387,0.0,1973.474176154567
a3,149.38820804446615,2.756621597654885e-14,181.7994339302816,1.855145504683632,-0.5000000000000001,0.8660254037844387,0.0,299.99957748946235
a3,212.71060287006037,346.41016149999984,212.85852729066013,1.855145504683632,-0.5000000000000001,0.8660254037844387,0.0,299.99957748946235
a3,304.7709910727665,337.04632305999655,549.4066683093621,1.855145504683632,-0.5000000000000001,0.8660254037844387,0.0,299.99957748946235
a3,217.31340379727556,0.9255217871897279,152.5328261271447,1.855145504683632,-0.5000000000000001,0.8660254037844387,0.0,299.99957748946235
a3,259.44130539573683,0.0,612.8723265232419,1.855145504683632,-0.5000000000000001,0.8660254037844387,0.0,299.99957748946235
a3,338.2174999612171,278.1154900381332,325.18730424275964,1.855145504683632,-0.5000000000000001,0.8660254037844387,0.0,299.99957748946235
a3,129.40025334463303,3.107404563185013,457.9302352792554,1.855145504683632,-0.5000000000000001,0.8660254037844387,0.0,299.99957748946235
a3,303.6404511598481,337.2712642387612,59.44906465765317,1.855145504683632,-0.5000000000000001,0.8660254037844387,0.0,299.99957748946235
a3,116.76094962494554,346.4101615000001,232.90338058469092,1.855145504683632,-0.5000000000000001,0.8660254037844387,0.0,299.99957748946235
a3,15.779702932247043,146.47804225973005,355.38184407009504,1.855145504683632,-0.5000000000000001,0.8660254037844387,0.0,299.99957748946235
a3,375.3286872512772,215.93704791851025,643.3956773782774,1.855145504683632,-0.5000000000000001,0.8660254037844387,0.0,299.99957748946235
a3,14.769742376846624,147.6231365396158,194.70020340803617,1.855145504683632,-0.5000000000000001,0.8660254037844387,0.0,299.99957748946235
a3,223.00224260683657,344.84374226708735,598.4978666409033,1.855145504683632,-0.5000000000000001,0.8660254037844387,0.0,299.99957748946235
a3,333.367800688299,57.7947261266675,74.92973818605259,1.855145504683632,-0.5000000000000001,0.8660254037844387,0.0,299.99957748946235
a3,107.9066419780421,344.1442272918467,642.4326665778188,1.855145504683632,-0.5000000000000001,0.8660254037844387,0.0,299.99957748946235
a3,92.30020688222298,330.9867606307897,55.62775180437596,1.855145504683632,-0.5000000000000001,0.8660254037844387,0.0,299.99957748946235
a3,277.7590823882242,2.5685181729241533,200.91822884344825,1.855145504683632,-0.5000000000000001,0.8660254037844387,0.0,299.99957748946235
a3,301.8425220641914,168.40585687245658,0.0,1.855145504683632,-0.5000000000000001,0.8660254037844387,0.0,299.99957748946235
a3,285.797052058768,258.7216549387208,345.98907128389914,4.815315884900569,-0.5000000000000001,0.8660254037844387,0.0,1962.5643043561665
a3,61.33481378593918,75.86565202131105,7.11235905633544,4.864851105513168,-0.5000000000000001,0.8660254037844387,0.0,2003.1498399964394
a3,228.97273421681837,0.0,191.81292225708702,1.855145504683632,-0.5000000000000001,0.8660254037844387,0.0,299.99957748946235
a3,205.40942782595886,336.72566572222587,653.1971999999998,1.855145504683632,-0.5000000000000001,0.8660254037844387,0.0,299.99957748946235
a3,303.7400481616498,9.75112921013311,307.22877094391583,1.855145504683632,-0.5000000000000001,0.8660254037844387,0.0,299.99957748946235
a3,89.82923292874656,328.79387618134086,472.1191267208589,1.855145504683632,-0.5000000000000001,0.8660254037844387,0.0,299.99957748946235
a3,367.250235515483,216.26968393740316,83.27222380663427,4.816483159670567,-0.5000000000000001,0.8660254037844387,0.0,1963.5159052533925
a3,384.1883488203038,199.91006724333442,191.23859324987495,1.855145504683632,-0.5000000000000001,0.8660254037844387,0.0,299.99957748946235
a3,119.29156624436185,321.8400588175953,437.9785352071146,4.810362131129104,-0.5000000000000001,0.8660254037844387,0.0,1958.5284073249427
a3,329.2256644033468,51.73675484386114,264.71385189736753,1.855145504683632,-0.5000000000000001,0.8660254037844387,0.0,299.99957748946235
a3,322.2103004319851,231.35594207803538,653.1837366980988,1.855145504683632,-0.5000000000000001,0.8660254037844387,0.0,299.99957748946235
a3,140.39833417544781,346.4101615000001,528.9970385798481,1.855145504683632,-0.5000000000000001,0.8660254037844387,0.0,299.99957748946235
a3,4.909781570982204,181.70907188466836,501.12830008468734,1.855145504683632,-0.5000000000000001,0.8660254037844387,0.0,299.99957748946235
a3,387.7646456815629,187.40741860531264,80.72573010896235,1.855145504683632,-0.5000000000000001,0.8660254037844387,0.0,299.99957748946235
a3,304.87423092833984,9.638650351782694,52.163512610590004,1.855145504683632,-0.5000000000000001,0.8660254037844387,0.0,299.99957748946235
a3,207.32629144629456,2.5935485661123185,123.0647801261215,1.855145504683632,-0.5000000000000001,0.8660254037844387,0.0,299.99957748946235
a3,254.6394610432332,110.2237817092946,629.6388348792983,4.80996189924828,-0.5000000000000001,0.8660254037844387,0.0,1958.2025138154136
a3,370.43580706455305,223.80843703529897,609.4284954311337,1.855145504683632,-0.5000000000000001,0.8660254037844387,0.0,299.99957748946235
a3,72.90403174773905,297.6941798735039,133.35875060539988,1.855145504683632,-0.5000000000000001,0.8660254037844387,0.0,299.99957748946235
a3,250.65851082484167,0.0,479.2469044562707,1.855145504683632,-0.5000000000000001,0.8660254037844387,0.0,299.99957748946235
a3,142.5620931949133,345.99634352661997,48.23651726519608,1.855145504683632,-0.5000000000000001,0.8660254037844387,0.0,299.99957748946235
a3,35.73301157409293,111.3136891986855,548.7640086766675,1.855145504683632,-0.5000000000000001,0.8660254037844387,0.0,299.99957748946235
a3,155.7493107230602,345.1571993370311,143.4910457166257,1.855145504683632,-0.5000000000000001,0.8660254037844387,0.0,299.99957748946235
a3,60.06123360563705,69.17597258391014,358.69607394829944,1.855145504683632,-0.5000000000000001,0.8660254037844387,0.0,299.99957748946235
a3,102.10098214433614,345.86831847267433,576.735384411715,1.855145504683632,-0.5000000000000001,0.8660254037844387,0.0,299.99957748946235
a3,214.25245791233127,27.747263318422306,592.9128718532263,4.807973992572361,-0.5000000000000001,0.8660254037844387,0.0,1956.5842392757722
a3,68.29249320477912,291.4911487515259,137.75268981774857,1.855145504683632,-0.5000000000000001,0.8660254037844387,0.0,299.99957748946235
a3,280.41729231952246,0.0,303.80036844450547,1.855145504683632,-0.5000000000000001,0.8660254037844387,0.0,299.99957748946235
a3,201.9084257499611,329.0981901356195,421.8510753458854,4.812395982115896,-0.5000000000000001,0.8660254037844387,0.0,1960.184913392009
a3,150.6947531342266,1.9816097251917628,202.88312634560825,1.855145504683632,-0.5000000000000001,0.8660254037844387,0.0,299.99957748946235
a3,173.7550114035947,344.65621145707473,237.39883270936934,1.855145504683632,-0.5000000000000001,0.8660254037844387,0.0,299.99957748946235
a3,44.87408848962246,95.48087954572291,284.10857238293875,1.855145504683632,-0.5000000000000001,0.8660254037844387,0.0,299.99957748946235
a3,100.89268748443374,345.31353293167837,529.9295201915407,1.855145504683632,-0.5000000000000001,0.8660254037844387,0.0,299.99957748946235
a3,319.4511154081008,312.7198413506235,92.28278954294498,1.855145504683632,-0.5000000000000001,0.8660254037844387,0.0,299.99957748946235
a3,143.40584803364183,346.4101615000001,68.8198847284017,1.855145504683632,-0.5000000000000001,0.8660254037844387,0.0,299.99957748946235
a3,44.72129694796696,250.66463924117346,592.0185785479076,1.855145504683632,-0.5000000000000001,0.8660254037844387,0.0,299.99957748946235
a3,236.76491634779305,0.23876156709809337,19.613726786336628,1.855145504683632,-0.5000000000000001,0.8660254037844387,0.0,299.99957748946235
a3,0.19481910845341124,173.3906906979125,459.866418496135,1.855145504683632,-0.5000000000000001,0.8660254037844387,0.0,299.99957748946235
a3,343.8532825520906,75.95611345587407,281.8872748477687,1.855145504683632,-0.5000000000000001,0.8660254037844387,0.0,299.99957748946235
a3,359.567899658102,243.2355327961053,517.5398478044242,1.855145504683632,-0.5000000000000001,0.8660254037844387,0.0,299.99957748946235
a3,71.69037512015788,55.131820219944665,609.9763074702298,1.855145504683632,-0.5000000000000001,0.8660254037844387,0.0,299.99957748946235
a3,347.1644538506332,260.61332751761694,550.5034757451305,1.855145504683632,-0.5000000000000001,0.8660254037844387,0.0,299.99957748946235
a3,307.65147042203273,332.8468411766304,293.6249587512174,1.855145504683632,-0.5000000000000001,0.8660254037844387,0.0,299.99957748946235
a3,107.0743065018427,1.7960743232365433,194.9955626644644,1.855145504683632,-0.5000000000000001,0.8660254037844387,0.0,299.99957748946235
a3,83.47654561949258,54.61020907325852,0.0,1.855145504683632,-0.5000000000000001,0.8660254037844387,0.0,299.99957748946235
a3,373.28145898327193,218.52428636011945,271.4533518826105,1.855145504683632,-0.5000000000000001,0.8660254037844387,0.0,299.99957748946235
a3,290.286643648413,0.0,174.56132068965522,1.855145504683632,-0.5000000000000001,0.8660254037844387,0.0,299.99957748946235
a3,383.68382755501364,148.03403400572762,176.87415790463209,1.855145504683632,-0.5000000000000001,0.8660254037844387,0.0,299.99957748946235
a3,395.12340199240646,181.65159626690547,411.0637551724139,1.855145504683632,-0.5000000000000001,0.8660254037844387,0.0,299.99957748946235
a3,193.69572754781655,2.3312023306413825,453.92966371334325,1.855145504683632,-0.5000000000000001,0.8660254037844387,0.0,299.99957748946235
a3,34.51112985957414,113.43005040898717,134.8688119774244,1.855145504683632,-0.5000000000000001,0.8660254037844387,0.0,299.99957748946235
a3,151.62585315944406,346.4101615000001,351.00220956316537,1.855145504683632,-0.5000000000000001,0.8660254037844387,0.0,299.99957748946235
a3,150.6679045230645,346.4101615000001,500.2192924239196,1.855145504683632,-0.5000000000000001,0.8660254037844387,0.0,299.99957748946235
a3,95.19373261541195,8.324699304536566,523.7678577627056,1.855145504683632,-0.5000000000000001,0.8660254037844387,0.0,299.99957748946235
a3,376.1075992895883,214.58793269358236,622.8815160315048,1.855145504683632,-0.5000000000000001,0.8660254037844387,0.0,299.99957748946235
a3,149.56119491456886,2.756621597654885e-14,216.02373472743196,1.855145504683632,-0.5000000000000001,0.8660254037844387,0.0,299.99957748946235
a3,307.4654821003433,12.930594300276315,101.26509166343241,1.855145504683632,-0.5000000000000001,0.8660254037844387,0.0,299.99957748946235
a3,50.098219854617206,86.43241859649774,358.82474242941305,1.855145504683632,-0.5000000000000001,0.8660254037844387,0.0,299.99957748946235
a3,169.7693370984271,0.35987852400469356,377.96968930425516,1.855145504683632,-0.5000000000000001,0.8660254037844387,0.0,299.99957748946235
a3,78.49455025688808,218.89696765318993,650.7273431135677,1.855145504683632,-0.5000000000000001,0.8660254037844387,0.0,299.99957748946235
a3,394.8319254942222,182.15644837095243,308.4734476788649,1.855145504683632,-0.5000000000000001,0.8660254037844387,0.0,299.99957748946235
a3,59.42403795672182,272.25532957725295,287.46787656983525,1.855145504683632,-0.5000000000000001,0.8660254037844387,0.0,299.99957748946235
a3,109.3274577968222,344.21295827493236,70.66307645584463,1.855145504683632,-0.5000000000000001,0.8660254037844387,0.0,299.99957748946235
a3,288.4068594829511,53.61363481447105,653.1971999999998,1.855145504683632,-0.5000000000000001,0.8660254037844387,0.0,299.99957748946235
a3,37.68983924430607,162.5355776830548,651.3980858975292,1.855145504683632,-0.5000000000000001,0.8660254037844387,0.0,299.99957748946235
a3,389.73476293163196,188.746892678421,462.787132048609,1.855145504683632,-0.5000000000000001,0.8660254037844387,0.0,299.99957748946235
a3,98.95650357724257,342.306067942281,165.58615459278082,1.855145504683632,-0.5000000000000001,0.8660254037844387,0.0,299.99957748946235
a3,203.4188256298356,346.41016149999984,115.00329836454003,1.855145504683632,-0.5000000000000001,0.8660254037844387,0.0,299.99957748946235
a3,248.83716548210958,0.0,191.92236809955426,1.855145504683632,-0.5000000000000001,0.8660254037844387,0.0,299.99957748946235
a3,80.28495060746145,34.14746722024876,484.8588686244184,1.855145504683632,-0.5000000000000001,0.8660254037844387,0.0,299.99957748946235
a3,313.4185517105737,318.4177043831046,486.65276363559224,1.855145504683632,-0.5000000000000001,0.8660254037844387,0.0,299.99957748946235
a3,21.753093292561335,136.1397726896171,462.61365602575677,1.855145504683632,-0.5000000000000001,0.8660254037844387,0.0,299.99957748946235
a3,301.99590764316576,30.967808724406005,260.80736112767744,4.817253525237873,-0.5000000000000001,0.8660254037844387,0.0,1964.1440590168122
a3,122.01312884870113,235.05377637859786,650.5884894825538,1.855145504683632,-0.5000000000000001,0.8660254037844387,0.0,299.99957748946235
a3,9.725965886862355,190.05094781805744,302.22129279641536,1.855145504683632,-0.5000000000000001,0.8660254037844387,0.0,299.99957748946235
a3,361.22231396469124,108.71989981235927,395.5522354167424,1.855145504683632,-0.5000000000000001,0.8660254037844387,0.0,299.99957748946235
a3,31.287496725110476,122.9951261067644,106.92307189952953,1.855145504683632,-0.5000000000000001,0.8660254037844387,0.0,299.99957748946235
a3,47.10068783182059,252.2796391733151,352.77363680083516,1.855145504683632,-0.5000000000000001,0.8660254037844387,0.0,299.99957748946235
a3,181.81869629664385,345.6235995297225,365.5957986724412,1.855145504683632,-0.5000000000000001,0.8660254037844387,0.0,299.99957748946235
a3,19.920894816590195,207.70908270319757,563.9645159832701,1.855145504683632,-0.5000000000000001,0.8660254037844387,0.0,299.99957748946235
a3,170.5999325653464,343.2249285191946,121.58705344885138,1.855145504683632,-0.5000000000000001,0.8660254037844387,0.0,299.99957748946235
a3,24.53686564456847,130.70598279680615,66.61248988281298,1.855145504683632,-0.5000000000000001,0.8660254037844387,0.0,299.99957748946235
a3,282.04045593044077,108.98734095986813,650.2617320595959,1.855145504683632,-0.5000000000000001,0.8660254037844387,0.0,299.99957748946235
a3,351.48108349893414,206.5645097972535,12.305776569162408,4.818791785424828,-0.5000000000000001,0.8660254037844387,0.0,1965.3986523187057
a3,96.05436829312949,339.57612691601736,7.883450547409763,1.855145504683632,-0.5000000000000001,0.8660254037844387,0.0,299.99957748946235
a3,67.94254493934274,90.90103029192285,2.4546407611571746,1.855145504683632,-0.5000000000000001,0.8660254037844387,0.0,299.99957748946235
a3,244.5611068010558,147.78886868893326,653.1971999999998,1.855145504683632,-0.5000000000000001,0.8660254037844387,0.0,299.99957748946235
a3,307.81476663120173,118.87291998076793,653.1971999999998,1.855145504683632,-0.5000000000000001,0.8660254037844387,0.0,299.99957748946235
a3,62.88817097296227,228.63332623353637,653.1971999999998,1.855145504683632,-0.5000000000000001,0.8660254037844387,0.0,299.99957748946235
a3,30.837647940949676,224.54735343941994,382.03112634233617,1.855145504683632,-0.5000000000000001,0.8660254037844387,0.0,299.99957748946235
a3,75.43908834487718,302.4961792303859,191.20202111480182,1.855145504683632,-0.5000000000000001,0.8660254037844387,0.0,299.99957748946235
a3,210.08544798570125,346.3539504812784,30.738811721597376,1.855145504683632,-0.5000000000000001,0.8660254037844387,0.0,299.99957748946235
a3,359.49287737446383,243.36547520306127,494.5301819978951,1.855145504683632,-0.5000000000000001,0.8660254037844387,0.0,299.99957748946235
a3,278.8341830569056,168.12938252588287,653.1971999999998,1.855145504683632,-0.5000000000000001,0.8660254037844387,0.0,299.99957748946235
a3,54.26722695255698,267.1986750139621,419.81427635866015,1.855145504683632,-0.5000000000000001,0.8660254037844387,0.0,299.99957748946235
a3,86.57739065716481,217.40994261766267,0.7821283131401161,1.855145504683632,-0.5000000000000001,0.8660254037844387,0.0,299.99957748946235
a3,47.949627619250755,93.23549316306452,477.3521188624457,1.855145504683632,-0.5000000000000001,0.8660254037844387,0.0,299.99957748946235
a3,343.2147343636784,271.0918043580738,643.9343928127406,1.855145504683632,-0.5000000000000001,0.8660254037844387,0.0,299.99957748946235
a3,76.6442855649097,42.54447137876592,201.62446859659713,1.855145504683632,-0.5000000000000001,0.8660254037844387,0.0,299.99957748946235
a3,278.33635619773065,207.97009213821644,0.0,1.855145504683632,-0.5000000000000001,0.8660254037844387,0.0,299.99957748946235
a3,268.18423869341984,0.6557064084037871,487.3110259191478,1.855145504683632,-0.5000000000000001,0.8660254037844387,0.0,299.99957748946235
a3,202.7775750794624,344.0899517670939,58.60535417692281,1.855145504683632,-0.5000000000000001,0.8660254037844387,0.0,299.99957748946235
a3,324.67698741505365,42.74179597891096,86.59526622527564,1.855145504683632,-0.5000000000000001,0.8660254037844387,0.0,299.99957748946235
a3,212.8479781378801,2.429742799284461,527.5715657880903,1.855145504683632,-0.5000000000000001,0.8660254037844387,0.0,299.99957748946235
a3,310.0366685891689,206.87815741026282,550.7443239854372,4.813117307687062,-0.5000000000000001,0.8660254037844387,0.0,1960.772578028893
a3,24.92176327160988,216.3708409489157,581.1665074368833,1.855145504683632,-0.5000000000000001,0.8660254037844387,0.0,299.99957748946235
a3,348.741125354092,84.42210552801343,253.06035780674551,1.855145504683632,-0.5000000000000001,0.8660254037844387,0.0,299.99957748946235
a3,46.42634034363343,96.8796980037661,516.639467573091,1.855145504683632,-0.5000000000000001,0.8660254037844387,0.0,299.99957748946235
a3,198.53551187634392,0.24130054184711117,108.45611892599764,1.855145504683632,-0.5000000000000001,0.8660254037844387,0.0,299.99957748946235
a3,218.8896407951642,186.24655195450921,650.0973978494305,1.855145504683632,-0.5000000000000001,0.8660254037844387,0.0,299.99957748946235
a3,384.6257448427423,199.83407180983934,125.39664062838735,1.855145504683632,-0.5000000000000001,0.8660254037844387,0.0,299.99957748946235
a3,378.9635700424515,136.76891525511112,368.5890711682681,1.855145504683632,-0.5000000000000001,0.8660254037844387,0.0,299.99957748946235
a3,162.73120682148485,286.1158399280644,653.1971999999998,1.855145504683632,-0.5000000000000001,0.8660254037844387,0.0,299.99957748946235
a3,328.1764698877735,188.51110291666524,238.60986695262034,4.813700504882295,-0.5000000000000001,0.8660254037844387,0.0,1961.2477737384074
a3,5.124267653323332,164.3295888232152,456.41598643629743,1.855145504683632,-0.5000000000000001,0.8660254037844387,0.0,299.99957748946235
a3,124.71798484401678,80.20232735692377,0.2315626849748243,1.855145504683632,-0.5000000000000001,0.8660254037844387,0.0,299.99957748946235
a3,170.76372562714226,346.4101615000001,624.5854914829068,1.855145504683632,-0.5000000000000001,0.8660254037844387,0.0,299.99957748946235
a3,349.7924212851981,260.1671580055924,575.1935770216389,1.855145504683632,-0.5000000000000001,0.8660254037844387,0.0,299.99957748946235
a3,180.2107507450327,236.6932298572317,653.1971999999998,1.855145504683632,-0.5000000000000001,0.8660254037844387,0.0,299.99957748946235
a3,26.843388700769108,148.57393937287958,22.400171692365703,4.820580601033751,-0.5000000000000001,0.8660254037844387,0.0,1966.8581004515106
a3,232.81750513091413,167.57643698498816,653.1971999999998,1.855145504683632,-0.5000000000000001,0.8660254037844387,0.0,299.99957748946235
a3,309.81482263290894,329.41039003320077,518.0592758451317,1.855145504683632,-0.5000000000000001,0.8660254037844387,0.0,299.99957748946235
a3,190.36833752517467,239.54467227516716,651.3135379958891,1.855145504683632,-0.5000000000000001,0.8660254037844387,0.0,299.99957748946235
a3,97.42676433685739,196.6870775326485,641.2694896487124,4.814491725950983,-0.5000000000000001,0.8660254037844387,0.0,1961.8925617096993
a3,254.89945603322664,345.2138294522563,99.37469596954979,1.855145504683632,-0.5000000000000001,0.8660254037844387,0.0,299.99957748946235
a3,90.68870255859648,19.90467691832152,371.4952410496129,1.855145504683632,-0.5000000000000001,0.8660254037844387,0.0,299.99957748946235
a3,301.33466571977715,4.915842639528062,61.87356139623768,1.855145504683632,-0.5000000000000001,0.8660254037844387,0.0,299.99957748946235
a3,208.49767037843466,248.9935369454919,1.5084987125723817,1.855145504683632,-0.5000000000000001,0.8660254037844387,0.0,299.99957748946235
a3,324.24117529434494,41.98694724331935,351.63107668234716,1.855145504683632,-0.5000000000000001,0.8660254037844387,0.0,299.99957748946235
a3,48.809355420936164,256.2611236895253,286.72789797083135,1.855145504683632,-0.5000000000000001,0.8660254037844387,0.0,299.99957748946235
a3,68.60608297044989,237.8269110966241,653.1971999999998,1.855145504683632,-0.5000000000000001,0.8660254037844387,0.0,299.99957748946235
a3,201.31173906899477,0.0,531.3964411831938,1.855145504683632,-0.5000000000000001,0.8660254037844387,0.0,299.99957748946235
a3,262.36888535030994,294.75410906192707,586.1672326129104,4.808235820663486,-0.5000000000000001,0.8660254037844387,0.0,1956.7973446986198
a3,24.845946647351557,131.57861562604157,546.016725199712,1.855145504683632,-0.5000000000000001,0.8660254037844387,0.0,299.99957748946235
a3,90.19862592735441,16.976477877135302,281.2224069709302,1.855145504683632,-0.5000000000000001,0.8660254037844387,0.0,299.99957748946235
a3,48.515687089957744,257.23671575057864,184.03183029334346,1.855145504683632,-0.5000000000000001,0.8660254037844387,0.0,299.99957748946235
a3,159.56950088226247,2.756621597654885e-14,335.7242929174806,1.855145504683632,-0.5000000000000001,0.8660254037844387,0.0,299.99957748946235
a3,348.5909457919246,262.2481746039084,207.04133799540693,1.855145504683632,-0.5000000000000001,0.8660254037844387,0.0,299.99957748946235
a3,307.9200903866233,206.1930203805509,219.902713904363,4.817077349247048,-0.5000000000000001,0.8660254037844387,0.0,1964.0003967842426
a3,299.5807775201879,1.717458078258939,618.7736670516273,1.855145504683632,-0.5000000000000001,0.8660254037844387,0.0,299.99957748946235
a3,179.73191388106804,276.5435421562009,653.1971999999998,1.855145504683632,-0.5000000000000001,0.8660254037844387,0.0,299.99957748946235
a3,181.98228895792386,343.70562143137,619.6190096435993,1.855145504683632,-0.5000000000000001,0.8660254037844387,0.0,299.99957748946235
a3,366.4951392417267,118.81076631612025,515.9550410420869,1.855145504683632,-0.5000000000000001,0.8660254037844387,0.0,299.99957748946235
a3,56.54587155259881,265.91854191947493,397.84551474629757,1.855145504683632,-0.5000000000000001,0.8660254037844387,0.0,299.99957748946235
a3,43.402734342702125,248.38082181598523,143.8302155034493,1.855145504683632,-0.5000000000000001,0.8660254037844387,0.0,299.99957748946235
a3,274.67069419315163,19.969202376414035,613.5568419231214,4.8084542330006546,-0.5000000000000001,0.8660254037844387,0.0,1956.9751223303115
a3,51.88855611051502,261.5298222926941,480.6731331673082,1.855145504683632,-0.5000000000000001,0.8660254037844387,0.0,299.99957748946235
a3,190.53902265959834,343.40466902226893,245.04669276467615,1.855145504683632,-0.5000000000000001,0.8660254037844387,0.0,299.99957748946235
a3,90.08339825792939,325.87458774204424,540.0132099339972,1.855145504683632,-0.5000000000000001,0.8660254037844387,0.0,299.99957748946235
a3,74.90940457540803,43.570684522375664,40.61134560080251,1.855145504683632,-0.5000000000000001,0.8660254037844387,0.0,299.99957748946235
a3,181.25963787912113,93.63660502714582,118.97186076889018,4.818625817327179,-0.5000000000000001,0.8660254037844387,0.0,1965.2632707240577
a3,221.2003921163112,76.79879696401096,629.917498649721,4.808964850288619,-0.5000000000000001,0.8660254037844387,0.0,1957.3907729065388
a3,397.7452933546372,171.46628329285488,283.0330987062517,1.855145504683632,-0.5000000000000001,0.8660254037844387,0.0,299.99957748946235
a3,171.46364372411904,346.4101615000001,431.1889732202529,1.855145504683632,-0.5000000000000001,0.8660254037844387,0.0,299.99957748946235
a3,80.06232430645251,34.533067284681955,381.4478869046882,1.855145504683632,-0.5000000000000001,0.8660254037844387,0.0,299.99957748946235
a3,119.4148031323961,346.4101615000001,132.23703315650047,1.855145504683632,-0.5000000000000001,0.8660254037844387,0.0,299.99957748946235
a3,220.86767790920615,0.0,473.7435101743642,1.855145504683632,-0.5000000000000001,0.8660254037844387,0.0,299.99957748946235
a3,221.09482021454772,346.41016149999984,460.2762315132993,1.855145504683632,-0.5000000000000001,0.8660254037844387,0.0,299.99957748946235
a3,11.949679180002587,154.49616572953894,87.36421854738464,1.855145504683632,-0.5000000000000001,0.8660254037844387,0.0,299.99957748946235
a3,280.4661272198296,0.0,507.1971310989031,1.855145504683632,-0.5000000000000001,0.8660254037844387,0.0,299.99957748946235
a3,159.08686064837843,343.33069112072207,11.469506204964679,1.855145504683632,-0.5000000000000001,0.8660254037844387,0.0,299.99957748946235
a3,180.16495221126343,313.9814388409633,0.9857826750366351,1.855145504683632,-0.5000000000000001,0.8660254037844387,0.0,299.99957748946235
a3,140.17114756684796,2.756621597654885e-14,266.59600440128327,1.855145504683632,-0.5000000000000001,0.8660254037844387,0.0,299.99957748946235
a3,232.43720303326631,346.41016149999984,212.98727973774723,1.855145504683632,-0.5000000000000001,0.8660254037844387,0.0,299.99957748946235
a3,111.10423539849427,325.4554652888266,15.817711239130752,4.8203109757698686,-0.5000000000000001,0.8660254037844387,0.0,1966.6380855415086
a3,186.08254438094028,226.8003290944375,0.0,1.855145504683632,-0.5000000000000001,0.8660254037844387,0.0,299.99957748946235
a3,180.56303280129072,346.4101615000001,563.5587421211063,1.855145504683632,-0.5000000000000001,0.8660254037844387,0.0,299.99957748946235
a3,238.78393617865285,0.0,162.9863565664948,1.855145504683632,-0.5000000000000001,0.8660254037844387,0.0,299.99957748946235
a3,172.15463454816364,50.91755215077311,581.1098976560534,4.809829357425275,-0.5000000000000001,0.8660254037844387,0.0,1958.0945960561976
a3,53.84897711820586,263.15751667123465,30.58828074979062,1.855145504683632,-0.5000000000000001,0.8660254037844387,0.0,299.99957748946235
a3,211.89501558337042,346.41016149999984,339.4109494066731,1.855145504683632,-0.5000000000000001,0.8660254037844387,0.0,299.99957748946235
a3,361.90352642417366,236.15363730831285,558.5668676051976,1.855145504683632,-0.5000000000000001,0.8660254037844387,0.0,299.99957748946235
a3,353.89822625761764,93.3544663123245,339.65298766518083,1.855145504683632,-0.5000000000000001,0.8660254037844387,0.0,299.99957748946235
a3,80.86176623555569,312.2142911950124,96.10939407972009,1.855145504683632,-0.5000000000000001,0.8660254037844387,0.0,299.99957748946235
a3,117.29694577452136,206.0456890864943,653.1971999999998,1.855145504683632,-0.5000000000000001,0.8660254037844387,0.0,299.99957748946235
a3,68.75188082791348,292.2868314551313,195.62411201844057,1.855145504683632,-0.5000000000000001,0.8660254037844387,0.0,299.99957748946235
a3,309.32994252997696,16.159934492975022,211.7934871062653,1.855145504683632,-0.5000000000000001,0.8660254037844387,0.0,299.99957748946235
a3,87.86339589473735,325.38894655917176,268.4207255856936,1.855145504683632,-0.5000000000000001,0.8660254037844387,0.0,299.99957748946235
a3,39.06295633130807,240.86410580697938,333.7235084695245,1.855145504683632,-0.5000000000000001,0.8660254037844387,0.0,299.99957748946235
a3,299.48890487297433,15.667454268321512,35.192498243728124,4.822409122965099,-0.5000000000000001,0.8660254037844387,0.0,1968.350503779624
a3,131.82296550695216,1.5697977587856233,410.4999624212879,1.855145504683632,-0.5000000000000001,0.8660254037844387,0.0,299.99957748946235
a3,382.9259758256655,145.5172021059668,432.4973398785182,1.855145504683632,-0.5000000000000001,0.8660254037844387,0.0,299.99957748946235
a3,149.56119491456886,2.756621597654885e-14,216.02373472743196,1.855145504683632,-0.5000000000000001,0.8660254037844387,0.0,299.99957748946235
a3,140.35518580539767,343.2328422072466,412.2982301919031,1.855145504683632,-0.5000000000000001,0.8660254037844387,0.0,299.99957748946235
a3,38.49592929896455,239.88198617773452,161.1521349863522,1.855145504683632,-0.5000000000000001,0.8660254037844387,0.0,299.99957748946235
a3,82.61944940294164,81.23267283568183,0.0,1.855145504683632,-0.5000000000000001,0.8660254037844387,0.0,299.99957748946235
a3,86.84994476541249,322.1257923329009,613.1724683826973,1.855145504683632,-0.5000000000000001,0.8660254037844387,0.0,299.99957748946235
a3,339.1907064538039,67.88029475980632,379.7427231628177,1.855145504683632,-0.5000000000000001,0.8660254037844387,0.0,299.99957748946235
a3,54.465416049803494,78.86821290011434,168.93208234481764,1.855145504683632,-0.5000000000000001,0.8660254037844387,0.0,299.99957748946235
a3,65.4856276911199,59.78064642795139,502.4419673886588,1.855145504683632,-0.5000000000000001,0.8660254037844387,0.0,299.99957748946235
a3,144.65448742516142,161.9444393943666,426.62104097751995,4.824768193340923,-0.5000000000000001,0.8660254037844387,0.0,1970.2767663648679
a3,234.3168904716096,295.60618305343013,1.3455868031623783,1.855145504683632,-0.5000000000000001,0.8660254037844387,0.0,299.99957748946235
a3,32.91242566347274,118.6267975816073,174.9189097754996,1.855145504683632,-0.5000000000000001,0.8660254037844387,0.0,299.99957748946235
a3,250.33259525222854,319.3843099244166,651.9050678843709,1.855145504683632,-0.5000000000000001,0.8660254037844387,0.0,299.99957748946235
a3,323.9567480936001,304.1544170857725,521.3677595234782,1.855145504683632,-0.5000000000000001,0.8660254037844387,0.0,299.99957748946235
a3,394.41115431787307,182.76302706486481,340.4364347103802,1.855145504683632,-0.5000000000000001,0.8660254037844387,0.0,299.99957748946235
a3,62.762197021995014,184.67305563922997,0.0,1.855145504683632,-0.5000000000000001,0.8660254037844387,0.0,299.99957748946235
a3,330.21531158153135,178.71514690813015,0.0,1.855145504683632,-0.5000000000000001,0.8660254037844387,0.0,299.99957748946235
a3,290.26671512425787,169.49627373171822,0.37248112672631706,1.855145504683632,-0.5000000000000001,0.8660254037844387,0.0,299.99957748946235
a3,54.52974841129769,267.6533755185599,500.34760143550693,1.855145504683632,-0.5000000000000001,0.8660254037844387,0.0,299.99957748946235
a3,29.176410798315903,223.74010663317478,310.8420424660008,1.855145504683632,-0.5000000000000001,0.8660254037844387,0.0,299.99957748946235
a3,363.8846957009011,208.91645524697304,270.3334955916068,4.814275040561365,-0.5000000000000001,0.8660254037844387,0.0,1961.7159682448857
a3,379.55257479409744,207.1194875518641,389.10424585331344,1.855145504683632,-0.5000000000000001,0.8660254037844387,0.0,299.99957748946235
a3,49.603917518863646,259.1215861437111,517.6695847303988,1.855145504683632,-0.5000000000000001,0.8660254037844387,0.0,299.99957748946235
a3,229.05257222785374,0.0,203.31764651101994,1.855145504683632,-0.5000000000000001,0.8660254037844387,0.0,299.99957748946235
a3,316.76357209336214,47.38051165055646,0.0,1.855145504683632,-0.5000000000000001,0.8660254037844387,0.0,299.99957748946235
a3,327.7797002167753,49.92126036586615,278.7198678891298,1.855145504683632,-0.5000000000000001,0.8660254037844387,0.0,299.99957748946235
a3,9.797267754633099,156.23571522429404,155.63990702855918,1.855145504683632,-0.5000000000000001,0.8660254037844387,0.0,299.99957748946235
a3,141.2630135506456,126.61893728819355,653.1971999999998,1.855145504683632,-0.5000000000000001,0.8660254037844387,0.0,299.99957748946235
a3,249.40588962706343,344.70589513565074,269.7955045130348,1.855145504683632,-0.5000000000000001,0.8660254037844387,0.0,299.99957748946235
a3,76.59670068714247,303.2360608007081,211.484065016869,1.855145504683632,-0.5000000000000001,0.8660254037844387,0.0,299.99957748946235
a3,200.7410966715813,220.3889553742088,31.128986664185067,4.811371972940542,-0.5000000000000001,0.8660254037844387,0.0,1959.350803402985
a3,192.4331959415381,177.05550806516362,653.1971999999998,1.855145504683632,-0.5000000000000001,0.8660254037844387,0.0,299.99957748946235
a3,182.29056962717712,346.4101615000001,298.9493183630869,1.855145504683632,-0.5000000000000001,0.8660254037844387,0.0,299.99957748946235
a3,308.9626136219488,17.016578382222566,280.0615331785345,1.855145504683632,-0.5000000000000001,0.8660254037844387,0.0,299.99957748946235
a3,80.06232430645251,34.533067284681955,381.4478869046882,1.855145504683632,-0.5000000000000001,0.8660254037844387,0.0,299.99957748946235
a3,400.0000000000001,173.20508075,123.88222758620697,1.855145504683632,-0.5000000000000001,0.8660254037844387,0.0,299.99957748946235
a3,306.68597292086577,328.9228909178563,92.27953033403278,1.855145504683632,-0.5000000000000001,0.8660254037844387,0.0,299.99957748946235
a3,70.29868306170964,102.03836614935179,2.747341048561268,1.855145504683632,-0.5000000000000001,0.8660254037844387,0.0,299.99957748946235
a3,130.6476090777709,343.44477851598253,582.2963221017922,1.855145504683632,-0.5000000000000001,0.8660254037844387,0.0,299.99957748946235
a3,260.83711610224935,0.0,519.1351409063294,1.855145504683632,-0.5000000000000001,0.8660254037844387,0.0,299.99957748946235
a3,99.97918323577184,345.06930563917217,169.33269645153658,1.855145504683632,-0.5000000000000001,0.8660254037844387,0.0,299.99957748946235
a3,321.9015191485877,41.35817136957824,559.1348112479587,1.855145504683632,-0.5000000000000001,0.8660254037844387,0.0,299.99957748946235
a3,211.71853234112257,345.4165048107044,244.8320375612995,1.855145504683632,-0.5000000000000001,0.8660254037844387,0.0,299.99957748946235
a3,290.62368261376434,2.9252145039053428,129.13715990008825,1.855145504683632,-0.5000000000000001,0.8660254037844387,0.0,299.99957748946235
a3,330.0128852416835,51.98384211826284,586.2990725468335,1.855145504683632,-0.5000000000000001,0.8660254037844387,0.0,299.99957748946235
a3,269.86261563603887,0.0,251.20862549008393,1.855145504683632,-0.5000000000000001,0.8660254037844387,0.0,299.99957748946235
a3,323.79435702295626,44.63364128935486,215.64213202866088,1.855145504683632,-0.5000000000000001,0.8660254037844387,0.0,299.99957748946235
a3,249.2533810374827,52.95697769493689,358.5028129746382,4.814139007565468,-0.5000000000000001,0.8660254037844387,0.0,1961.6051086334933
a3,344.0785516400177,76.34629096152274,350.9158047153934,1.855145504683632,-0.5000000000000001,0.8660254037844387,0.0,299.99957748946235
a3,350.00186051669306,258.2575537174009,403.12242568434294,1.855145504683632,-0.5000000000000001,0.8660254037844387,0.0,299.99957748946235
a3,112.72724988694425,68.83632779430255,260.43032019799807,4.813046610243169,-0.5000000000000001,0.8660254037844387,0.0,1960.7149768600918
a3,191.31519344060166,0.8444608754528312,513.284673751644,1.855145504683632,-0.5000000000000001,0.8660254037844387,0.0,299.99957748946235
a3,334.2513594356809,59.325094768543636,374.0545769088694,1.855145504683632,-0.5000000000000001,0.8660254037844387,0.0,299.99957748946235
a3,344.01301198093654,269.17009581442164,132.99814003976877,1.855145504683632,-0.5000000000000001,0.8660254037844387,0.0,299.99957748946235
a3,21.958601415610268,139.16906664441828,451.815565138316,1.855145504683632,-0.5000000000000001,0.8660254037844387,0.0,299.99957748946235
a3,62.48946981199111,71.12900202156523,381.0747042442473,1.855145504683632,-0.5000000000000001,0.8660254037844387,0.0,299.99957748946235
a3,77.39763188823345,195.4610904052188,0.0,1.855145504683632,-0.5000000000000001,0.8660254037844387,0.0,299.99957748946235
a3,149.75193179403504,345.59639825513386,341.3649066651523,1.855145504683632,-0.5000000000000001,0.8660254037844387,0.0,299.99957748946235
a3,236.3385561748426,65.36112903857105,1.5089051054900509,1.855145504683632,-0.5000000000000001,0.8660254037844387,0.0,299.99957748946235
a3,301.8425220641914,168.40585687245658,0.0,1.855145504683632,-0.5000000000000001,0.8660254037844387,0.0,299.99957748946235
a3,74.83875735507466,43.58055064084626,306.7313992067488,1.855145504683632,-0.5000000000000001,0.8660254037844387,0.0,299.99957748946235
a3,104.44878132501253,315.07145330819435,0.8867138593238927,1.855145504683632,-0.5000000000000001,0.8660254037844387,0.0,299.99957748946235
a3,183.17966020621515,1.911674745986632,577.3671167957503,1.855145504683632,-0.5000000000000001,0.8660254037844387,0.0,299.99957748946235
a3,210.70610344500886,346.41016149999984,602.7891628422724,1.855145504683632,-0.5000000000000001,0.8660254037844387,0.0,299.99957748946235
a3,133.12509255400025,346.4101615000001,635.1139527215724,1.855145504683632,-0.5000000000000001,0.8660254037844387,0.0,299.99957748946235
a3,260.2667583074577,344.2655800078779,115.38959431109653,1.855145504683632,-0.5000000000000001,0.8660254037844387,0.0,299.99957748946235
a3,333.7706007801397,287.9177651489989,212.987420785125,1.855145504683632,-0.5000000000000001,0.8660254037844387,0.0,299.99957748946235
a3,326.4679994320003,237.27377497762362,651.0258133776717,1.855145504683632,-0.5000000000000001,0.8660254037844387,0.0,299.99957748946235
a3,68.07551328433561,55.2948329948895,40.5819995070519,1.855145504683632,-0.5000000000000001,0.8660254037844387,0.0,299.99957748946235
a3,359.6876916642389,108.05531432672922,634.3116397513868,1.855145504683632,-0.5000000000000001,0.8660254037844387,0.0,299.99957748946235
a3,114.12748188019935,193.4598478172139,651.7694720146144,1.855145504683632,-0.5000000000000001,0.8660254037844387,0.0,299.99957748946235
a3,370.31386076126864,128.06245038363411,271.5020993618841,1.855145504683632,-0.5000000000000001,0.8660254037844387,0.0,299.99957748946235
a3,68.66794575555522,292.14145164527554,252.80023929851131,1.855145504683632,-0.5000000000000001,0.8660254037844387,0.0,299.99957748946235
a3,292.61273540971547,343.65572011667126,319.3040367881171,1.855145504683632,-0.5000000000000001,0.8660254037844387,0.0,299.99957748946235
a3,45.91886835849839,96.14042774208245,570.811457988341,1.855145504683632,-0.5000000000000001,0.8660254037844387,0.0,299.99957748946235
a3,254.87717600826497,345.60263427773003,42.83244483944783,1.855145504683632,-0.5000000000000001,0.8660254037844387,0.0,299.99957748946235
a3,59.986714600076255,69.30504328766582,335.68661188261643,1.855145504683632,-0.5000000000000001,0.8660254037844387,0.0,299.99957748946235
a3,100.43709783008833,345.58865462095804,159.7800801967342,1.855145504683632,-0.5000000000000001,0.8660254037844387,0.0,299.99957748946235
a3,94.89471070269853,337.56754105008787,489.47071134342355,1.855145504683632,-0.5000000000000001,0.8660254037844387,0.0,299.99957748946235
a3,9.892880120998345,156.07010974792414,529.6608234887059,1.855145504683632,-0.5000000000000001,0.8660254037844387,0.0,299.99957748946235
a3,48.44072397292202,257.10687582318417,161.02231873424037,1.855145504683632,-0.5000000000000001,0.8660254037844387,0.0,299.99957748946235
a3,220.63467337925496,11.735398110090303,311.3427813617707,4.815576697779381,-0.5000000000000001,0.8660254037844387,0.0,1962.7769076081024
a3,354.0571966336902,252.7803504194305,362.34500081624896,1.855145504683632,-0.5000000000000001,0.8660254037844387,0.0,299.99957748946235
a3,321.821603974537,308.6140347149581,634.4300027259735,1.855145504683632,-0.5000000000000001,0.8660254037844387,0.0,299.99957748946235
a3,95.14332182420672,8.41201335615026,163.2993000000001,1.855145504683632,-0.5000000000000001,0.8660254037844387,0.0,299.99957748946235
a3,307.4737358675273,317.8939722787653,541.8037502289191,4.818136533333526,-0.5000000000000001,0.8660254037844387,0.0,1964.864184727736
a3,21.07337347272998,140.1512040891374,48.8979792688799,1.855145504683632,-0.5000000000000001,0.8660254037844387,0.0,299.99957748946235
a3,354.60455728801116,251.83229395612005,523.3569994510657,1.855145504683632,-0.5000000000000001,0.8660254037844387,0.0,299.99957748946235
a3,230.80685994420128,0.0,479.42436606699715,1.855145504683632,-0.5000000000000001,0.8660254037844387,0.0,299.99957748946235
a3,221.79220000907014,127.58659087546857,653.1971999999998,1.855145504683632,-0.5000000000000001,0.8660254037844387,0.0,299.99957748946235
a3,319.24024473063986,313.0850800777977,243.84111368779463,1.855145504683632,-0.5000000000000001,0.8660254037844387,0.0,299.99957748946235
a3,250.42568526761679,346.41016149999984,546.6534331449071,1.855145504683632,-0.5000000000000001,0.8660254037844387,0.0,299.99957748946235
a3,232.20795230856496,343.7221912488467,559.4139279576724,1.855145504683632,-0.5000000000000001,0.8660254037844387,0.0,299.99957748946235
a3,275.9549312739253,345.41097981585114,625.579769007668,1.855145504683632,-0.5000000000000001,0.8660254037844387,0.0,299.99957748946235
a3,68.06952419626393,58.67597170475191,441.7802451311799,1.855145504683632,-0.5000000000000001,0.8660254037844387,0.0,299.99957748946235
a3,325.9355578189289,52.04709935317864,263.7312338041128,1.855145504683632,-0.5000000000000001,0.8660254037844387,0.0,299.99957748946235
a3,79.34468278006214,310.6341026300379,436.8807762703429,1.855145504683632,-0.5000000000000001,0.8660254037844387,0.0,299.99957748946235
a3,374.0259446617772,218.1934642726189,328.4262753424546,1.855145504683632,-0.5000000000000001,0.8660254037844387,0.0,299.99957748946235
a3,26.439049062061166,214.7360214051801,348.65391573355475,1.855145504683632,-0.5000000000000001,0.8660254037844387,0.0,299.99957748946235
a3,203.21909575357714,236.9706094124788,653.1971999999998,1.855145504683632,-0.5000000000000001,0.8660254037844387,0.0,299.99957748946235
a3,303.5374936616239,10.640087845116117,445.40057921473874,1.855145504683632,-0.5000000000000001,0.8660254037844387,0.0,299.99957748946235
a3,251.26725272777688,344.3459396091248,535.2039326068641,1.855145504683632,-0.5000000000000001,0.8660254037844387,0.0,299.99957748946235
a3,262.5649637587424,1.6827611644684484,622.3196841318237,1.855145504683632,-0.5000000000000001,0.8660254037844387,0.0,299.99957748946235
a3,241.7583994746585,346.41016149999984,287.8322221190285,1.855145504683632,-0.5000000000000001,0.8660254037844387,0.0,299.99957748946235
a3,99.48641446411915,37.86191176532806,2.097157161294783,1.855145504683632,-0.5000000000000001,0.8660254037844387,0.0,299.99957748946235
a3,343.9220302879211,270.3349734727668,624.5174693738979,1.855145504683632,-0.5000000000000001,0.8660254037844387,0.0,299.99957748946235
a3,319.67773364859096,312.32732704418817,437.9003151078579,1.855145504683632,-0.5000000000000001,0.8660254037844387,0.0,299.99957748946235
a3,27.28563714589296,215.44346186349355,475.10065533404264,1.855145504683632,-0.5000000000000001,0.8660254037844387,0.0,299.99957748946235
a3,237.38738386774568,346.41016149999984,616.756482956504,1.855145504683632,-0.5000000000000001,0.8660254037844387,0.0,299.99957748946235
a3,130.29096639487486,2.756621597654885e-14,422.4067316378504,1.855145504683632,-0.5000000000000001,0.8660254037844387,0.0,299.99957748946235
a3,71.17970059010487,50.19026949797822,392.1848439250573,1.855145504683632,-0.5000000000000001,0.8660254037844387,0.0,299.99957748946235
a3,31.74373841434955,120.6535183370155,600.2519869519267,1.855145504683632,-0.5000000000000001,0.8660254037844387,0.0,299.99957748946235
a3,116.37165177026691,0.6184765332903512,588.5942803744556,1.855145504683632,-0.5000000000000001,0.8660254037844387,0.0,299.99957748946235
a3,128.0772550351557,66.68258674653212,650.1105461790878,1.855145504683632,-0.5000000000000001,0.8660254037844387,0.0,299.99957748946235
a3,14.806257578989323,147.55989035425856,251.7881477618018,1.855145504683632,-0.5000000000000001,0.8660254037844387,0.0,299.99957748946235
a3,79.08799518520149,192.47407199163092,1.9190737847762644,1.855145504683632,-0.5000000000000001,0.8660254037844387,0.0,299.99957748946235
a3,279.7826753924914,190.40211854126238,650.257885782647,1.855145504683632,-0.5000000000000001,0.8660254037844387,0.0,299.99957748946235
a3,54.539834819417095,78.73931581011198,191.94160096430835,1.855145504683632,-0.5000000000000001,0.8660254037844387,0.0,299.99957748946235
a3,143.87579127487226,129.73259732697838,401.4371071248846,4.823724592304149,-0.5000000000000001,0.8660254037844387,0.0,1969.4245138143785
a3,155.70399845359546,344.8880924621814,95.5990708922595,1.855145504683632,-0.5000000000000001,0.8660254037844387,0.0,299.99957748946235
a3,130.22381628921087,2.756621597654885e-14,558.4556669830529,1.855145504683632,-0.5000000000000001,0.8660254037844387,0.0,299.99957748946235
a3,192.3422767863627,344.9082333754681,348.5805960651397,1.855145504683632,-0.5000000000000001,0.8660254037844387,0.0,299.99957748946235
a3,336.35565058857685,205.0155339054364,31.341300227325913,4.806729053981543,-0.5000000000000001,0.8660254037844387,0.0,1955.5711256971442
a3,130.6642374244544,2.1261422409979596,54.89005627130691,1.855145504683632,-0.5000000000000001,0.8660254037844387,0.0,299.99957748946235
a3,192.19376401379128,196.9813025773093,0.0,1.855145504683632,-0.5000000000000001,0.8660254037844387,0.0,299.99957748946235
a3,14.210568492528722,197.81850738251845,227.56681734839088,1.855145504683632,-0.5000000000000001,0.8660254037844387,0.0,299.99957748946235
a3,60.796159506131026,275.38598224512697,460.517952043697,1.855145504683632,-0.5000000000000001,0.8660254037844387,0.0,299.99957748946235
a3,49.37925186525195,258.7324538169555,448.6412258796748,1.855145504683632,-0.5000000000000001,0.8660254037844387,0.0,299.99957748946235
a3,304.70258800856715,8.145121357578454,252.4649983372165,1.855145504683632,-0.5000000000000001,0.8660254037844387,0.0,299.99957748946235
a3,203.92328567814312,316.6153407800827,653.1971999999998,1.855145504683632,-0.5000000000000001,0.8660254037844387,0.0,299.99957748946235
a3,84.90173647374017,26.15095953250606,273.97938524084856,1.855145504683632,-0.5000000000000001,0.8660254037844387,0.0,299.99957748946235
a3,160.7317204137225,346.25581737896846,324.8748879593973,1.855145504683632,-0.5000000000000001,0.8660254037844387,0.0,299.99957748946235
a3,201.6189458714961,0.0,565.8440837654003,1.855145504683632,-0.5000000000000001,0.8660254037844387,0.0,299.99957748946235
a3,129.48387231633242,266.54258571430677,1.6609882544677153,1.855145504683632,-0.5000000000000001,0.8660254037844387,0.0,299.99957748946235
a3,30.542974348280953,120.30309736660817,474.13047922025476,1.855145504683632,-0.5000000000000001,0.8660254037844387,0.0,299.99957748946235
a3,370.6666046644776,215.50985483195737,223.84696760907488,1.855145504683632,-0.5000000000000001,0.8660254037844387,0.0,299.99957748946235
a3,270.32588341220907,343.64346931876315,592.558390509802,1.855145504683632,-0.5000000000000001,0.8660254037844387,0.0,299.99957748946235
a3,352.07948875757245,252.0224410250453,213.28460725839628,1.855145504683632,-0.5000000000000001,0.8660254037844387,0.0,299.99957748946235
a3,70.92254242986239,292.1643262734741,404.0586244928379,1.855145504683632,-0.5000000000000001,0.8660254037844387,0.0,299.99957748946235
a3,180.56023565716072,2.756621597654885e-14,404.97198880632067,1.855145504683632,-0.5000000000000001,0.8660254037844387,0.0,299.99957748946235
a3,157.44182743983347,216.49211488297033,0.0,1.855145504683632,-0.5000000000000001,0.8660254037844387,0.0,299.99957748946235
a3,206.3484488346205,334.5443490838645,311.8986455146215,4.817170751839671,-0.5000000000000001,0.8660254037844387,0.0,1964.0765610199978
a3,98.54138393142979,317.13729316836066,448.92894837402986,4.815543041411693,-0.5000000000000001,0.8660254037844387,0.0,1962.7494717620598
a3,321.80109286133114,304.9833828406466,522.6554416445381,1.855145504683632,-0.5000000000000001,0.8660254037844387,0.0,299.99957748946235
a3,229.59488834671302,229.58898420346387,3.1029938458878257,1.855145504683632,-0.5000000000000001,0.8660254037844387,0.0,299.99957748946235
a3,157.3832220923185,39.11071511925042,266.7196477121734,4.812720093371012,-0.5000000000000001,0.8660254037844387,0.0,1960.4489562467515
a3,64.89797194460398,60.79849603823626,318.3651700230429,1.855145504683632,-0.5000000000000001,0.8660254037844387,0.0,299.99957748946235
a3,311.99053471170333,27.312220419984527,226.77782055362792,1.855145504683632,-0.5000000000000001,0.8660254037844387,0.0,299.99957748946235
a3,95.10432307988073,8.47956116275159,298.30645318777005,1.855145504683632,-0.5000000000000001,0.8660254037844387,0.0,299.99957748946235
a3,37.94239001144471,238.00109445055742,93.15711134350518,1.855145504683632,-0.5000000000000001,0.8660254037844387,0.0,299.99957748946235
a3,309.5187126839002,18.428287067154635,65.89112289339151,1.855145504683632,-0.5000000000000001,0.8660254037844387,0.0,299.99957748946235
a3,43.89189562422166,247.42078904998053,388.1847360740431,1.855145504683632,-0.5000000000000001,0.8660254037844387,0.0,299.99957748946235
a3,19.288222083546287,203.13108737085307,625.0352132835656,1.855145504683632,-0.5000000000000001,0.8660254037844387,0.0,299.99957748946235
a3,62.88817097296227,228.63332623353637,0.0,1.855145504683632,-0.5000000000000001,0.8660254037844387,0.0,299.99957748946235
a3,306.5631580047086,15.632913497604719,282.6000414125895,1.855145504683632,-0.5000000000000001,0.8660254037844387,0.0,299.99957748946235
a3,137.4632914543303,268.58835945247347,652.8586263511581,1.855145504683632,-0.5000000000000001,0.8660254037844387,0.0,299.99957748946235
a3,354.705567122571,94.75282170939437,591.9595486432644,1.855145504683632,-0.5000000000000001,0.8660254037844387,0.0,299.99957748946235
a3,218.51048177256138,330.95164372415303,637.8560988709804,4.818178818558477,-0.5000000000000001,0.8660254037844387,0.0,1964.8986732018839
a3,0.0,173.20508075000004,315.3365793103449,1.855145504683632,-0.5000000000000001,0.8660254037844387,0.0,299.99957748946235
a3,314.42873458145823,321.4188601169822,250.41338358843967,1.855145504683632,-0.5000000000000001,0.8660254037844387,0.0,299.99957748946235
a3,64.06853180697534,284.17503300161104,362.1968446967794,1.855145504683632,-0.5000000000000001,0.8660254037844387,0.0,299.99957748946235
a3,130.82590317772016,346.4101615000001,386.11216213335774,1.855145504683632,-0.5000000000000001,0.8660254037844387,0.0,299.99957748946235
a3,45.88265733045536,93.73398707053897,583.163378077393,1.855145504683632,-0.5000000000000001,0.8660254037844387,0.0,299.99957748946235
a3,84.61698040681424,295.5099282576663,651.744609274538,1.855145504683632,-0.5000000000000001,0.8660254037844387,0.0,299.99957748946235
a3,45.212338872035225,94.89501269772771,387.64950963265574,1.855145504683632,-0.5000000000000001,0.8660254037844387,0.0,299.99957748946235
a3,33.710052492523786,121.62580710118968,567.0636035529809,1.855145504683632,-0.5000000000000001,0.8660254037844387,0.0,299.99957748946235
a3,14.934120290679518,147.3384256412264,308.73408754876925,1.855145504683632,-0.5000000000000001,0.8660254037844387,0.0,299.99957748946235
a3,344.2662636799356,269.7387437481596,408.4395879886732,1.855145504683632,-0.5000000000000001,0.8660254037844387,0.0,299.99957748946235
a3,188.23742031268475,47.46865805712753,653.1971999999998,1.855145504683632,-0.5000000000000001,0.8660254037844387,0.0,299.99957748946235
a3,119.4148031323961,346.4101615000001,132.23703315650047,1.855145504683632,-0.5000000000000001,0.8660254037844387,0.0,299.99957748946235
a3,211.16255327287686,0.0,514.0747420122539,1.855145504683632,-0.5000000000000001,0.8660254037844387,0.0,299.99957748946235
a3,263.40145700632394,345.18466273982915,391.7567632198515,1.855145504683632,-0.5000000000000001,0.8660254037844387,0.0,299.99957748946235
a3,67.008684677084,126.15753039634384,652.4109672605563,1.855145504683632,-0.5000000000000001,0.8660254037844387,0.0,299.99957748946235
a3,10.074239857356446,155.7559854701171,416.6930448720115,1.855145504683632,-0.5000000000000001,0.8660254037844387,0.0,299.99957748946235
a3,213.60854540773542,68.57441721723082,651.011807254961,1.855145504683632,-0.5000000000000001,0.8660254037844387,0.0,299.99957748946235
a3,342.8578271346226,227.024848876748,651.2953475563753,1.855145504683632,-0.5000000000000001,0.8660254037844387,0.0,299.99957748946235
a3,164.87483240271837,346.4101615000001,42.33128041703375,1.855145504683632,-0.5000000000000001,0.8660254037844387,0.0,299.99957748946235
a3,94.2991951470437,335.4209937839492,435.64613989279394,1.855145504683632,-0.5000000000000001,0.8660254037844387,0.0,299.99957748946235
a3,156.1064495970201,234.71082281946587,652.1872374640703,1.855145504683632,-0.5000000000000001,0.8660254037844387,0.0,299.99957748946235
a3,320.6012799854916,117.95572025416631,0.8911848602743612,1.855145504683632,-0.5000000000000001,0.8660254037844387,0.0,299.99957748946235
a3,29.450707545357268,224.2152025353824,414.4961207495999,1.855145504683632,-0.5000000000000001,0.8660254037844387,0.0,299.99957748946235
a3,231.56709877835178,50.95247874694506,652.549356848013,1.855145504683632,-0.5000000000000001,0.8660254037844387,0.0,299.99957748946235
a3,59.38887086580845,276.0696224896367,460.0157955890156,1.855145504683632,-0.5000000000000001,0.8660254037844387,0.0,299.99957748946235
a3,199.70774454080643,327.04116994445195,0.0,1.855145504683632,-0.5000000000000001,0.8660254037844387,0.0,299.99957748946235
a3,319.3771054310138,33.56213110880004,312.37330923267047,1.855145504683632,-0.5000000000000001,0.8660254037844387,0.0,299.99957748946235
a3,188.54136246219588,2.756621597654885e-14,19.202449405793903,1.855145504683632,-0.5000000000000001,0.8660254037844387,0.0,299.99957748946235
a3,384.44621367076417,195.92190683645742,64.63434881962957,1.855145504683632,-0.5000000000000001,0.8660254037844387,0.0,299.99957748946235
a3,250.56540903108962,6.826913362581457,651.0710557526802,1.855145504683632,-0.5000000000000001,0.8660254037844387,0.0,299.99957748946235
a3,222.03163220360074,107.66078494273609,0.0,1.855145504683632,-0.5000000000000001,0.8660254037844387,0.0,299.99957748946235
a3,279.91530332773135,111.22046643274683,2.836265831808524,1.855145504683632,-0.5000000000000001,0.8660254037844387,0.0,299.99957748946235
a3,149.8221660421047,0.29237592240932103,227.8827694175888,1.855145504683632,-0.5000000000000001,0.8660254037844387,0.0,299.99957748946235
a3,231.05560743489696,346.41016149999984,454.58743650181776,1.855145504683632,-0.5000000000000001,0.8660254037844387,0.0,299.99957748946235
a3,384.28590307677564,200.4226950150039,306.1555435271486,1.855145504683632,-0.5000000000000001,0.8660254037844387,0.0,299.99957748946235
a3,135.41800099794247,60.60054338477959,1.691865362198933,1.855145504683632,-0.5000000000000001,0.8660254037844387,0.0,299.99957748946235
a3,158.47507525438022,2.756621597654885e-14,47.94912172467867,1.855145504683632,-0.5000000000000001,0.8660254037844387,0.0,299.99957748946235
a3,159.09550414871134,2.756621597654885e-14,117.4808600978329,1.855145504683632,-0.5000000000000001,0.8660254037844387,0.0,299.99957748946235
a3,14.837045415888728,198.90359724350424,569.1637855778421,1.855145504683632,-0.5000000000000001,0.8660254037844387,0.0,299.99957748946235
a3,217.08546241494733,14.709877594978932,128.3093797302073,4.813621840490716,-0.5000000000000001,0.8660254037844387,0.0,1961.1836737379629
a3,324.9217632716322,43.16576019895426,581.1665074369689,1.855145504683632,-0.5000000000000001,0.8660254037844387,0.0,299.99957748946235
a3,203.81068841292844,346.41016149999984,57.52335007615454,1.855145504683632,-0.5000000000000001,0.8660254037844387,0.0,299.99957748946235
a3,312.3041376008578,21.31139146715677,636.0727147317504,1.855145504683632,-0.5000000000000001,0.8660254037844387,0.0,299.99957748946235
a3,251.6547739983394,289.0057273243373,651.530382591434,1.855145504683632,-0.5000000000000001,0.8660254037844387,0.0,299.99957748946235
a3,288.8961285381281,287.9107473880587,650.5318097816079,1.855145504683632,-0.5000000000000001,0.8660254037844387,0.0,299.99957748946235
a3,141.57592522781263,346.4101615000001,322.9321244142918,1.855145504683632,-0.5000000000000001,0.8660254037844387,0.0,299.99957748946235
a3,179.60338114980078,316.03231304752666,0.6640567089322813,1.855145504683632,-0.5000000000000001,0.8660254037844387,0.0,299.99957748946235
a3,304.38366909080275,9.196697506088823,419.71592236364586,1.855145504683632,-0.5000000000000001,0.8660254037844387,0.0,299.99957748946235
a3,314.33808419940743,320.45547865178236,204.7214981656319,1.855145504683632,-0.5000000000000001,0.8660254037844387,0.0,299.99957748946235
a3,38.5898523384695,240.04466565415186,195.66664410067443,1.855145504683632,-0.5000000000000001,0.8660254037844387,0.0,299.99957748946235
a3,256.89361711881213,234.6550109772467,605.2012753553984,4.8116372264990375,-0.5000000000000001,0.8660254037844387,0.0,1959.5668495130012
a3,204.3171427070047,24.180425619463914,652.120398462487,1.855145504683632,-0.5000000000000001,0.8660254037844387,0.0,299.99957748946235
a3,256.30470848769534,128.00129974343457,0.0,1.855145504683632,-0.5000000000000001,0.8660254037844387,0.0,299.99957748946235
a3,91.7459452187523,330.06288953707514,469.99904373967536,1.855145504683632,-0.5000000000000001,0.8660254037844387,0.0,299.99957748946235
a3,181.22225826837885,346.4101615000001,460.0157955890172,1.855145504683632,-0.5000000000000001,0.8660254037844387,0.0,299.99957748946235
a3,79.60484702012597,35.32544118787682,266.7363635107669,1.855145504683632,-0.5000000000000001,0.8660254037844387,0.0,299.99957748946235
a3,319.82308210072273,259.99725762166497,651.1725242559688,1.855145504683632,-0.5000000000000001,0.8660254037844387,0.0,299.99957748946235
a3,307.30342306285314,13.543080871225301,122.92274745157096,1.855145504683632,-0.5000000000000001,0.8660254037844387,0.0,299.99957748946235
a3,12.416232317917334,193.08252689493133,561.1324641535276,1.855145504683632,-0.5000000000000001,0.8660254037844387,0.0,299.99957748946235
a3,65.65459910011248,259.56102145945545,401.5977219347655,4.81602418955349,-0.5000000000000001,0.8660254037844387,0.0,1963.14171015838
a3,219.9848205658538,159.87366278177163,10.654036030233275,4.819036711198952,-0.5000000000000001,0.8660254037844387,0.0,1965.5984488823829
a3,379.8008339515395,138.2190988849373,528.9970399528402,1.855145504683632,-0.5000000000000001,0.8660254037844387,0.0,299.99957748946235
a3,363.5122727276797,110.00648326413794,178.2642525855251,1.855145504683632,-0.5000000000000001,0.8660254037844387,0.0,299.99957748946235
a3,282.79623110625295,44.436146019069255,653.1971999999998,1.855145504683632,-0.5000000000000001,0.8660254037844387,0.0,299.99957748946235
a3,24.057391697105796,214.2513936568116,294.70408570716495,1.855145504683632,-0.5000000000000001,0.8660254037844387,0.0,299.99957748946235
a3,46.235622750005035,250.29125151887786,245.45802863740295,1.855145504683632,-0.5000000000000001,0.8660254037844387,0.0,299.99957748946235
a3,280.49770980779755,0.0,112.62020689655176,1.855145504683632,-0.5000000000000001,0.8660254037844387,0.0,299.99957748946235
a3,177.5975324248343,18.35466109079835,653.1971999999998,1.855145504683632,-0.5000000000000001,0.8660254037844387,0.0,299.99957748946235
a3,228.97273421681837,0.0,191.81292225708702,1.855145504683632,-0.5000000000000001,0.8660254037844387,0.0,299.99957748946235
a3,186.43879767521258,244.71415959921998,1.8033429073171472,1.855145504683632,-0.5000000000000001,0.8660254037844387,0.0,299.99957748946235
a3,48.829376104593194,211.1298514903441,212.71643630161307,4.811018728751944,-0.5000000000000001,0.8660254037844387,0.0,1959.0631083833366
a3,290.24680398481274,0.0,118.25121724137936,1.855145504683632,-0.5000000000000001,0.8660254037844387,0.0,299.99957748946235
a3,319.105221540809,313.31894710277555,266.906180153294,1.855145504683632,-0.5000000000000001,0.8660254037844387,0.0,299.99957748946235
a3,272.2883356459617,144.18002429689525,285.098289566207,4.822990733463468,-0.5000000000000001,0.8660254037844387,0.0,1968.8253213754926
a3,216.70050490002782,344.9631009635101,61.07634432768436,1.855145504683632,-0.5000000000000001,0.8660254037844387,0.0,299.99957748946235
a3,255.82584407450972,167.85290907093557,0.0,1.855145504683632,-0.5000000000000001,0.8660254037844387,0.0,299.99957748946235
a3,131.44495022092931,101.82495079104778,383.02257037782243,4.819720588330655,-0.5000000000000001,0.8660254037844387,0.0,1966.156370845055
a3,243.8428095019364,207.56618318359676,653.1971999999998,1.855145504683632,-0.5000000000000001,0.8660254037844387,0.0,299.99957748946235
a3,157.7450911529291,0.7923970176348928,381.7905174513121,1.855145504683632,-0.5000000000000001,0.8660254037844387,0.0,299.99957748946235
a3,329.6429258011115,87.64052893566002,471.54735759004564,4.812263969111842,-0.5000000000000001,0.8660254037844387,0.0,1960.0773718054036
a3,304.8765980075937,337.9636459830947,602.5181068965516,1.855145504683632,-0.5000000000000001,0.8660254037844387,0.0,299.99957748946235
a3,99.9999999999999,2.756621597654885e-14,371.6466827586206,1.855145504683632,-0.5000000000000001,0.8660254037844387,0.0,299.99957748946235
a3,107.82844854421727,2.756621597654885e-14,634.1018460876993,1.855145504683632,-0.5000000000000001,0.8660254037844387,0.0,299.99957748946235
a3,9.78163906952014,190.14737659903588,540.6149378294098,1.855145504683632,-0.5000000000000001,0.8660254037844387,0.0,299.99957748946235
a3,353.64926535453,92.92325337909553,292.5617935463327,1.855145504683632,-0.5000000000000001,0.8660254037844387,0.0,299.99957748946235
a3,57.355114155723946,272.5470525376763,47.76254458282555,1.855145504683632,-0.5000000000000001,0.8660254037844387,0.0,299.99957748946235
a3,201.31631280047907,346.41016149999984,437.1364370502309,1.855145504683632,-0.5000000000000001,0.8660254037844387,0.0,299.99957748946235
a3,362.73947718454895,233.57249446698358,223.52098617355438,1.855145504683632,-0.5000000000000001,0.8660254037844387,0.0,299.99957748946235
a3,89.64855862277962,328.4809391037966,414.94846567301664,1.855145504683632,-0.5000000000000001,0.8660254037844387,0.0,299.99957748946235
a3,192.8171527534322,346.4101615000001,212.72868583995785,1.855145504683632,-0.5000000000000001,0.8660254037844387,0.0,299.99957748946235
a3,283.9449260383338,119.34025288472522,0.30252743957371253,1.855145504683632,-0.5000000000000001,0.8660254037844387,0.0,299.99957748946235
a3,343.5723892601267,75.46959200270666,189.84898112311907,1.855145504683632,-0.5000000000000001,0.8660254037844387,0.0,299.99957748946235
a3,168.17246316029508,1.5036686676660143,388.1305940792288,1.855145504683632,-0.5000000000000001,0.8660254037844387,0.0,299.99957748946235
a3,142.30540206179185,8.018977840342208,59.93718112876594,4.816179970882358,-0.5000000000000001,0.8660254037844387,0.0,1963.2687135779802
a3,67.99684249792594,140.45481538851263,651.7338461225437,1.855145504683632,-0.5000000000000001,0.8660254037844387,0.0,299.99957748946235
a3,326.01256742646785,230.9074760391555,209.00346552751697,4.812688086455049,-0.5000000000000001,0.8660254037844387,0.0,1960.4228804662685
a3,55.89857931239781,79.90727716252945,481.40258395352424,1.855145504683632,-0.5000000000000001,0.8660254037844387,0.0,299.99957748946235
a3,17.78214711388209,200.3452965139044,571.2682493178997,1.855145504683632,-0.5000000000000001,0.8660254037844387,0.0,299.99957748946235
a3,329.19784022219676,295.83801876588797,625.2377197665127,1.855145504683632,-0.5000000000000001,0.8660254037844387,0.0,299.99957748946235
a3,168.28200578773058,296.0906596818277,1.375020521520772,1.855145504683632,-0.5000000000000001,0.8660254037844387,0.0,299.99957748946235
a3,40.12953145316554,239.55291728359953,90.75534962955096,1.855145504683632,-0.5000000000000001,0.8660254037844387,0.0,299.99957748946235
a3,21.470373525784368,204.10386238686536,36.550982818618586,1.855145504683632,-0.5000000000000001,0.8660254037844387,0.0,299.99957748946235
a3,334.28017050384653,59.374997002424664,385.55944645604654,1.855145504683632,-0.5000000000000001,0.8660254037844387,0.0,299.99957748946235
a3,342.04775214071714,77.0332185443135,524.6812337612957,1.855145504683632,-0.5000000000000001,0.8660254037844387,0.0,299.99957748946235
a3,328.66732685537664,119.09063146851217,0.5162927568215554,1.855145504683632,-0.5000000000000001,0.8660254037844387,0.0,299.99957748946235
a3,9.96376439929418,155.94733457646277,280.64255819587675,1.855145504683632,-0.5000000000000001,0.8660254037844387,0.0,299.99957748946235
a3,7.527618169568682,167.04466372707793,445.7154993061561,1.855145504683632,-0.5000000000000001,0.8660254037844387,0.0,299.99957748946235
a3,154.85621391245363,17.072962338237495,651.9758706931588,1.855145504683632,-0.5000000000000001,0.8660254037844387,0.0,299.99957748946235
a3,130.69584195277184,0.46269404147619103,123.55958952743472,1.855145504683632,-0.5000000000000001,0.8660254037844387,0.0,299.99957748946235
a3,290.47847479277505,346.41016149999984,331.5421444861542,1.855145504683632,-0.5000000000000001,0.8660254037844387,0.0,299.99957748946235
a3,353.21597435852635,92.17277135958493,97.68113628549438,1.855145504683632,-0.5000000000000001,0.8660254037844387,0.0,299.99957748946235
a3,198.5406633203131,1.5676012903713707,313.81387558854726,1.855145504683632,-0.5000000000000001,0.8660254037844387,0.0,299.99957748946235
a3,98.03419684244996,236.8050407332996,91.90245320981575,4.812486402478571,-0.5000000000000001,0.8660254037844387,0.0,1960.2585741200678
a3,358.99781943164754,244.22294071267575,356.58209403772634,1.855145504683632,-0.5000000000000001,0.8660254037844387,0.0,299.99957748946235
a3,64.24052791676012,62.26369673502871,365.2899564635002,1.855145504683632,-0.5000000000000001,0.8660254037844387,0.0,299.99957748946235
a3,181.07213442786895,346.4101615000001,483.0253130485382,1.855145504683632,-0.5000000000000001,0.8660254037844387,0.0,299.99957748946235
a3,4.8759709723624685,164.75965128997302,196.28242000504542,1.855145504683632,-0.5000000000000001,0.8660254037844387,0.0,299.99957748946235
a3,17.39971202903225,199.39229391889,259.53179054580426,1.855145504683632,-0.5000000000000001,0.8660254037844387,0.0,299.99957748946235
a3,269.6393593027768,0.0,182.90828548271074,1.855145504683632,-0.5000000000000001,0.8660254037844387,0.0,299.99957748946235
a3,95.04003131129542,205.7886964794544,2.65040248064345,1.855145504683632,-0.5000000000000001,0.8660254037844387,0.0,299.99957748946235
a3,256.7785953571445,1.6167241869854254,233.01967702733359,1.855145504683632,-0.5000000000000001,0.8660254037844387,0.0,299.99957748946235
a3,319.21721991997606,33.285201280299496,186.4231482776001,1.855145504683632,-0.5000000000000001,0.8660254037844387,0.0,299.99957748946235
a3,150.05657149421572,1.6766128635777309,528.7897383774491,1.855145504683632,-0.5000000000000001,0.8660254037844387,0.0,299.99957748946235
a3,217.9593331037046,55.46162820872603,1.7528148515334518,1.855145504683632,-0.5000000000000001,0.8660254037844387,0.0,299.99957748946235
a3,178.01071941243907,186.3730638952899,650.9898387420827,1.855145504683632,-0.5000000000000001,0.8660254037844387,0.0,299.99957748946235
a3,173.26578136531103,346.4101615000001,155.07485182309233,1.855145504683632,-0.5000000000000001,0.8660254037844387,0.0,299.99957748946235
a3,54.34059458659964,79.08441001624989,30.08003023882862,1.855145504683632,-0.5000000000000001,0.8660254037844387,0.0,299.99957748946235
a3,334.8990239806586,60.44688266666131,602.7904663863044,1.855145504683632,-0.5000000000000001,0.8660254037844387,0.0,299.99957748946235
a3,176.49381862196887,67.25622787346735,0.0,1.855145504683632,-0.5000000000000001,0.8660254037844387,0.0,299.99957748946235
a3,198.21930784035564,65.15749618690172,1.84159182309401,1.855145504683632,-0.5000000000000001,0.8660254037844387,0.0,299.99957748946235
a3,318.47066044352675,198.3422929633083,653.1971999999998,1.855145504683632,-0.5000000000000001,0.8660254037844387,0.0,299.99957748946235
a3,50.21492497857942,86.23027939229958,393.3361507112479,1.855145504683632,-0.5000000000000001,0.8660254037844387,0.0,299.99957748946235
a3,378.60105848331176,136.141026816375,80.55042345129142,1.855145504683632,-0.5000000000000001,0.8660254037844387,0.0,299.99957748946235
a3,79.76464920592217,35.04865568292817,289.4098123650421,1.855145504683632,-0.5000000000000001,0.8660254037844387,0.0,299.99957748946235
a3,12.306248766200307,154.65691601998685,77.97890982180877,1.855145504683632,-0.5000000000000001,0.8660254037844387,0.0,299.99957748946235
a3,19.69409150150558,154.83429625407175,2.1214734890006777,1.855145504683632,-0.5000000000000001,0.8660254037844387,0.0,299.99957748946235
a3,354.09039915649356,252.7228419629983,420.37537288939944,1.855145504683632,-0.5000000000000001,0.8660254037844387,0.0,299.99957748946235
a3,33.74854466432353,231.6592747877914,190.18610485646937,1.855145504683632,-0.5000000000000001,0.8660254037844387,0.0,299.99957748946235
a3,70.54070697265095,51.024992276399,588.0517397751695,1.855145504683632,-0.5000000000000001,0.8660254037844387,0.0,299.99957748946235
a3,381.3101636909159,140.833334678808,74.36365415902726,1.855145504683632,-0.5000000000000001,0.8660254037844387,0.0,299.99957748946235
a3,348.5909457919246,262.2481746039084,207.04133799540693,1.855145504683632,-0.5000000000000001,0.8660254037844387,0.0,299.99957748946235
a3,208.47609623921517,119.7375630597349,394.8973833659624,4.825161661302337,-0.5000000000000001,0.8660254037844387,0.0,1970.5981382371365
a3,14.656829067595408,198.59145337191813,421.2928313926151,1.855145504683632,-0.5000000000000001,0.8660254037844387,0.0,299.99957748946235
a3,348.16974496586215,262.9777158348091,80.532859988113,1.855145504683632,-0.5000000000000001,0.8660254037844387,0.0,299.99957748946235
a3,113.98070801976014,11.303608894583922,575.8569181294367,4.815359678498101,-0.5000000000000001,0.8660254037844387,0.0,1962.600002177104
a3,157.86685634780383,2.749668166115007,235.32709051218671,1.855145504683632,-0.5000000000000001,0.8660254037844387,0.0,299.99957748946235
a3,69.21472743431843,53.32165620649627,116.96768676786823,1.855145504683632,-0.5000000000000001,0.8660254037844387,0.0,299.99957748946235
a3,191.3154027658249,346.4101615000001,442.82379188097684,1.855145504683632,-0.5000000000000001,0.8660254037844387,0.0,299.99957748946235
a3,273.1123203181106,346.41016149999984,35.9587929223611,1.855145504683632,-0.5000000000000001,0.8660254037844387,0.0,299.99957748946235
a3,290.26819547964385,345.14095236413914,40.54966433058839,1.855145504683632,-0.5000000000000001,0.8660254037844387,0.0,299.99957748946235
a3,90.25004323482922,16.887420488204054,225.0401318499262,1.855145504683632,-0.5000000000000001,0.8660254037844387,0.0,299.99957748946235
a3,357.46202944286495,100.61099351223807,58.547409115934606,1.855145504683632,-0.5000000000000001,0.8660254037844387,0.0,299.99957748946235
a3,314.554556030938,321.20093097381005,375.71337791643884,1.855145504683632,-0.5000000000000001,0.8660254037844387,0.0,299.99957748946235
a3,100.00000000000003,346.4101615000001,427.9567862068966,1.855145504683632,-0.5000000000000001,0.8660254037844387,0.0,299.99957748946235
a3,260.50082914665035,257.57529736638503,0.0,1.855145504683632,-0.5000000000000001,0.8660254037844387,0.0,299.99957748946235
a3,101.05686020614678,69.16087128894726,1.3745766374085127,1.855145504683632,-0.5000000000000001,0.8660254037844387,0.0,299.99957748946235
a3,380.0511820189139,139.2185849133938,78.85745714987135,1.855145504683632,-0.5000000000000001,0.8660254037844387,0.0,299.99957748946235
a3,260.56882275936056,0.0,496.32915029592374,1.855145504683632,-0.5000000000000001,0.8660254037844387,0.0,299.99957748946235
a3,309.93117995449256,329.2088532403935,79.06152621137853,1.855145504683632,-0.5000000000000001,0.8660254037844387,0.0,299.99957748946235
a3,338.01209904902515,70.85180071095688,423.1855481914787,1.855145504683632,-0.5000000000000001,0.8660254037844387,0.0,299.99957748946235
a3,114.64540753029956,177.79869339148635,641.2843074777642,4.818218738866313,-0.5000000000000001,0.8660254037844387,0.0,1964.9312330913378
a3,222.87363618897564,245.40757986086402,314.02577214522444,4.823216715221474,-0.5000000000000001,0.8660254037844387,0.0,1969.0098247491362
a3,290.47847479277505,346.41016149999984,331.5421444861542,1.855145504683632,-0.5000000000000001,0.8660254037844387,0.0,299.99957748946235
a3,84.3371780301492,317.01308562032057,300.10503061589316,1.855145504683632,-0.5000000000000001,0.8660254037844387,0.0,299.99957748946235
a3,240.86401154708184,3.158297961431578,117.08845198028573,1.855145504683632,-0.5000000000000001,0.8660254037844387,0.0,299.99957748946235
a3,299.38341313638716,2.692468233751953,563.3724654407507,1.855145504683632,-0.5000000000000001,0.8660254037844387,0.0,299.99957748946235
a3,91.33233130224676,276.3030919695502,650.322844357979,1.855145504683632,-0.5000000000000001,0.8660254037844387,0.0,299.99957748946235
a3,305.71030666684754,13.949632190963493,90.9726388079737,1.855145504683632,-0.5000000000000001,0.8660254037844387,0.0,299.99957748946235
a3,47.37516612501812,253.17794104142106,543.2887509659168,1.855145504683632,-0.5000000000000001,0.8660254037844387,0.0,299.99957748946235
a3,379.80685843095574,138.22953358937525,540.4440008480211,1.855145504683632,-0.5000000000000001,0.8660254037844387,0.0,299.99957748946235
a3,47.321943832385735,108.78484086826035,434.0585892218336,4.821020463935861,-0.5000000000000001,0.8660254037844387,0.0,1967.2170561270727
a3,16.185450152060476,196.36485197986727,549.1644508859048,1.855145504683632,-0.5000000000000001,0.8660254037844387,0.0,299.99957748946235
a3,59.316890103804916,70.46521334731592,128.6009761982665,1.855145504683632,-0.5000000000000001,0.8660254037844387,0.0,299.99957748946235
a3,372.1147575540144,126.3371695129811,201.64965584119264,1.855145504683632,-0.5000000000000001,0.8660254037844387,0.0,299.99957748946235
a3,242.42429697468688,346.41016149999984,150.2130895131452,1.855145504683632,-0.5000000000000001,0.8660254037844387,0.0,299.99957748946235
a3,389.2104474974642,156.96777245686096,209.15816378846299,1.855145504683632,-0.5000000000000001,0.8660254037844387,0.0,299.99957748946235
a3,270.6735562483894,131.03702860105963,650.6771092412104,1.855145504683632,-0.5000000000000001,0.8660254037844387,0.0,299.99957748946235
a3,324.7377888772876,303.5630542993297,535.1431030565898,1.855145504683632,-0.5000000000000001,0.8660254037844387,0.0,299.99957748946235
a3,243.24923434217212,210.12892779932932,0.22613584824238603,1.855145504683632,-0.5000000000000001,0.8660254037844387,0.0,299.99957748946235
a3,221.5052844645908,2.1047045263281476,333.3614139752338,1.855145504683632,-0.5000000000000001,0.8660254037844387,0.0,299.99957748946235
a3,85.33975975446499,25.392280955422784,558.6989196995854,1.855145504683632,-0.5000000000000001,0.8660254037844387,0.0,299.99957748946235
a3,147.8553435060539,346.4101615000001,217.47133749536903,1.855145504683632,-0.5000000000000001,0.8660254037844387,0.0,299.99957748946235
a3,181.01304207308513,2.756621597654885e-14,474.0015104675738,1.855145504683632,-0.5000000000000001,0.8660254037844387,0.0,299.99957748946235
a3,221.82088079318387,346.41016149999984,345.2283565188856,1.855145504683632,-0.5000000000000001,0.8660254037844387,0.0,299.99957748946235
a3,191.01518153100477,346.4101615000001,488.8428262568851,1.855145504683632,-0.5000000000000001,0.8660254037844387,0.0,299.99957748946235
a3,300.00000000000006,0.0,371.6466827586206,1.855145504683632,-0.5000000000000001,0.8660254037844387,0.0,299.99957748946235
a3,19.289022738756554,205.14004171313672,596.8252637889753,1.855145504683632,-0.5000000000000001,0.8660254037844387,0.0,299.99957748946235
a3,365.0178667296603,233.08462950884703,380.3905787625494,1.855145504683632,-0.5000000000000001,0.8660254037844387,0.0,299.99957748946235
a3,305.01298177051405,10.53201375847133,577.7423129444027,1.855145504683632,-0.5000000000000001,0.8660254037844387,0.0,299.99957748946235
a3,28.537121308974207,222.63282475693427,80.74541879893539,1.855145504683632,-0.5000000000000001,0.8660254037844387,0.0,299.99957748946235
a3,183.0395652594044,329.3766592626263,647.9211866363248,4.850033132082629,-0.5000000000000001,0.8660254037844387,0.0,1990.9655346850402
a3,56.43752777685613,79.83720295346849,29.065920742050046,1.855145504683632,-0.5000000000000001,0.8660254037844387,0.0,299.99957748946235
a3,161.13430365091563,346.4101615000001,471.38992643162743,1.855145504683632,-0.5000000000000001,0.8660254037844387,0.0,299.99957748946235
a3,349.3593736308839,86.51789984160628,335.936984718992,1.855145504683632,-0.5000000000000001,0.8660254037844387,0.0,299.99957748946235
a3,334.2810419393112,284.50502802466366,622.1657243332606,1.855145504683632,-0.5000000000000001,0.8660254037844387,0.0,299.99957748946235
a3,168.7065780434592,236.5550321269317,653.1971999999998,1.855145504683632,-0.5000000000000001,0.8660254037844387,0.0,299.99957748946235
a3,79.8490378306867,311.50767120273883,574.6534554047392,1.855145504683632,-0.5000000000000001,0.8660254037844387,0.0,299.99957748946235
a3,376.9357686734378,208.35286146991783,439.43754758637203,1.855145504683632,-0.5000000000000001,0.8660254037844387,0.0,299.99957748946235
a3,250.30738995324634,0.0,410.2327442625595,1.855145504683632,-0.5000000000000001,0.8660254037844387,0.0,299.99957748946235
a3,61.54529283154852,277.5587968942389,434.8331458387426,1.855145504683632,-0.5000000000000001,0.8660254037844387,0.0,299.99957748946235
a3,63.189657293506734,280.15794164951694,20.68148726107618,1.855145504683632,-0.5000000000000001,0.8660254037844387,0.0,299.99957748946235
a3,235.32646823035114,189.8264949957419,650.2987901587651,1.855145504683632,-0.5000000000000001,0.8660254037844387,0.0,299.99957748946235
a3,240.69906568995526,346.41016149999984,506.43337746025503,1.855145504683632,-0.5000000000000001,0.8660254037844387,0.0,299.99957748946235
a3,105.02166811079285,316.8907684451757,653.1971999999998,1.855145504683632,-0.5000000000000001,0.8660254037844387,0.0,299.99957748946235
a3,43.402734342702125,248.38082181598523,143.8302155034493,1.855145504683632,-0.5000000000000001,0.8660254037844387,0.0,299.99957748946235
a3,353.2969272282186,253.2544193329486,224.08928669660722,1.855145504683632,-0.5000000000000001,0.8660254037844387,0.0,299.99957748946235
a3,380.98422769884763,141.76910532058318,171.67878524970794,1.855145504683632,-0.5000000000000001,0.8660254037844387,0.0,299.99957748946235
a3,94.84555449689262,11.273499357554156,242.96505883567147,1.855145504683632,-0.5000000000000001,0.8660254037844387,0.0,299.99957748946235
a3,159.39832349722658,56.56412291417747,651.0011905872998,1.855145504683632,-0.5000000000000001,0.8660254037844387,0.0,299.99957748946235
a3,126.02679826528183,346.4101615000001,25.129508321756703,1.855145504683632,-0.5000000000000001,0.8660254037844387,0.0,299.99957748946235
a3,349.617731953164,260.4697288042038,597.3508801387604,1.855145504683632,-0.5000000000000001,0.8660254037844387,0.0,299.99957748946235
a3,141.21378301567808,345.4454711733145,427.787371972792,1.855145504683632,-0.5000000000000001,0.8660254037844387,0.0,299.99957748946235
a3,366.9169316936583,229.9264528010808,106.38693887884507,1.855145504683632,-0.5000000000000001,0.8660254037844387,0.0,299.99957748946235
a3,268.28774237510254,88.2879238810948,653.1971999999998,1.855145504683632,-0.5000000000000001,0.8660254037844387,0.0,299.99957748946235
a3,358.64582188795373,101.57754315753161,241.361729820914,1.855145504683632,-0.5000000000000001,0.8660254037844387,0.0,299.99957748946235
a3,196.63181428388447,306.34682423469593,653.1971999999998,1.855145504683632,-0.5000000000000001,0.8660254037844387,0.0,299.99957748946235
a3,187.1517995266891,0.3093628723220971,261.7239164936642,1.855145504683632,-0.5000000000000001,0.8660254037844387,0.0,299.99957748946235
a3,238.75942061256032,343.9976559064929,278.6633202080931,1.855145504683632,-0.5000000000000001,0.8660254037844387,0.0,299.99957748946235
a3,257.65616279912905,336.7549030924971,34.561499551527845,4.815261947717182,-0.5000000000000001,0.8660254037844387,0.0,1962.520338560163
a3,184.76311983996786,32.385133668261126,188.3164434090019,4.812363190800273,-0.5000000000000001,0.8660254037844387,0.0,1960.1582003686326
a3,211.7558907354682,345.0565011527571,198.2660214369847,1.855145504683632,-0.5000000000000001,0.8660254037844387,0.0,299.99957748946235
a3,210.7246381438509,0.0,445.044552809795,1.855145504683632,-0.5000000000000001,0.8660254037844387,0.0,299.99957748946235
a3,327.5274159610978,52.96396261753646,437.4964278519125,1.855145504683632,-0.5000000000000001,0.8660254037844387,0.0,299.99957748946235
a3,369.5497638674254,125.99873265364624,293.1149764121682,1.855145504683632,-0.5000000000000001,0.8660254037844387,0.0,299.99957748946235
a3,85.34257707607246,25.38740121125764,547.2418571162557,1.855145504683632,-0.5000000000000001,0.8660254037844387,0.0,299.99957748946235
a3,358.4792660643153,245.12110149129535,183.90176877377266,1.855145504683632,-0.5000000000000001,0.8660254037844387,0.0,299.99957748946235
a3,205.3542595425321,343.38630113424364,253.6324405730902,1.855145504683632,-0.5000000000000001,0.8660254037844387,0.0,299.99957748946235
a3,348.5158560108472,84.03192758014154,184.0318280897367,1.855145504683632,-0.5000000000000001,0.8660254037844387,0.0,299.99957748946235
a3,262.6505135494967,344.69846885629084,413.57757930128525,1.855145504683632,-0.5000000000000001,0.8660254037844387,0.0,299.99957748946235
a3,122.92931442292551,216.07771023874582,653.1971999999998,1.855145504683632,-0.5000000000000001,0.8660254037844387,0.0,299.99957748946235
a3,58.47387682032337,274.4848063142966,10.111930713696706,1.855145504683632,-0.5000000000000001,0.8660254037844387,0.0,299.99957748946235
a3,382.50535879125465,145.2579313907498,143.36669825313243,1.855145504683632,-0.5000000000000001,0.8660254037844387,0.0,299.99957748946235
a3,75.225623960306,42.91047802486057,421.83378676462814,1.855145504683632,-0.5000000000000001,0.8660254037844387,0.0,299.99957748946235
a3,329.1146642715545,50.42807776163738,345.3585161203047,1.855145504683632,-0.5000000000000001,0.8660254037844387,0.0,299.99957748946235
a3,378.91165882981187,209.73115910265992,322.430167812026,1.855145504683632,-0.5000000000000001,0.8660254037844387,0.0,299.99957748946235
a3,82.11159814055027,37.24640463803681,417.3667939193418,1.855145504683632,-0.5000000000000001,0.8660254037844387,0.0,299.99957748946235
a3,151.2542744570522,2.756621597654885e-14,571.2751521482305,1.855145504683632,-0.5000000000000001,0.8660254037844387,0.0,299.99957748946235
a3,125.39967555031666,295.7311457302012,653.1971999999998,1.855145504683632,-0.5000000000000001,0.8660254037844387,0.0,299.99957748946235
a3,238.76976797923697,95.32570859502616,220.12129199040618,4.8216685906409245,-0.5000000000000001,0.8660254037844387,0.0,1967.7460277929983
a3,140.34508092381384,346.4101615000001,586.0273244512463,1.855145504683632,-0.5000000000000001,0.8660254037844387,0.0,299.99957748946235
a3,345.5334740079305,262.8849358226515,92.6939992763957,1.855145504683632,-0.5000000000000001,0.8660254037844387,0.0,299.99957748946235
a3,151.09175111955915,266.18842806528215,653.1971999999998,1.855145504683632,-0.5000000000000001,0.8660254037844387,0.0,299.99957748946235
a3,315.35982099636175,147.1728754555069,280.0433235910517,4.816455266336391,-0.5000000000000001,0.8660254037844387,0.0,1963.4931629973105
a3,325.80876707153493,50.78911540176289,68.97450364794287,1.855145504683632,-0.5000000000000001,0.8660254037844387,0.0,299.99957748946235
a3,324.65805350360165,44.55243889709439,316.36075942505704,1.855145504683632,-0.5000000000000001,0.8660254037844387,0.0,299.99957748946235
a3,375.48484853055425,134.05489006672724,94.61051906545843,1.855145504683632,-0.5000000000000001,0.8660254037844387,0.0,299.99957748946235
a3,65.11761934218885,280.20323860804933,153.40733061705393,1.855145504683632,-0.5000000000000001,0.8660254037844387,0.0,299.99957748946235
a3,191.21311188861608,2.756621597654885e-14,623.6374821133993,1.855145504683632,-0.5000000000000001,0.8660254037844387,0.0,299.99957748946235
a3,259.22256566540005,2.231179912290602,429.96671449756155,1.855145504683632,-0.5000000000000001,0.8660254037844387,0.0,299.99957748946235
a3,158.5872873371375,2.9326392482137313,463.44787454421123,1.855145504683632,-0.5000000000000001,0.8660254037844387,0.0,299.99957748946235
a3,64.19264647255326,282.7399499134475,76.35986430028235,1.855145504683632,-0.5000000000000001,0.8660254037844387,0.0,299.99957748946235
a3,302.61147319185017,335.58569341191884,183.45452873478743,1.855145504683632,-0.5000000000000001,0.8660254037844387,0.0,299.99957748946235
a3,314.372346404275,24.893634195193997,250.34575865150256,1.855145504683632,-0.5000000000000001,0.8660254037844387,0.0,299.99957748946235
a3,54.707391807094076,267.9610629056961,624.7627892824755,1.855145504683632,-0.5000000000000001,0.8660254037844387,0.0,299.99957748946235
a3,183.38514792387124,2.756621597654885e-14,8.120389752815656,1.855145504683632,-0.5000000000000001,0.8660254037844387,0.0,299.99957748946235
a3,78.45149208903919,43.78344782360419,467.93325432816505,1.855145504683632,-0.5000000000000001,0.8660254037844387,0.0,299.99957748946235
a3,159.00084910581938,336.76429342086334,409.2006738482604,4.81751450685034,-0.5000000000000001,0.8660254037844387,0.0,1964.3568854194602
a3,51.38450975932546,84.20449912836868,599.6299806928621,1.855145504683632,-0.5000000000000001,0.8660254037844387,0.0,299.99957748946235
a3,309.1826666882336,327.2189814769015,223.68080001463397,1.855145504683632,-0.5000000000000001,0.8660254037844387,0.0,299.99957748946235
a3,324.36728694884505,304.0600177301891,348.8892060674932,1.855145504683632,-0.5000000000000001,0.8660254037844387,0.0,299.99957748946235
a3,212.70050466993266,87.48506183554244,650.7981708008831,1.855145504683632,-0.5000000000000001,0.8660254037844387,0.0,299.99957748946235
a3,28.727573523627655,222.9626976691149,115.76861428647936,1.855145504683632,-0.5000000000000001,0.8660254037844387,0.0,299.99957748946235
a3,92.38466298650646,326.6622843722634,425.7296783021339,1.855145504683632,-0.5000000000000001,0.8660254037844387,0.0,299.99957748946235
a3,369.58159527137445,120.51885827692224,528.9142637231938,1.855145504683632,-0.5000000000000001,0.8660254037844387,0.0,299.99957748946235
a3,210.04859833333322,147.3741599086129,653.1971999999998,1.855145504683632,-0.5000000000000001,0.8660254037844387,0.0,299.99957748946235
a3,170.37266017859582,316.6232372422995,653.1971999999998,1.855145504683632,-0.5000000000000001,0.8660254037844387,0.0,299.99957748946235
a3,267.8088779812209,128.13953599893446,653.1971999999998,1.855145504683632,-0.5000000000000001,0.8660254037844387,0.0,299.99957748946235
a3,119.50639203037471,2.756621597654885e-14,585.6250758620688,1.855145504683632,-0.5000000000000001,0.8660254037844387,0.0,299.99957748946235
a3,377.198676664724,137.4780694091578,481.8267257901647,1.855145504683632,-0.5000000000000001,0.8660254037844387,0.0,299.99957748946235
a3,328.1594399644823,71.90177510245891,387.68981615997285,4.818464801062841,-0.5000000000000001,0.8660254037844387,0.0,1965.131932838396
a3,331.0069962096485,286.31238452812266,154.90572565075104,1.855145504683632,-0.5000000000000001,0.8660254037844387,0.0,299.99957748946235
a3,90.49881273757393,329.95362242990615,7.883450547409763,1.855145504683632,-0.5000000000000001,0.8660254037844387,0.0,299.99957748946235
a3,263.0072222731811,176.3018077691308,0.36205843934097565,1.855145504683632,-0.5000000000000001,0.8660254037844387,0.0,299.99957748946235
a3,325.88011581535943,167.6800472106924,597.1796302201386,4.8088085673903205,-0.5000000000000001,0.8660254037844387,0.0,1957.263551459969
a3,304.89805236210526,337.92648595103833,399.26234408759575,1.855145504683632,-0.5000000000000001,0.8660254037844387,0.0,299.99957748946235
a3,194.9567126727242,206.72986576559862,590.8322947391125,4.815749792765881,-0.5000000000000001,0.8660254037844387,0.0,1962.9180134277012
a3,109.47909023883416,2.756621597654885e-14,49.37190845261609,1.855145504683632,-0.5000000000000001,0.8660254037844387,0.0,299.99957748946235
a3,392.04240561497187,180.12397017987183,379.76021461902747,1.855145504683632,-0.5000000000000001,0.8660254037844387,0.0,299.99957748946235
a3,216.62158472656415,8.191343069239865,653.1971999999998,1.855145504683632,-0.5000000000000001,0.8660254037844387,0.0,299.99957748946235
a3,4.956283567595862,181.78961570545343,50.73616911094958,1.855145504683632,-0.5000000000000001,0.8660254037844387,0.0,299.99957748946235
a3,203.21909575357714,236.9706094124788,0.0,1.855145504683632,-0.5000000000000001,0.8660254037844387,0.0,299.99957748946235
a3,194.12488527152632,26.225943200227743,0.0,1.855145504683632,-0.5000000000000001,0.8660254037844387,0.0,299.99957748946235
a3,309.4463976692896,16.361640711059138,348.40716143684426,1.855145504683632,-0.5000000000000001,0.8660254037844387,0.0,299.99957748946235
a3,151.23650835126026,346.4101615000001,442.69818472748074,1.855145504683632,-0.5000000000000001,0.8660254037844387,0.0,299.99957748946235
a3,68.75188082791348,292.2868314551313,195.62411201844057,1.855145504683632,-0.5000000000000001,0.8660254037844387,0.0,299.99957748946235
a3,394.89471166829156,164.36246197254385,489.4707147138044,1.855145504683632,-0.5000000000000001,0.8660254037844387,0.0,299.99957748946235
a3,53.669033566906336,82.02593787745502,596.989022009283,1.855145504683632,-0.5000000000000001,0.8660254037844387,0.0,299.99957748946235
a3,4.946440060499173,164.63759524896207,523.8568876064222,1.855145504683632,-0.5000000000000001,0.8660254037844387,0.0,299.99957748946235
a3,141.48910437277823,32.38612894202205,652.9466644367227,1.855145504683632,-0.5000000000000001,0.8660254037844387,0.0,299.99957748946235
a3,283.9995989625565,343.54370940674,132.3000413310132,1.855145504683632,-0.5000000000000001,0.8660254037844387,0.0,299.99957748946235
a3,329.0583890962051,50.33060629873107,264.822535295153,1.855145504683632,-0.5000000000000001,0.8660254037844387,0.0,299.99957748946235
a3,251.056591278285,0.521127207411374,489.5759397514585,1.855145504683632,-0.5000000000000001,0.8660254037844387,0.0,299.99957748946235
a3,129.17196200955922,286.79588643078574,652.704134658103,1.855145504683632,-0.5000000000000001,0.8660254037844387,0.0,299.99957748946235
a3,89.96965979577486,328.8170313844992,100.7932292489703,1.855145504683632,-0.5000000000000001,0.8660254037844387,0.0,299.99957748946235
a3,308.7341457944748,328.0216861859147,379.07581891237294,1.855145504683632,-0.5000000000000001,0.8660254037844387,0.0,299.99957748946235
a3,138.49257794809367,0.9273881513618165,482.4833332880711,1.855145504683632,-0.5000000000000001,0.8660254037844387,0.0,299.99957748946235
a3,82.52240319716543,35.14382040904409,394.84366461790677,1.855145504683632,-0.5000000000000001,0.8660254037844387,0.0,299.99957748946235
a3,336.6560907393729,281.16885804397634,135.61471554588178,1.855145504683632,-0.5000000000000001,0.8660254037844387,0.0,299.99957748946235
a3,300.00000000000006,346.41016149999984,45.048082758620744,1.855145504683632,-0.5000000000000001,0.8660254037844387,0.0,299.99957748946235
a3,400.0000000000001,173.20508075,450.48082758620706,1.855145504683632,-0.5000000000000001,0.8660254037844387,0.0,299.99957748946235
a3,251.9058576376624,346.41016149999984,260.01940978842083,1.855145504683632,-0.5000000000000001,0.8660254037844387,0.0,299.99957748946235
a3,324.06072036234036,304.73577136737674,282.804276383935,1.855145504683632,-0.5000000000000001,0.8660254037844387,0.0,299.99957748946235
a3,11.165065672616512,187.81565468339954,503.59251707239684,1.855145504683632,-0.5000000000000001,0.8660254037844387,0.0,299.99957748946235
a3,291.30398137640816,346.41016149999984,27.634078580461534,1.855145504683632,-0.5000000000000001,0.8660254037844387,0.0,299.99957748946235
a3,94.89471070269853,337.56754105008787,478.20869065376854,1.855145504683632,-0.5000000000000001,0.8660254037844387,0.0,299.99957748946235
a3,50.29978847397817,259.52710902603354,197.96320006024555,1.855145504683632,-0.5000000000000001,0.8660254037844387,0.0,299.99957748946235
a3,329.7317913444082,242.8915468265567,331.2286660916214,4.812100188496855,-0.5000000000000001,0.8660254037844387,0.0,1959.943955510456
a3,243.1755833890281,107.53343187503066,652.658449285365,1.855145504683632,-0.5000000000000001,0.8660254037844387,0.0,299.99957748946235
a3,314.0250356358543,322.1180872017024,91.33290257933392,1.855145504683632,-0.5000000000000001,0.8660254037844387,0.0,299.99957748946235
a3,397.9735203349239,172.82444665268233,226.5195839619771,1.855145504683632,-0.5000000000000001,0.8660254037844387,0.0,299.99957748946235
a3,114.95498983486354,158.81951816607705,1.7060065925073062,1.855145504683632,-0.5000000000000001,0.8660254037844387,0.0,299.99957748946235
a3,313.8474211436837,319.32987802289927,593.771770297559,1.855145504683632,-0.5000000000000001,0.8660254037844387,0.0,299.99957748946235
a3,74.97500424137499,43.34456411141044,352.75018976083834,1.855145504683632,-0.5000000000000001,0.8660254037844387,0.0,299.99957748946235
a3,130.93943718944155,346.4101615000001,273.14461178181926,1.855145504683632,-0.5000000000000001,0.8660254037844387,0.0,299.99957748946235
a3,290.14878308304753,346.41016149999984,489.74511749240315,1.855145504683632,-0.5000000000000001,0.8660254037844387,0.0,299.99957748946235
a3,290.9068794147192,346.41016149999984,613.8969206604183,1.855145504683632,-0.5000000000000001,0.8660254037844387,0.0,299.99957748946235
a3,23.83072764485928,214.48111181059107,623.0599816967676,1.855145504683632,-0.5000000000000001,0.8660254037844387,0.0,299.99957748946235
a3,336.5467589623405,67.8178114437589,492.02443329893435,1.855145504683632,-0.5000000000000001,0.8660254037844387,0.0,299.99957748946235
a3,40.543678391735504,102.98136985257419,485.5062914833235,1.855145504683632,-0.5000000000000001,0.8660254037844387,0.0,299.99957748946235
a3,35.241157693459236,231.69370036206962,409.75068375449587,1.855145504683632,-0.5000000000000001,0.8660254037844387,0.0,299.99957748946235
a3,34.134140093083104,231.6575835110388,382.88329014605694,1.855145504683632,-0.5000000000000001,0.8660254037844387,0.0,299.99957748946235
a3,171.54341706947383,3.022104916538291,445.9677068200066,1.855145504683632,-0.5000000000000001,0.8660254037844387,0.0,299.99957748946235
a3,234.37870839405565,275.3303694600457,652.1522195221578,1.855145504683632,-0.5000000000000001,0.8660254037844387,0.0,299.99957748946235
a3,348.4032213392251,83.83683860620573,149.51756323123223,1.855145504683632,-0.5000000000000001,0.8660254037844387,0.0,299.99957748946235
a3,118.01524236549666,146.26827089635762,653.1971999999998,1.855145504683632,-0.5000000000000001,0.8660254037844387,0.0,299.99957748946235
a3,129.40344200557976,2.756621597654885e-14,149.11633916950527,1.855145504683632,-0.5000000000000001,0.8660254037844387,0.0,299.99957748946235
a3,171.2478575924774,286.34999350362165,2.140726921333679,1.855145504683632,-0.5000000000000001,0.8660254037844387,0.0,299.99957748946235
a3,128.22036824157888,343.3631538267367,249.46142876291438,1.855145504683632,-0.5000000000000001,0.8660254037844387,0.0,299.99957748946235
a3,151.0738685828663,2.756621597654885e-14,525.6471098716644,1.855145504683632,-0.5000000000000001,0.8660254037844387,0.0,299.99957748946235
a3,94.89471070269853,337.56754105008787,478.20869065376854,1.855145504683632,-0.5000000000000001,0.8660254037844387,0.0,299.99957748946235
a3,395.12340199240646,181.65159626690547,73.2031344827587,1.855145504683632,-0.5000000000000001,0.8660254037844387,0.0,299.99957748946235
a3,364.574747501211,111.84674355358106,523.2270557560191,1.855145504683632,-0.5000000000000001,0.8660254037844387,0.0,299.99957748946235
a3,356.94824371160007,214.94476731392444,402.0574744677755,4.812424779265579,-0.5000000000000001,0.8660254037844387,0.0,1960.2083727696079
a3,258.3681138970056,1.672291975208051,161.5897320044353,1.855145504683632,-0.5000000000000001,0.8660254037844387,0.0,299.99957748946235
a3,199.08769471314568,1.9848839933434421,36.29313865498059,1.855145504683632,-0.5000000000000001,0.8660254037844387,0.0,299.99957748946235
a3,361.52758272730745,124.77629569958113,565.8342731454106,4.81559628405543,-0.5000000000000001,0.8660254037844387,0.0,1962.7928739485542
a3,156.44045230985515,263.61628770015284,110.16200386388469,4.816544300434952,-0.5000000000000001,0.8660254037844387,0.0,1963.565755578336
a3,157.97236938142245,94.93393405469628,2.701477116968464,1.855145504683632,-0.5000000000000001,0.8660254037844387,0.0,299.99957748946235
a3,172.94004049514373,344.4056550516479,592.96962752034,1.855145504683632,-0.5000000000000001,0.8660254037844387,0.0,299.99957748946235
a3,38.645158040122766,240.14045793935975,207.17116720941524,1.855145504683632,-0.5000000000000001,0.8660254037844387,0.0,299.99957748946235
a3,339.5661610453965,68.53060118835371,494.79026913597875,1.855145504683632,-0.5000000000000001,0.8660254037844387,0.0,299.99957748946235
a3,296.2101534163824,158.3738357195543,653.1971999999998,1.855145504683632,-0.5000000000000001,0.8660254037844387,0.0,299.99957748946235
a3,122.76675049812727,255.6991921098364,0.0,1.855145504683632,-0.5000000000000001,0.8660254037844387,0.0,299.99957748946235
a3,70.60886995959244,294.14719909666144,243.01776429630902,1.855145504683632,-0.5000000000000001,0.8660254037844387,0.0,299.99957748946235
a3,153.5239778787805,89.97163382595873,549.0857351272966,4.816584768608036,-0.5000000000000001,0.8660254037844387,0.0,1963.5987511235721
a3,4.6836611543467095,181.3174198344426,241.12198317352622,1.855145504683632,-0.5000000000000001,0.8660254037844387,0.0,299.99957748946235
a3,185.9711927363101,1.7305682352415928,29.51369321679699,1.855145504683632,-0.5000000000000001,0.8660254037844387,0.0,299.99957748946235
a3,62.390109413903794,70.63863151669375,401.5449917689062,1.855145504683632,-0.5000000000000001,0.8660254037844387,0.0,299.99957748946235
a3,27.77566596945093,130.29651755199868,367.19308935551174,1.855145504683632,-0.5000000000000001,0.8660254037844387,0.0,299.99957748946235
a3,376.5165569863573,132.73049566093943,255.58089626446844,1.855145504683632,-0.5000000000000001,0.8660254037844387,0.0,299.99957748946235
a3,58.315441226011025,168.02738023573326,643.7186819096163,4.818121239979634,-0.5000000000000001,0.8660254037844387,0.0,1964.8517113096716
a3,338.27935006220554,221.61578829793612,0.7798033501140628,1.855145504683632,-0.5000000000000001,0.8660254037844387,0.0,299.99957748946235
a3,34.41658311650402,113.59381017166827,123.19824963873931,1.855145504683632,-0.5000000000000001,0.8660254037844387,0.0,299.99957748946235
a3,231.7334580654024,32.74817151500453,360.4835115170024,4.812050535399698,-0.5000000000000001,0.8660254037844387,0.0,1959.9035088107814
a3,359.07998399708663,102.32953398924074,367.97784818596324,1.855145504683632,-0.5000000000000001,0.8660254037844387,0.0,299.99957748946235
a3,48.78958220927172,257.7111160131567,276.07021536906296,1.855145504683632,-0.5000000000000001,0.8660254037844387,0.0,299.99957748946235
a3,67.92060266043718,133.25458133604164,118.02684893001016,4.8108780335126955,-0.5000000000000001,0.8660254037844387,0.0,1958.9485269036331
a3,390.49584813623215,189.66675466024188,405.9534053030644,1.855145504683632,-0.5000000000000001,0.8660254037844387,0.0,299.99957748946235
a3,149.87509086947819,2.756621597654885e-14,294.6574288943981,1.855145504683632,-0.5000000000000001,0.8660254037844387,0.0,299.99957748946235
a3,97.56267571664911,286.4798565982971,0.0,1.855145504683632,-0.5000000000000001,0.8660254037844387,0.0,299.99957748946235
a3,341.66666666666646,72.16878364583326,7.777639934841164,1.855145504683632,-0.5000000000000001,0.8660254037844387,0.0,299.99957748946235
a3,45.140055785051864,96.92646015968835,273.9871419402799,1.855145504683632,-0.5000000000000001,0.8660254037844387,0.0,299.99957748946235
a3,196.94303561504495,164.1928779495452,651.4439020862393,1.855145504683632,-0.5000000000000001,0.8660254037844387,0.0,299.99957748946235
a3,4.8765980075936275,181.65159626690547,602.5181068965516,1.855145504683632,-0.5000000000000001,0.8660254037844387,0.0,299.99957748946235
a3,328.4076911943161,297.20659702767443,115.26284362588208,1.855145504683632,-0.5000000000000001,0.8660254037844387,0.0,299.99957748946235
a3,149.50870628771344,2.756621597654885e-14,330.1013844534889,1.855145504683632,-0.5000000000000001,0.8660254037844387,0.0,299.99957748946235
a3,154.4826179262568,343.75366342528514,268.4023461672706,1.855145504683632,-0.5000000000000001,0.8660254037844387,0.0,299.99957748946235
a3,16.756895200742456,195.599603865179,355.2668113166501,1.855145504683632,-0.5000000000000001,0.8660254037844387,0.0,299.99957748946235
a3,75.57986603726872,42.76020876474605,270.18657667674483,1.855145504683632,-0.5000000000000001,0.8660254037844387,0.0,299.99957748946235
a3,182.1642790557685,345.1349051363111,413.2032359721113,1.855145504683632,-0.5000000000000001,0.8660254037844387,0.0,299.99957748946235
a3,296.91782923470396,121.73292125631866,350.21833400370497,4.8180429247233825,-0.5000000000000001,0.8660254037844387,0.0,1964.78783719484
a3,63.715860960276665,71.29562482779559,516.5793900040406,1.855145504683632,-0.5000000000000001,0.8660254037844387,0.0,299.99957748946235
a3,140.47511885134585,346.4101615000001,494.5346626574398,1.855145504683632,-0.5000000000000001,0.8660254037844387,0.0,299.99957748946235
a3,69.43889772679054,120.95542657790828,651.0339291070492,1.855145504683632,-0.5000000000000001,0.8660254037844387,0.0,299.99957748946235
a3,303.77408189934636,336.74420323867264,83.42081612755918,1.855145504683632,-0.5000000000000001,0.8660254037844387,0.0,299.99957748946235
a3,359.5678997310476,103.17462883023995,517.5398477888443,1.855145504683632,-0.5000000000000001,0.8660254037844387,0.0,299.99957748946235
a3,386.91251234989596,193.39150311430402,475.25532915886555,1.855145504683632,-0.5000000000000001,0.8660254037844387,0.0,299.99957748946235
a3,388.5443182366698,192.4361207079621,651.8844883468216,1.855145504683632,-0.5000000000000001,0.8660254037844387,0.0,299.99957748946235
a3,304.84144639720296,8.385631141743252,410.70033199956396,1.855145504683632,-0.5000000000000001,0.8660254037844387,0.0,299.99957748946235
a3,339.0113182709171,85.67288636768045,0.0,1.855145504683632,-0.5000000000000001,0.8660254037844387,0.0,299.99957748946235
a3,309.8100821238534,329.4186008357385,529.3908618657165,1.855145504683632,-0.5000000000000001,0.8660254037844387,0.0,299.99957748946235
a3,386.0489753922655,154.27495882230366,634.2384612136963,1.855145504683632,-0.5000000000000001,0.8660254037844387,0.0,299.99957748946235
a3,377.257797912704,211.8454010374359,217.74220631220481,1.855145504683632,-0.5000000000000001,0.8660254037844387,0.0,299.99957748946235
a3,373.93367216308053,128.05687657150406,190.7182938992938,1.855145504683632,-0.5000000000000001,0.8660254037844387,0.0,299.99957748946235
a3,208.91282081431294,226.52236742149267,652.8304335433594,1.855145504683632,-0.5000000000000001,0.8660254037844387,0.0,299.99957748946235
a3,209.6311137068061,1.3783107988274425e-14,295.48519643014424,1.855145504683632,-0.5000000000000001,0.8660254037844387,0.0,299.99957748946235
a3,270.47994685623604,346.41016149999984,523.7023255714965,1.855145504683632,-0.5000000000000001,0.8660254037844387,0.0,299.99957748946235
a3,54.086770371405116,79.52404645314066,43.09624964223845,1.855145504683632,-0.5000000000000001,0.8660254037844387,0.0,299.99957748946235
a3,384.04216291660816,145.56529614375762,409.3393826000994,1.855145504683632,-0.5000000000000001,0.8660254037844387,0.0,299.99957748946235
a3,326.47500063252323,298.23227472120647,462.4365333202451,1.855145504683632,-0.5000000000000001,0.8660254037844387,0.0,299.99957748946235
a3,174.5527768835031,1.881027525359082,594.0638047087025,1.855145504683632,-0.5000000000000001,0.8660254037844387,0.0,299.99957748946235
a3,322.89291412721377,306.0873258535577,142.39446444120088,1.855145504683632,-0.5000000000000001,0.8660254037844387,0.0,299.99957748946235
a3,95.44340624104002,338.5179096003439,613.8523307859055,1.855145504683632,-0.5000000000000001,0.8660254037844387,0.0,299.99957748946235
a3,85.19762798624157,317.05456813700994,410.7693526240216,1.855145504683632,-0.5000000000000001,0.8660254037844387,0.0,299.99957748946235
a3,341.7562425533368,121.62772981839117,651.38300829824,1.855145504683632,-0.5000000000000001,0.8660254037844387,0.0,299.99957748946235
a3,157.57386011066384,2.756621597654885e-14,34.588743426640654,1.855145504683632,-0.5000000000000001,0.8660254037844387,0.0,299.99957748946235
a3,22.95051123213019,136.14642004594398,494.07481230944154,1.855145504683632,-0.5000000000000001,0.8660254037844387,0.0,299.99957748946235
a3,7.081649066197338,184.6165713828585,533.7556428703479,1.855145504683632,-0.5000000000000001,0.8660254037844387,0.0,299.99957748946235
a3,220.79485490799107,343.54560984128966,311.4322299701949,1.855145504683632,-0.5000000000000001,0.8660254037844387,0.0,299.99957748946235
a3,180.929026424958,176.91727296564378,0.0,1.855145504683632,-0.5000000000000001,0.8660254037844387,0.0,299.99957748946235
a3,147.8663414095997,346.4101615000001,28.40499148721754,1.855145504683632,-0.5000000000000001,0.8660254037844387,0.0,299.99957748946235
a3,26.66005283522503,127.72928809226416,353.36790125931935,1.855145504683632,-0.5000000000000001,0.8660254037844387,0.0,299.99957748946235
a3,278.68174605643117,343.2484868578241,245.55772948758747,1.855145504683632,-0.5000000000000001,0.8660254037844387,0.0,299.99957748946235
a3,179.64623024738577,2.756621597654885e-14,266.6929880830709,1.855145504683632,-0.5000000000000001,0.8660254037844387,0.0,299.99957748946235
a3,382.96471135867756,148.34550074344108,613.7148282473229,1.855145504683632,-0.5000000000000001,0.8660254037844387,0.0,299.99957748946235
a3,61.46590330079467,275.4345949582317,469.22083303491235,1.855145504683632,-0.5000000000000001,0.8660254037844387,0.0,299.99957748946235
a3,152.52775084903388,146.6829795162119,0.0,1.855145504683632,-0.5000000000000001,0.8660254037844387,0.0,299.99957748946235
a3,123.93512870424001,213.3599075423195,1.7940014816209886,1.855145504683632,-0.5000000000000001,0.8660254037844387,0.0,299.99957748946235
a3,314.4498542396672,25.02788170407267,295.91012621202475,1.855145504683632,-0.5000000000000001,0.8660254037844387,0.0,299.99957748946235
a3,38.360959705844046,236.94356958470368,89.75265129176367,1.855145504683632,-0.5000000000000001,0.8660254037844387,0.0,299.99957748946235
a3,119.50639203037426,346.4101615000001,326.5986000000004,1.855145504683632,-0.5000000000000001,0.8660254037844387,0.0,299.99957748946235
a3,355.399023708165,99.79976117212328,194.72367705312038,1.855145504683632,-0.5000000000000001,0.8660254037844387,0.0,299.99957748946235
a3,151.52978802425022,346.4101615000001,385.25831380517866,1.855145504683632,-0.5000000000000001,0.8660254037844387,0.0,299.99957748946235
a3,179.23101912284002,346.4005865019917,296.8971371368393,1.855145504683632,-0.5000000000000001,0.8660254037844387,0.0,299.99957748946235
a3,168.7065780434592,236.5550321269317,653.1971999999998,1.855145504683632,-0.5000000000000001,0.8660254037844387,0.0,299.99957748946235
a3,379.1442317757718,138.0553022350435,6.3993234033559805,1.855145504683632,-0.5000000000000001,0.8660254037844387,0.0,299.99957748946235
a3,209.00580206306523,1.3783107988274425e-14,180.4368380890363,1.855145504683632,-0.5000000000000001,0.8660254037844387,0.0,299.99957748946235
a3,96.62598117955211,307.71131961175985,650.6794420461109,1.855145504683632,-0.5000000000000001,0.8660254037844387,0.0,299.99957748946235
a3,376.8239467876794,136.6045187854403,599.1775521469261,1.855145504683632,-0.5000000000000001,0.8660254037844387,0.0,299.99957748946235
a3,371.7042184287587,217.6212049634834,222.56587664476243,1.855145504683632,-0.5000000000000001,0.8660254037844387,0.0,299.99957748946235
a3,373.50288795935774,219.0994250564128,110.13973758860917,1.855145504683632,-0.5000000000000001,0.8660254037844387,0.0,299.99957748946235
a3,357.91445931707204,245.3744356013328,606.866307862041,1.855145504683632,-0.5000000000000001,0.8660254037844387,0.0,299.99957748946235
a3,249.7422930569695,96.93314220484545,2.510598660907478,1.855145504683632,-0.5000000000000001,0.8660254037844387,0.0,299.99957748946235
a3,25.56457859484783,128.92593175139658,536.9734174826532,1.855145504683632,-0.5000000000000001,0.8660254037844387,0.0,299.99957748946235
a3,380.1051672482785,140.60293285328652,493.38369248007746,1.855145504683632,-0.5000000000000001,0.8660254037844387,0.0,299.99957748946235
a3,366.6304520545675,118.59843427738208,334.50172672663433,1.855145504683632,-0.5000000000000001,0.8660254037844387,0.0,299.99957748946235
a3,69.96210294397314,52.027163851493064,347.06201124269603,1.855145504683632,-0.5000000000000001,0.8660254037844387,0.0,299.99957748946235
a3,324.8960467762953,105.31128597388874,650.3446252574495,1.855145504683632,-0.5000000000000001,0.8660254037844387,0.0,299.99957748946235
a3,329.84664482814884,51.69590527576065,563.8435539875725,1.855145504683632,-0.5000000000000001,0.8660254037844387,0.0,299.99957748946235
a3,240.8882872930659,1.939000588307119,482.2204561176283,1.855145504683632,-0.5000000000000001,0.8660254037844387,0.0,299.99957748946235
a3,13.970256416943448,196.28629295860347,191.41229029832365,1.855145504683632,-0.5000000000000001,0.8660254037844387,0.0,299.99957748946235
a3,130.64889231882754,346.4101615000001,307.64413903621045,1.855145504683632,-0.5000000000000001,0.8660254037844387,0.0,299.99957748946235
